LONG_EAST,LAT_NORTH,TOPOGRAPHY,MOLA_RANGE,PLANET_RAD,C,A,EMPHEMERIS_TIME,UTC,ORBIT
169.88770,1.22566,-1415.82762,396291.49204,3385383.14696,1.13472,0.01207,10531657.89315,2000-05-02T09:47:28.219,15072.12433
169.89499,0.04086,-1365.49015,395721.87545,3385460.66056,1.14210,0.01025,10510908.88051,2000-05-02T04:01:39.928,15067.74200
169.90499,0.14561,-1366.47332,395774.34421,3385453.42456,1.14443,0.00954,10518901.53294,2000-05-02T06:14:56.010,15067.31418
169.91500,0.33644,-1376.39097,395881.80418,3385415.64090,1.14097,0.00907,10402360.29277,2000-04-30T21:52:24.022,15047.70325
169.92501,0.11401,-1365.08082,395760.99834,3385445.31548,1.14481,0.00898,10633715.98213,2000-05-03T14:08:22.247,15086.68200
169.93499,0.25898,-1368.56932,395830.28040,3385449.71815,1.14755,0.00898,10322638.21541,2000-04-29T23:43:45.052,15041.62782
169.94500,0.36906,-1374.26061,395897.01191,3385413.09347,1.14701,0.00897,10422057.67118,2000-05-01T03:20:42.413,15056.33024
169.95500,0.72130,-1393.38306,396044.55600,3385417.92898,1.14642,0.00856,10503768.28584,2000-05-02T02:02:30.164,15067.28187
169.96500,0.37215,-1371.02516,395859.99714,3385475.21366,1.14152,0.00848,10416511.09824,2000-05-01T01:48:06.627,15056.07377
169.97500,0.12346,-1354.63755,395795.88402,3385429.36590,1.13974,0.00871,10588058.91710,2000-05-03T01:27:28.074,15072.54195
169.98501,0.48158,-1376.58953,395947.55748,3385403.35944,1.13053,0.00943,10557244.73292,2000-05-02T16:53:53.788,15071.09488
169.99500,0.15116,-1370.38087,395815.56640,3385495.90598,1.13751,0.00832,10423321.72073,2000-05-01T03:41:45.209,15051.38968
170.00499,0.02810,-1356.26059,395752.51079,3385429.74596,1.13683,0.00901,10391211.66370,2000-04-30T18:46:31.823,15045.60886
170.01500,0.37552,-1377.75902,395937.27096,3385456.35608,1.13674,0.00859,10424692.42922,2000-05-01T04:04:33.466,15049.81626
170.02500,0.03102,-1349.91011,395878.97675,3385432.83521,1.14714,0.00882,10438101.37990,2000-05-01T07:48:03.588,15050.93418
170.03499,-0.11608,-1343.50836,395705.33739,3385469.47929,1.14322,0.00844,10442207.10742,2000-05-01T08:56:29.822,15053.12766
170.04500,0.68824,-1373.63946,395986.01344,3385414.15225,1.13853,0.00886,10473484.40588,2000-05-01T17:37:54.868,15054.08737
170.05501,0.44491,-1371.15488,395870.58630,3385463.61147,1.13496,0.00907,10370692.23126,2000-04-30T13:04:45.732,15038.68796
170.06501,0.12276,-1354.51118,395762.34863,3385437.97042,1.13390,0.01184,10517330.21686,2000-05-02T05:48:34.471,15065.32795
170.07500,0.31922,-1372.54841,395842.48468,3385476.97015,1.13639,0.01043,10432283.97183,2000-05-01T06:11:10.848,15048.66647
170.08499,0.44035,-1369.18404,395890.37621,3385440.56818,1.13841,0.01093,10416760.46452,2000-05-01T01:52:26.433,15047.76539
170.09499,0.28876,-1368.85830,395821.66437,3385457.99432,1.13129,0.01027,10503078.77744,2000-05-02T01:51:05.930,15063.44367
170.10499,0.12727,-1364.33195,395751.42605,3385439.25405,1.12720,0.01108,10496147.83594,2000-05-01T23:55:37.504,15061.18167
170.11500,0.29005,-1365.60847,395842.47111,3385433.32490,1.13026,0.01076,10561109.58339,2000-05-02T17:58:14.251,15067.57999
170.12502,-0.02020,-1357.74818,395683.96226,3385443.76210,1.13009,0.01077,10490493.31777,2000-05-01T22:21:27.873,15056.00275
170.13502,0.38141,-1373.01325,395822.43716,3385463.39600,1.12826,0.01007,10660751.58785,2000-05-03T21:38:58.348,15085.43563
170.14501,0.15292,-1365.45313,395748.52270,3385455.22029,1.12492,0.01075,10576147.75995,2000-05-02T22:08:59.500,15069.33403
170.15499,0.40080,-1368.67130,395848.00786,3385413.22138,1.12942,0.00773,10444100.11242,2000-05-01T09:28:00.671,15056.26771
170.16499,0.23699,-1366.44747,395806.85677,3385429.11333,1.12741,0.00773,10538231.98995,2000-05-02T11:37:03.298,15068.16072
170.17501,0.18120,-1369.59773,395795.34444,3385416.46410,1.12215,0.00829,10439193.56325,2000-05-01T08:06:17.877,15053.43863
170.18501,0.08011,-1368.80632,395773.56019,3385428.08720,1.12662,0.00874,10538024.18064,2000-05-02T11:33:35.339,15062.16082
170.19502,-0.09237,-1352.94360,395714.88506,3385435.83121,1.12795,0.00900,10491933.00433,2000-05-01T22:45:12.440,15061.49715
170.20500,0.06297,-1361.32016,395805.51683,3385402.55784,1.13795,0.00856,10459701.52428,2000-05-01T13:48:15.799,15055.11533
170.21501,0.63686,-1389.62219,395956.78465,3385408.99297,1.13147,0.00847,10531873.10489,2000-05-02T09:51:09.245,15064.05676
170.22501,-0.05619,-1359.30542,395636.88413,3385439.14734,1.12413,0.00888,10540398.87701,2000-05-02T12:13:10.848,15067.35085
170.23501,0.35200,-1371.89403,395831.84320,3385413.51773,1.12539,0.00922,10522341.30655,2000-05-02T07:12:14.320,15065.43527
170.24496,0.34462,-1367.39850,395814.90295,3385416.64100,1.12652,0.00808,10436459.56273,2000-05-01T07:20:53.020,15050.86307
170.25499,0.38303,-1370.14519,395859.05939,3385412.36046,1.13191,0.00820,10575296.72113,2000-05-02T21:54:41.160,15069.98725
170.26500,0.32368,-1361.78272,395833.99769,3385400.65972,1.12937,0.00860,10602282.70876,2000-05-03T05:24:24.695,15076.45082
170.27501,0.07504,-1356.17738,395767.01241,3385440.76535,1.12780,0.00748,10526478.47854,2000-05-02T08:21:06.206,15064.09268
170.28501,0.04344,-1353.98380,395755.91069,3385462.90063,1.13072,0.01076,10463812.36116,2000-05-01T14:56:45.872,15056.36324
170.29501,0.02551,-1346.91405,395733.26233,3385440.73429,1.12537,0.00998,10527170.36563,2000-05-02T08:32:35.006,15065.83623
170.30498,0.35203,-1357.90432,395891.11990,3385420.20051,1.12561,0.01049,10472873.68920,2000-05-01T17:27:39.224,15055.79754
170.31500,-0.18288,-1337.39061,395758.16727,3385437.04246,1.12460,0.01135,10505644.54241,2000-05-02T02:33:48.866,15059.67822
170.32497,-0.25231,-1330.51507,395722.76671,3385472.81525,1.13313,0.00847,10697471.93993,2000-05-04T07:50:53.187,15086.62910
170.33500,-0.08906,-1349.16601,395857.77862,3385428.63566,1.12972,0.00862,10514905.43491,2000-05-02T05:07:52.943,15063.87442
170.34499,-0.09677,-1342.63900,395873.99122,3385421.86980,1.13409,0.00813,10368196.12847,2000-04-30T12:22:49.679,15040.74574
170.35501,0.04926,-1351.32474,395774.72686,3385419.90771,1.13437,0.00773,10536641.07567,2000-05-02T11:10:23.875,15067.86053
170.36499,-0.53509,-1328.04034,395691.20506,3385430.64743,1.14424,0.00803,10361949.59052,2000-04-30T10:38:39.550,15046.67689
170.37501,0.07704,-1352.57828,395901.59844,3385408.30881,1.13374,0.00847,10435078.20280,2000-05-01T06:57:29.490,15049.31849
170.38501,-0.54727,-1321.89295,395913.90420,3385379.42681,1.14004,0.01018,10329515.88598,2000-04-30T01:38:09.268,15039.09172
170.39499,-0.19035,-1348.74723,395628.83936,3385464.58566,1.12710,0.00938,10509813.57043,2000-05-02T03:43:05.837,15064.31567
170.40502,0.66313,-1380.68141,395926.28280,3385377.38089,1.13202,0.00868,10532539.19595,2000-05-02T10:02:12.921,15059.91851
170.41502,0.29118,-1371.81878,395739.68931,3385450.23122,1.13168,0.00935,10669462.98090,2000-05-04T00:04:06.521,15084.16065
170.42499,0.10353,-1361.26985,395663.17324,3385439.09067,1.13337,0.00815,10643068.28097,2000-05-03T16:44:09.573,15082.93983
170.43501,0.60103,-1376.00629,395867.04183,3385435.53650,1.12812,0.01022,10573939.07159,2000-05-02T21:32:08.058,15071.43281
170.44500,0.27615,-1359.44762,395728.68152,3385451.95324,1.13024,0.01098,10552011.91155,2000-05-02T15:26:36.228,15068.06250
170.45500,0.20189,-1357.17850,395716.32209,3385445.77405,1.13595,0.01076,10658147.95260,2000-05-03T20:55:29.131,15086.38879
170.46500,0.20191,-1361.49628,395708.16534,3385450.84624,1.13042,0.00754,10473739.58384,2000-05-01T17:42:08.631,15052.41777
170.47502,0.38532,-1364.47083,395775.44436,3385424.05467,1.12658,0.00645,10630017.32429,2000-05-03T13:06:38.659,15078.63521
170.48499,0.36200,-1366.93783,395778.68999,3385409.13808,1.12902,0.00644,10569820.69552,2000-05-02T20:23:18.592,15074.81714
170.49499,0.16017,-1355.61767,395696.68341,3385418.84113,1.13203,0.00794,10579556.49865,2000-05-02T23:05:40.551,15069.15567
170.50498,0.41265,-1370.77243,395800.78514,3385421.87542,1.13633,0.00661,10501954.45140,2000-05-02T01:32:15.730,15059.21877
170.51500,0.40081,-1370.40471,395781.52740,3385437.34624,1.13187,0.00762,10615652.27424,2000-05-03T09:07:15.274,15077.35678
170.52499,0.12744,-1357.97902,395684.67739,3385442.45370,1.14466,0.00678,10506354.52050,2000-05-02T02:45:30.098,15059.75188
170.53501,0.26172,-1362.38915,395798.01711,3385395.81554,1.13267,0.00663,10369487.49229,2000-04-30T12:44:28.494,15040.80600
170.54501,0.10742,-1353.04321,395681.71549,3385435.29671,1.13862,0.00757,10502505.13652,2000-05-02T01:41:21.121,15061.28039
170.55500,0.87819,-1390.31348,396039.16362,3385385.34172,1.14592,0.00810,10464032.70913,2000-05-01T15:00:05.535,15056.91134
170.56501,0.32402,-1362.88843,395776.00011,3385419.23636,1.13998,0.00754,10498575.67780,2000-05-02T00:35:57.614,15057.96730
170.57499,0.60217,-1378.67211,395887.60023,3385418.02181,1.14570,0.00726,10430813.33953,2000-05-01T05:46:30.196,15049.61435
170.58500,0.27320,-1366.70909,395794.40210,3385392.59587,1.13990,0.00811,10488209.32496,2000-05-01T21:43:11.294,15056.82422
170.59499,0.45766,-1379.57168,395847.95770,3385434.06943,1.14245,0.00669,10521022.99257,2000-05-02T06:50:04.870,15068.27044
170.60500,0.50076,-1383.19378,395937.95598,3385399.52417,1.14704,0.00808,10568341.83028,2000-05-02T19:58:42.332,15069.97809
170.61501,0.24254,-1369.25853,395738.88654,3385420.27227,1.14823,0.00698,10554902.02303,2000-05-02T16:14:47.989,15069.72592
170.62502,0.21641,-1364.28400,395691.45407,3385450.90466,1.14272,0.00559,10495550.48185,2000-05-01T23:45:35.931,15058.83750
170.63502,0.52077,-1375.84443,395872.57097,3385393.06765,1.14122,0.00668,10540389.25090,2000-05-02T12:12:57.174,15063.65303
170.64502,0.01045,-1358.04726,395552.35103,3385453.44661,1.13771,0.00686,10505147.55394,2000-05-02T02:25:30.048,15072.08773
170.65501,0.14780,-1372.11826,395636.49063,3385433.37857,1.13778,0.00610,10447511.15499,2000-05-01T10:24:50.441,15061.73302
170.66500,0.56722,-1379.79335,395797.33850,3385422.38643,1.14105,0.00615,10439563.92495,2000-05-01T08:12:28.441,15055.17042
170.67501,0.30649,-1368.88045,395683.44838,3385440.52804,1.14817,0.00578,10449713.73784,2000-05-01T11:01:41.520,15056.70210
170.68500,0.27358,-1370.26941,395685.18040,3385437.70510,1.14385,0.00613,10537328.18473,2000-05-02T11:21:49.355,15073.78596
170.69499,0.48836,-1382.74641,395782.12811,3385434.27378,1.14451,0.00627,10595340.30873,2000-05-03T03:28:46.383,15078.78944
170.70499,0.16684,-1362.33551,395649.15073,3385410.61590,1.14333,0.00776,10463251.98620,2000-05-01T14:47:08.203,15064.25738
170.71498,0.27972,-1367.22441,395669.62027,3385458.62044,1.13426,0.00653,10565091.75929,2000-05-02T19:04:38.717,15077.79017
170.72501,0.23447,-1358.38460,395656.06342,3385442.96748,1.13488,0.00738,10475222.62638,2000-05-01T18:06:47.712,15061.56696
170.73500,0.32570,-1366.14203,395656.79755,3385458.78613,1.13607,0.00736,10494267.95034,2000-05-01T23:24:08.910,15064.94230
170.74499,0.07037,-1354.06317,395564.13602,3385463.81532,1.13927,0.00758,10493217.22815,2000-05-01T23:06:36.865,15063.94910
170.75499,0.21519,-1360.56817,395659.34274,3385446.64436,1.14182,0.00669,10584443.75000,2000-05-03T00:27:05.711,15078.23440
170.76499,0.21322,-1357.40243,395639.75168,3385456.81076,1.14492,0.00653,10534979.07530,2000-05-02T10:42:41.739,15072.54040
170.77500,0.48975,-1365.02165,395765.78538,3385422.34757,1.14317,0.00607,10602813.47090,2000-05-03T05:33:12.239,15080.60171
170.78500,0.23166,-1358.42609,395645.49516,3385454.65054,1.14577,0.00649,10536186.19520,2000-05-02T11:02:45.686,15071.66066
170.79500,0.25976,-1355.18373,395684.14545,3385466.39713,1.14492,0.00561,10590372.32778,2000-05-03T02:05:47.135,15079.56107
170.80499,0.23894,-1357.59260,395646.26595,3385465.17248,1.15183,0.00579,10567024.62925,2000-05-02T19:36:47.008,15077.68517
170.81499,0.56840,-1375.47600,395792.09728,3385450.64563,1.14739,0.00537,10525419.82176,2000-05-02T08:03:23.203,15070.30516
170.82500,0.00523,-1349.36668,395561.60784,3385436.50958,1.15091,0.00650,10519904.73483,2000-05-02T06:31:26.654,15068.65789
170.83500,-0.09197,-1348.16197,395533.42558,3385455.39720,1.14762,0.00671,10663948.00331,2000-05-03T22:32:08.357,15088.77967
170.84501,0.16941,-1357.75051,395646.06405,3385427.96914,1.14738,0.00695,10531466.45681,2000-05-02T09:44:15.955,15072.19781
170.85499,0.35799,-1363.90976,395697.04857,3385472.50089,1.15114,0.00932,10638125.21067,2000-05-03T15:21:53.105,15088.54537
170.86499,0.48760,-1368.26146,395791.08278,3385420.86380,1.14969,0.00855,10499636.03759,2000-05-02T00:53:46.674,15063.82003
170.87500,0.23805,-1357.97172,395685.73295,3385408.93069,1.14832,0.00757,10601963.91526,2000-05-03T05:19:07.290,15084.98589
170.88500,0.23862,-1366.72653,395678.54556,3385445.27584,1.14606,0.00834,10611749.02265,2000-05-03T08:02:14.222,15081.40803
170.89499,0.17340,-1373.31500,395643.94710,3385438.35213,1.14561,0.00777,10473346.98161,2000-05-01T17:35:25.714,15064.98148
170.90499,0.45460,-1384.34487,395793.98672,3385407.64643,1.15037,0.00866,10548308.90473,2000-05-02T14:24:56.903,15070.26807
170.91501,0.46865,-1385.34210,395845.85760,3385386.08092,1.14743,0.00832,10538923.22778,2000-05-02T11:48:21.590,15072.25464
170.92499,0.55651,-1382.61486,395855.19493,3385391.00321,1.15142,0.00796,10576934.09450,2000-05-02T22:21:55.880,15080.61505
170.93498,0.64384,-1388.50580,395892.28542,3385405.99812,1.15697,0.00774,10479343.60205,2000-05-01T19:15:22.591,15062.10449
170.94497,0.06065,-1356.66776,395622.82677,3385411.76405,1.16213,0.00811,10564372.35404,2000-05-02T18:52:34.897,15078.11388
170.95500,0.67261,-1388.49327,395899.50329,3385398.99114,1.15650,0.00812,10480247.78681,2000-05-01T19:30:23.590,15060.06671
170.96501,0.46850,-1386.35483,395804.39887,3385423.18829,1.15263,0.00883,10603295.40981,2000-05-03T05:41:16.433,15082.17349
170.97499,0.56218,-1384.36261,395842.28943,3385403.78138,1.15832,0.01061,10493334.93906,2000-05-01T23:08:34.813,15064.80822
170.98499,0.52628,-1385.45805,395825.58342,3385409.11702,1.15375,0.00979,10580746.58297,2000-05-02T23:25:27.490,15080.05455
170.99499,0.34449,-1384.75719,395740.84768,3385436.69570,1.16157,0.00642,10490691.86521,2000-05-01T22:24:30.540,15066.14299
171.00501,0.34597,-1375.78133,395752.08700,3385413.37269,1.15906,0.00596,10513804.25611,2000-05-02T04:49:39.693,15067.75496
171.01499,0.69011,-1391.92022,395913.80459,3385395.68384,1.15338,0.00645,10556593.29926,2000-05-02T16:42:52.925,15075.32472
171.02497,0.47122,-1394.55235,395768.13726,3385469.19071,1.15883,0.00613,10463971.03357,2000-05-01T14:59:15.463,15061.72175
171.03499,0.55094,-1400.95437,395831.02588,3385397.57238,1.15071,0.00632,10485219.15916,2000-05-01T20:53:17.550,15062.72038
171.04501,0.47335,-1393.92108,395820.53197,3385410.36468,1.15522,0.00560,10500204.86574,2000-05-02T01:03:01.575,15068.38557
171.05498,0.58080,-1410.11087,395830.43885,3385432.38746,1.14937,0.00618,10478572.63475,2000-05-01T19:02:28.023,15064.83056
171.06500,0.43333,-1401.38271,395822.47316,3385389.60348,1.15770,0.00661,10492281.60064,2000-05-01T22:51:05.826,15067.36548
171.07499,0.63584,-1416.41529,395862.32592,3385401.17328,1.16142,0.00574,10554026.35269,2000-05-02T16:00:04.448,15071.71632
171.08499,0.39961,-1415.06599,395792.60833,3385383.37355,1.15511,0.00630,10500576.63615,2000-05-02T01:09:23.771,15068.70645
171.09502,0.45777,-1422.93319,395810.91709,3385395.50009,1.15331,0.00577,10524686.00171,2000-05-02T07:50:59.189,15068.45650
171.10500,0.40873,-1420.82657,395788.82316,3385399.61581,1.15746,0.00665,10580887.80560,2000-05-02T23:27:38.727,15079.52962
171.11499,0.47689,-1426.89629,395843.91093,3385366.78301,1.15434,0.00632,10430380.94694,2000-05-01T05:39:21.800,15053.06412
171.12500,0.68332,-1443.30923,395905.31228,3385377.09494,1.15617,0.00615,10514721.00746,2000-05-02T05:04:54.520,15071.84257
171.13501,0.30273,-1424.94013,395768.62717,3385396.51954,1.15247,0.00645,10563418.11259,2000-05-02T18:36:36.341,15077.21297
171.14499,0.62897,-1437.79436,395882.58517,3385381.75897,1.15774,0.00611,10486911.07545,2000-05-01T21:21:20.131,15064.16548
171.15500,0.31477,-1417.56989,395744.82257,3385378.94736,1.16077,0.00578,10521665.30245,2000-05-02T07:00:44.254,15071.41986
171.16501,0.37117,-1427.69458,395757.27359,3385427.73728,1.15572,0.00774,10473480.50128,2000-05-01T17:37:46.941,15061.34253
171.17501,0.54023,-1432.42561,395844.23769,3385408.22315,1.15410,0.00686,10527840.51458,2000-05-02T08:43:44.183,15071.37231
171.18501,0.35453,-1424.25254,395755.87990,3385401.16377,1.15514,0.00987,10487740.79768,2000-05-01T21:35:28.665,15063.09244
171.19501,0.50294,-1433.26259,395824.13553,3385404.40342,1.16087,0.00752,10564373.82730,2000-05-02T18:52:30.850,15079.05822
171.20500,0.19330,-1408.08992,395710.65474,3385391.88330,1.15565,0.00755,10592731.28525,2000-05-03T02:45:11.875,15082.29826
171.21500,0.56104,-1419.50738,395842.77729,3385375.14059,1.15158,0.01021,10555704.93203,2000-05-02T16:28:20.466,15075.95978
171.22500,0.40113,-1418.88670,395752.27835,3385438.11697,1.15498,0.00984,10524663.80000,2000-05-02T07:50:35.696,15070.64849
171.23499,0.35024,-1413.92127,395781.13406,3385375.32341,1.15219,0.01004,10611952.27502,2000-05-03T08:05:41.845,15082.80903
171.24500,0.48318,-1427.14936,395821.17512,3385390.51604,1.15030,0.00998,10558438.71602,2000-05-02T17:13:42.941,15074.73625
171.25499,0.42219,-1424.18598,395782.52032,3385401.30294,1.15967,0.00980,10508493.16591,2000-05-02T03:21:18.182,15066.16815
171.26500,0.24490,-1415.79978,395704.28011,3385428.47399,1.16341,0.01007,10666530.37707,2000-05-03T23:15:22.870,15090.80920
171.27500,0.74527,-1429.84113,395968.98636,3385355.67448,1.15986,0.00732,10488658.89025,2000-05-01T21:50:46.082,15061.55544
171.28500,0.30931,-1420.43851,395724.37608,3385435.45339,1.15745,0.00807,10576864.21708,2000-05-02T22:20:54.262,15078.68980
171.29499,0.57491,-1431.22204,395875.72819,3385361.94835,1.15927,0.00818,10655124.05099,2000-05-03T20:05:07.303,15090.37599
171.30499,0.29890,-1420.20079,395752.64418,3385404.83693,1.16151,0.00821,10578628.78970,2000-05-02T22:50:23.822,15081.27766
171.31499,0.42944,-1435.59726,395790.62908,3385398.18585,1.15722,0.00786,10580953.46130,2000-05-02T23:29:00.042,15077.56994
171.32501,0.27179,-1427.64231,395764.01826,3385378.13041,1.15459,0.00822,10641083.03859,2000-05-03T16:11:15.055,15087.13259
171.33500,0.59086,-1444.50114,395894.40384,3385359.11094,1.15771,0.00778,10532417.59448,2000-05-02T09:59:58.602,15072.35217
171.34501,0.58138,-1450.15192,395866.90371,3385397.06706,1.15573,0.00805,10511874.34100,2000-05-02T04:17:40.676,15071.21999
171.35500,0.40882,-1436.42512,395785.47971,3385401.60768,1.15333,0.00750,10642013.90018,2000-05-03T16:26:42.913,15084.24769
171.36499,0.50520,-1447.41496,395827.67727,3385404.64240,1.15451,0.00727,10625562.91745,2000-05-03T11:52:19.031,15084.30404
171.37499,0.39617,-1437.85447,395813.59273,3385398.08022,1.16074,0.00845,10556883.79870,2000-05-02T16:47:56.668,15078.21536
171.38499,0.55826,-1444.19054,395864.30106,3385363.70574,1.15380,0.00721,10604821.77197,2000-05-03T06:06:41.837,15078.89082
171.39499,0.08798,-1428.08986,395673.68381,3385403.70563,1.15708,0.00829,10603621.17006,2000-05-03T05:46:49.893,15086.70189
171.40500,0.63022,-1452.70621,395871.66684,3385406.13544,1.15695,0.00701,10527088.72582,2000-05-02T08:31:05.445,15070.56071
171.41500,0.19749,-1428.69168,395694.49251,3385415.52661,1.15273,0.00652,10556744.99510,2000-05-02T16:45:31.520,15070.68415
171.42499,0.11516,-1430.06620,395685.08139,3385407.02883,1.15567,0.00782,10598964.32048,2000-05-03T04:29:07.864,15082.42217
171.43499,0.69591,-1450.29961,395946.70686,3385366.85050,1.15694,0.00658,10543619.78377,2000-05-02T13:06:42.035,15074.51609
171.44499,0.27544,-1433.56316,395752.43588,3385407.52281,1.16167,0.00588,10474308.45090,2000-05-01T17:51:37.361,15062.43045
171.45499,0.22879,-1435.39467,395787.12403,3385402.95582,1.16045,0.00657,10525971.03054,2000-05-02T08:12:43.425,15069.09430
171.46499,0.22699,-1439.38247,395671.26598,3385412.71975,1.14469,0.00597,10640869.15440,2000-05-03T16:07:25.556,15085.21203
171.47500,0.39108,-1446.54995,395796.46094,3385362.55006,1.15295,0.00588,10510898.10182,2000-05-02T04:01:25.151,15072.09001
171.48500,0.30211,-1441.78255,395786.10354,3385343.18304,1.15791,0.00671,10528263.75371,2000-05-02T08:50:45.881,15069.70564
171.49500,0.69844,-1464.44711,395898.81597,3385349.36555,1.15363,0.00923,10652727.34392,2000-05-03T19:25:08.350,15091.27537
171.50499,0.13739,-1439.32275,395683.45679,3385384.42285,1.15411,0.00841,10466371.73621,2000-05-01T15:39:14.147,15062.21723
171.51499,0.54832,-1457.04466,395837.59392,3385362.23832,1.14998,0.00915,10582357.55078,2000-05-02T23:52:23.053,15077.05019
171.52498,0.31614,-1444.83660,395762.11096,3385386.27313,1.15332,0.00823,10518295.86386,2000-05-02T06:04:36.036,15070.57621
171.53501,0.27232,-1444.50915,395745.36383,3385349.32866,1.14519,0.00918,10612783.54888,2000-05-03T08:19:23.425,15085.08825
171.54500,0.75503,-1465.56301,395968.41960,3385331.75233,1.15399,0.01004,10700701.86734,2000-05-04T08:44:45.576,15095.40771
171.55499,0.42518,-1443.94898,395817.72612,3385347.97336,1.15144,0.00975,10501366.39536,2000-05-02T01:22:30.351,15068.55512
171.56500,0.36744,-1439.85111,395797.95546,3385367.46266,1.15199,0.00762,10504771.38626,2000-05-02T02:19:11.827,15069.30644
171.57501,0.46894,-1445.53071,395846.05998,3385360.48282,1.15347,0.00609,10630601.47793,2000-05-03T13:16:27.390,15087.21640
171.58499,0.61234,-1449.68765,395884.57906,3385380.99078,1.15695,0.00699,10591580.80791,2000-05-03T02:26:04.088,15081.22677
171.59500,0.58116,-1447.79639,395883.66229,3385368.70269,1.15374,0.00572,10565237.93944,2000-05-02T19:06:59.117,15076.11341
171.60500,0.00847,-1412.67231,395706.93700,3385335.13767,1.15336,0.00670,10576713.60038,2000-05-02T22:18:14.402,15075.24640
171.61500,0.51706,-1435.28690,395882.09982,3385350.76423,1.15089,0.00579,10594978.62106,2000-05-03T03:22:46.223,15083.64268
171.62500,-0.06334,-1411.00771,395616.43262,3385383.90595,1.14445,0.00640,10690836.84719,2000-05-04T06:00:08.750,15091.91313
171.63500,0.63232,-1446.17440,395910.21250,3385344.81010,1.15145,0.00695,10549488.46728,2000-05-02T14:44:36.597,15072.76597
171.64500,0.62936,-1443.07506,395908.11775,3385371.79226,1.15145,0.00606,10572068.14049,2000-05-02T21:00:39.512,15078.33745
171.65501,0.47161,-1433.37591,395838.19455,3385365.36404,1.14799,0.00728,10603011.11167,2000-05-03T05:36:27.402,15082.56516
171.66500,0.36504,-1433.56087,395824.87601,3385369.36267,1.15228,0.00637,10676473.93248,2000-05-04T02:01:03.907,15090.49219
171.67500,0.67624,-1446.07845,396007.45057,3385358.81327,1.14882,0.00765,10639065.94095,2000-05-03T15:37:21.146,15091.53794
171.68499,0.44826,-1434.43671,395922.10187,3385374.14343,1.14695,0.00791,10656644.61136,2000-05-03T20:30:22.588,15090.34954
171.69501,0.20566,-1423.23980,395846.42772,3385381.67839,1.14764,0.00716,10606153.11754,2000-05-03T06:28:58.736,15080.11491
171.70501,0.77132,-1443.19503,396095.52192,3385343.23402,1.14707,0.00610,10652270.34163,2000-05-03T19:17:32.932,15089.93280
171.71500,0.09410,-1417.12113,395885.32782,3385395.52559,1.15329,0.00640,10669205.42807,2000-05-03T23:59:44.790,15092.83249
171.72502,0.49342,-1427.92467,396065.25930,3385353.47030,1.15324,0.00590,10646712.92570,2000-05-03T17:44:55.695,15088.92681
171.73501,0.22827,-1421.69302,395891.31105,3385423.70004,1.14785,0.00741,10647732.22461,2000-05-03T18:01:51.274,15089.73822
171.74500,0.31719,-1420.87852,395937.47505,3385383.29573,1.14570,0.00861,10608621.17365,2000-05-03T07:10:01.561,15085.70848
171.75499,0.12982,-1412.68647,395865.01943,3385408.99170,1.15169,0.00813,10656522.21570,2000-05-03T20:28:28.492,15090.00138
171.76499,0.67257,-1431.57989,396101.46914,3385363.79776,1.15508,0.00806,10662337.13997,2000-05-03T22:05:22.952,15096.93392
171.77500,0.42829,-1429.29600,395953.55881,3385393.60134,1.14612,0.00766,10678956.07741,2000-05-04T02:42:16.571,15096.61158
171.78501,0.21802,-1423.00011,395850.98078,3385420.63373,1.14419,0.00755,10637105.28513,2000-05-03T15:04:43.909,15094.06415
171.79500,0.22509,-1423.42410,395910.86209,3385388.92283,1.14767,0.00754,10501568.31975,2000-05-02T01:25:55.925,15070.99036
171.80499,0.21909,-1417.75360,396035.18991,3385376.92905,1.14549,0.00735,10618628.18171,2000-05-03T09:56:47.320,15086.17788
171.81502,0.33335,-1424.74181,396151.70822,3385353.57761,1.14839,0.00767,10655618.55128,2000-05-03T20:13:27.638,15094.29684
171.82501,0.26580,-1433.04184,395963.35790,3385410.10619,1.13684,0.00776,10600853.26137,2000-05-03T05:00:24.012,15081.21179
171.83501,0.36708,-1435.53097,396042.52383,3385361.05104,1.14366,0.00674,10627838.34785,2000-05-03T12:30:15.365,15087.67436
171.84500,0.34130,-1438.20953,395975.52806,3385396.86895,1.14465,0.00735,10623227.64742,2000-05-03T11:13:32.934,15081.88959
171.85501,0.63459,-1451.25635,396112.67372,3385382.40570,1.14457,0.00756,10642112.17583,2000-05-03T16:28:08.193,15090.19002
171.86499,0.23465,-1433.34308,395904.86219,3385385.93943,1.14530,0.00701,10471184.31239,2000-05-01T16:59:22.333,15063.62972
171.87499,0.40871,-1443.24858,395988.83161,3385395.48849,1.14400,0.00539,10734668.77038,2000-05-04T18:10:40.671,15100.96855
171.88500,0.58116,-1442.48795,396070.94337,3385363.80813,1.13758,0.00645,10495202.59752,2000-05-01T23:39:37.285,15067.21265
171.89498,0.51310,-1438.41741,396032.57455,3385370.09943,1.13418,0.00605,10629817.75616,2000-05-03T13:03:18.498,15086.61453
171.90500,-0.11377,-1415.34904,395770.02176,3385399.94038,1.13424,0.00716,10547150.33326,2000-05-02T14:05:21.803,15070.72633
171.91502,0.46251,-1437.08456,395968.72564,3385378.12313,1.12803,0.00556,10498322.60259,2000-05-02T00:31:41.565,15067.08549
171.92499,0.28815,-1435.47738,395852.67202,3385438.21883,1.13511,0.00578,10592273.27626,2000-05-03T02:37:35.004,15078.99146
171.93498,0.39911,-1434.95594,395934.23405,3385387.64006,1.13623,0.00703,10522964.71515,2000-05-02T07:22:21.651,15070.36126
171.94498,0.33242,-1432.24938,395930.48398,3385392.46566,1.13789,0.00652,10566099.12967,2000-05-02T19:21:22.756,15076.69221
171.95500,0.31955,-1434.04019,395906.12870,3385392.10145,1.12967,0.00766,10591133.45690,2000-05-03T02:18:37.861,15082.24504
171.96500,0.70833,-1448.35233,396024.42472,3385398.65396,1.13018,0.00768,10619344.03911,2000-05-03T10:08:46.305,15081.09445
171.97500,0.61197,-1440.51722,396005.59518,3385418.11218,1.14262,0.00700,10579998.16328,2000-05-02T23:13:11.576,15076.63858
171.98502,0.23539,-1413.02492,395859.53266,3385436.52643,1.14577,0.00709,10465319.97936,2000-05-01T15:21:53.157,15063.80602
171.99499,0.34638,-1431.01997,395858.48772,3385403.43404,1.13625,0.00829,10617287.50596,2000-05-03T09:34:20.592,15086.63511
172.00500,0.52704,-1433.25626,395955.81756,3385369.38527,1.13651,0.00682,10617663.30683,2000-05-03T09:40:39.625,15085.46146
172.01500,0.40816,-1427.16401,395893.23191,3385395.33621,1.14161,0.00716,10609403.22466,2000-05-03T07:22:49.746,15081.85550
172.02499,0.53643,-1428.34461,395976.36994,3385370.33190,1.13639,0.00772,10588151.65615,2000-05-03T01:28:40.649,15080.78193
172.03500,0.59194,-1429.05213,395990.26612,3385364.44666,1.14139,0.00720,10582649.77962,2000-05-02T23:57:09.074,15078.83599
172.04500,0.64549,-1434.16556,395986.05138,3385365.26655,1.14692,0.00809,10583434.07164,2000-05-03T00:10:06.558,15079.52699
172.05500,0.48666,-1428.17188,395904.76174,3385387.41480,1.13850,0.00738,10591452.04541,2000-05-03T02:23:40.900,15081.08638
172.06501,0.34949,-1428.43752,395852.78862,3385385.09001,1.13744,0.00682,10729489.58030,2000-05-04T16:44:19.946,15101.28547
172.07499,0.99158,-1456.89656,396128.55129,3385357.48558,1.14697,0.00535,10605200.76004,2000-05-03T06:12:55.022,15081.87984
172.08500,0.52774,-1439.78596,395959.01288,3385356.71008,1.14145,0.00695,10649345.76179,2000-05-03T18:28:45.217,15087.37733
172.09501,0.31580,-1429.29628,395855.81825,3385371.02016,1.13964,0.00749,10551914.20458,2000-05-02T15:24:48.335,15077.56910
172.10500,0.64287,-1438.74700,395940.16178,3385382.48593,1.13329,0.00764,10652175.57034,2000-05-03T19:15:48.487,15089.48638
172.11500,0.32282,-1428.20196,395826.86039,3385395.63934,1.13816,0.00830,10629784.91732,2000-05-03T13:02:40.521,15083.28246
172.12502,0.42371,-1428.92417,395882.43105,3385354.01852,1.13502,0.00860,10725597.37279,2000-05-04T15:39:33.767,15100.86940
172.13502,0.22491,-1420.81282,395791.50406,3385362.76631,1.13550,0.00920,10542704.52424,2000-05-02T12:51:20.809,15074.02369
172.14500,0.19214,-1420.80253,395731.63894,3385404.95561,1.13865,0.00942,10590360.51126,2000-05-03T02:05:33.881,15081.41916
172.15499,0.80439,-1443.02181,396012.54798,3385372.26297,1.13186,0.01008,10676246.15373,2000-05-04T01:56:59.132,15090.05870
172.16498,0.36074,-1422.37088,395845.42988,3385347.39674,1.13615,0.00735,10695618.79753,2000-05-04T07:19:57.862,15097.09151
172.17501,0.28715,-1430.77876,395793.35491,3385405.23303,1.14243,0.00869,10683040.31277,2000-05-04T03:50:15.326,15092.58049
172.18500,0.64730,-1443.91506,395958.69556,3385357.85228,1.13434,0.00772,10625972.18697,2000-05-03T11:59:01.192,15084.12039
172.19500,0.09053,-1428.18357,395721.05871,3385387.76154,1.12705,0.00791,10721926.21203,2000-05-04T14:38:22.083,15097.63918
172.20499,0.43486,-1437.35766,395843.51448,3385371.40677,1.13133,0.00738,10641791.46201,2000-05-03T16:22:45.128,15086.23993
172.21501,0.27348,-1429.37729,395817.98012,3385364.34949,1.14213,0.00715,10626084.04760,2000-05-03T12:01:01.338,15084.97444
172.22501,0.26948,-1435.50791,395758.97930,3385402.06495,1.13014,0.00683,10638961.79813,2000-05-03T15:35:32.324,15086.93125
172.23500,0.67043,-1454.69165,395958.45657,3385355.60069,1.13561,0.00698,10649222.02701,2000-05-03T18:26:40.636,15088.19775
172.24501,0.79724,-1461.65820,395990.62071,3385375.39578,1.13734,0.00685,10714545.86875,2000-05-04T12:35:21.138,15097.87077
172.25498,0.31640,-1441.75649,395808.35376,3385388.74009,1.14284,0.00610,10663447.93535,2000-05-03T22:23:48.216,15091.04650
172.26501,0.44265,-1446.09330,395837.39625,3385386.02514,1.13158,0.00847,10799835.01403,2000-05-05T12:16:50.106,15108.51655
172.27499,0.40257,-1446.82500,395818.44525,3385384.58952,1.13457,0.00932,10654087.96826,2000-05-03T19:47:44.369,15090.23209
172.28499,0.29190,-1444.81522,395805.24648,3385370.87148,1.14224,0.00834,10643547.72331,2000-05-03T16:51:58.578,15089.42786
172.29501,0.70988,-1461.11419,395999.19749,3385363.28845,1.15140,0.00679,10613197.17517,2000-05-03T08:26:21.642,15081.23671
172.30499,0.30843,-1442.13369,395811.00165,3385378.88399,1.14206,0.00751,10740015.77779,2000-05-04T19:39:47.590,15103.53668
172.31499,0.28770,-1438.03262,395797.61714,3385377.09142,1.14300,0.00626,10664978.61416,2000-05-03T22:49:03.054,15092.41660
172.32501,0.58176,-1454.83991,395885.52068,3385376.33621,1.13779,0.01118,10675480.30571,2000-05-04T01:44:20.975,15091.21153
172.33501,0.36797,-1442.87099,395829.38160,3385374.25622,1.14434,0.01080,10699325.51541,2000-05-04T08:21:37.326,15098.85242
172.34500,0.58022,-1453.75064,395927.18255,3385366.23268,1.14003,0.00986,10606171.10797,2000-05-03T06:28:56.543,15083.92595
172.35502,0.45719,-1443.52430,395834.36437,3385360.65411,1.14122,0.01045,10652528.59697,2000-05-03T19:21:47.931,15091.66509
172.36498,0.07323,-1428.80073,395671.89863,3385400.94949,1.13956,0.00916,10761961.88649,2000-05-05T01:45:25.709,15106.39994
172.37500,0.48403,-1443.55507,395837.07658,3385384.92797,1.13626,0.01059,10585885.74170,2000-05-03T00:50:57.375,15077.01567
172.38499,0.40085,-1443.33325,395861.67531,3385381.14031,1.13893,0.00986,10686723.80825,2000-05-04T04:51:33.756,15095.35220
172.39497,0.10766,-1425.05597,395717.06099,3385368.82335,1.14017,0.00970,10549510.44415,2000-05-02T14:44:40.835,15075.24524
172.40497,0.29558,-1423.44806,395826.35601,3385365.12098,1.14942,0.00912,10690068.78329,2000-05-04T05:47:15.912,15095.04850
172.41500,0.41912,-1439.16798,395843.76476,3385330.50820,1.14294,0.00682,10698998.41680,2000-05-04T08:16:15.374,15095.00245
172.42499,0.73314,-1459.87193,395947.72453,3385356.72877,1.14547,0.00760,10624392.64685,2000-05-03T11:32:44.721,15086.36228
172.43500,0.31453,-1438.16539,395792.30247,3385353.21102,1.14100,0.00667,10663722.81742,2000-05-03T22:28:19.923,15087.74419
172.44501,0.35995,-1440.49292,395807.88753,3385340.78933,1.13905,0.00718,10699253.05429,2000-05-04T08:20:25.272,15100.01825
172.45499,0.58674,-1456.23102,395888.51797,3385353.60618,1.13655,0.00794,10706392.36421,2000-05-04T10:19:35.408,15097.63116
172.46501,0.85013,-1462.25964,396038.00555,3385307.41180,1.13425,0.00682,10667438.60160,2000-05-03T23:30:15.068,15091.00700
172.47502,0.16582,-1435.76057,395759.63458,3385339.85912,1.12654,0.00911,10655352.97863,2000-05-03T20:08:48.283,15086.19859
172.48501,0.27681,-1443.70764,395780.21203,3385340.26154,1.12563,0.00930,10679621.69774,2000-05-04T02:53:16.390,15095.55394
172.49499,0.33709,-1442.45120,395809.99615,3385335.37800,1.12659,0.00910,10672662.22200,2000-05-04T00:57:20.145,15091.71521
172.50501,0.63789,-1460.36235,395942.04357,3385330.56064,1.12546,0.00887,10721882.37465,2000-05-04T14:37:45.523,15103.59573
172.51501,0.40906,-1450.88962,395824.76768,3385358.00315,1.11526,0.00868,10689318.02633,2000-05-04T05:34:48.710,15092.57741
172.52498,0.13572,-1435.29470,395757.35125,3385335.45682,1.12117,0.00951,10649801.28460,2000-05-03T18:36:20.901,15091.01963
172.53500,0.54051,-1451.37428,395894.31661,3385339.91315,1.12847,0.00843,10689276.78480,2000-05-04T05:34:11.338,15096.67689
172.54500,0.21622,-1436.60015,395842.59607,3385325.92509,1.12735,0.00861,10642022.62615,2000-05-03T16:26:45.985,15089.51135
172.55499,0.35214,-1448.30490,395857.09295,3385354.22337,1.13400,0.00915,10741033.68539,2000-05-04T19:57:00.572,15102.01667
172.56499,0.17392,-1435.44271,395678.40141,3385360.65064,1.12950,0.01107,10766839.28129,2000-05-05T03:06:56.677,15104.60227
172.57500,0.45461,-1448.19581,395795.12060,3385359.42519,1.13128,0.01104,10705618.75274,2000-05-04T10:06:27.170,15096.77054
172.58499,0.79356,-1463.48920,395929.43122,3385356.38979,1.13295,0.01126,10807772.06943,2000-05-05T14:29:06.252,15110.44972
172.59501,0.30290,-1438.10303,395707.13421,3385355.93223,1.12901,0.01072,10696570.06046,2000-05-04T07:35:42.817,15101.06588
172.60499,0.27088,-1444.00994,395737.07723,3385368.65731,1.12556,0.00933,10793147.81964,2000-05-05T10:25:24.588,15108.90701
172.61499,0.21790,-1443.63475,395707.63243,3385361.47835,1.12874,0.01075,10753170.54579,2000-05-04T23:19:08.207,15102.82439
172.62499,0.37051,-1452.91969,395751.50046,3385375.61884,1.12471,0.01060,10798374.16442,2000-05-05T11:52:31.456,15111.61980
172.63499,0.54287,-1453.62941,395823.12740,3385353.95627,1.12450,0.01134,10752318.44813,2000-05-04T23:04:55.233,15102.85083
172.64498,0.31722,-1448.79392,395726.51953,3385372.05228,1.13112,0.01054,10663649.14608,2000-05-03T22:27:03.538,15091.05316
172.65501,0.77815,-1464.90598,395934.87068,3385340.26382,1.12734,0.01028,10778627.61321,2000-05-05T06:23:29.965,15106.42767
172.66501,0.58848,-1465.09818,395863.28172,3385354.73513,1.12806,0.01048,10703020.25124,2000-05-04T09:23:09.460,15099.09222
172.67500,0.35046,-1439.85242,395768.98449,3385325.16139,1.12861,0.00865,10642431.92343,2000-05-03T16:33:21.561,15089.17127
172.68499,0.59500,-1454.61125,395868.08436,3385332.84251,1.13015,0.00962,10664568.76721,2000-05-03T22:42:24.133,15083.74716
172.69500,0.32620,-1445.80175,395722.58663,3385384.81425,1.12966,0.01232,10719111.31404,2000-05-04T13:51:31.118,15102.69968
172.70499,0.20907,-1442.29904,395671.45494,3385386.58843,1.12730,0.00927,10628358.18087,2000-05-03T12:38:50.296,15087.06147
172.71499,0.64456,-1449.38486,395897.14125,3385316.95558,1.12952,0.00920,10702391.02933,2000-05-04T09:12:43.790,15101.12147
172.72500,0.32677,-1446.86701,395704.49729,3385376.11539,1.12536,0.01132,10699460.24155,2000-05-04T08:23:53.046,15092.16817
172.73499,0.50264,-1452.09455,395861.81136,3385321.32062,1.12167,0.01102,10677425.58278,2000-05-04T02:16:39.758,15094.00343
172.74501,0.37351,-1449.96947,395745.28074,3385377.22601,1.12696,0.01089,10786021.65216,2000-05-05T08:26:27.081,15109.04923
172.75502,0.33725,-1444.27453,395731.08731,3385359.72948,1.13014,0.01195,10717926.82441,2000-05-04T13:31:40.595,15100.05445
172.76500,0.44635,-1443.38269,395788.72569,3385359.35563,1.13356,0.01217,10741977.85412,2000-05-04T20:12:35.808,15100.22401
172.77499,0.46701,-1445.15021,395822.77489,3385338.53615,1.13316,0.01122,10804570.66007,2000-05-05T13:35:42.225,15110.88608
172.78499,0.37068,-1439.89047,395751.63342,3385370.18194,1.13351,0.01086,10653479.64074,2000-05-03T19:37:36.431,15092.46815
172.79500,0.57841,-1443.55854,395856.75104,3385340.39454,1.14376,0.00975,10823569.16284,2000-05-05T18:52:25.416,15112.22873
172.80502,0.05085,-1420.03932,395626.63083,3385378.53146,1.14238,0.01014,10667399.16213,2000-05-03T23:29:25.253,15091.39184
172.81500,0.29342,-1428.80361,395702.03365,3385387.80039,1.13420,0.00903,10797700.14630,2000-05-05T11:41:14.037,15111.03161
172.82499,0.54911,-1436.84578,395795.65920,3385399.31636,1.13832,0.00834,10716147.24523,2000-05-04T13:01:59.446,15100.75592
172.83499,0.68566,-1441.00622,395919.39905,3385339.43350,1.14660,0.00845,10774176.20235,2000-05-05T05:09:02.381,15105.49670
172.84501,0.54446,-1432.52401,395819.56724,3385396.38072,1.14065,0.00869,10709144.81770,2000-05-04T11:05:15.838,15097.79766
172.85500,0.77929,-1436.79870,395920.47604,3385369.29521,1.14374,0.00832,10691883.87911,2000-05-04T06:17:36.144,15091.46092
172.86500,0.54961,-1427.29266,395822.28661,3385386.17435,1.14381,0.00943,10753259.54654,2000-05-04T23:20:36.509,15104.42211
172.87500,0.80746,-1441.21459,395918.79723,3385385.33248,1.13805,0.00797,10748588.37719,2000-05-04T22:02:48.015,15106.40249
172.88499,0.28456,-1420.33057,395688.24512,3385396.71680,1.12973,0.00936,10734119.32416,2000-05-04T18:01:29.767,15098.81618
172.89500,0.52089,-1431.46047,395823.33962,3385382.76989,1.13545,0.00959,10678877.98024,2000-05-04T02:40:49.979,15091.07092
172.90502,0.58736,-1434.00703,395850.77577,3385381.92705,1.12680,0.00912,10628285.32866,2000-05-03T12:37:35.782,15087.26506
172.91502,0.73514,-1437.32467,395866.14634,3385405.38855,1.13178,0.00941,10634367.87202,2000-05-03T14:18:59.294,15092.28460
172.92501,0.43395,-1421.70291,395767.95023,3385395.48928,1.13712,0.00829,10656275.04478,2000-05-03T20:24:06.135,15088.65584
172.93498,0.32935,-1413.84052,395715.29125,3385384.47176,1.13082,0.00884,10771176.41149,2000-05-05T04:19:13.278,15108.37564
172.94501,0.65832,-1433.15185,395876.14528,3385366.98915,1.13101,0.01284,10637114.59275,2000-05-03T15:04:45.264,15085.20941
172.95499,0.45070,-1427.49573,395758.75262,3385410.71641,1.13078,0.01144,10763266.99613,2000-05-05T02:07:19.631,15100.24655
172.96499,0.70526,-1434.19716,395844.65248,3385384.46527,1.12893,0.00952,10573723.14555,2000-05-02T21:28:24.455,15078.22349
172.97502,0.38522,-1416.27594,395793.11113,3385374.55639,1.13335,0.00942,10714059.72028,2000-05-04T12:27:12.553,15096.98195
172.98501,0.72459,-1432.69385,395881.23402,3385384.73271,1.13293,0.00884,10693572.40320,2000-05-04T06:45:47.952,15096.40042
172.99499,0.20640,-1406.98467,395676.59895,3385394.63947,1.13537,0.00998,10756850.37982,2000-05-05T00:20:27.042,15103.93966
173.00499,0.66172,-1424.21333,395854.84185,3385374.84752,1.14040,0.00861,10712499.02317,2000-05-04T12:01:11.106,15098.96135
173.01500,0.71950,-1432.10924,395841.52756,3385413.67796,1.13865,0.00963,10705754.47885,2000-05-04T10:08:48.455,15097.57157
173.02500,0.45688,-1422.17855,395798.14897,3385387.46232,1.14013,0.00808,10760977.84130,2000-05-05T01:29:11.225,15104.68983
173.03503,0.66145,-1427.05655,395846.63910,3385376.89384,1.13436,0.00848,10775567.29388,2000-05-05T05:32:18.416,15110.43971
173.04500,0.37668,-1416.17188,395710.86327,3385428.41789,1.12763,0.00739,10824843.30603,2000-05-05T19:13:41.373,15114.40779
173.05499,0.76280,-1430.85649,395886.26014,3385415.32232,1.13199,0.01061,10770839.29824,2000-05-05T04:13:46.127,15107.11656
173.06500,0.25379,-1400.63265,395685.25076,3385407.78370,1.13832,0.01137,10747374.22116,2000-05-04T21:42:33.626,15101.47805
173.07499,0.73070,-1423.64352,395867.17441,3385405.10586,1.13654,0.00976,10722135.68195,2000-05-04T14:41:53.042,15097.80604
173.08499,0.28389,-1402.00435,395701.29082,3385395.05588,1.13970,0.00884,10691652.53296,2000-05-04T06:13:47.824,15094.58726
173.09502,0.40677,-1405.08470,395748.94656,3385383.86672,1.13488,0.00994,10719330.13043,2000-05-04T13:55:03.175,15101.39313
173.10499,0.57003,-1411.41535,395809.75652,3385391.01004,1.13920,0.01064,10680430.53451,2000-05-04T03:06:51.901,15094.63878
173.11500,0.66793,-1417.65542,395875.27154,3385372.46828,1.13756,0.01090,10814146.69788,2000-05-05T16:15:21.307,15114.36428
173.12500,0.44166,-1417.40105,395728.20892,3385417.65178,1.12750,0.01047,10670971.42830,2000-05-04T00:28:57.185,15093.82577
173.13500,0.50219,-1413.26834,395808.43275,3385356.76650,1.12613,0.01078,10738322.19014,2000-05-04T19:11:30.749,15103.08734
173.14500,0.50255,-1418.61619,395792.96856,3385376.84050,1.12266,0.01046,10716558.61571,2000-05-04T13:08:46.640,15100.25160
173.15499,0.81927,-1433.73471,395913.04137,3385388.26739,1.12257,0.01124,10728195.87849,2000-05-04T16:22:52.143,15098.43065
173.16499,0.35850,-1405.96029,395709.33332,3385403.26097,1.12982,0.01101,10711045.49399,2000-05-04T11:36:44.830,15097.90708
173.17500,0.51550,-1412.27357,395831.05043,3385356.60081,1.12435,0.01299,10763441.42155,2000-05-05T02:10:07.630,15107.73331
173.18500,0.26130,-1405.78795,395668.77569,3385409.12465,1.12893,0.01410,10637100.27412,2000-05-03T15:04:31.956,15092.45892
173.19501,0.33732,-1408.07651,395710.10181,3385389.12665,1.13466,0.01261,10722582.37654,2000-05-04T14:49:14.117,15102.44209
173.20500,0.41753,-1412.23241,395756.92494,3385380.26899,1.13317,0.00958,10706805.01581,2000-05-04T10:26:12.996,15095.61989
173.21499,0.27966,-1410.44362,395697.71999,3385385.51782,1.13590,0.00823,10750414.39325,2000-05-04T22:33:11.543,15102.93632
173.22501,0.52680,-1416.73619,395790.19814,3385360.18143,1.13077,0.00792,10726093.27810,2000-05-04T15:47:38.271,15103.07065
173.23500,0.32297,-1409.04413,395749.13403,3385360.49913,1.13099,0.00906,10691316.96281,2000-05-04T06:08:11.236,15096.76387
173.24499,0.57772,-1423.40269,395804.14966,3385384.60044,1.13023,0.00831,10736841.91274,2000-05-04T18:47:03.386,15100.83616
173.25501,0.32699,-1407.06846,395731.70661,3385377.84026,1.12955,0.00902,10767762.95689,2000-05-05T03:22:24.683,15101.36419
173.26500,0.32561,-1403.96646,395729.41776,3385386.64805,1.12924,0.00921,10795256.65971,2000-05-05T11:00:40.047,15108.68594
173.27500,0.68778,-1419.23086,395866.66027,3385378.24827,1.12998,0.00867,10765096.41319,2000-05-05T02:37:52.260,15111.93704
173.28500,0.07148,-1388.83360,395611.54816,3385393.57359,1.13314,0.00949,10734867.76656,2000-05-04T18:14:03.108,15106.88559
173.29501,0.80877,-1419.29632,395934.48556,3385371.18970,1.13905,0.00927,10757078.19273,2000-05-05T00:24:06.448,15111.34810
173.30500,0.32663,-1405.10306,395733.80796,3385392.79408,1.13560,0.00897,10784504.53291,2000-05-05T08:01:26.829,15114.22259
173.31501,0.50803,-1410.27590,395792.72692,3385386.14325,1.13904,0.01053,10753129.88188,2000-05-04T23:18:19.603,15106.88063
173.32499,0.39100,-1407.90279,395752.49311,3385393.35964,1.14388,0.01021,10798136.44181,2000-05-05T11:48:39.298,15113.87424
173.33502,0.62897,-1420.11797,395821.55472,3385396.70259,1.13860,0.00968,10815733.36676,2000-05-05T16:41:46.641,15119.78361
173.34500,0.83377,-1419.72085,395948.95889,3385355.31428,1.13997,0.01011,10829961.64806,2000-05-05T20:39:09.477,15120.61429
173.35499,0.26989,-1404.75894,395688.17073,3385427.86591,1.14293,0.00969,10680177.78489,2000-05-04T03:02:32.279,15097.96771
173.36501,0.67605,-1415.56421,395882.12167,3385353.95725,1.14516,0.00893,10888649.98696,2000-05-06T12:57:13.368,15130.28676
173.37500,0.21715,-1402.31567,395694.85389,3385386.56103,1.13970,0.00911,10722029.53770,2000-05-04T14:40:12.351,15103.16052
173.38500,0.30607,-1405.85520,395726.27908,3385404.98807,1.13395,0.00834,10769572.72718,2000-05-05T03:52:30.096,15110.32784
173.39499,0.62727,-1413.19450,395846.53808,3385376.05732,1.14319,0.00858,10744625.65006,2000-05-04T20:56:47.452,15106.24740
173.40499,0.60754,-1413.38617,395840.19467,3385385.49300,1.14686,0.00862,10787773.12752,2000-05-05T08:55:54.212,15114.56942
173.41502,0.06397,-1386.32015,395648.17051,3385395.03868,1.13792,0.00892,10796094.68267,2000-05-05T11:14:40.173,15111.24825
173.42500,0.48524,-1399.40075,395805.65343,3385387.87487,1.13301,0.00900,10789043.14422,2000-05-05T09:17:04.210,15110.54532
173.43499,0.77584,-1412.15171,395925.89794,3385370.58230,1.13354,0.00893,10723609.60134,2000-05-04T15:06:38.422,15097.36399
173.44501,0.36167,-1399.19316,395727.94672,3385399.63122,1.12412,0.00750,10765245.30669,2000-05-05T02:40:28.489,15107.19226
173.45499,0.45496,-1409.50569,395769.05820,3385428.73804,1.13338,0.00877,10803261.63884,2000-05-05T13:14:00.959,15111.97490
173.46499,0.26839,-1394.17730,395715.66990,3385379.82097,1.13270,0.00923,10880591.34202,2000-05-06T10:42:47.691,15122.64190
173.47500,0.38017,-1403.86325,395764.46138,3385376.35712,1.12674,0.00773,10727314.43738,2000-05-04T16:08:14.743,15098.34062
173.48499,0.10018,-1400.02991,395671.03216,3385394.99776,1.12556,0.00866,10873593.63270,2000-05-06T08:46:21.319,15121.38842
173.49499,0.73763,-1415.04801,395919.11036,3385349.54872,1.13433,0.00757,10733072.07373,2000-05-04T17:44:15.369,15103.43880
173.50500,0.41677,-1404.87594,395814.31961,3385369.87783,1.13700,0.00771,10770532.71009,2000-05-05T04:08:35.155,15109.14236
173.51499,0.79377,-1426.99071,395964.67259,3385370.63101,1.13398,0.00840,10756398.74547,2000-05-05T00:12:51.376,15103.88635
173.52498,0.55530,-1427.22861,395821.05382,3385396.75508,1.13628,0.00803,10736520.80669,2000-05-04T18:41:45.119,15104.62502
173.53499,0.24868,-1397.42181,395738.81803,3385361.55955,1.13963,0.00850,10777515.95236,2000-05-05T06:04:53.387,15106.53682
173.54499,0.43219,-1414.64664,395819.51281,3385394.73284,1.13946,0.00820,10738501.00899,2000-05-04T19:14:43.836,15101.00425
173.55500,0.51059,-1413.18890,395851.81248,3385358.55316,1.13807,0.00871,10757136.85870,2000-05-05T00:25:15.293,15101.91463
173.56500,0.44399,-1409.30081,395855.05209,3385382.40770,1.14475,0.00744,10805803.02938,2000-05-05T13:56:28.224,15111.81356
173.57501,0.40178,-1412.89338,395853.10349,3385369.73728,1.14748,0.00873,10817141.74894,2000-05-05T17:05:23.173,15117.83718
173.58501,0.28888,-1403.59541,395851.71247,3385357.12454,1.13858,0.00742,10800451.91700,2000-05-05T12:27:19.906,15114.31436
173.59499,0.13719,-1386.84793,395836.78613,3385346.99509,1.13828,0.00776,10746253.39523,2000-05-04T21:24:02.863,15101.27687
173.60500,1.07579,-1429.90979,396028.66079,3385365.96331,1.13549,0.00874,10797258.19367,2000-05-05T11:33:58.953,15111.38679
173.61500,0.65217,-1414.31209,395845.66220,3385394.71904,1.13457,0.00839,10724778.32089,2000-05-04T15:25:49.147,15097.48942
173.62501,0.54722,-1401.49052,395863.66707,3385362.05263,1.13439,0.00835,10822551.73851,2000-05-05T18:35:27.273,15111.67131
173.63501,0.75491,-1413.72370,395855.18633,3385416.49765,1.12677,0.00785,10760965.16347,2000-05-05T01:29:06.500,15107.54722
173.64499,0.48764,-1405.31633,395778.63551,3385393.19846,1.13033,0.00796,10748273.47738,2000-05-04T21:57:25.768,15105.90954
173.65501,0.71477,-1415.95605,395882.09467,3385378.52309,1.13176,0.00870,10786384.01968,2000-05-05T08:32:35.575,15109.18118
173.66500,0.57852,-1415.56753,395825.29021,3385400.92224,1.13203,0.00843,10844569.96900,2000-05-06T00:42:31.250,15115.66362
173.67500,0.28187,-1409.82321,395702.08654,3385390.68391,1.13611,0.00997,10762508.12745,2000-05-05T01:54:51.377,15105.26129
173.68500,0.74649,-1426.82476,395922.67824,3385364.35637,1.12650,0.00789,10874664.54694,2000-05-06T09:04:09.895,15122.35201
173.69501,0.66044,-1419.26776,395935.14648,3385320.91179,1.12475,0.00798,10724146.17716,2000-05-04T15:15:26.112,15098.78678
173.70501,0.46341,-1410.09222,395795.66037,3385378.94637,1.12914,0.00819,10825264.85141,2000-05-05T19:20:49.896,15113.85775
173.71501,0.51588,-1414.62293,395771.13012,3385401.21800,1.12273,0.00895,10676845.57554,2000-05-04T02:06:59.398,15095.60957
173.72499,0.65429,-1422.79798,395861.20536,3385383.35417,1.12375,0.00788,10793101.19521,2000-05-05T10:24:40.747,15108.36343
173.73500,0.60503,-1421.01388,395878.54438,3385384.01366,1.11698,0.00857,10788327.50393,2000-05-05T09:05:07.437,15108.52771
173.74498,0.51369,-1411.16204,395818.40165,3385352.06849,1.12114,0.00782,10806304.41700,2000-05-05T14:04:32.885,15110.26435
173.75501,0.31153,-1405.07209,395753.84843,3385359.78677,1.12478,0.00920,10785842.77596,2000-05-05T08:23:43.614,15109.48762
173.76501,0.52091,-1419.94397,395949.21847,3385437.49063,1.12550,0.00802,10593328.05226,2000-05-03T02:55:08.137,15081.91285
173.77499,0.54612,-1409.92655,395925.63192,3385409.64026,1.12865,0.00762,10629036.32101,2000-05-03T12:50:11.820,15084.82933
173.78500,0.37577,-1403.16351,395823.92384,3385385.66151,1.12398,0.00890,10779216.21516,2000-05-05T06:33:22.736,15109.53018
173.79500,0.68749,-1415.59143,395955.37686,3385380.82742,1.12356,0.00829,10758547.09250,2000-05-05T00:48:42.388,15106.16383
173.80499,0.77670,-1418.23597,395936.29497,3385404.93600,1.12611,0.00920,10705624.10452,2000-05-04T10:06:45.328,15094.56197
173.81499,0.42912,-1405.90240,395816.77842,3385393.74318,1.12332,0.01045,10840877.87005,2000-05-05T23:40:57.966,15118.92988
173.82500,0.38145,-1399.90381,395776.02910,3385414.84368,1.12393,0.00965,10794056.74776,2000-05-05T10:40:33.837,15110.98138
173.83500,0.34001,-1399.34625,395755.40185,3385437.11558,1.12282,0.01192,10756604.58970,2000-05-05T00:16:26.023,15109.35188
173.84501,0.75942,-1410.79712,395940.28312,3385368.04999,1.12756,0.01209,10693612.12433,2000-05-04T06:46:28.445,15094.82407
173.85501,0.61260,-1406.64272,395887.66207,3385406.09703,1.11934,0.01125,10759266.83554,2000-05-05T01:00:45.985,15105.89610
173.86500,0.26182,-1394.38133,395715.14877,3385437.39999,1.11974,0.00944,10724524.11084,2000-05-04T15:21:46.901,15097.28921
173.87500,0.47699,-1392.42179,395813.93475,3385404.89409,1.12706,0.01059,10701048.01798,2000-05-04T08:50:28.923,15097.98475
173.88502,0.39852,-1386.77003,395788.56873,3385393.48975,1.12024,0.00802,10721694.04598,2000-05-04T14:34:37.259,15099.13791
173.89500,0.42914,-1384.85935,395766.11308,3385423.38473,1.12322,0.00807,10719431.65332,2000-05-04T13:56:54.790,15096.86659
173.90500,0.46565,-1384.74421,395765.95256,3385456.33350,1.12286,0.00832,10814950.78929,2000-05-05T16:28:53.633,15114.32550
173.91500,0.70016,-1395.33794,395912.55863,3385393.54406,1.11875,0.00860,10627218.51674,2000-05-03T12:19:54.080,15087.97105
173.92500,0.61199,-1390.51978,395863.59674,3385410.03568,1.13267,0.00767,10774613.64651,2000-05-05T05:16:34.027,15106.53460
173.93500,0.36371,-1387.83045,395763.17210,3385417.35463,1.12461,0.00862,10751660.38920,2000-05-04T22:53:59.054,15106.41222
173.94500,0.13174,-1371.88212,395659.75153,3385437.68223,1.12622,0.00848,10767806.14726,2000-05-05T03:23:21.995,15103.34274
173.95501,0.64028,-1391.58844,395888.56336,3385371.55437,1.12416,0.01297,10768233.49161,2000-05-05T03:30:16.797,15104.69480
173.96499,0.49675,-1390.91725,395788.08622,3385443.14699,1.12288,0.01721,10750825.60025,2000-05-04T22:40:10.204,15102.92038
173.97499,0.70753,-1403.28796,395964.26946,3385357.34734,1.12825,0.01561,10723771.59765,2000-05-04T15:09:14.237,15099.70557
173.98500,0.40215,-1397.24329,395781.11814,3385404.78329,1.12768,0.01560,10790244.95061,2000-05-05T09:37:09.701,15109.90837
173.99501,0.63117,-1405.82821,395881.04773,3385383.65134,1.12627,0.01493,10682638.55064,2000-05-04T03:43:33.538,15092.65530
174.00499,0.32216,-1390.54222,395783.86971,3385401.91014,1.12199,0.01539,10748377.55325,2000-05-04T21:59:25.002,15103.56712
174.01499,0.36777,-1388.62481,395769.66444,3385425.38581,1.13091,0.01612,10879787.42731,2000-05-06T10:29:33.027,15122.41943
174.02500,0.34983,-1381.42632,395766.27998,3385386.57494,1.12711,0.01655,10701552.04561,2000-05-04T08:58:56.122,15094.17983
174.03500,0.35177,-1386.84780,395766.34671,3385402.86770,1.13010,0.01506,10845885.49260,2000-05-06T01:04:19.190,15119.78224
174.04499,0.75527,-1402.63793,395987.47840,3385363.46899,1.13147,0.01183,10808560.40553,2000-05-05T14:42:26.382,15108.48286
174.05499,0.16558,-1383.63655,395741.92713,3385374.09395,1.13177,0.01253,10780709.23393,2000-05-05T06:58:17.564,15105.21815
174.06499,0.49018,-1408.77877,395922.12309,3385352.07055,1.12335,0.01417,10820844.11551,2000-05-05T18:07:09.271,15114.39742
174.07500,0.45492,-1406.53121,396014.82126,3385339.83762,1.13233,0.01452,10671072.79882,2000-05-04T00:31:09.071,15093.26920
174.08498,0.30214,-1402.75152,395832.19244,3385337.67844,1.13296,0.01437,10798043.46479,2000-05-05T11:47:10.135,15110.07354
174.09499,0.38643,-1410.03882,395852.76657,3385341.27970,1.13085,0.01306,10922673.03913,2000-05-06T22:24:17.330,15125.56457
174.10500,0.11144,-1404.00620,395726.64188,3385382.89482,1.12335,0.01513,10763125.05503,2000-05-05T02:05:00.319,15107.99684
174.11500,0.80209,-1434.19845,395987.19202,3385344.05269,1.12318,0.01407,10711602.80082,2000-05-04T11:46:19.096,15097.51373
174.12500,0.96510,-1441.81371,396089.71344,3385318.48894,1.12079,0.01378,10760063.83324,2000-05-05T01:13:55.830,15107.44798
174.13500,0.59023,-1437.51275,395933.77026,3385351.59184,1.12034,0.01217,10734187.24958,2000-05-04T18:02:45.335,15098.24317
174.14497,0.33460,-1421.14500,395858.23109,3385319.19682,1.12115,0.01257,10811548.50843,2000-05-05T15:32:14.825,15111.35975
174.15500,0.50079,-1433.88747,395876.66122,3385356.69282,1.11605,0.01021,10593716.42807,2000-05-03T03:01:36.429,15081.98414
174.16501,0.62496,-1439.58418,395935.73183,3385342.90866,1.11267,0.00950,10750837.01813,2000-05-04T22:40:14.251,15105.11931
174.17501,0.53237,-1434.58251,395940.58217,3385322.20402,1.11015,0.00995,10682769.11812,2000-05-04T03:45:39.088,15094.68455
174.18501,0.27169,-1423.91526,395790.97397,3385355.04286,1.10656,0.01021,10731899.33994,2000-05-04T17:24:39.213,15103.55085
174.19500,0.76390,-1448.74273,396013.28342,3385335.80279,1.11638,0.01001,10688512.04935,2000-05-04T05:21:27.474,15094.49948
174.20500,0.42205,-1436.57428,395894.55444,3385331.16606,1.11718,0.01019,10839347.18937,2000-05-05T23:15:33.441,15113.37482
174.21501,0.78732,-1457.72112,396025.40986,3385313.51040,1.12007,0.00996,10696563.36602,2000-05-04T07:35:37.788,15097.12450
174.22500,0.51782,-1451.15066,395894.75818,3385331.46665,1.12226,0.00985,10772332.40871,2000-05-05T04:38:35.085,15105.68710
174.23500,0.85840,-1464.30914,396087.47294,3385287.16965,1.11783,0.00983,10724995.37376,2000-05-04T15:29:41.863,15101.69009
174.24500,0.50485,-1452.50975,395892.65173,3385340.23962,1.10715,0.01044,10661193.97361,2000-05-03T21:46:17.118,15087.13523
174.25500,0.45050,-1445.75805,395900.07262,3385307.25118,1.10727,0.01047,10725287.46378,2000-05-04T15:34:26.357,15100.88310
174.26502,0.75737,-1454.68924,396031.83434,3385328.06144,1.11550,0.01165,10754575.53750,2000-05-04T23:42:29.937,15105.48682
174.27498,0.75903,-1451.08724,396001.20016,3385323.90319,1.11538,0.00964,10708429.91873,2000-05-04T10:53:27.475,15097.41262
174.28501,0.74282,-1453.27981,396005.52893,3385321.13641,1.11772,0.01066,10681828.68755,2000-05-04T03:30:14.524,15096.68070
174.29501,0.73420,-1453.43936,396034.95214,3385325.07106,1.11708,0.01044,10777640.29801,2000-05-05T06:07:10.199,15106.65482
174.30498,0.69649,-1455.49919,395998.17601,3385324.29977,1.11808,0.00949,10825723.99291,2000-05-05T19:28:28.404,15112.77162
174.31498,0.84312,-1460.57451,396056.89453,3385313.01834,1.10820,0.00974,10754538.30302,2000-05-04T23:42:07.864,15104.14714
174.32499,0.74665,-1459.76118,396018.27380,3385317.24717,1.11331,0.01181,10644125.62587,2000-05-03T17:01:47.519,15088.51013
174.33499,0.54816,-1448.46366,395914.00642,3385309.37968,1.11091,0.01053,10612017.03312,2000-05-03T08:06:40.621,15081.40924
174.34499,0.28673,-1442.76655,395865.03560,3385306.38977,1.11972,0.01110,10777507.08406,2000-05-05T06:04:52.196,15109.12451
174.35500,0.65671,-1463.63693,395981.64397,3385327.69829,1.11961,0.01078,10772590.33219,2000-05-05T04:42:59.351,15106.65037
174.36500,0.51490,-1451.87876,395948.87216,3385300.56778,1.12298,0.01086,10804000.09818,2000-05-05T13:26:18.994,15111.40503
174.37501,0.98238,-1476.33879,396089.97538,3385328.89919,1.12046,0.01106,10643742.27828,2000-05-03T16:55:30.019,15090.68677
174.38500,0.70222,-1458.06316,396000.07832,3385298.05242,1.11686,0.01067,10751430.32843,2000-05-04T22:50:08.328,15100.97436
174.39497,0.78870,-1462.64379,396042.61781,3385283.72861,1.11849,0.01184,10777455.71744,2000-05-05T06:03:56.207,15109.56207
174.40501,0.70858,-1464.38908,396015.61473,3385282.19632,1.12028,0.01127,10733758.49460,2000-05-04T17:55:35.757,15098.99297
174.41502,0.61607,-1461.46682,395993.77625,3385315.52245,1.11970,0.01048,10652967.71420,2000-05-03T19:29:08.047,15088.67696
174.42500,0.36270,-1447.96023,395858.13881,3385307.92174,1.12084,0.01070,10745842.31890,2000-05-04T21:17:01.242,15105.53489
174.43499,0.72322,-1462.44428,396006.75992,3385308.06146,1.11911,0.01157,10798932.50754,2000-05-05T12:01:55.236,15109.37754
174.44499,0.41495,-1446.67525,395867.79864,3385321.54932,1.11738,0.01131,10801321.33905,2000-05-05T12:41:41.456,15108.29127
174.45501,0.46648,-1448.90946,395882.30406,3385310.96643,1.11303,0.01110,10780177.11998,2000-05-05T06:49:14.708,15108.66665
174.46498,0.68525,-1451.99730,395981.23038,3385326.80483,1.11177,0.01133,10892458.66543,2000-05-06T14:00:38.847,15122.10373
174.47501,0.50773,-1442.12720,395896.71923,3385309.19325,1.12205,0.01105,10780658.27562,2000-05-05T06:57:21.276,15111.67646
174.48499,0.53653,-1438.61399,395909.60865,3385325.68227,1.12278,0.01256,10772363.71906,2000-05-05T04:39:04.599,15104.51808
174.49499,0.52077,-1440.21566,395932.55294,3385296.31102,1.12380,0.01291,10779880.60101,2000-05-05T06:44:23.392,15108.04424
174.50502,0.54034,-1438.66583,395922.99011,3385326.39777,1.12206,0.01316,10747154.21021,2000-05-04T21:39:03.382,15104.05610
174.51500,0.74230,-1443.57442,395958.87798,3385326.39573,1.12043,0.01480,10787677.24919,2000-05-05T08:54:15.560,15110.00972
174.52497,0.51825,-1438.95213,395911.46575,3385332.66036,1.11659,0.01522,10766944.74093,2000-05-05T03:08:47.412,15102.56266
174.53499,0.68138,-1440.67420,396024.83036,3385293.98194,1.11697,0.01577,10793072.97361,2000-05-05T10:24:10.266,15108.85210
174.54499,0.29003,-1424.02394,395787.61848,3385339.36022,1.11335,0.01645,10763200.49052,2000-05-05T02:06:30.101,15107.34145
174.55499,0.75773,-1447.85337,396012.53906,3385320.05926,1.11890,0.01554,10790500.37789,2000-05-05T09:41:14.221,15106.09598
174.56499,0.44251,-1427.24579,395840.32274,3385337.31507,1.11219,0.01497,10783770.37921,2000-05-05T07:49:07.151,15111.85320
174.57502,0.44169,-1424.90789,395846.97638,3385351.60263,1.12066,0.01297,10778094.50225,2000-05-05T06:14:34.297,15110.49647
174.58501,0.64927,-1438.79201,395929.93997,3385346.67689,1.11358,0.01297,10811856.78891,2000-05-05T15:37:16.161,15108.15956
174.59499,0.51571,-1431.48661,395880.82769,3385336.21662,1.10926,0.01529,10732412.37790,2000-05-04T17:33:07.140,15100.22859
174.60500,-0.15983,-1402.27055,395580.77206,3385382.36683,1.10876,0.01549,10692270.67468,2000-05-04T06:24:14.654,15095.66951
174.61498,0.82259,-1447.76964,395997.94698,3385350.67352,1.11129,0.01440,10746817.33109,2000-05-04T21:33:14.865,15104.15450
174.62500,0.46245,-1431.60469,395850.76232,3385343.37833,1.11132,0.01567,10797573.29992,2000-05-05T11:39:15.975,15109.38018
174.63499,0.12538,-1425.43312,395688.67021,3385373.31728,1.11252,0.01478,10785703.74695,2000-05-05T08:21:31.603,15111.13065
174.64498,0.44768,-1439.18596,395859.14166,3385352.60169,1.10968,0.01532,10758447.04681,2000-05-05T00:47:23.691,15102.02483
174.65499,0.51814,-1445.71301,395871.50278,3385352.94042,1.10854,0.01585,10739888.92829,2000-05-04T19:37:55.128,15100.47910
174.66500,0.41224,-1437.40769,395800.92429,3385369.18836,1.11595,0.01426,10707553.30173,2000-05-04T10:38:59.648,15100.73260
174.67500,0.66246,-1440.26579,395900.38067,3385352.28918,1.11133,0.01343,10893181.09687,2000-05-06T14:12:49.419,15123.88484
174.68501,0.46900,-1434.53974,395829.36534,3385367.97216,1.11334,0.01255,10648715.43021,2000-05-03T18:18:26.186,15086.27784
174.69500,0.49378,-1428.83820,395810.30230,3385389.08858,1.11034,0.01220,10751966.65403,2000-05-04T22:59:11.533,15106.33796
174.70500,0.25973,-1412.45154,395756.55181,3385348.65991,1.11509,0.01257,10794964.25982,2000-05-05T10:55:44.169,15107.99860
174.71500,0.48397,-1433.22156,395813.35043,3385383.54110,1.10688,0.01654,10806978.43386,2000-05-05T14:15:58.534,15113.66859
174.72501,0.32523,-1424.14865,395809.72157,3385324.54567,1.10613,0.01426,10841527.93072,2000-05-05T23:51:54.134,15118.69745
174.73499,0.36082,-1436.04048,395815.80165,3385358.98784,1.10873,0.01302,10731132.60758,2000-05-04T17:11:56.024,15100.52203
174.74499,0.60282,-1443.70458,395958.37004,3385281.20238,1.10993,0.01060,10763372.09852,2000-05-05T02:09:10.309,15103.68555
174.75501,0.37564,-1441.06964,395821.63112,3385348.17423,1.11194,0.01003,10682767.60080,2000-05-04T03:45:54.562,15095.06050
174.76502,0.45841,-1440.36455,395851.55807,3385344.45994,1.12093,0.01027,10716568.02946,2000-05-04T13:09:17.913,15100.47515
174.77497,0.48772,-1444.65365,395884.84236,3385314.58635,1.11079,0.01043,10661949.03496,2000-05-03T21:58:55.850,15091.40073
174.78500,0.87776,-1460.23856,396071.39405,3385275.87910,1.11186,0.01090,10736678.64551,2000-05-04T18:44:34.494,15102.96875
174.79500,0.54041,-1450.93975,395907.92943,3385332.32775,1.11414,0.00878,10725895.85220,2000-05-04T15:44:41.494,15099.44802
174.80498,0.32716,-1435.84276,395821.00189,3385316.18334,1.11250,0.01076,10687308.24408,2000-05-04T05:01:38.031,15094.71653
174.81501,0.43690,-1444.25219,395842.45085,3385339.49427,1.12016,0.01092,10654673.81029,2000-05-03T19:57:44.972,15089.69996
174.82500,0.05905,-1426.06409,395692.38533,3385354.94234,1.10909,0.01003,10653149.45106,2000-05-03T19:32:15.908,15089.33670
174.83498,0.45813,-1445.00055,395867.50370,3385341.71289,1.11235,0.00981,10774750.40945,2000-05-05T05:18:55.792,15109.36981
174.84500,0.66833,-1458.80704,395961.23002,3385323.23500,1.11302,0.01020,10774436.09336,2000-05-05T05:13:42.895,15106.14161
174.85501,0.29118,-1436.12137,395799.41847,3385353.80731,1.11243,0.00983,10664735.25719,2000-05-03T22:45:23.161,15089.58293
174.86501,0.56777,-1450.60568,395906.02959,3385325.54842,1.11407,0.00929,10684819.28848,2000-05-04T04:20:15.716,15094.95289
174.87500,0.44881,-1444.31569,395865.03575,3385346.16341,1.11501,0.01055,10769603.21480,2000-05-05T03:53:05.520,15105.03868
174.88502,0.48338,-1444.28449,395894.26704,3385317.85562,1.10801,0.01081,10829377.14468,2000-05-05T20:29:35.123,15114.31305
174.89500,0.47409,-1449.51254,395865.35826,3385364.77208,1.11363,0.00846,10594747.72282,2000-05-03T03:18:46.416,15082.53052
174.90499,0.59390,-1453.23364,395941.16485,3385331.31832,1.11536,0.00893,10719158.74337,2000-05-04T13:52:32.032,15101.75725
174.91500,0.67480,-1452.70887,395968.10739,3385329.90099,1.11199,0.00873,10747504.01357,2000-05-04T21:44:56.622,15102.95225
174.92502,0.27084,-1441.90680,395823.58486,3385327.35888,1.11557,0.00928,10724138.50158,2000-05-04T15:15:31.248,15101.07474
174.93501,0.37476,-1446.48654,395848.51065,3385364.45197,1.11288,0.00855,10826059.37299,2000-05-05T19:34:10.581,15111.48896
174.94501,0.58717,-1452.33748,395928.81052,3385338.35546,1.11369,0.00851,10615200.67812,2000-05-03T08:59:51.254,15086.54275
174.95500,0.73760,-1456.40713,395987.18778,3385338.41335,1.11107,0.00752,10669923.30338,2000-05-04T00:11:51.934,15090.82695
174.96500,0.60061,-1452.13532,395921.92305,3385354.83474,1.11437,0.00894,10643077.28698,2000-05-03T16:44:35.849,15087.92339
174.97501,0.49872,-1450.02734,395884.01471,3385341.74480,1.10821,0.00738,10663547.30601,2000-05-03T22:25:30.086,15093.16746
174.98499,0.39151,-1447.09317,395910.83676,3385305.28626,1.11568,0.00944,10676582.78757,2000-05-04T02:02:57.481,15093.53258
174.99500,0.33679,-1452.03318,395845.51654,3385336.50536,1.11266,0.01341,10553752.17709,2000-05-02T15:55:45.797,15075.93436
175.00501,0.50577,-1459.42170,395956.90516,3385304.73004,1.11509,0.01069,10667848.91743,2000-05-03T23:37:22.164,15095.04616
175.01501,0.36964,-1454.99257,395921.27401,3385344.10996,1.11739,0.01058,10781774.75983,2000-05-05T07:16:05.071,15108.58958
175.02497,0.31063,-1447.98921,395922.84897,3385301.14071,1.11999,0.01127,10728073.96671,2000-05-04T16:21:20.973,15100.20391
175.03500,0.53967,-1468.32124,395900.26341,3385310.86085,1.11399,0.00804,10652596.30276,2000-05-03T19:23:02.462,15092.20502
175.04499,0.40320,-1466.23076,395888.40862,3385295.99848,1.11787,0.00845,10630606.99328,2000-05-03T13:16:30.277,15090.22583
175.05499,0.63011,-1471.12580,395945.20458,3385308.24050,1.11586,0.00769,10774120.56773,2000-05-05T05:08:27.268,15109.27822
175.06500,0.73337,-1473.94589,396015.67804,3385277.28920,1.11759,0.00858,10652128.37579,2000-05-03T19:15:16.165,15086.63720
175.07499,0.42823,-1472.57623,395859.59532,3385319.36527,1.11154,0.00803,10719343.96799,2000-05-04T13:55:29.367,15096.63805
175.08500,0.53420,-1474.72135,395904.67598,3385299.21927,1.11313,0.00742,10678580.79575,2000-05-04T02:36:04.903,15095.99617
175.09499,0.59386,-1482.32135,395907.64188,3385316.36473,1.11398,0.00821,10739894.66120,2000-05-04T19:38:05.506,15100.59798
175.10499,0.32162,-1472.13786,395808.45190,3385322.66160,1.11401,0.00732,10753899.32334,2000-05-04T23:31:28.353,15105.41094
175.11498,0.66672,-1494.08866,395996.70946,3385294.17485,1.11406,0.00891,10684514.42451,2000-05-04T04:15:07.216,15093.97950
175.12500,0.72786,-1492.74292,396007.74710,3385306.98252,1.11500,0.00785,10750094.61027,2000-05-04T22:28:09.320,15102.04586
175.13501,0.18527,-1468.83357,395765.29377,3385306.50818,1.12073,0.00873,10775057.41111,2000-05-05T05:24:06.757,15107.34523
175.14500,0.81568,-1493.88410,396010.92345,3385308.29218,1.12116,0.00710,10785883.84064,2000-05-05T08:24:37.319,15106.78437
175.15500,0.66878,-1479.49125,395962.35110,3385300.53333,1.12169,0.00847,10822843.82048,2000-05-05T18:40:39.658,15111.74816
175.16500,0.40656,-1471.83728,395842.71913,3385332.16453,1.11549,0.00709,10730702.68521,2000-05-04T17:04:54.563,15098.05611
175.17500,0.35760,-1477.71062,395793.60219,3385335.35977,1.11247,0.00873,10918779.14378,2000-05-06T21:19:31.783,15129.69599
175.18500,0.42474,-1482.66624,395870.34514,3385333.16246,1.11728,0.00879,10828745.97801,2000-05-05T20:19:10.340,15113.90589
175.19502,0.93874,-1502.83452,396087.99115,3385275.17083,1.11684,0.00805,10749401.43079,2000-05-04T22:16:36.963,15104.80052
175.20500,0.32813,-1486.21310,395829.65078,3385325.42362,1.11584,0.00820,10750814.96721,2000-05-04T22:40:08.398,15102.70585
175.21500,0.38332,-1484.09780,395889.48614,3385293.84822,1.11600,0.00978,10817778.10810,2000-05-05T17:16:13.923,15115.66751
175.22500,0.22861,-1480.43863,395774.06018,3385332.03310,1.10985,0.00999,10761407.87665,2000-05-05T01:36:44.996,15106.09456
175.23500,0.66113,-1500.18108,395961.50221,3385314.76158,1.11015,0.00940,10716999.38042,2000-05-04T13:16:36.484,15099.06418
175.24500,0.56317,-1494.49111,395947.89451,3385275.67140,1.11642,0.00781,10831286.39433,2000-05-05T21:01:21.708,15117.91173
175.25501,0.82489,-1512.15082,396052.48156,3385296.47626,1.11035,0.00821,10684542.76995,2000-05-04T04:15:39.942,15089.75030
175.26501,0.43204,-1489.17241,395892.87934,3385277.07273,1.11422,0.00817,10824932.95572,2000-05-05T19:15:33.489,15112.99528
175.27499,0.79359,-1506.37024,396026.91730,3385304.59664,1.11266,0.00795,10783412.19528,2000-05-05T07:43:30.218,15110.43857
175.28502,0.10564,-1484.09393,395754.80739,3385314.82746,1.10615,0.00797,10831881.54726,2000-05-05T21:11:13.298,15116.67184
175.29501,0.43821,-1495.63981,395902.78482,3385306.09399,1.11401,0.00869,10837169.26339,2000-05-05T22:39:26.959,15121.04264
175.30499,0.44637,-1499.22048,395893.84676,3385293.78189,1.11717,0.00838,10789849.77462,2000-05-05T09:30:47.732,15108.81945
175.31498,0.52452,-1502.60607,395901.46287,3385308.87539,1.11234,0.00885,10779852.31282,2000-05-05T06:44:15.571,15106.49103
175.32499,0.30750,-1495.33277,395862.08270,3385293.98808,1.11306,0.00778,10781614.41884,2000-05-05T07:13:22.779,15107.52484
175.33500,0.76710,-1508.56029,396008.19437,3385279.24983,1.11163,0.00877,10722667.41158,2000-05-04T14:50:56.707,15098.58148
175.34502,0.54161,-1501.62245,395928.45617,3385306.15546,1.11206,0.01001,10821565.43462,2000-05-05T18:19:19.973,15114.90728
175.35500,0.45600,-1498.74383,395889.76677,3385287.92751,1.10962,0.01107,10735451.39138,2000-05-04T18:24:08.187,15100.86540
175.36500,0.19599,-1485.89975,395786.61770,3385305.47290,1.11172,0.01069,10807509.96958,2000-05-05T14:25:08.770,15110.76854
175.37500,0.82552,-1514.36227,396030.32063,3385347.66475,1.11510,0.00991,10995323.26031,2000-05-07T18:35:04.922,15136.67562
175.38501,0.10075,-1482.23051,395749.11003,3385329.83746,1.10677,0.01003,10890448.40137,2000-05-06T13:27:16.127,15127.81080
175.39500,0.24385,-1490.95972,395770.85403,3385370.96416,1.11310,0.01038,10806981.12214,2000-05-05T14:16:05.092,15112.75905
175.40501,0.42353,-1490.11357,395859.79221,3385326.92426,1.10896,0.01053,10800062.20589,2000-05-05T12:20:56.682,15109.50632
175.41500,0.51090,-1493.53568,395871.10760,3385353.45849,1.11214,0.01022,10748979.36034,2000-05-04T22:09:27.645,15101.89425
175.42500,0.38161,-1481.94601,395832.95309,3385332.04811,1.11172,0.01153,10839006.62350,2000-05-05T23:09:56.256,15118.82898
175.43500,0.20303,-1469.86848,395752.03922,3385336.74634,1.11485,0.01020,10782703.86490,2000-05-05T07:31:30.552,15107.76933
175.44501,0.25685,-1473.67007,395795.09173,3385324.52639,1.11673,0.01052,10787190.34387,2000-05-05T08:46:25.528,15105.68864
175.45501,0.49377,-1491.58673,395905.46360,3385323.78022,1.11599,0.01033,10640534.10316,2000-05-03T16:02:03.072,15084.56902
175.46500,0.35764,-1479.12180,395806.71249,3385346.23673,1.10668,0.01042,10815626.46245,2000-05-05T16:40:18.614,15116.65362
175.47501,0.55969,-1490.65108,395942.61943,3385302.09128,1.11305,0.01052,10701638.09234,2000-05-04T09:00:29.479,15099.63358
175.48500,-0.18285,-1458.60362,395693.68811,3385307.15677,1.11614,0.01023,10651460.33107,2000-05-03T19:04:06.331,15090.44278
175.49500,0.23929,-1477.44955,395867.20703,3385338.34227,1.12061,0.01077,10852276.45281,2000-05-06T02:51:09.535,15118.92887
175.50499,0.25600,-1474.88994,395900.12705,3385335.18375,1.11781,0.00966,10799068.53845,2000-05-05T12:04:24.354,15113.01655
175.51500,0.53611,-1487.21263,395880.71743,3385317.50746,1.11424,0.01098,10765180.79011,2000-05-05T02:39:29.434,15106.91559
175.52499,0.56792,-1487.86180,395856.92110,3385346.70203,1.11711,0.01259,10843225.41658,2000-05-06T00:20:09.121,15122.29845
175.53500,0.42924,-1483.25845,395813.60865,3385347.96153,1.12008,0.01367,10839441.33809,2000-05-05T23:17:03.249,15115.59561
175.54500,0.26283,-1476.27674,395739.61189,3385369.02077,1.12151,0.01603,10684679.50093,2000-05-04T04:17:46.193,15091.67491
175.55499,0.63914,-1494.95498,395903.30409,3385345.35434,1.11931,0.01554,10829325.98304,2000-05-05T20:28:31.246,15116.95673
175.56498,0.99182,-1508.18287,396041.78732,3385331.43209,1.11890,0.01572,10868977.94650,2000-05-06T07:29:23.665,15121.84720
175.57499,0.38729,-1487.61573,395821.60066,3385345.53447,1.11915,0.01593,10678294.86234,2000-05-04T02:31:20.178,15094.19026
175.58499,0.27862,-1483.61397,395896.54061,3385358.50592,1.12122,0.01652,10969080.49422,2000-05-07T11:17:42.263,15136.19189
175.59499,0.24191,-1480.16921,395795.93778,3385387.41397,1.12350,0.01566,10920575.94047,2000-05-06T21:49:16.101,15130.12193
175.60500,0.47650,-1494.62739,395921.67281,3385334.61593,1.12563,0.01675,10843466.33120,2000-05-06T00:24:03.211,15117.71511
175.61500,0.88989,-1518.63298,396133.88250,3385310.10046,1.12326,0.01529,10892639.71605,2000-05-06T14:03:38.816,15126.74026
175.62499,0.74965,-1508.74452,396038.21486,3385324.08830,1.12489,0.01507,10857848.98094,2000-05-06T04:23:51.051,15122.20997
175.63500,0.91262,-1510.55036,396080.53816,3385314.43293,1.12306,0.01500,10863724.50226,2000-05-06T06:01:46.939,15116.84351
175.64500,0.61760,-1500.34866,395986.05315,3385323.83640,1.11808,0.01540,10871483.01047,2000-05-06T08:11:04.434,15120.49112
175.65501,0.32009,-1487.18636,395856.67799,3385397.25959,1.11685,0.01534,11110426.07889,2000-05-09T02:33:19.658,15157.36573
175.66499,0.38901,-1490.02914,395887.76059,3385396.02848,1.12488,0.01507,10981500.01414,2000-05-07T14:44:43.893,15136.71358
175.67501,0.37090,-1487.50906,395842.18022,3385371.58324,1.11811,0.01516,10976521.59471,2000-05-07T13:21:52.288,15139.13176
175.68500,0.44811,-1491.27783,395870.04117,3385376.83318,1.11814,0.01573,11015962.09410,2000-05-08T00:19:00.441,15144.36914
175.69500,0.38047,-1479.95262,395864.07119,3385341.94386,1.11923,0.01583,10861328.73155,2000-05-06T05:21:47.132,15117.36213
175.70500,1.00032,-1516.05472,396125.78174,3385361.43808,1.12256,0.01774,10868113.48097,2000-05-06T07:14:49.919,15120.84305
175.71502,0.49484,-1488.87391,395910.54521,3385364.60392,1.12187,0.01239,11017129.68264,2000-05-08T00:38:39.998,15146.67794
175.72501,0.59329,-1504.42401,395905.91261,3385395.25847,1.12115,0.01198,10943084.22825,2000-05-07T04:04:21.415,15133.81189
175.73499,0.59541,-1499.79788,395935.58542,3385394.58268,1.12526,0.01160,10936821.02940,2000-05-07T02:20:13.377,15128.50251
175.74499,0.23318,-1478.46648,395910.40957,3385435.07795,1.13349,0.01318,11135003.84510,2000-05-09T09:22:58.987,15162.63813
175.75500,0.88152,-1505.11391,396102.88777,3385348.71987,1.13459,0.01451,11003612.69398,2000-05-07T20:53:16.083,15148.44893
175.76498,0.31789,-1478.35228,395791.65166,3385381.62529,1.13338,0.01480,10995197.07586,2000-05-07T18:32:53.247,15145.06275
175.77499,0.31177,-1475.86322,395808.44795,3385375.40514,1.13398,0.01270,11000771.22733,2000-05-07T20:05:57.248,15144.02267
175.78500,0.51109,-1483.96611,395859.28329,3385374.93147,1.13211,0.01203,10949560.07512,2000-05-07T05:52:21.370,15139.10329
175.79502,0.37337,-1485.78527,395851.33859,3385361.47334,1.12912,0.01233,10973322.25563,2000-05-07T12:28:22.301,15145.70145
175.80499,0.71721,-1494.42412,395979.89620,3385346.11448,1.13350,0.01143,10982233.62506,2000-05-07T14:57:03.422,15145.41665
175.81499,0.58417,-1491.38082,395841.06299,3385393.85781,1.12500,0.01236,10970225.78886,2000-05-07T11:36:49.956,15140.05181
175.82499,0.25835,-1479.69498,395787.39476,3385349.04544,1.12357,0.01099,10849554.63301,2000-05-06T02:05:36.301,15124.71943
175.83498,0.47487,-1487.29864,395838.84677,3385367.61633,1.13099,0.01088,10862931.57936,2000-05-06T05:48:38.244,15123.50759
175.84500,0.62147,-1499.95713,395905.06969,3385365.89433,1.13212,0.00909,10878936.31302,2000-05-06T10:15:19.960,15132.18022
175.85500,0.41608,-1490.95581,395787.60780,3385379.39651,1.12581,0.01070,10802349.99498,2000-05-05T12:58:56.376,15115.92419
175.86497,0.43458,-1490.59712,395870.09645,3385333.36935,1.13469,0.01078,10997361.30344,2000-05-07T19:09:10.226,15148.82280
175.87499,0.49900,-1499.79181,395914.39309,3385323.65622,1.13506,0.01214,10945408.15689,2000-05-07T04:43:11.305,15138.75596
175.88500,0.58974,-1505.14342,395928.10910,3385330.26216,1.12636,0.01985,10952597.26297,2000-05-07T06:43:03.042,15141.84739
175.89500,0.19363,-1489.98109,395762.22951,3385340.27444,1.13366,0.01610,10825672.40509,2000-05-05T19:27:37.107,15119.64413
175.90499,0.73562,-1518.82782,395994.04328,3385325.81492,1.13545,0.01683,11001780.46215,2000-05-07T20:22:46.090,15149.32473
175.91502,0.45685,-1513.74942,395870.66740,3385312.27302,1.12903,0.01982,10715032.07091,2000-05-04T12:43:38.726,15102.06763
175.92501,0.62269,-1518.29400,395935.99264,3385325.76448,1.12946,0.01728,10909650.43286,2000-05-06T18:47:19.219,15133.94931
175.93500,0.48460,-1509.93994,395865.89178,3385323.02190,1.12211,0.01753,10900034.86621,2000-05-06T16:07:05.230,15133.79182
175.94502,0.65179,-1519.61421,395950.73809,3385337.14070,1.12385,0.01793,10978845.47590,2000-05-07T14:00:37.641,15141.53217
175.95500,0.52628,-1509.69116,395880.18709,3385328.28275,1.12712,0.01905,10915151.40301,2000-05-06T20:18:53.230,15140.93045
175.96501,0.18482,-1503.67034,395746.09136,3385351.87094,1.12404,0.01919,11019845.92299,2000-05-08T01:23:54.687,15149.34732
175.97502,0.78723,-1528.54441,396006.03491,3385330.74919,1.12425,0.01722,10917383.97278,2000-05-06T20:56:14.251,15135.25860
175.98500,-0.05785,-1494.04789,395638.83568,3385358.47432,1.12339,0.01347,10945741.76159,2000-05-07T04:48:43.025,15142.03144
175.99499,0.62714,-1519.73578,395936.53558,3385307.13917,1.12364,0.01157,10860735.08333,2000-05-06T05:11:57.411,15125.88866
176.00502,0.78560,-1534.40163,395992.61278,3385310.43310,1.12848,0.01107,11042625.50983,2000-05-08T07:43:33.177,15151.89924
176.01499,0.39522,-1515.58190,395816.62043,3385325.42773,1.12885,0.01052,10967799.89324,2000-05-07T10:56:16.758,15143.89961
176.02499,0.43682,-1517.78242,395885.98282,3385305.89066,1.12839,0.01048,10939024.46353,2000-05-07T02:56:43.564,15141.05052
176.03501,0.53471,-1525.89171,395918.77461,3385325.14071,1.12942,0.01014,10949356.53284,2000-05-07T05:48:55.811,15138.35042
176.04501,0.65925,-1523.69836,395963.97199,3385309.93822,1.13476,0.00923,11035358.16005,2000-05-08T05:42:20.881,15152.58373
176.05498,0.46493,-1517.94722,395877.09039,3385338.01061,1.13038,0.01028,10939744.18198,2000-05-07T03:08:24.101,15141.23118
176.06500,0.44587,-1514.60399,395855.48303,3385352.22509,1.12701,0.00937,11126890.88681,2000-05-09T07:07:40.068,15163.82771
176.07499,0.42179,-1519.44863,395848.96770,3385349.86833,1.12899,0.01009,11074830.10136,2000-05-08T16:40:03.390,15157.95058
176.08499,0.40160,-1512.03078,395852.02591,3385312.33625,1.12961,0.00923,10805204.81231,2000-05-05T13:46:29.337,15119.49306
176.09500,0.46703,-1516.97877,395964.65624,3385338.45335,1.12301,0.01018,10895678.53605,2000-05-06T14:54:14.708,15133.52294
176.10501,0.68856,-1526.18638,396102.08326,3385283.36257,1.12786,0.00925,10905702.67176,2000-05-06T17:41:30.935,15136.59751
176.11500,0.44749,-1514.07671,395974.47904,3385288.91548,1.13241,0.00948,10906757.27304,2000-05-06T17:58:57.503,15128.78734
176.12501,0.30342,-1508.72920,395881.28728,3385345.70174,1.13138,0.01054,10817326.79924,2000-05-05T17:08:31.679,15118.91980
176.13500,0.37449,-1506.71835,395901.01196,3385315.11769,1.13349,0.00950,10848051.71910,2000-05-06T01:40:33.429,15125.35020
176.14498,0.55690,-1512.43041,396004.07336,3385307.94171,1.12822,0.00932,10828067.13658,2000-05-05T20:07:24.286,15124.00690
176.15498,0.35206,-1504.57918,395903.99731,3385298.57754,1.12990,0.00999,10910630.49996,2000-05-06T19:03:33.319,15131.07702
176.16501,0.15136,-1491.93922,395867.77028,3385299.91303,1.13063,0.01037,10981427.55039,2000-05-07T14:43:33.785,15146.49599
176.17500,0.72332,-1518.34039,396114.91520,3385284.96540,1.13156,0.01085,10836104.54626,2000-05-05T22:21:27.968,15116.36838
176.18501,0.63648,-1513.98039,396057.63214,3385284.46912,1.13062,0.01034,10890501.02935,2000-05-06T13:28:02.216,15132.78510
176.19501,0.24569,-1503.15796,395880.38101,3385315.55312,1.13204,0.00949,10832729.41167,2000-05-05T21:25:18.915,15122.73579
176.20501,0.38413,-1509.01809,395957.63877,3385299.81182,1.13075,0.00998,10970156.66705,2000-05-07T11:35:43.644,15138.15814
176.21498,0.79887,-1522.95217,396075.75646,3385287.72661,1.12681,0.00957,10805190.36828,2000-05-05T13:46:01.157,15118.08936
176.22500,0.17083,-1503.24762,395804.55814,3385333.41089,1.12628,0.01035,10909777.89860,2000-05-06T18:49:32.745,15132.08755
176.23501,0.37910,-1503.30549,395905.52533,3385276.11753,1.13001,0.01068,10862793.02669,2000-05-06T05:46:20.411,15127.60212
176.24500,0.52792,-1514.32881,395936.83750,3385316.12004,1.13039,0.00962,10775808.49318,2000-05-05T05:36:35.062,15111.60090
176.25500,0.64702,-1513.43198,395982.01551,3385291.52025,1.14022,0.00980,10928521.20435,2000-05-07T00:01:43.115,15132.74339
176.26500,0.35321,-1502.41732,395871.72235,3385304.43042,1.13097,0.01034,10837230.10577,2000-05-05T22:40:17.754,15125.84955
176.27499,0.28575,-1495.57733,395873.66582,3385300.16879,1.14247,0.00992,10876001.39953,2000-05-06T09:26:26.557,15130.23108
176.28502,0.32445,-1503.90830,395841.46200,3385332.04598,1.13770,0.01069,10851198.31355,2000-05-06T02:33:09.715,15122.91056
176.29500,0.51551,-1510.10102,395932.72291,3385301.58596,1.13642,0.00998,10898500.13697,2000-05-06T15:41:32.794,15131.00659
176.30500,0.72550,-1518.69121,396035.31943,3385289.56166,1.13442,0.00945,10849505.01317,2000-05-06T02:04:47.041,15125.01066
176.31501,0.21949,-1495.41413,395768.26551,3385338.65060,1.13110,0.00852,10853313.76249,2000-05-06T03:08:18.877,15124.69194
176.32500,0.42828,-1502.26295,395898.51533,3385302.60913,1.13080,0.00868,10770993.05026,2000-05-05T04:16:22.464,15111.67523
176.33500,0.63415,-1514.53935,395981.27279,3385321.63266,1.14108,0.00819,11008827.76782,2000-05-07T22:20:05.362,15152.51131
176.34500,0.53044,-1511.21794,395940.45107,3385294.02565,1.13460,0.00799,10873521.44087,2000-05-06T08:45:06.227,15120.86225
176.35501,0.10637,-1492.58974,395781.86746,3385304.10348,1.13528,0.00760,10948754.94082,2000-05-07T05:38:56.517,15140.30097
176.36500,0.57812,-1516.13098,395953.85202,3385306.65898,1.13471,0.00801,10946340.37185,2000-05-07T04:58:49.538,15139.62807
176.37500,0.30025,-1507.69545,395845.91437,3385303.18882,1.13630,0.00797,10854464.26741,2000-05-06T03:27:29.195,15124.40589
176.38501,0.53888,-1514.33742,395905.21757,3385324.17098,1.13186,0.00692,10949047.30001,2000-05-07T05:43:44.984,15137.46104
176.39500,0.43314,-1513.99758,395877.80688,3385325.38722,1.13874,0.00746,10968481.08303,2000-05-07T11:07:46.983,15141.74509
176.40500,0.26162,-1502.60775,395861.69768,3385296.19477,1.13143,0.00760,11019245.76581,2000-05-08T01:13:46.457,15147.79788
176.41498,0.36548,-1508.57132,395886.63006,3385287.13620,1.13155,0.00775,10959848.21422,2000-05-07T08:43:49.751,15143.62386
176.42500,0.60734,-1517.18398,395995.80577,3385257.12450,1.13133,0.00814,10977865.38249,2000-05-07T13:44:17.158,15138.91524
176.43501,0.37855,-1514.42501,395850.56807,3385319.36042,1.12535,0.00799,10960964.95120,2000-05-07T09:02:30.373,15140.32526
176.44501,0.47703,-1515.27322,395897.09859,3385308.02191,1.12684,0.00746,10957500.29253,2000-05-07T08:04:39.836,15139.71958
176.45499,0.61181,-1523.70796,395982.72124,3385280.99100,1.12474,0.00799,10856645.79184,2000-05-06T04:03:52.521,15127.05931
176.46500,0.29083,-1510.45477,395846.91472,3385287.57560,1.12592,0.00793,10901216.21059,2000-05-06T16:26:38.979,15127.81680
176.47501,0.45852,-1518.39357,395885.56919,3385306.66729,1.12895,0.00760,10965995.49558,2000-05-07T10:26:07.916,15138.78931
176.48501,0.59951,-1518.30813,395959.29590,3385296.07497,1.12941,0.00778,10953193.88594,2000-05-07T06:52:53.357,15137.92688
176.49500,0.68307,-1520.93013,396025.47769,3385291.29182,1.12876,0.00812,10920793.67191,2000-05-06T21:52:57.963,15137.57529
176.50500,0.39261,-1509.47441,395844.32284,3385316.25978,1.12551,0.00687,11017517.00415,2000-05-08T00:44:53.331,15150.09977
176.51499,0.40280,-1506.68728,395838.55345,3385335.20965,1.12857,0.00799,10859013.10676,2000-05-06T04:43:09.835,15125.34670
176.52500,0.48015,-1504.50827,395927.28012,3385282.96155,1.12995,0.00824,10960614.41764,2000-05-07T08:56:45.631,15138.19672
176.53499,0.32729,-1505.56091,395780.70255,3385339.34839,1.13102,0.00873,10885432.31176,2000-05-06T12:03:33.870,15129.04066
176.54500,0.20160,-1495.27203,395778.74710,3385316.16874,1.12644,0.01065,10862386.27339,2000-05-06T05:39:24.985,15128.23524
176.55500,0.56970,-1507.64885,395918.50364,3385304.91787,1.12924,0.00957,10848061.77523,2000-05-06T01:40:40.210,15124.68547
176.56499,0.19815,-1495.70787,395729.71348,3385345.07132,1.13051,0.00979,10819819.83912,2000-05-05T17:50:05.682,15120.94943
176.57499,0.36654,-1495.15080,395842.11395,3385293.49565,1.13315,0.00899,10903043.89139,2000-05-06T16:57:07.022,15130.27535
176.58499,0.51543,-1500.69279,395908.17980,3385339.60343,1.13933,0.00741,10900008.87776,2000-05-06T16:06:26.618,15130.49533
176.59500,0.36840,-1489.92377,395834.51529,3385307.68426,1.13570,0.00796,10966887.17234,2000-05-07T10:41:16.569,15144.87582
176.60500,0.56136,-1497.10526,395857.79976,3385347.31823,1.12885,0.00800,10858351.59338,2000-05-06T04:32:16.887,15125.16729
176.61500,0.29821,-1485.11074,395788.34095,3385339.64615,1.12541,0.00798,10799126.92144,2000-05-05T12:05:01.121,15118.46983
176.62500,0.36101,-1483.49594,395806.27268,3385339.70018,1.13433,0.00812,10938838.24346,2000-05-07T02:53:48.896,15138.62023
176.63502,0.22499,-1479.43686,395721.81306,3385362.58348,1.13814,0.00706,11052383.15407,2000-05-08T10:26:05.733,15150.98021
176.64501,0.82108,-1495.12303,396004.50067,3385321.90689,1.13209,0.00815,10906180.86416,2000-05-06T17:49:16.469,15132.19629
176.65498,0.35376,-1479.43170,395780.53590,3385353.93886,1.13006,0.00741,10951927.11441,2000-05-07T06:31:47.149,15137.37837
176.66500,0.14121,-1468.28772,395706.97957,3385355.09323,1.13017,0.00882,10881434.85141,2000-05-06T10:56:55.101,15132.10868
176.67501,0.42341,-1485.59486,395802.54370,3385356.13873,1.13057,0.00927,10929116.66484,2000-05-07T00:11:37.484,15137.67042
176.68500,-0.01485,-1458.61623,395594.91334,3385378.01102,1.13042,0.01010,10981153.00096,2000-05-07T14:38:54.255,15144.14058
176.69502,0.54076,-1482.97648,395861.63821,3385330.30437,1.13198,0.01098,10917729.29110,2000-05-06T21:01:51.418,15131.75032
176.70501,0.50781,-1480.43314,395885.12055,3385331.96553,1.13054,0.00903,10956491.08642,2000-05-07T07:47:57.408,15140.53029
176.71501,0.35311,-1477.53775,395761.30109,3385355.04732,1.12550,0.00831,10903784.67873,2000-05-06T17:09:32.527,15128.04155
176.72501,0.38515,-1480.86326,395752.23252,3385381.36576,1.12808,0.00763,10867193.59671,2000-05-06T06:59:33.377,15130.03252
176.73498,0.12246,-1462.63875,395705.34129,3385340.58313,1.12833,0.00812,10932265.16489,2000-05-07T01:04:12.457,15138.64996
176.74499,0.59803,-1485.68906,395890.03343,3385307.70909,1.12553,0.00776,10825287.40708,2000-05-05T19:21:03.930,15119.51251
176.75499,0.13594,-1473.82095,395703.26348,3385338.51448,1.12749,0.00738,10977742.87725,2000-05-07T13:42:08.969,15144.24076
176.76502,0.31985,-1494.26789,395751.42860,3385368.99167,1.12438,0.00818,10826129.17221,2000-05-05T19:35:10.739,15117.10159
176.77500,0.57634,-1490.16132,395904.50051,3385315.11101,1.13162,0.00704,10977902.62670,2000-05-07T13:44:42.496,15144.09304
176.78501,0.21202,-1478.28993,395725.66700,3385341.07536,1.12582,0.01054,10915320.58615,2000-05-06T20:21:46.248,15134.71061
176.79500,0.49333,-1484.40000,395886.27668,3385317.19422,1.12639,0.00903,10995530.92531,2000-05-07T18:38:39.320,15142.58122
176.80500,0.50837,-1493.10872,395837.44578,3385349.99992,1.13038,0.01077,10957392.94462,2000-05-07T08:02:56.095,15140.85401
176.81502,0.34373,-1479.48440,395787.03272,3385349.54323,1.12373,0.01266,10985144.91665,2000-05-07T15:45:27.838,15147.00434
176.82499,0.59282,-1488.32103,395886.38639,3385328.98768,1.12733,0.01362,10969932.83544,2000-05-07T11:31:57.622,15139.05486
176.83498,0.59961,-1478.15226,395894.11575,3385315.59957,1.12947,0.01205,10843664.56068,2000-05-06T00:27:33.554,15125.30763
176.84499,0.11470,-1455.66287,395690.90029,3385367.28895,1.12351,0.01120,11006189.20778,2000-05-07T21:36:09.176,15146.56064
176.85501,0.76657,-1489.13100,395954.13730,3385359.51885,1.12778,0.01032,10966097.34607,2000-05-07T10:28:06.591,15138.75083
176.86500,0.18239,-1455.37123,395715.21953,3385336.38376,1.12629,0.01063,11013441.39253,2000-05-07T23:36:59.437,15149.26802
176.87501,0.13024,-1451.71617,395687.25413,3385356.03619,1.13128,0.01009,10908898.54064,2000-05-06T18:34:47.564,15129.93133
176.88500,0.72311,-1484.60713,395946.29173,3385346.71185,1.12516,0.00980,11056608.41673,2000-05-08T11:36:37.685,15154.88253
176.89499,-0.04038,-1448.10663,395603.69803,3385367.23634,1.12864,0.01067,11008489.82301,2000-05-07T22:14:44.911,15144.78210
176.90499,0.60262,-1476.76495,395847.68074,3385410.60393,1.12220,0.01033,11138673.87637,2000-05-09T10:24:13.134,15168.60571
176.91498,0.50854,-1468.17922,395848.32325,3385344.15783,1.13286,0.01231,10792457.61981,2000-05-05T10:14:05.402,15115.95405
176.92500,0.65281,-1475.61558,395904.38317,3385368.22614,1.12964,0.01082,11051093.06063,2000-05-08T10:04:37.652,15156.01738
176.93499,0.34694,-1464.53379,395806.70140,3385339.41599,1.13906,0.01141,10973162.97584,2000-05-07T12:25:48.314,15142.04313
176.94501,0.16430,-1452.61809,395717.20629,3385364.46219,1.13808,0.01083,11010216.43471,2000-05-07T22:43:19.520,15144.71638
176.95500,0.19430,-1455.60031,395699.18266,3385347.64878,1.13260,0.01179,10888799.03012,2000-05-06T12:59:47.622,15131.99537
176.96502,0.42001,-1465.04673,395777.71261,3385359.05378,1.13502,0.01380,10935251.14073,2000-05-07T01:54:02.947,15131.65922
176.97501,0.63730,-1476.53412,395924.02157,3385326.40187,1.13719,0.01339,11000465.88960,2000-05-07T20:00:48.235,15148.16505
176.98501,-0.03505,-1456.04771,395567.12438,3385414.95558,1.13464,0.01366,10907661.57846,2000-05-06T18:14:11.441,15133.35451
176.99500,0.39962,-1475.83805,395782.39905,3385372.22759,1.13333,0.01348,10907124.32032,2000-05-06T18:05:04.884,15131.78641
177.00499,0.17680,-1464.43794,395632.50951,3385428.12131,1.13512,0.01279,11168247.46687,2000-05-09T18:37:00.144,15171.99325
177.01501,0.54547,-1473.73045,395912.40461,3385359.90873,1.13053,0.01298,10789705.49848,2000-05-05T09:28:12.557,15122.99054
177.02500,0.05823,-1450.39872,395752.35823,3385361.68254,1.13966,0.01320,10855530.26651,2000-05-06T03:45:17.877,15123.37091
177.03500,0.29781,-1456.25044,395827.02413,3385331.52740,1.14505,0.01347,10930649.70013,2000-05-07T00:37:20.829,15135.15145
177.04501,0.45559,-1464.84896,395919.31720,3385332.25094,1.14030,0.01510,10899759.25840,2000-05-06T16:02:19.430,15130.78921
177.05500,0.33631,-1464.91396,395853.78839,3385363.30488,1.13770,0.01459,10921292.80824,2000-05-06T22:01:22.682,15133.41085
177.06498,0.04485,-1448.55432,395767.53084,3385359.54450,1.14059,0.01439,10990451.42496,2000-05-07T17:13:54.022,15145.09550
177.07501,0.01959,-1446.85987,395719.74364,3385362.63294,1.13576,0.01496,10943807.74483,2000-05-07T04:16:30.502,15135.85122
177.08500,0.08048,-1453.47498,395719.63903,3385353.75525,1.14008,0.01431,10801741.59046,2000-05-05T12:48:50.747,15120.17083
177.09499,0.17406,-1451.01326,395741.70130,3385369.35534,1.14070,0.01427,10902063.65090,2000-05-06T16:40:58.672,15132.05170
177.10500,0.15559,-1444.12629,395734.38107,3385358.09552,1.14408,0.01646,10952503.99433,2000-05-07T06:41:30.203,15140.15200
177.11499,0.52404,-1465.04867,395915.50721,3385346.86053,1.13843,0.01781,10867638.94744,2000-05-06T07:07:05.799,15125.03011
177.12500,0.44264,-1455.11835,395839.32687,3385355.12962,1.13860,0.01706,10872896.05750,2000-05-06T08:34:42.617,15127.38227
177.13500,-0.24547,-1431.82987,395553.18838,3385402.55679,1.13726,0.01655,10922150.48486,2000-05-06T22:15:44.358,15134.72408
177.14501,0.38276,-1456.66852,395817.95183,3385367.97611,1.13777,0.01447,10861069.26093,2000-05-06T05:17:34.710,15128.15975
177.15500,0.28829,-1455.34045,395799.99311,3385369.50039,1.13803,0.01442,10914137.34655,2000-05-06T20:02:03.693,15135.41313
177.16501,-0.10469,-1444.79150,395654.51274,3385389.44697,1.13746,0.01468,10889235.19299,2000-05-06T13:07:05.822,15130.53048
177.17500,0.12464,-1448.91405,395775.72184,3385327.67638,1.13108,0.01169,11053558.34081,2000-05-08T10:45:53.289,15153.24843
177.18500,0.20895,-1456.52408,395783.68648,3385355.44216,1.14120,0.01078,10965150.79298,2000-05-07T10:12:19.162,15141.37422
177.19500,0.30157,-1454.94483,395806.38161,3385364.34566,1.13349,0.01152,10848316.83484,2000-05-06T01:45:03.429,15125.77963
177.20501,0.06342,-1440.59561,395756.75867,3385358.15461,1.13203,0.01211,10943490.63460,2000-05-07T04:11:17.068,15136.13625
177.21501,0.55631,-1463.49755,395928.40151,3385376.82684,1.13643,0.01432,11080220.68230,2000-05-08T18:10:12.833,15157.83421
177.22501,0.22635,-1444.04289,395878.12328,3385322.97038,1.13732,0.01172,10895893.09485,2000-05-06T14:58:00.905,15129.07236
177.23501,0.40192,-1468.88056,395833.18462,3385370.61879,1.13259,0.01091,10913846.83269,2000-05-06T19:57:10.447,15134.55020
177.24500,0.12538,-1456.31879,395637.55149,3385384.22613,1.12934,0.00964,10940754.41028,2000-05-07T03:25:30.228,15141.40505
177.25501,0.33684,-1470.70722,395794.57489,3385361.16915,1.14459,0.00763,11012674.37725,2000-05-07T23:24:23.959,15149.64332
177.26502,0.27416,-1463.16664,395797.87277,3385340.40884,1.14109,0.00762,10998352.38955,2000-05-07T19:25:32.566,15145.14242
177.27499,0.28466,-1465.87259,395765.52896,3385372.59830,1.13399,0.00764,10943646.48934,2000-05-07T04:13:52.847,15139.30107
177.28499,0.09809,-1459.01361,395693.55992,3385369.69212,1.13453,0.00780,11052442.66165,2000-05-08T10:27:01.666,15151.81424
177.29501,0.34394,-1469.34804,395800.93184,3385383.72756,1.14236,0.00757,11116601.68894,2000-05-09T04:16:19.996,15165.30636
177.30500,0.52276,-1473.49661,395884.80530,3385324.40133,1.13858,0.00778,10925239.83929,2000-05-06T23:06:58.569,15130.98372
177.31500,0.11981,-1469.93195,395717.59686,3385370.63660,1.14348,0.00851,10965228.39400,2000-05-07T10:13:34.768,15143.61695
177.32499,0.44730,-1487.91752,395867.90034,3385324.99669,1.14538,0.00833,10824318.91088,2000-05-05T19:04:58.339,15120.63197
177.33500,0.31073,-1487.55046,395745.92090,3385362.78041,1.14221,0.00709,10984696.26065,2000-05-07T15:37:58.775,15144.09099
177.34500,0.36583,-1489.16097,395836.11201,3385333.65403,1.14042,0.00776,11007912.15976,2000-05-07T22:04:54.779,15146.83303
177.35500,0.06667,-1480.20264,395716.60935,3385321.47571,1.14006,0.00744,10976762.15876,2000-05-07T13:25:44.748,15142.56210
177.36500,0.31158,-1492.20691,395794.09886,3385324.23655,1.14867,0.00835,10878768.20210,2000-05-06T10:12:27.440,15130.70864
177.37498,0.25154,-1498.44191,395761.76523,3385341.94783,1.15021,0.00708,11066752.13382,2000-05-08T14:25:37.044,15159.84410
177.38500,0.47707,-1507.22296,395905.18893,3385264.31392,1.14489,0.00740,10885160.41690,2000-05-06T11:59:09.282,15128.98984
177.39499,0.38985,-1509.12575,395846.44946,3385318.06490,1.13569,0.00856,10898518.16903,2000-05-06T15:41:48.381,15129.79307
177.40499,0.20228,-1503.21529,395769.67126,3385321.97577,1.13962,0.00779,10943426.97463,2000-05-07T04:10:11.654,15142.47922
177.41502,0.49971,-1520.69541,395863.69482,3385319.68776,1.13491,0.00876,11018715.03168,2000-05-08T01:05:03.144,15145.57362
177.42500,0.38917,-1514.62704,395830.19569,3385286.00283,1.13236,0.00837,11068042.41428,2000-05-08T14:47:09.815,15155.88153
177.43500,0.01545,-1492.77211,395718.22214,3385308.38003,1.13892,0.01034,11079536.17603,2000-05-08T17:58:40.616,15157.17061
177.44501,-0.01859,-1493.03335,395683.94057,3385318.87105,1.14594,0.00895,11010565.11131,2000-05-07T22:49:03.222,15151.95037
177.45500,0.39421,-1510.17063,395841.54751,3385301.59581,1.14320,0.00814,11098829.92477,2000-05-08T23:20:17.429,15161.62922
177.46501,0.45694,-1512.30542,395878.44414,3385329.87937,1.13381,0.01081,11020902.25751,2000-05-08T01:41:22.729,15150.94623
177.47499,0.24160,-1501.36175,395760.18880,3385314.97481,1.13906,0.01173,11021841.51003,2000-05-08T01:57:11.231,15151.53253
177.48497,0.44126,-1512.87790,395889.27576,3385313.79631,1.13765,0.01344,11084895.41027,2000-05-08T19:27:59.551,15158.34651
177.49501,0.43968,-1513.62353,395851.71484,3385328.55637,1.14528,0.01173,11071776.08684,2000-05-08T15:49:14.941,15158.57863
177.50502,0.03480,-1492.25723,395672.88860,3385333.45659,1.14838,0.01260,11067483.29538,2000-05-08T14:37:43.662,15159.19540
177.51501,0.00122,-1498.20288,395634.42487,3385381.66363,1.14739,0.01267,11250708.15148,2000-05-10T17:31:29.361,15183.07554
177.52500,0.23971,-1500.14931,395759.55776,3385293.81423,1.14814,0.01518,10941598.92709,2000-05-07T03:39:44.446,15137.64651
177.53501,-0.03333,-1493.11732,395663.12398,3385323.33386,1.14933,0.01509,11006989.44308,2000-05-07T21:49:45.913,15146.75927
177.54501,0.01009,-1485.73544,395710.86700,3385296.12438,1.14917,0.01510,10968962.39127,2000-05-07T11:15:43.177,15147.39288
177.55499,0.43912,-1500.48857,395907.80993,3385258.66420,1.15063,0.01500,10974578.57915,2000-05-07T12:49:23.994,15146.55956
177.56499,0.26365,-1504.20169,395838.75160,3385303.01938,1.15328,0.01563,11002921.07276,2000-05-07T20:41:48.360,15150.74355
177.57500,0.46241,-1501.75076,395853.96041,3385280.39721,1.14873,0.01347,10877937.06489,2000-05-06T09:58:52.083,15127.88937
177.58499,0.30050,-1493.07690,395797.14315,3385264.73709,1.14073,0.01202,10827571.17359,2000-05-05T19:59:17.966,15121.76047
177.59501,-0.20642,-1470.94974,395543.80998,3385377.29444,1.14189,0.01166,10961114.94541,2000-05-07T09:05:00.958,15141.66116
177.60501,-0.09604,-1465.34651,395591.28996,3385320.92508,1.14423,0.01144,10989417.95263,2000-05-07T16:56:44.682,15144.86188
177.61500,0.17227,-1473.49818,395686.05280,3385326.74681,1.14095,0.00912,10789283.92896,2000-05-05T09:21:03.305,15116.72212
177.62499,0.21129,-1475.76659,395718.86114,3385309.97463,1.14291,0.00893,11010416.11342,2000-05-07T22:46:43.332,15151.62681
177.63500,-0.03060,-1463.08085,395612.75113,3385310.19668,1.14856,0.00928,10988105.54845,2000-05-07T16:34:53.338,15147.05278
177.64502,-0.18278,-1451.15159,395547.78921,3385293.09870,1.14372,0.00982,10930574.14929,2000-05-07T00:35:59.283,15138.95072
177.65500,0.16182,-1468.71640,395708.45145,3385330.95775,1.13748,0.00915,10919956.27222,2000-05-06T21:39:02.935,15136.06993
177.66502,0.36754,-1479.39950,395859.24484,3385322.75706,1.14508,0.00943,11215720.84130,2000-05-10T07:48:34.014,15178.52281
177.67501,-0.20982,-1455.88331,395517.11056,3385352.94217,1.14235,0.00932,10927657.07513,2000-05-06T23:47:23.597,15140.28458
177.68501,0.08965,-1474.70615,395702.99622,3385312.36622,1.13787,0.00762,11005638.25249,2000-05-07T21:27:04.812,15148.19274
177.69501,0.27699,-1476.76620,395717.77501,3385345.99215,1.13638,0.00857,11013932.34462,2000-05-07T23:45:18.336,15149.07360
177.70500,0.19221,-1468.33384,395684.80394,3385342.20671,1.13248,0.00711,11014767.66535,2000-05-07T23:59:17.834,15148.15856
177.71500,0.26707,-1470.22494,395755.88944,3385339.88153,1.13906,0.00765,11013746.20164,2000-05-07T23:42:14.628,15147.08137
177.72501,-0.05794,-1449.33798,395629.26980,3385337.17215,1.13617,0.00744,10934319.35282,2000-05-07T01:38:25.837,15136.08360
177.73499,0.44457,-1468.50925,395814.51196,3385316.82389,1.13516,0.00802,11075230.32471,2000-05-08T16:46:59.987,15155.28781
177.74499,0.07902,-1452.51886,395656.61183,3385351.48212,1.13494,0.00693,10906689.93683,2000-05-06T17:57:58.173,15133.39954
177.75499,0.03126,-1453.14412,395638.86557,3385347.82385,1.13403,0.00800,10985632.46055,2000-05-07T15:53:40.336,15141.73146
177.76500,0.01466,-1453.29280,395661.52844,3385331.81964,1.13704,0.00780,11062611.49595,2000-05-08T13:16:36.855,15157.31766
177.77500,0.22996,-1468.03778,395706.23148,3385356.84759,1.13041,0.00802,10862089.17713,2000-05-06T05:34:36.453,15123.55901
177.78501,0.15460,-1461.16387,395708.00439,3385360.71716,1.13717,0.00780,10957350.72455,2000-05-07T08:02:25.255,15140.86573
177.79500,0.44024,-1472.38699,395787.57623,3385345.24254,1.13232,0.00802,10936269.11238,2000-05-07T02:11:04.272,15130.51616
177.80500,0.10422,-1457.99417,395667.96233,3385363.53024,1.13090,0.00818,10954128.04046,2000-05-07T07:08:36.798,15142.29871
177.81501,0.02007,-1448.77558,395605.09890,3385367.30188,1.13567,0.00797,11003261.44531,2000-05-07T20:47:27.810,15145.50308
177.82501,0.16836,-1455.74896,395705.66355,3385361.67392,1.14141,0.00818,10887829.61651,2000-05-06T12:43:39.038,15129.36908
177.83499,0.23190,-1460.35354,395723.86087,3385348.01632,1.14632,0.00744,10904495.86534,2000-05-06T17:21:15.396,15130.82856
177.84501,0.06185,-1456.29084,395656.94233,3385349.13884,1.14820,0.00761,11017386.99049,2000-05-08T00:42:52.975,15148.93856
177.85499,-0.01691,-1450.71872,395628.13085,3385370.74937,1.14536,0.00781,11077729.49339,2000-05-08T17:28:33.039,15157.85670
177.86499,0.12119,-1449.58724,395669.49379,3385350.48399,1.13967,0.00835,11004295.43062,2000-05-07T21:04:43.799,15146.50375
177.87500,0.20848,-1453.73543,395701.00846,3385377.09718,1.14387,0.00744,10979993.47417,2000-05-07T14:19:31.488,15143.52578
177.88501,0.12216,-1443.52030,395685.60474,3385348.11640,1.13960,0.00816,10926004.36336,2000-05-06T23:19:44.943,15130.41578
177.89500,0.35152,-1450.79633,395765.70615,3385353.93687,1.13288,0.00726,10940565.35141,2000-05-07T03:22:25.896,15135.94270
177.90501,0.12375,-1440.87486,395630.96607,3385391.12275,1.13119,0.00853,10949370.31724,2000-05-07T05:49:13.601,15140.74167
177.91502,-0.07254,-1436.48196,395599.28786,3385359.77313,1.13525,0.00760,10988234.77000,2000-05-07T16:36:58.603,15145.88285
177.92502,0.25667,-1451.67609,395722.33477,3385377.09734,1.13619,0.00724,10946925.37055,2000-05-07T05:08:24.506,15137.50293
177.93501,-0.11175,-1436.14936,395571.10432,3385371.69866,1.13662,0.00758,10900087.97903,2000-05-06T16:07:45.465,15133.57619
177.94501,-0.17803,-1437.22585,395562.89376,3385359.56715,1.13343,0.00776,11038835.44656,2000-05-08T06:40:18.424,15151.22299
177.95501,0.55839,-1465.07394,395855.01817,3385364.36715,1.13686,0.00778,11038754.03939,2000-05-08T06:39:00.470,15152.54598
177.96501,0.43549,-1465.64133,395810.12252,3385347.97608,1.13684,0.00742,10988090.00566,2000-05-07T16:34:24.610,15144.40417
177.97500,-0.24509,-1439.05794,395504.39550,3385402.79718,1.13764,0.00810,11054511.11088,2000-05-08T11:01:34.949,15153.64655
177.98501,0.17227,-1457.12256,395735.62324,3385355.04472,1.14071,0.00795,11105473.86674,2000-05-09T01:10:59.414,15160.60159
177.99499,-0.23675,-1431.61750,395537.48820,3385369.57500,1.14173,0.00775,11065181.36043,2000-05-08T13:59:28.870,15154.56675
178.00497,0.49103,-1472.79466,395865.88289,3385372.39921,1.13436,0.00724,10985440.79738,2000-05-07T15:50:24.954,15145.53160
178.01499,-0.03382,-1453.15497,395610.17236,3385381.31094,1.13192,0.00780,11017620.73406,2000-05-08T00:46:34.437,15148.39497
178.02499,0.07006,-1460.77656,395687.74545,3385373.50181,1.13285,0.00742,10961762.03711,2000-05-07T09:15:46.597,15140.11776
178.03500,0.40621,-1476.68628,395835.86281,3385355.06009,1.13232,0.00775,10895407.63708,2000-05-06T14:49:47.077,15132.50553
178.04501,0.39533,-1474.79914,395834.14152,3385325.66492,1.13439,0.00832,11044962.90406,2000-05-08T08:22:29.582,15152.47347
178.05500,0.07110,-1471.30454,395695.74141,3385395.59221,1.13983,0.00707,11059154.77269,2000-05-08T12:18:59.368,15155.37231
178.06500,-0.31104,-1454.26122,395508.40881,3385382.36626,1.12830,0.00853,10999696.56581,2000-05-07T19:47:57.003,15145.88083
178.07501,0.29553,-1471.35624,395793.86219,3385344.02124,1.13200,0.00813,11003296.97407,2000-05-07T20:48:02.889,15146.12260
178.08500,0.03958,-1459.13117,395665.56974,3385376.70672,1.12661,0.00742,10915290.08737,2000-05-06T20:21:10.470,15132.10117
178.09500,0.12506,-1457.07557,395716.65906,3385360.86055,1.13153,0.00740,10955832.65974,2000-05-07T07:36:49.361,15138.44757
178.10499,0.22726,-1467.63335,395718.77027,3385400.95052,1.13438,0.00790,10966733.05678,2000-05-07T10:38:30.941,15141.84571
178.11502,0.02174,-1462.97786,395635.19684,3385385.61001,1.13045,0.01115,10919503.79223,2000-05-06T21:31:26.651,15134.38257
178.12499,0.27360,-1468.39271,395754.56404,3385322.92882,1.12690,0.01055,10852171.03186,2000-05-06T02:49:05.839,15123.67265
178.13499,0.09969,-1472.58324,395738.02498,3385340.06121,1.13125,0.01015,10856612.85501,2000-05-06T04:03:09.134,15126.15059
178.14500,-0.08502,-1460.84436,395586.21385,3385367.77805,1.13239,0.01071,10789405.00046,2000-05-05T09:23:09.827,15115.54408
178.15500,0.33983,-1489.36362,395811.15853,3385313.00659,1.13242,0.00958,10863899.33053,2000-05-06T06:04:32.829,15129.85564
178.16501,0.42307,-1492.25414,395827.78450,3385318.71684,1.12361,0.00744,10800525.38454,2000-05-05T12:28:20.987,15116.61762
178.17499,0.10920,-1480.09727,395680.48339,3385363.61537,1.13180,0.00801,10829470.14197,2000-05-05T20:30:45.807,15122.51336
178.18500,0.24172,-1480.61558,395753.11138,3385321.61013,1.12577,0.00782,10780101.90619,2000-05-05T06:47:57.889,15115.08768
178.19502,-0.21473,-1461.00117,395541.31905,3385354.45683,1.13204,0.00746,10821196.67765,2000-05-05T18:12:49.086,15122.94526
178.20499,0.33292,-1483.41443,395770.38919,3385339.08154,1.12927,0.00748,10644157.71014,2000-05-03T17:02:12.435,15092.59077
178.21501,0.31830,-1477.19416,395796.13607,3385328.43443,1.12667,0.00817,10745506.08389,2000-05-04T21:11:18.575,15109.30636
178.22500,0.00843,-1465.86703,395685.28553,3385333.94234,1.13676,0.00727,10807978.17147,2000-05-05T14:32:36.795,15122.14057
178.23499,0.28329,-1483.41760,395772.28379,3385355.48671,1.13575,0.00801,10936666.83360,2000-05-07T02:17:22.101,15134.21873
178.24498,-0.04890,-1465.76576,395639.46202,3385368.21289,1.12946,0.00800,10830739.72202,2000-05-05T20:51:50.359,15122.83231
178.25499,-0.01688,-1471.48467,395696.29696,3385321.28622,1.13492,0.00721,10857195.56345,2000-05-06T04:12:49.312,15128.08774
178.26500,0.12544,-1480.86177,395740.92591,3385384.97721,1.12781,0.00801,10905473.62317,2000-05-06T17:37:30.147,15130.77813
178.27500,0.25510,-1476.08705,395797.86693,3385341.65904,1.13358,0.00783,10954441.74438,2000-05-07T07:13:41.621,15140.23263
178.28499,0.35717,-1480.54020,395830.97035,3385345.39570,1.12680,0.00817,10782767.18148,2000-05-05T07:32:22.091,15113.03694
178.29500,0.01603,-1460.15477,395739.78506,3385330.95818,1.12880,0.00742,10875630.59042,2000-05-06T09:20:02.603,15127.94800
178.30501,0.16619,-1474.73661,395798.35915,3385351.41443,1.13346,0.00781,10777441.87316,2000-05-05T06:03:38.091,15110.77225
178.31500,0.07513,-1467.99981,395798.59816,3385327.52241,1.13181,0.00690,10898485.44106,2000-05-06T15:40:53.007,15133.96845
178.32500,0.01359,-1469.47513,395732.11908,3385374.21451,1.13223,0.00855,10932072.37055,2000-05-07T01:00:48.948,15139.62313
178.33499,0.14162,-1477.78452,395792.42331,3385372.20954,1.13826,0.00764,10892354.65159,2000-05-06T13:58:51.726,15126.95276
178.34500,0.44441,-1485.87688,395932.31779,3385333.62236,1.13389,0.00742,10854047.71001,2000-05-06T03:20:20.034,15124.85120
178.35500,0.34453,-1489.36287,395906.63404,3385335.97981,1.13569,0.00745,10914920.69244,2000-05-06T20:14:51.037,15132.23328
178.36501,-0.05067,-1466.67044,395737.35488,3385338.32310,1.14225,0.00796,10934154.81322,2000-05-07T01:35:26.216,15135.79301
178.37500,0.23582,-1479.84462,395845.11236,3385330.97092,1.13769,0.00794,10841090.65219,2000-05-05T23:44:16.628,15121.26908
178.38501,0.61421,-1502.19703,396037.63881,3385335.25793,1.14231,0.00765,10964350.72979,2000-05-07T09:58:37.727,15143.63032
178.39500,0.14969,-1477.12540,395825.46737,3385331.88989,1.13612,0.00708,10936118.63867,2000-05-07T02:08:08.429,15134.31948
178.40501,0.18552,-1481.80503,395870.05539,3385330.49303,1.14402,0.00850,10938005.45008,2000-05-07T02:39:36.785,15139.33542
178.41501,0.22756,-1483.37085,395875.38387,3385338.61815,1.14556,0.00881,10890536.26994,2000-05-06T13:28:35.915,15128.00211
178.42500,0.12370,-1475.75884,395805.60051,3385366.50999,1.14735,0.01065,10885848.89948,2000-05-06T12:10:08.606,15130.19867
178.43500,0.39119,-1490.60280,395911.12024,3385328.82677,1.14665,0.00976,10914053.38604,2000-05-06T20:00:21.751,15135.95190
178.44501,0.26940,-1485.39621,395945.98114,3385321.71099,1.14288,0.01118,10908708.30835,2000-05-06T18:31:24.951,15129.86686
178.45501,0.10183,-1474.03784,395796.37852,3385352.15764,1.14132,0.00782,10928415.42458,2000-05-06T23:59:43.600,15135.63520
178.46500,-0.09007,-1473.71595,395705.61145,3385358.38876,1.13536,0.00781,10810436.64412,2000-05-05T15:13:26.471,15117.45258
178.47500,0.05387,-1472.50575,395769.43739,3385342.71494,1.13633,0.00799,10941416.93468,2000-05-07T03:36:23.538,15141.59894
178.48501,0.26591,-1481.91907,395876.68496,3385326.56955,1.14053,0.01103,10857897.86043,2000-05-06T04:24:31.142,15125.61873
178.49500,-0.06703,-1468.88796,395707.98820,3385352.68950,1.13117,0.01244,10854551.95448,2000-05-06T03:28:49.277,15124.92448
178.50500,0.28462,-1485.72043,395898.63890,3385349.96437,1.13791,0.01145,10938560.32232,2000-05-07T02:48:57.148,15135.06005
178.51501,0.09745,-1479.47461,395799.66729,3385346.21767,1.13693,0.01146,10871219.29338,2000-05-06T08:06:24.569,15130.03485
178.52499,-0.04445,-1474.52946,395696.83413,3385332.32412,1.13572,0.01294,10925283.08601,2000-05-06T23:07:39.109,15133.80912
178.53500,0.16798,-1489.30779,395785.74045,3385340.19364,1.13351,0.00945,10866404.69159,2000-05-06T06:46:22.285,15124.89132
178.54499,-0.08311,-1476.58756,395677.87555,3385347.96186,1.13963,0.00930,10877443.53246,2000-05-06T09:50:17.881,15129.19455
178.55501,0.02135,-1479.01963,395705.47384,3385326.78446,1.13922,0.00924,10870947.22971,2000-05-06T08:02:06.006,15124.72718
178.56501,0.29330,-1493.51486,395817.50682,3385335.49254,1.13938,0.00854,10884729.95603,2000-05-06T11:51:52.529,15131.46510
178.57501,0.28019,-1492.54801,395821.06731,3385318.95531,1.13810,0.00892,10822838.58983,2000-05-05T18:40:08.248,15118.60723
178.58499,0.15531,-1486.77952,395802.83531,3385322.32662,1.13601,0.01235,10955278.41203,2000-05-07T07:27:46.742,15140.52188
178.59499,-0.07564,-1473.49828,395664.29945,3385339.99199,1.14323,0.01196,10819492.92338,2000-05-05T17:44:28.536,15117.90304
178.60499,0.56362,-1504.67742,395885.88137,3385359.66188,1.13588,0.01035,10922792.80211,2000-05-06T22:26:09.913,15137.21523
178.61501,0.02169,-1478.93510,395792.30674,3385318.91416,1.13139,0.01071,10923440.02153,2000-05-06T22:36:59.703,15136.02142
178.62502,0.15604,-1478.61949,395820.28130,3385317.97499,1.13500,0.00836,10675052.59363,2000-05-04T01:37:00.838,15094.21407
178.63503,0.40691,-1493.81226,395881.10246,3385322.46135,1.13655,0.00805,10977627.04850,2000-05-07T13:40:09.609,15142.72629
178.64498,0.01331,-1478.78873,395668.80193,3385322.46688,1.14241,0.00804,10789346.26512,2000-05-05T09:21:55.471,15116.64400
178.65500,0.42556,-1494.74251,395843.13248,3385270.51371,1.14296,0.00820,10718968.32858,2000-05-04T13:49:13.971,15105.85825
178.66501,0.06745,-1479.47868,395730.92407,3385329.20802,1.14166,0.00766,10829121.56286,2000-05-05T20:24:56.719,15123.35588
178.67500,0.41435,-1495.81646,395910.85412,3385312.62329,1.14505,0.00744,10833531.44843,2000-05-05T21:38:32.150,15121.23914
178.68500,-0.15616,-1463.05456,395720.70419,3385286.57845,1.14491,0.00923,10825768.29058,2000-05-05T19:29:06.474,15120.86010
178.69500,0.05588,-1483.09455,395784.05684,3385343.40979,1.14648,0.00862,10804510.71835,2000-05-05T13:34:47.837,15118.52681
178.70499,0.22981,-1489.92707,395777.03910,3385321.73535,1.14260,0.00793,10860142.40579,2000-05-06T05:02:01.714,15128.56593
178.71499,0.37477,-1494.28883,395872.80708,3385295.38841,1.13677,0.00808,10696747.28080,2000-05-04T07:38:45.146,15099.64982
178.72500,0.46391,-1490.94459,395932.52924,3385312.97305,1.13880,0.00857,10896956.94569,2000-05-06T15:15:29.427,15132.54295
178.73499,0.23020,-1478.73515,395866.41501,3385311.97343,1.13561,0.00801,10762872.22476,2000-05-05T02:00:46.686,15113.65053
178.74499,0.48908,-1492.10450,395934.65414,3385315.66075,1.13372,0.00878,10945724.61348,2000-05-07T04:48:21.770,15140.22262
178.75500,-0.12640,-1469.90562,395659.24100,3385362.21496,1.12802,0.00840,10641544.61053,2000-05-03T16:18:43.891,15093.19139
178.76501,0.40505,-1483.39575,395902.88557,3385279.32469,1.13040,0.00832,10764928.25477,2000-05-05T02:35:04.798,15109.80980
178.77500,0.24679,-1486.45058,395787.90261,3385332.45760,1.12574,0.00731,10762667.74800,2000-05-05T01:57:29.692,15115.36357
178.78501,0.17426,-1483.67964,395785.89479,3385328.78357,1.13300,0.00910,10773608.90854,2000-05-05T04:59:29.104,15112.14792
178.79500,0.62354,-1498.53472,395965.97576,3385311.43251,1.13466,0.00913,10850168.97573,2000-05-06T02:15:39.928,15125.27023
178.80498,0.43932,-1488.45702,395850.22567,3385319.00563,1.12445,0.00811,10760922.30536,2000-05-05T01:28:14.469,15112.05168
178.81500,0.15495,-1477.08510,395763.10147,3385323.54857,1.12144,0.00906,10758542.24318,2000-05-05T00:48:38.540,15110.37114
178.82500,0.44053,-1481.37168,395882.38859,3385316.40593,1.12867,0.00923,10801231.58292,2000-05-05T12:40:10.045,15117.96956
178.83499,0.16350,-1483.14254,395775.03436,3385359.66134,1.12657,0.00898,10790988.42604,2000-05-05T09:49:24.483,15119.72066
178.84500,0.23085,-1479.45513,395863.08713,3385298.29605,1.13291,0.00797,10674714.49305,2000-05-04T01:31:37.825,15098.95775
178.85501,0.02404,-1471.83833,395675.72536,3385352.27725,1.13227,0.00860,10786611.03410,2000-05-05T08:36:31.289,15115.11555
178.86498,0.28737,-1480.27312,395767.30393,3385352.51906,1.13720,0.00805,10663012.49639,2000-05-03T22:16:34.829,15098.18029
178.87498,0.55135,-1487.32126,395868.22398,3385326.32461,1.13655,0.00800,10741006.35182,2000-05-04T19:56:24.494,15107.06788
178.88500,0.17708,-1466.63484,395665.94632,3385358.01016,1.13107,0.00875,10743809.24558,2000-05-04T20:43:14.572,15108.30388
178.89499,0.59399,-1486.50701,395887.10879,3385336.07170,1.13615,0.00935,10790743.74130,2000-05-05T09:45:19.474,15119.05900
178.90500,0.22003,-1465.05827,395718.20170,3385367.00164,1.13175,0.01012,10809558.34713,2000-05-05T14:59:05.189,15114.80296
178.91502,0.55055,-1483.12208,395850.55634,3385352.60117,1.13441,0.01083,10758667.26897,2000-05-05T00:50:43.882,15112.37222
178.92501,0.39861,-1471.16054,395765.43069,3385340.65619,1.12514,0.01002,10760324.71090,2000-05-05T01:18:31.892,15114.23260
178.93499,0.25480,-1468.86027,395694.34841,3385375.86258,1.12826,0.00969,10741098.81163,2000-05-04T19:57:58.351,15108.75311
178.94499,0.37929,-1471.08748,395817.69516,3385322.24076,1.13369,0.00944,10761484.26184,2000-05-05T01:37:44.648,15110.59869
178.95501,0.11740,-1453.97183,395660.81221,3385353.32819,1.12979,0.00927,10652007.66192,2000-05-03T19:13:07.324,15095.48621
178.96499,0.39897,-1464.35317,395773.76161,3385351.39471,1.12759,0.00875,10751230.47117,2000-05-04T22:46:52.095,15113.88177
178.97500,0.49543,-1473.78516,395850.47842,3385342.50190,1.12203,0.00910,10814125.12040,2000-05-05T16:15:07.879,15123.43116
178.98501,0.46513,-1471.38041,395798.17450,3385344.25498,1.12944,0.01054,10712043.11005,2000-05-04T11:53:39.805,15106.65044
178.99499,0.36330,-1463.60051,395739.22640,3385360.72728,1.12832,0.00973,10827969.72083,2000-05-05T20:05:53.046,15118.65043
179.00000,31.59776,-2883.25429,409653.01929,3384385.42286,1.10714,0.00000,15779987.79117,2000-07-02T03:44:26.464,15887.82143