LONG_EAST,LAT_NORTH,TOPOGRAPHY,MOLA_RANGE,PLANET_RAD,C,A,EMPHEMERIS_TIME,UTC,ORBIT
90.00499,1.10108,-1875.76485,394692.95879,3385619.32194,1.13547,0.01901,10346444.54079,2000-04-30T06:20:18.807,15032.90375
90.01500,1.10678,-1878.42347,394698.79682,3385593.12331,1.13507,0.01790,10391765.41783,2000-04-30T18:55:40.361,15038.42291
90.02500,1.26233,-1891.42035,394781.43592,3385585.86966,1.14251,0.02194,10408520.89947,2000-04-30T23:34:50.149,15040.05397
90.03499,1.12655,-1894.40046,394681.47373,3385644.31444,1.13360,0.02228,10437656.14430,2000-05-01T07:40:27.989,15050.08577
90.04500,1.25446,-1891.03551,394793.26656,3385562.88478,1.12936,0.02280,10399904.98956,2000-04-30T21:11:25.588,15045.45347
90.05499,1.31227,-1898.17797,394761.42529,3385607.00071,1.14181,0.01993,10455060.20883,2000-05-01T12:30:42.120,15051.22281
90.06500,1.09491,-1886.12568,394729.95558,3385597.91438,1.13958,0.02106,10443154.66605,2000-05-01T09:12:17.433,15055.55749
90.07500,1.04996,-1869.27442,394688.74853,3385597.03949,1.14057,0.02093,10445700.64368,2000-05-01T09:54:42.438,15047.23405
90.08501,1.53421,-1893.32952,394877.22322,3385602.47462,1.14276,0.02077,10508510.74942,2000-05-02T03:21:24.344,15061.11122
90.09500,1.18137,-1872.73557,394705.22830,3385628.36963,1.14336,0.02100,10451122.59877,2000-05-01T11:25:02.797,15053.76180
90.10501,1.31184,-1875.33303,394781.63304,3385615.84898,1.13634,0.02079,10411482.56199,2000-05-01T00:24:21.051,15047.72455
90.11501,1.07283,-1855.78451,394655.20132,3385609.20290,1.14058,0.02105,10370181.68447,2000-04-30T12:55:59.022,15040.07676
90.12499,1.22467,-1859.90304,394708.86866,3385629.47962,1.12920,0.02083,10592239.56906,2000-05-03T02:36:57.551,15069.67602
90.13498,1.22454,-1859.84926,394715.98638,3385627.43060,1.13733,0.01989,10461822.94174,2000-05-01T14:23:26.338,15054.87014
90.14500,1.02990,-1847.85773,394683.82555,3385597.01252,1.13933,0.02196,10467737.21568,2000-05-01T16:02:01.420,15051.05473
90.15501,1.29647,-1853.24076,394742.52059,3385640.16276,1.13457,0.02133,10431202.26999,2000-05-01T05:52:57.931,15043.01073
90.16500,1.14035,-1847.40950,394643.71129,3385656.06164,1.14396,0.02229,10451234.39040,2000-05-01T11:26:49.425,15048.14360
90.17500,1.09103,-1843.88618,394615.09027,3385646.15320,1.13895,0.01940,10364803.55883,2000-04-30T11:26:28.984,15028.32137
90.18500,1.29090,-1842.58080,394745.65945,3385637.59871,1.13533,0.01916,10431226.13714,2000-05-01T05:53:27.940,15044.02766
90.19500,0.99883,-1831.58369,394578.06025,3385676.39504,1.13778,0.02026,10405074.31587,2000-04-30T22:37:36.586,15039.25778
90.20501,1.62503,-1853.69609,394829.68356,3385652.50443,1.14103,0.02038,10397583.59610,2000-04-30T20:32:41.395,15040.46534
90.21503,1.45434,-1840.43944,394814.10946,3385631.06410,1.14320,0.01966,10423116.21225,2000-05-01T03:38:21.661,15039.07605
90.22499,1.22862,-1839.03779,394667.49030,3385675.24028,1.13880,0.01952,10391150.34729,2000-04-30T18:45:30.840,15035.85963
90.23499,1.38490,-1845.84325,394732.61575,3385654.05527,1.14298,0.01987,10353649.94731,2000-04-30T08:20:33.318,15031.57667
90.24502,0.98939,-1832.89624,394590.57590,3385663.50000,1.14644,0.01972,10448087.81710,2000-05-01T10:34:25.828,15047.83770
90.25501,1.19913,-1840.39954,394663.77219,3385660.86820,1.14512,0.01883,10326907.77891,2000-04-30T00:54:45.738,15025.61393
90.26500,0.81966,-1832.64488,394489.82262,3385702.91701,1.14218,0.02030,10472303.65164,2000-05-01T17:17:56.593,15052.11535
90.27500,1.25374,-1836.80736,394672.47120,3385656.32797,1.14234,0.01966,10413188.88922,2000-05-01T00:52:39.126,15040.14192
90.28501,1.01163,-1830.16689,394560.50464,3385658.50566,1.14305,0.01917,10307561.91050,2000-04-29T19:32:17.294,15026.47423
90.29501,1.15828,-1828.80082,394662.05300,3385622.57283,1.14642,0.02001,10422601.27079,2000-05-01T03:29:37.749,15043.05395
90.30500,1.45268,-1850.96529,394746.66647,3385664.70034,1.14377,0.02002,10377276.57065,2000-04-30T14:54:11.913,15032.27055
90.31500,0.91689,-1831.16906,394499.86792,3385705.06127,1.14154,0.02200,10419851.68326,2000-05-01T02:43:50.925,15041.89992
90.32499,1.21089,-1846.74549,394662.72898,3385640.15923,1.13330,0.02047,10447560.06593,2000-05-01T10:25:43.499,15044.12871
90.33498,1.06594,-1833.35618,394610.60778,3385644.25523,1.13702,0.02048,10422832.17466,2000-05-01T03:33:29.459,15044.11727
90.34499,0.85414,-1830.94822,394500.21728,3385684.45020,1.13359,0.02097,10424336.80792,2000-05-01T03:58:32.103,15041.54929
90.35500,1.33945,-1835.30220,394694.09089,3385656.68932,1.13407,0.02180,10266925.91921,2000-04-29T08:15:09.494,15020.05484
90.36501,0.77417,-1824.34154,394465.80466,3385674.39114,1.13509,0.02013,10397420.76843,2000-04-30T20:30:04.529,15037.96724
90.37500,1.14575,-1834.83164,394634.21659,3385644.82227,1.13707,0.02069,10453874.67785,2000-05-01T12:10:50.198,15050.92862
90.38497,1.16668,-1853.22878,394588.03917,3385729.00325,1.13187,0.01979,9972819.88427,2000-04-25T22:33:43.634,14891.67970
90.39499,1.39393,-1846.23052,394717.04287,3385664.41007,1.14215,0.02149,10244979.21819,2000-04-29T02:09:40.296,14987.00324
90.40499,0.82875,-1821.73171,394503.90272,3385664.87225,1.14188,0.01742,10247882.94581,2000-04-29T02:57:42.727,14999.68499
90.41501,1.59839,-1859.38038,394798.48718,3385655.51396,1.14155,0.01858,10255588.81960,2000-04-29T05:06:07.497,15003.46875
90.42500,1.15576,-1841.67918,394629.71814,3385664.23632,1.13903,0.01810,10307593.45188,2000-04-29T19:32:59.789,15009.86791
90.43500,1.10998,-1835.24170,394618.58975,3385672.54646,1.14075,0.01822,10355653.17648,2000-04-30T08:54:02.672,15017.00577
90.44501,1.08305,-1844.32635,394592.28481,3385673.03726,1.14737,0.02015,10328750.16760,2000-04-30T01:25:38.469,15019.60889
90.45501,0.97762,-1831.85840,394564.62376,3385651.27327,1.14120,0.01839,10329110.11993,2000-04-30T01:31:26.979,15018.27158
90.46501,1.01896,-1825.75969,394590.87953,3385663.47136,1.14283,0.01836,10291304.80197,2000-04-29T15:01:20.921,15009.78380
90.47499,1.33197,-1846.55732,394680.97376,3385664.56041,1.13785,0.02097,10363529.10923,2000-04-30T11:05:10.032,15022.61963
90.48499,0.98009,-1823.89150,394549.88993,3385687.32969,1.14247,0.02235,10471737.52446,2000-05-01T17:08:40.111,15041.27084
90.49499,1.35678,-1819.57576,394720.17235,3385661.32311,1.14211,0.02187,10318882.16421,2000-04-29T22:40:59.112,15013.60211
90.50499,0.72155,-1808.28276,394430.10742,3385681.46849,1.14201,0.02137,10306918.95387,2000-04-29T19:21:41.048,15014.73499
90.51500,1.39151,-1827.48163,394667.69435,3385690.44651,1.13521,0.02011,10246838.41623,2000-04-29T02:40:18.437,15007.16801
90.52501,1.02491,-1816.23502,394549.66461,3385681.79661,1.13194,0.01940,10369750.88016,2000-04-30T12:48:54.272,15023.49885
90.53500,1.06475,-1799.87331,394586.11434,3385681.21242,1.13741,0.01792,10373450.92584,2000-04-30T13:50:41.125,15025.67697
90.54501,1.14194,-1819.07206,394603.05739,3385686.66006,1.13604,0.01705,10307284.14883,2000-04-29T19:27:46.110,15016.11972
90.55502,0.69707,-1798.78976,394452.60074,3385673.39039,1.13956,0.01559,10531498.31218,2000-05-02T09:44:31.118,15049.92046
90.56499,1.03348,-1815.92926,394565.88677,3385695.31451,1.13765,0.01449,10276825.81658,2000-04-29T11:00:04.375,15009.94186
90.57502,1.44177,-1824.28203,394841.50304,3385623.37043,1.13146,0.01515,10413353.78299,2000-05-01T00:55:44.275,15029.70534
90.58502,1.16481,-1825.67638,394657.87758,3385687.47766,1.14391,0.01506,10415325.31687,2000-05-01T01:28:26.139,15029.36253
90.59500,1.28809,-1821.67715,394681.80405,3385689.41513,1.14322,0.01552,10368217.40950,2000-04-30T12:23:20.123,15027.35264
90.60500,1.66200,-1839.77822,394851.32633,3385665.91675,1.13672,0.01538,10357360.49222,2000-04-30T09:22:25.376,15022.45257
90.61500,0.94012,-1808.72595,394591.30502,3385664.26434,1.13827,0.01664,10382014.93859,2000-04-30T16:13:23.287,15027.96659
90.62499,1.20741,-1819.02377,394657.91102,3385690.72057,1.14455,0.01696,10417869.21346,2000-05-01T02:10:52.506,15034.31700
90.63500,1.45133,-1830.06216,394766.89593,3385665.72204,1.13771,0.01698,10394559.74734,2000-04-30T19:42:31.780,15028.37225
90.64499,0.99851,-1809.71105,394617.25466,3385641.06891,1.14606,0.01765,10363845.17476,2000-04-30T11:10:28.279,15026.46427
90.65499,1.20271,-1831.14341,394680.24076,3385696.34901,1.14180,0.01721,10444604.27941,2000-05-01T09:36:24.735,15034.67679
90.66499,1.27721,-1806.65020,394708.93388,3385657.81125,1.15050,0.01695,10387140.44824,2000-04-30T17:38:49.058,15025.50186
90.67499,1.54619,-1827.94412,394827.88147,3385665.13671,1.14042,0.01962,10370785.65053,2000-04-30T13:06:07.403,15027.54737
90.68500,1.15722,-1810.41338,394641.95428,3385696.85612,1.14771,0.02089,10431447.52608,2000-05-01T05:57:13.341,15032.82174
90.69500,1.24140,-1821.03872,394691.60434,3385676.88279,1.13945,0.02174,10496080.28498,2000-05-01T23:54:18.642,15046.98671
90.70499,1.14332,-1820.02836,394629.63232,3385706.28245,1.13403,0.02177,10412001.44857,2000-05-01T00:33:07.052,15027.89912
90.71500,1.73689,-1824.21647,394893.29034,3385650.71423,1.13405,0.02149,10355688.28387,2000-04-30T08:54:28.811,15025.90122
90.72500,0.92177,-1800.51877,394580.62629,3385673.27926,1.13202,0.02188,10446166.66154,2000-05-01T10:02:32.840,15035.10168
90.73501,1.19866,-1816.38031,394682.21008,3385679.13079,1.13754,0.01719,10423678.70298,2000-05-01T03:47:40.539,15033.86330
90.74500,1.16669,-1814.68259,394667.80480,3385675.25884,1.13393,0.01716,10433992.24258,2000-05-01T06:39:39.457,15038.16462
90.75499,1.57216,-1835.02372,394768.22278,3385719.30376,1.13146,0.01597,10454428.35389,2000-05-01T12:20:13.607,15037.90865
90.76498,1.21697,-1816.49020,394685.68243,3385687.25432,1.13689,0.01832,10410587.38012,2000-05-01T00:09:31.270,15033.38363
90.77499,1.17044,-1826.67434,394655.61138,3385683.26704,1.13674,0.01653,10392231.65974,2000-04-30T19:03:36.143,15030.05109
90.78498,1.19576,-1817.56353,394649.70275,3385698.35415,1.13301,0.01722,10470939.37463,2000-05-01T16:55:13.173,15039.89194
90.79501,1.13886,-1816.54723,394642.27549,3385664.94208,1.13870,0.01740,10395447.89495,2000-04-30T19:57:03.465,15028.31701
90.80500,1.28467,-1823.60016,394718.56556,3385657.95014,1.12986,0.01774,10426132.01284,2000-05-01T04:28:35.402,15029.62781
90.81500,1.38817,-1827.49704,394719.25870,3385676.40299,1.12912,0.01694,10310475.05818,2000-04-29T20:20:53.914,15019.86557
90.82501,0.73605,-1808.57102,394465.00945,3385687.38621,1.12707,0.01560,10346902.48831,2000-04-30T06:28:00.088,15022.74973
90.83501,1.44179,-1837.39096,394764.64813,3385666.34136,1.13423,0.01912,10459048.99848,2000-05-01T13:37:17.442,15033.03575
90.84500,1.18603,-1826.94630,394676.76158,3385639.28438,1.13353,0.01660,10343474.65407,2000-04-30T05:30:55.311,15022.39855
90.85501,0.77600,-1813.94313,394468.04916,3385694.83902,1.12941,0.01564,10443820.59489,2000-05-01T09:23:19.979,15045.30052
90.86501,1.26106,-1815.40704,394721.04683,3385628.07406,1.12716,0.01552,10394554.19281,2000-04-30T19:42:21.114,15036.60457
90.87500,0.84104,-1808.34651,394514.01551,3385681.60793,1.13252,0.01502,10430446.02853,2000-05-01T05:40:19.419,15037.93126
90.88500,1.01820,-1821.92312,394689.76209,3385667.67946,1.12290,0.01483,10406119.19015,2000-04-30T22:54:57.580,15038.04741
90.89500,1.06355,-1820.44266,394702.65744,3385668.18483,1.12720,0.01580,10489368.99009,2000-05-01T22:02:39.585,15047.82370
90.90500,1.28246,-1829.24890,394766.82413,3385660.18876,1.12980,0.01591,10433450.67858,2000-05-01T06:30:31.567,15043.51358
90.91500,1.34967,-1846.81818,394811.89771,3385651.48217,1.13037,0.01529,10425942.17860,2000-05-01T04:25:18.853,15036.08910
90.92499,0.84005,-1816.23909,394602.07693,3385660.63715,1.12566,0.01570,10437522.41954,2000-05-01T07:38:34.539,15037.19903
90.93500,1.38580,-1832.77460,394813.62268,3385657.93303,1.13040,0.01528,10414456.35545,2000-05-01T01:14:03.702,15037.93386
90.94501,1.04389,-1799.22037,394715.90637,3385655.53868,1.13092,0.01584,10495010.29255,2000-05-01T23:36:31.224,15047.26348
90.95500,1.12348,-1817.36036,394707.53067,3385674.58679,1.13184,0.01441,10447112.23534,2000-05-01T10:18:22.481,15045.84546
90.96500,0.52967,-1781.76838,394468.06629,3385677.00198,1.13554,0.01578,10392870.34424,2000-04-30T19:14:13.631,15036.15794
90.97499,1.57425,-1825.82305,394870.65396,3385681.56154,1.13840,0.01623,10438616.51571,2000-05-01T07:56:41.102,15042.61054
90.98501,1.38274,-1822.08333,394801.76271,3385676.53014,1.13453,0.01517,10447833.52190,2000-05-01T10:30:22.353,15044.10722
90.99501,1.08924,-1811.19936,394689.86211,3385669.76480,1.14341,0.01548,10435147.86751,2000-05-01T06:58:51.770,15041.39976
91.00499,1.04049,-1803.64837,394659.28173,3385677.36839,1.13849,0.01533,10405376.24325,2000-04-30T22:42:40.887,15034.17520
91.01501,1.30949,-1808.18983,394791.27716,3385661.66641,1.13368,0.01626,10383891.57158,2000-04-30T16:44:31.934,15031.49903
91.02500,1.15340,-1807.35234,394905.40136,3385700.15745,1.13977,0.01602,10589443.66027,2000-05-03T01:50:16.780,15065.28824
91.03499,1.15455,-1802.94985,394852.76041,3385675.30876,1.13920,0.01623,10568560.39663,2000-05-02T20:02:16.330,15063.16139
91.04500,1.28221,-1812.55646,394846.35903,3385670.11284,1.13430,0.01457,10465972.03808,2000-05-01T15:32:22.888,15048.53203
91.05500,1.16539,-1803.33509,394789.65689,3385673.91154,1.13358,0.01523,10439817.62885,2000-05-01T08:16:39.791,15041.96398
91.06500,1.14548,-1803.88298,394760.77755,3385655.13100,1.13964,0.01598,10454903.30042,2000-05-01T12:27:58.556,15045.62849
91.07501,1.07774,-1800.35724,394717.80615,3385672.04092,1.14204,0.01577,10365237.11785,2000-04-30T11:33:28.313,15031.43699
91.08500,1.19283,-1805.12529,394755.46384,3385680.77366,1.14671,0.01597,10496070.27506,2000-05-01T23:54:14.421,15053.40620
91.09502,1.04616,-1794.40304,394707.71826,3385682.29382,1.14167,0.01502,10442325.37238,2000-05-01T08:58:20.792,15041.97581
91.10501,0.74761,-1783.30360,394561.89416,3385686.59130,1.14740,0.01559,10410066.77485,2000-05-01T00:00:46.610,15036.75736
91.11499,1.27024,-1802.16897,394768.81239,3385684.79703,1.15584,0.01620,10363564.05984,2000-04-30T11:05:35.471,15027.80995
91.12500,1.31218,-1794.27412,394791.70106,3385681.70257,1.14616,0.01559,10459315.46565,2000-05-01T13:41:41.402,15045.22528
91.13498,1.33711,-1790.05429,394836.02145,3385647.48643,1.14485,0.01536,10442156.55710,2000-05-01T08:55:35.898,15042.07646
91.14499,0.90462,-1788.14022,394624.51654,3385679.80232,1.14087,0.01502,10420200.67374,2000-05-01T02:49:45.283,15038.35033
91.15501,1.05984,-1800.50432,394679.44103,3385687.72120,1.14595,0.01669,10457924.25951,2000-05-01T13:18:26.237,15045.97369
91.16500,1.23415,-1790.66383,394766.13773,3385666.06063,1.14776,0.01468,10383069.11140,2000-04-30T16:30:45.159,15033.47433
91.17500,0.93254,-1792.05732,394614.26825,3385703.41682,1.14629,0.01536,10369480.80323,2000-04-30T12:44:27.302,15031.28101
91.18500,1.09791,-1794.14561,394722.70189,3385671.62153,1.14985,0.01416,10442283.67528,2000-05-01T08:57:46.097,15046.25862
91.19499,1.37629,-1805.00635,394806.13923,3385694.25539,1.15352,0.01608,10514631.89744,2000-05-02T05:03:29.847,15050.87473
91.20501,1.19517,-1797.59955,394708.55208,3385709.80969,1.15438,0.01593,10335716.64569,2000-04-30T03:21:35.608,15027.38845
91.21500,1.12978,-1790.70640,394720.28824,3385663.45882,1.14866,0.01584,10510958.66152,2000-05-02T04:02:22.226,15046.17993
91.22501,1.06661,-1788.78831,394681.08002,3385684.09892,1.14293,0.01553,10520771.49059,2000-05-02T06:45:52.660,15056.31590
91.23502,1.07413,-1797.28692,394683.42674,3385677.19968,1.15237,0.01602,10380749.10852,2000-04-30T15:52:12.045,15036.41779
91.24500,1.09398,-1803.38966,394692.98830,3385707.38540,1.14739,0.01567,10556668.39188,2000-05-02T16:44:02.684,15056.06941
91.25498,1.13747,-1801.14812,394726.23887,3385652.28620,1.14442,0.01576,10397161.41896,2000-04-30T20:25:38.314,15038.02469
91.26497,0.82492,-1790.05141,394603.30359,3385687.00088,1.14562,0.01499,10483969.92195,2000-05-01T20:32:35.725,15046.57603
91.27499,1.26021,-1812.92416,394752.81948,3385671.61622,1.14227,0.01544,10568422.36923,2000-05-02T19:59:58.286,15062.54801
91.28499,1.58554,-1817.81393,394927.34340,3385641.45135,1.14031,0.01590,10498909.57940,2000-05-02T00:41:29.764,15050.15573
91.29501,0.94223,-1800.90232,394646.53988,3385675.58807,1.13827,0.01617,10477586.36700,2000-05-01T18:46:10.734,15046.29001
91.30500,1.51702,-1819.60494,394919.11166,3385641.37416,1.13564,0.01558,10357311.91076,2000-04-30T09:21:20.192,15027.33366
91.31500,1.22618,-1809.85376,394731.19683,3385710.23113,1.13810,0.01517,10551949.44315,2000-05-02T15:25:29.470,15059.20282
91.32501,1.28988,-1808.41760,394803.05217,3385674.67657,1.13592,0.01717,10411437.82956,2000-05-01T00:23:36.011,15035.21659
91.33500,0.78421,-1784.40936,394573.72885,3385681.01387,1.13678,0.01837,10441382.33387,2000-05-01T08:42:40.065,15042.81089
91.34502,1.29985,-1794.97598,394774.04197,3385715.22924,1.13837,0.02371,10552162.26472,2000-05-02T15:28:53.431,15062.19454
91.35501,1.32742,-1804.17109,394792.70680,3385679.83423,1.14427,0.01966,10389826.91854,2000-04-30T18:23:20.389,15035.36159
91.36500,1.07302,-1802.68930,394678.09405,3385679.13807,1.14022,0.01951,10495423.99649,2000-05-01T23:43:19.980,15052.19013
91.37501,1.41408,-1816.52061,394873.80319,3385644.83507,1.13276,0.01746,10494598.53054,2000-05-01T23:29:41.663,15046.85152
91.38500,0.92553,-1794.01626,394631.02088,3385684.08328,1.14162,0.01670,10464640.75843,2000-05-01T15:10:18.261,15045.86068
91.39499,1.26949,-1797.82840,394796.03805,3385641.82681,1.13383,0.01500,10348341.93649,2000-04-30T06:52:03.956,15026.26910
91.40502,1.26967,-1813.68836,394778.16041,3385681.89199,1.13652,0.01567,10434772.86693,2000-05-01T06:52:31.139,15041.49358
91.41501,1.47601,-1808.17482,394868.61535,3385665.31366,1.13792,0.01557,10539867.99829,2000-05-02T12:04:10.820,15058.26388
91.42499,1.58130,-1805.08157,394913.48035,3385657.03423,1.14115,0.01494,10382806.35407,2000-04-30T16:26:25.739,15031.02052
91.43501,0.79934,-1785.75187,394572.58304,3385708.58933,1.14145,0.01609,10479311.45614,2000-05-01T19:14:49.795,15045.80516
91.44501,1.20962,-1792.98244,394739.40219,3385694.32774,1.14637,0.01558,10437339.83024,2000-05-01T07:35:22.092,15041.69223
91.45499,1.05133,-1788.01040,394684.16256,3385677.22215,1.14135,0.01581,10451787.01743,2000-05-01T11:35:59.467,15046.16346
91.46501,1.43477,-1799.33262,394855.71170,3385674.02756,1.13334,0.01559,10403846.07611,2000-04-30T22:17:07.878,15037.86086
91.47500,1.40310,-1794.00058,394839.37738,3385664.95992,1.13651,0.01591,10446114.08503,2000-05-01T10:01:34.886,15041.09703
91.48498,1.07221,-1773.35619,394728.80314,3385679.16489,1.13654,0.01565,10482589.71176,2000-05-01T20:09:32.877,15047.22421
91.49499,1.22244,-1785.99814,394723.06582,3385702.74171,1.13792,0.01579,10424317.67722,2000-05-01T03:58:19.152,15039.18251
91.50498,1.16846,-1771.89281,394707.39236,3385708.64612,1.13966,0.01564,10490138.71595,2000-05-01T22:15:16.628,15048.98604
91.51499,0.96368,-1771.51580,394651.66323,3385684.49075,1.13587,0.01497,10517093.90793,2000-05-02T05:44:38.058,15054.38367
91.52501,1.27267,-1781.81511,394798.88144,3385685.10718,1.12665,0.01610,10503009.80650,2000-05-02T01:49:54.039,15049.59809
91.53500,1.14860,-1773.15335,394748.73416,3385699.94157,1.13413,0.01536,10517345.35569,2000-05-02T05:48:47.066,15055.75781
91.54500,1.04118,-1774.08426,394630.58229,3385711.59739,1.12736,0.01611,10408520.65721,2000-04-30T23:35:04.907,15035.67879
91.55501,1.44841,-1786.55955,394774.95624,3385715.15523,1.13505,0.01466,10572993.27602,2000-05-02T21:16:11.235,15061.96916
91.56501,0.71171,-1748.65392,394476.33676,3385735.21152,1.14023,0.01587,10439652.75193,2000-05-01T08:13:52.808,15043.59374
91.57501,1.12531,-1766.47206,394648.16596,3385701.44864,1.13848,0.01653,10413579.94375,2000-05-01T00:59:23.498,15037.07145
91.58499,1.25931,-1762.40651,394700.37048,3385739.63866,1.13939,0.01794,10509021.80093,2000-05-02T03:30:04.220,15055.10206
91.59500,0.73475,-1742.19331,394483.48362,3385740.85507,1.14013,0.01876,10504961.15732,2000-05-02T02:22:16.739,15050.12269
91.60499,1.48551,-1770.14509,394788.85696,3385694.31031,1.13859,0.01560,10506259.22387,2000-05-02T02:44:00.828,15053.02532
91.61499,0.98861,-1760.71481,394532.24548,3385768.67019,1.13530,0.01621,10452936.11997,2000-05-01T11:55:25.643,15045.76703
91.62499,1.10295,-1766.80109,394631.58490,3385710.43996,1.13327,0.01626,10602081.95683,2000-05-03T05:21:12.764,15067.27183
91.63501,1.07007,-1765.06587,394594.52235,3385743.60239,1.13834,0.01782,10533721.32467,2000-05-02T10:21:41.135,15057.11300
91.64499,0.66885,-1754.41360,394462.99683,3385718.48562,1.13433,0.01565,10642025.54047,2000-05-03T16:26:48.660,15072.48068
91.65501,1.06193,-1762.94732,394596.86445,3385732.13980,1.14269,0.01602,10577926.41116,2000-05-02T22:38:34.174,15064.86652
91.66500,1.11741,-1764.07604,394607.21881,3385731.50628,1.13180,0.01566,10487746.05534,2000-05-01T21:35:27.266,15050.04741
91.67500,1.02437,-1750.89574,394601.87322,3385714.60582,1.14578,0.01851,10469998.88862,2000-05-01T16:39:43.754,15047.45759
91.68501,0.83823,-1748.12907,394521.79550,3385719.11317,1.14059,0.01851,10538079.96149,2000-05-02T11:34:21.290,15055.36707
91.69499,1.18516,-1758.73923,394608.04874,3385755.59305,1.14261,0.01767,10446487.90328,2000-05-01T10:07:50.419,15044.51454
91.70497,0.88428,-1762.77204,394508.25580,3385751.07190,1.14915,0.01753,10469743.83771,2000-05-01T16:35:33.776,15048.17606
91.71499,0.86966,-1750.56370,394527.66257,3385711.82290,1.14307,0.01820,10484823.74504,2000-05-01T20:46:52.715,15049.08733
91.72498,0.90710,-1750.81085,394527.56219,3385741.91228,1.14921,0.01608,10517010.00883,2000-05-02T05:43:25.095,15057.89426
91.73501,0.77149,-1747.11865,394462.01073,3385722.16641,1.14567,0.01671,10483504.90316,2000-05-01T20:24:53.195,15047.82490
91.74499,0.96744,-1754.86781,394544.09714,3385747.05894,1.13758,0.01676,10608977.46330,2000-05-03T07:16:07.365,15068.34315
91.75499,0.83364,-1739.70020,394506.33172,3385719.96639,1.13856,0.01584,10461170.47947,2000-05-01T14:12:33.408,15045.31101
91.76500,0.83956,-1745.07931,394476.78666,3385770.46810,1.14055,0.01710,10556020.99588,2000-05-02T16:33:35.609,15056.77548
91.77501,1.00888,-1749.64632,394559.15455,3385743.50407,1.14044,0.01749,10529697.16094,2000-05-02T09:14:46.221,15055.55611
91.78499,1.07050,-1745.39154,394550.39947,3385743.88238,1.14434,0.01819,10541330.71677,2000-05-02T12:28:44.487,15055.81951
91.79501,0.78315,-1740.34021,394408.17482,3385780.96851,1.13784,0.01883,10427883.67025,2000-05-01T04:57:51.556,15039.89125
91.80500,0.70174,-1743.80869,394458.27332,3385752.65640,1.14746,0.01938,10511425.99961,2000-05-02T04:10:14.641,15053.67983
91.81501,1.39068,-1769.22297,394698.26522,3385736.69394,1.13990,0.01902,10594321.15886,2000-05-03T03:12:03.216,15065.19287
91.82501,0.72910,-1744.10602,394429.76634,3385772.77961,1.13754,0.01854,10544437.21696,2000-05-02T13:20:24.715,15062.34781
91.83499,0.68062,-1738.95276,394442.68244,3385718.01752,1.13860,0.01858,10461908.11968,2000-05-01T14:24:51.846,15046.04480
91.84500,0.76302,-1747.62961,394457.57464,3385760.08683,1.14697,0.01923,10572118.88571,2000-05-02T21:01:47.366,15061.92006
91.85501,1.37726,-1774.39219,394724.38874,3385715.88265,1.14028,0.01884,10559839.47189,2000-05-02T17:37:12.795,15063.30205
91.86501,1.08258,-1757.71354,394579.59108,3385742.99504,1.14717,0.01714,10481521.87517,2000-05-01T19:51:52.575,15045.99831
91.87500,0.94870,-1757.75706,394544.72736,3385753.40009,1.14531,0.01871,10580071.13222,2000-05-02T23:14:21.115,15066.97502
91.88501,0.77968,-1747.53240,394480.28996,3385730.65866,1.14998,0.01667,10538433.78476,2000-05-02T11:40:20.446,15057.80084
91.89499,1.18860,-1759.11843,394638.69306,3385724.58767,1.15652,0.01879,10486539.30091,2000-05-01T21:15:36.324,15048.07476
91.90498,0.96927,-1755.13077,394552.77432,3385739.56229,1.14995,0.01611,10472590.23956,2000-05-01T17:23:02.885,15047.59805
91.91500,1.39388,-1764.80277,394742.86031,3385706.92074,1.15047,0.01534,10504507.09111,2000-05-02T02:14:53.067,15051.66771
91.92500,0.72440,-1737.47979,394447.03671,3385758.51307,1.14386,0.01500,10513192.80912,2000-05-02T04:39:39.710,15051.29322
91.93502,1.23575,-1744.20078,394668.00745,3385705.52900,1.14908,0.01590,10426407.70616,2000-05-01T04:33:17.658,15042.21267
91.94500,1.10971,-1755.13820,394586.56222,3385774.88948,1.15099,0.01544,10486016.71393,2000-05-01T21:06:38.995,15053.03805
91.95500,1.28622,-1752.63916,394690.71047,3385710.22240,1.15558,0.01495,10468841.27827,2000-05-01T16:20:33.008,15049.14363
91.96501,0.97323,-1750.55371,394563.25342,3385733.11925,1.15490,0.01577,10530632.70628,2000-05-02T09:30:24.270,15053.34991
91.97500,0.91966,-1747.40877,394549.34413,3385733.83429,1.15537,0.01562,10539412.92529,2000-05-02T11:56:49.122,15056.40024
91.98500,1.05753,-1758.77691,394611.14772,3385721.83196,1.15428,0.01553,10511416.20351,2000-05-02T04:09:58.681,15053.95955
91.99500,1.12614,-1760.20567,394610.37721,3385715.94114,1.14897,0.01533,10456830.26931,2000-05-01T13:00:12.080,15048.49635
92.00501,1.16575,-1763.05929,394616.58203,3385725.60038,1.14428,0.01522,10522554.34584,2000-05-02T07:15:45.530,15052.23270
92.01498,0.94631,-1752.97986,394575.84257,3385719.94845,1.15099,0.01501,10463892.11470,2000-05-01T14:57:56.121,15045.07411
92.02500,1.03451,-1764.64376,394575.23134,3385739.16223,1.15244,0.01609,10617459.42358,2000-05-03T09:37:35.901,15071.40827
92.03500,1.25778,-1778.65280,394661.74754,3385721.85158,1.14850,0.01484,10461338.12005,2000-05-01T14:15:25.109,15046.69492
92.04502,0.78810,-1756.30721,394464.00853,3385740.90221,1.15049,0.01534,10594589.73561,2000-05-03T03:16:09.974,15067.47122
92.05500,1.04540,-1759.27429,394609.04896,3385714.45467,1.15357,0.01817,10490433.14413,2000-05-01T22:20:14.812,15050.74641
92.06500,0.79080,-1752.81786,394478.59625,3385729.64093,1.14678,0.01824,10449540.98741,2000-05-01T10:58:41.956,15045.18597
92.07501,1.08081,-1764.57209,394589.42725,3385739.65301,1.15001,0.01850,10576913.88676,2000-05-02T22:21:43.684,15063.35365
92.08501,1.51358,-1776.18210,394778.37138,3385706.30320,1.14758,0.01751,10575717.24347,2000-05-02T22:01:40.854,15063.61410
92.09500,0.66265,-1744.36302,394433.59266,3385728.42467,1.15034,0.01786,10686745.12520,2000-05-04T04:52:12.682,15079.88700
92.10502,0.86188,-1753.27703,394603.64922,3385745.71553,1.14673,0.01746,10529814.63185,2000-05-02T09:16:37.193,15056.05124
92.11499,0.78585,-1744.19394,394629.77037,3385730.83025,1.14478,0.01915,10632614.28534,2000-05-03T13:50:04.160,15071.58727
92.12500,1.02027,-1753.14659,394698.91607,3385745.58148,1.14984,0.01798,10652782.74560,2000-05-03T19:25:59.055,15075.85915
92.13502,0.93425,-1746.12260,394632.14894,3385746.98514,1.14599,0.01753,10606375.84092,2000-05-03T06:32:39.211,15067.86907
92.14498,0.87139,-1748.02764,394603.27079,3385787.21185,1.15318,0.01759,10630691.14704,2000-05-03T13:17:54.548,15067.97661
92.15499,0.57446,-1724.35388,394490.60936,3385748.44561,1.14652,0.01856,10629228.54560,2000-05-03T12:53:30.714,15070.32855
92.16500,1.18163,-1744.60474,394735.58681,3385720.16312,1.14529,0.01866,10494788.83772,2000-05-01T23:32:48.780,15048.91428
92.17500,0.79891,-1734.08446,394511.88518,3385796.32560,1.15047,0.01739,10605742.52133,2000-05-03T06:22:01.957,15068.55957
92.18500,0.96795,-1734.44481,394617.98662,3385743.24206,1.15340,0.01478,10624012.69400,2000-05-03T11:26:37.449,15072.59889
92.19498,0.48712,-1716.97549,394363.88640,3385801.61428,1.15237,0.01542,10602609.00596,2000-05-03T05:29:54.885,15066.99510
92.20500,0.85199,-1734.13655,394599.68479,3385734.75342,1.15592,0.01602,10645283.16343,2000-05-03T17:21:06.728,15072.18605
92.21500,1.13396,-1738.83918,394648.31241,3385766.98319,1.14798,0.01501,10465332.49690,2000-05-01T15:21:55.664,15047.46414
92.22500,0.97474,-1742.05124,394653.89017,3385711.78694,1.14628,0.01558,10514379.89134,2000-05-02T04:59:15.625,15053.62497
92.23498,0.74537,-1733.06918,394500.42389,3385759.49915,1.14441,0.01490,10510700.36182,2000-05-02T03:58:10.475,15055.33030
92.24500,0.66923,-1728.87448,394495.75583,3385729.06660,1.14520,0.01501,10543402.74541,2000-05-02T13:03:03.404,15057.37810
92.25502,0.76866,-1731.95086,394488.09365,3385739.67956,1.14411,0.01654,10477115.93769,2000-05-01T18:38:28.307,15052.58414
92.26500,1.12878,-1745.89736,394688.97891,3385717.08827,1.14479,0.01434,10480134.74279,2000-05-01T19:28:39.569,15046.56284
92.27499,0.92376,-1748.62654,394556.95615,3385744.10638,1.14932,0.01631,10490971.08642,2000-05-01T22:29:15.280,15052.46099
92.28500,0.90024,-1729.81764,394581.77478,3385717.70471,1.14380,0.01486,10465081.68362,2000-05-01T15:17:35.998,15044.05933
92.29499,0.69659,-1735.01012,394463.10757,3385757.09217,1.14531,0.01596,10623524.83649,2000-05-03T11:18:31.737,15073.46816
92.30501,1.14692,-1744.83532,394658.43081,3385730.48914,1.14515,0.01487,10555076.91488,2000-05-02T16:17:37.202,15061.77922
92.31499,0.45453,-1730.89781,394338.04153,3385763.80097,1.14426,0.01437,10472868.47398,2000-05-01T17:27:37.773,15048.36505
92.32500,1.01055,-1744.76541,394600.80697,3385738.92342,1.13946,0.01576,10568346.04632,2000-05-02T19:58:47.213,15061.26950
92.33501,0.91031,-1740.50561,394579.78707,3385721.17032,1.13370,0.01482,10535115.95141,2000-05-02T10:44:50.955,15056.73809
92.34502,0.73278,-1729.61942,394477.42878,3385725.29205,1.14257,0.01515,10527060.97182,2000-05-02T08:30:47.803,15055.77601
92.35501,1.12068,-1744.10590,394641.72982,3385751.26110,1.14763,0.01652,10556446.52776,2000-05-02T16:40:29.193,15060.35985
92.36500,0.81711,-1731.29277,394489.19355,3385761.49379,1.15269,0.01780,10522091.13192,2000-05-02T07:07:48.664,15056.25174
92.37499,0.99827,-1732.27981,394600.53414,3385738.90487,1.14575,0.01772,10577490.11162,2000-05-02T22:31:18.749,15061.53357
92.38499,0.99051,-1731.60828,394559.03765,3385754.80455,1.14729,0.01877,10377090.72127,2000-04-30T14:50:59.894,15035.47635
92.39500,0.94738,-1741.46806,394557.23537,3385748.08994,1.14188,0.02073,10583590.23088,2000-05-03T00:12:59.264,15061.83733
92.40501,0.96189,-1737.25070,394555.72636,3385748.23774,1.14628,0.01936,10559763.17389,2000-05-02T17:35:37.876,15061.92166
92.41501,0.67615,-1728.89435,394449.22312,3385756.84192,1.14300,0.01967,10529989.81199,2000-05-02T09:19:27.621,15055.38790
92.42499,1.20369,-1742.01226,394662.51686,3385727.07877,1.14673,0.01970,10510983.13343,2000-05-02T04:02:52.387,15054.31172
92.43500,0.87027,-1732.02872,394541.94788,3385734.84961,1.15004,0.01985,10505120.53886,2000-05-02T02:25:04.507,15054.12508
92.44500,0.84434,-1723.12149,394497.22659,3385750.73135,1.14441,0.02081,10583288.93236,2000-05-03T00:07:50.350,15065.46767
92.45499,0.98202,-1724.79159,394568.56650,3385748.67274,1.13943,0.02018,10550936.20171,2000-05-02T15:08:38.420,15057.78492
92.46502,1.10664,-1731.63025,394585.56304,3385773.88959,1.13796,0.02045,10477687.07305,2000-05-01T18:47:51.389,15047.49213
92.47500,0.89541,-1718.18351,394513.69845,3385750.11007,1.13881,0.02081,10529542.21666,2000-05-02T09:12:06.750,15055.34186
92.48501,0.74630,-1719.92592,394445.70246,3385784.01425,1.14135,0.02176,10590168.16045,2000-05-03T02:02:35.614,15064.75984
92.49501,0.72304,-1714.29151,394405.59792,3385790.08064,1.13651,0.02049,10415988.62488,2000-05-01T01:39:28.168,15040.61119
92.50499,0.97601,-1725.74393,394536.61273,3385774.97967,1.13684,0.02014,10618183.31660,2000-05-03T09:49:31.448,15070.20105
92.51501,0.85435,-1717.65716,394478.66433,3385775.88583,1.13341,0.01982,10563838.77110,2000-05-02T18:43:41.439,15062.07544
92.52501,0.98155,-1710.43986,394513.44147,3385781.86767,1.13860,0.01985,10597151.95754,2000-05-03T03:58:50.870,15068.66474
92.53500,1.09010,-1717.84016,394569.41576,3385782.93169,1.13254,0.01781,10576094.58929,2000-05-02T22:07:52.348,15063.07578
92.54499,0.90080,-1708.60382,394454.34590,3385813.29829,1.12788,0.01776,10510273.29572,2000-05-02T03:50:57.097,15048.97813
92.55498,0.64581,-1688.67038,394364.85947,3385801.30834,1.12688,0.01742,10572442.18772,2000-05-02T21:06:59.968,15064.17794
92.56498,0.81414,-1692.92111,394416.87682,3385785.57117,1.13170,0.01841,10577347.12474,2000-05-02T22:28:44.454,15066.85380
92.57500,0.71945,-1691.56410,394414.48569,3385766.77784,1.13098,0.01842,10478263.06347,2000-05-01T18:57:19.040,15049.27316
92.58500,1.05609,-1690.30594,394524.97144,3385792.00267,1.13383,0.01790,10505583.39978,2000-05-02T02:32:30.235,15051.54899
92.59500,0.53776,-1679.33560,394256.45985,3385871.57224,1.13368,0.01740,10622033.29658,2000-05-03T10:53:28.692,15067.81835
92.60502,1.05060,-1687.42072,394456.76406,3385831.45201,1.13852,0.01691,10569424.43457,2000-05-02T20:16:37.885,15062.51619
92.61500,0.78907,-1675.61197,394361.59258,3385854.87703,1.13944,0.01719,10624356.08722,2000-05-03T11:32:10.115,15071.80248
92.62498,1.14132,-1683.08220,394504.21978,3385816.37681,1.13838,0.01769,10528859.53242,2000-05-02T09:00:40.760,15054.97930
92.63499,0.88415,-1676.11242,394395.44967,3385849.71845,1.13647,0.01723,10562400.33573,2000-05-02T18:19:38.161,15063.81504
92.64500,0.93518,-1664.63124,394431.61621,3385818.10216,1.13355,0.01838,10550288.52884,2000-05-02T14:57:42.696,15060.64760
92.65501,0.91235,-1665.96222,394418.78086,3385843.14420,1.13687,0.01767,10550690.60844,2000-05-02T15:04:34.608,15057.65226
92.66499,0.74242,-1660.79752,394352.40712,3385824.04261,1.14430,0.01954,10501178.13676,2000-05-02T01:19:20.048,15053.36308
92.67499,0.85620,-1666.34620,394431.89296,3385801.83209,1.13681,0.01961,10553272.11930,2000-05-02T15:47:32.486,15055.72458
92.68499,0.98979,-1667.74559,394415.91349,3385882.25481,1.14229,0.01940,10526844.77049,2000-05-02T08:26:58.086,15058.80555
92.69500,0.67221,-1657.41582,394341.57511,3385860.69091,1.13730,0.01954,10524706.81302,2000-05-02T07:51:30.819,15053.69151
92.70500,0.87079,-1654.59197,394425.34077,3385806.39571,1.13487,0.01762,10576343.27638,2000-05-02T22:11:58.797,15065.02919
92.71501,1.20421,-1672.01073,394523.65052,3385829.21665,1.14030,0.01770,10475344.36232,2000-05-01T18:08:36.797,15046.86024
92.72500,0.79264,-1668.43033,394356.44476,3385846.14667,1.13324,0.01717,10453633.73395,2000-05-01T12:07:01.808,15045.22521
92.73501,1.01061,-1662.06024,394495.92014,3385797.65740,1.14791,0.01722,10512638.85413,2000-05-02T04:30:14.861,15052.21621
92.74500,0.56769,-1648.62737,394280.52788,3385839.16259,1.14242,0.01819,10531117.71383,2000-05-02T09:38:20.074,15055.48364
92.75498,0.76491,-1660.02799,394336.80339,3385875.47246,1.14819,0.01794,10467374.01588,2000-05-01T15:55:48.616,15049.42524
92.76500,0.71696,-1642.54122,394357.06632,3385826.83829,1.14087,0.01800,10552560.79067,2000-05-02T15:35:41.962,15060.08849
92.77500,0.56482,-1630.22926,394209.21359,3385883.43425,1.14347,0.01947,10447756.79436,2000-05-01T10:28:59.779,15042.58715
92.78501,0.88775,-1644.01435,394392.26048,3385838.79856,1.14311,0.01482,10559595.24396,2000-05-02T17:32:52.274,15063.71355
92.79501,0.71753,-1642.32797,394306.06026,3385865.38255,1.14408,0.01464,10575967.11068,2000-05-02T22:05:46.168,15061.51485
92.80499,1.33587,-1663.13707,394570.11088,3385829.61361,1.14559,0.01497,10609194.37144,2000-05-03T07:19:33.611,15066.44079
92.81500,0.63880,-1649.32619,394273.06659,3385869.65818,1.14208,0.01501,10618110.46689,2000-05-03T09:48:03.898,15067.95401
92.82499,0.73564,-1644.72744,394372.89819,3385803.82419,1.13951,0.01472,10530834.35312,2000-05-02T09:33:43.317,15060.21014
92.83499,0.74769,-1668.52298,394332.93886,3385872.72652,1.14202,0.01575,10586893.18756,2000-05-03T01:07:57.003,15062.45357
92.84500,0.77723,-1661.12145,394359.10528,3385836.16765,1.14006,0.01408,10544709.92361,2000-05-02T13:24:46.603,15061.23037
92.85500,0.58806,-1651.83913,394299.61353,3385836.52947,1.14818,0.01550,10488721.44267,2000-05-01T21:51:43.262,15051.40885
92.86500,1.11765,-1678.37745,394528.64876,3385827.12906,1.14497,0.01462,10569774.54103,2000-05-02T20:22:43.435,15059.25354
92.87499,1.00298,-1674.71858,394495.67908,3385818.25130,1.14366,0.01456,10609864.39154,2000-05-03T07:30:45.067,15069.82495
92.88498,0.87363,-1678.75504,394401.54939,3385851.08077,1.14513,0.01594,10614768.61778,2000-05-03T08:52:34.584,15070.83204
92.89497,0.90590,-1669.52519,394438.43104,3385819.48986,1.14349,0.01421,10551675.15957,2000-05-02T15:20:54.058,15059.54621
92.90500,0.65158,-1666.14390,394364.11147,3385805.61559,1.12983,0.01443,10542347.24159,2000-05-02T12:45:30.610,15058.44191
92.91500,0.83283,-1668.11728,394432.26433,3385789.98881,1.13327,0.01530,10609195.72777,2000-05-03T07:19:40.721,15067.60176
92.92499,0.80047,-1673.82971,394371.68295,3385858.05075,1.13863,0.01516,10541893.26344,2000-05-02T12:37:59.115,15056.32286
92.93502,1.00605,-1673.89318,394486.10372,3385815.08004,1.14471,0.01567,10505642.83745,2000-05-02T02:33:47.774,15052.90601
92.94500,0.94260,-1678.91253,394462.71822,3385836.23049,1.13556,0.01501,10704841.70440,2000-05-04T09:53:41.570,15083.75467
92.95501,0.90541,-1682.25576,394436.96884,3385820.40068,1.13940,0.01479,10479310.11035,2000-05-01T19:14:50.164,15048.50186
92.96500,0.76127,-1669.40972,394378.46615,3385830.41786,1.13815,0.01408,10740593.33925,2000-05-04T19:49:34.209,15087.97088
92.97500,0.78301,-1666.75908,394428.62565,3385817.08848,1.14271,0.01460,10609382.43722,2000-05-03T07:22:41.012,15071.49754
92.98501,0.61443,-1656.12038,394302.08165,3385829.45891,1.14182,0.01475,10614441.20393,2000-05-03T08:47:04.585,15066.90034
92.99501,1.10775,-1685.44303,394518.28284,3385817.62981,1.13747,0.01554,10541922.84943,2000-05-02T12:38:31.847,15059.76450
93.00501,0.73375,-1672.31650,394372.04718,3385818.34402,1.13828,0.01546,10691848.09027,2000-05-04T06:17:08.142,15081.39220
93.01499,1.22700,-1697.77070,394548.54264,3385836.58889,1.14534,0.01427,10568723.63791,2000-05-02T20:05:04.682,15063.06713
93.02499,0.76283,-1682.88794,394402.40076,3385807.70092,1.14463,0.01492,10599034.64057,2000-05-03T04:30:17.423,15068.74832
93.03500,0.97803,-1680.28859,394489.07636,3385783.32789,1.14210,0.01485,10528391.29130,2000-05-02T08:53:04.164,15056.82735
93.04502,0.85838,-1680.49355,394454.19090,3385808.02909,1.14805,0.01506,10555830.50765,2000-05-02T16:30:12.485,15060.02371
93.05501,0.96855,-1685.78926,394461.72148,3385827.60735,1.14510,0.01468,10587783.39391,2000-05-03T01:22:37.701,15064.97771
93.06499,1.05215,-1691.60147,394541.09316,3385813.20682,1.14356,0.01469,10464866.59199,2000-05-01T15:14:13.643,15044.71600
93.07501,1.12641,-1690.90692,394596.99185,3385778.94679,1.14359,0.01538,10588031.07113,2000-05-03T01:26:52.262,15064.85455
93.08500,1.05810,-1702.85403,394549.22678,3385805.58827,1.14256,0.01515,10647746.98965,2000-05-03T18:02:08.725,15076.05541
93.09500,0.98748,-1695.91059,394524.56579,3385792.81866,1.14442,0.01492,10503021.26324,2000-05-02T01:49:55.695,15055.34340
93.10498,1.00633,-1682.68756,394498.22507,3385805.98801,1.14633,0.01547,10562804.68143,2000-05-02T18:26:19.791,15061.24956
93.11501,1.24870,-1694.59455,394609.79561,3385784.17824,1.15674,0.01506,10591549.14507,2000-05-03T02:25:27.949,15066.59298
93.12500,0.99932,-1684.00939,394474.63429,3385828.90112,1.14887,0.01495,10475250.63266,2000-05-01T18:07:14.254,15046.73282
93.13499,0.96990,-1678.67600,394492.97853,3385810.10326,1.14547,0.01488,10445312.60857,2000-05-01T09:48:10.364,15050.02434
93.14499,1.06819,-1691.02696,394500.33514,3385804.99536,1.14583,0.01561,10569008.69056,2000-05-02T20:09:48.055,15060.49180
93.15502,0.90212,-1688.01866,394439.87665,3385807.61502,1.14613,0.01515,10471114.62255,2000-05-01T16:58:21.355,15047.52312
93.16499,1.10044,-1677.67714,394576.73982,3385755.73708,1.15579,0.01555,10534972.62849,2000-05-02T10:42:28.586,15057.00691
93.17500,0.83623,-1685.50009,394434.93460,3385781.41482,1.15335,0.01521,10545641.22657,2000-05-02T13:40:21.406,15058.43541
93.18500,0.98926,-1698.66705,394469.95947,3385823.77429,1.15261,0.01500,10561491.16373,2000-05-02T18:04:26.902,15063.65382
93.19501,0.58861,-1685.33289,394321.61203,3385796.47589,1.15080,0.01564,10576505.14559,2000-05-02T22:14:37.196,15063.75218
93.20499,0.94560,-1694.63704,394477.06041,3385790.87343,1.15494,0.01435,10662887.89270,2000-05-03T22:14:26.370,15073.13254
93.21500,1.16087,-1705.38832,394565.14636,3385798.02220,1.15207,0.01529,10698673.68525,2000-05-04T08:10:58.047,15079.98182
93.22500,0.83035,-1689.35602,394410.66388,3385813.76508,1.14834,0.01509,10583737.09062,2000-05-03T00:15:28.589,15061.84246
93.23499,0.46691,-1678.93944,394303.76431,3385774.04653,1.15589,0.01477,10527516.94613,2000-05-02T08:38:15.981,15059.99052
93.24498,1.19840,-1714.28057,394549.99783,3385809.61484,1.15187,0.01487,10675478.97123,2000-05-04T01:44:23.811,15077.86529
93.25499,0.86288,-1692.23275,394441.82793,3385802.68562,1.15662,0.01459,10469263.08252,2000-05-01T16:27:24.154,15048.70580
93.26500,0.85142,-1685.39416,394431.22266,3385817.66737,1.15888,0.01879,10641072.60830,2000-05-03T16:10:47.129,15074.34552
93.27498,0.80897,-1681.92956,394394.03467,3385834.81136,1.15030,0.01797,10554716.67245,2000-05-02T16:11:35.829,15057.74904
93.28498,1.12349,-1687.96356,394559.49544,3385797.50924,1.14804,0.01711,10616619.28312,2000-05-03T09:23:18.177,15069.60878
93.29500,1.22571,-1698.99243,394559.58448,3385834.71931,1.14449,0.01763,10506161.04641,2000-05-02T02:42:20.840,15049.04559
93.30499,0.83345,-1685.81248,394400.11172,3385850.26871,1.14919,0.01771,10574063.97475,2000-05-02T21:34:00.482,15066.29820
93.31500,0.93414,-1679.42582,394511.32454,3385801.77973,1.14512,0.01644,10552616.58047,2000-05-02T15:36:26.639,15059.22239
93.32499,1.21704,-1698.95988,394545.88501,3385848.93305,1.14720,0.01735,10537436.33644,2000-05-02T11:23:31.542,15060.10859
93.33500,0.97589,-1690.91959,394500.46891,3385797.11840,1.15129,0.01748,10575109.08688,2000-05-02T21:51:31.821,15060.18895
93.34499,0.97217,-1691.11157,394484.75885,3385819.96501,1.15320,0.01784,10653527.32316,2000-05-03T19:38:28.485,15073.76810
93.35501,0.77597,-1687.96425,394434.36696,3385791.79487,1.15213,0.01712,10549389.81248,2000-05-02T14:42:46.940,15060.51166
93.36500,1.04243,-1696.27375,394519.94807,3385798.11621,1.14810,0.01739,10493111.86951,2000-05-01T23:04:39.201,15047.59687
93.37499,0.83257,-1692.41759,394429.79485,3385806.25502,1.15447,0.01712,10615675.94551,2000-05-03T09:07:27.146,15071.43745
93.38499,0.98709,-1692.93273,394503.09027,3385804.22627,1.15672,0.01997,10686988.02181,2000-05-04T04:55:59.742,15078.14526
93.39500,0.93972,-1683.67902,394491.52017,3385809.81902,1.15769,0.02058,10489393.24765,2000-05-01T22:02:41.913,15051.89429
93.40501,1.18408,-1682.77467,394552.60712,3385809.42502,1.15751,0.02001,10524980.41172,2000-05-02T07:55:58.270,15055.53437
93.41499,1.08266,-1681.91247,394548.99173,3385817.25590,1.15877,0.01900,10617725.82143,2000-05-03T09:41:38.845,15068.83779
93.42499,1.01089,-1680.84684,394469.90397,3385829.53671,1.15791,0.01927,10545618.74176,2000-05-02T13:39:53.090,15061.06386
93.43499,0.69408,-1671.73392,394403.65310,3385821.06518,1.15462,0.01928,10558063.59622,2000-05-02T17:07:17.905,15057.25764
93.44501,1.02450,-1672.29300,394520.47051,3385798.18567,1.15259,0.01998,10518351.10690,2000-05-02T06:05:31.564,15050.73851
93.45500,1.13144,-1682.20293,394572.33817,3385799.58993,1.15479,0.01977,10546009.22180,2000-05-02T13:46:22.632,15058.79699
93.46501,0.88047,-1672.25233,394449.88033,3385817.98128,1.15242,0.01916,10553302.95760,2000-05-02T15:47:56.510,15059.82872
93.47503,0.91601,-1674.64058,394490.19065,3385806.25850,1.15762,0.01933,10583550.64126,2000-05-03T00:11:58.258,15066.13877
93.48500,0.83678,-1668.29820,394405.34340,3385854.39529,1.15297,0.01957,10488942.17621,2000-05-01T21:55:10.979,15048.45378
93.49499,1.14851,-1679.12534,394569.52225,3385840.42970,1.15435,0.01938,10488256.36066,2000-05-01T21:43:51.075,15051.44416
93.50499,1.02411,-1655.29792,394505.29841,3385825.45923,1.15215,0.02007,10453237.09814,2000-05-01T12:00:05.885,15048.64690
93.51500,1.07036,-1652.05897,394570.23703,3385807.41197,1.15421,0.01950,10561164.41982,2000-05-02T17:58:52.938,15061.83136
93.52501,1.03497,-1652.09032,394551.85587,3385808.90602,1.15632,0.02046,10534229.01583,2000-05-02T10:29:57.422,15055.46128
93.53502,1.03779,-1656.97156,394517.31723,3385823.20990,1.15227,0.02008,10502076.19943,2000-05-02T01:34:05.159,15050.97841
93.54501,1.04395,-1664.44903,394492.57314,3385845.56119,1.14943,0.01845,10427141.08918,2000-05-01T04:45:11.928,15040.87143
93.55501,0.85309,-1660.32560,394463.85356,3385816.84489,1.15302,0.01976,10555740.11237,2000-05-02T16:28:41.688,15060.90729
93.56500,0.91223,-1662.10863,394428.56721,3385835.50214,1.15589,0.01951,10509900.47323,2000-05-02T03:44:34.872,15055.23356
93.57500,0.82171,-1656.19238,394413.23175,3385829.42635,1.14625,0.01824,10536044.21218,2000-05-02T11:00:23.380,15058.43527
93.58500,1.17138,-1670.02002,394602.14537,3385779.33070,1.15448,0.01801,10443240.23431,2000-05-01T09:13:39.061,15042.04125
93.59501,0.90285,-1662.11848,394378.79944,3385895.26503,1.14905,0.01776,10472002.50806,2000-05-01T17:12:53.995,15049.06634
93.60500,1.41014,-1685.28373,394675.86676,3385795.54237,1.15081,0.01708,10643520.17738,2000-05-03T16:51:32.461,15074.54217
93.61500,0.71673,-1662.42250,394359.05854,3385846.25593,1.14984,0.01716,10520279.63935,2000-05-02T06:37:29.784,15055.17701
93.62500,1.05822,-1676.26743,394551.39094,3385787.52148,1.14693,0.01834,10462018.65909,2000-05-01T14:26:50.419,15043.87674
93.63501,0.93274,-1676.24302,394470.67854,3385831.25586,1.14867,0.01645,10602663.91875,2000-05-03T05:30:44.353,15067.29366
93.64501,0.78473,-1669.07900,394368.57898,3385855.27817,1.14694,0.01772,10510411.39899,2000-05-02T03:53:09.596,15058.73101
93.65499,1.13950,-1674.61503,394529.99470,3385842.89930,1.15133,0.01735,10573553.43969,2000-05-02T21:25:26.559,15067.20760
93.66500,1.04725,-1662.99148,394505.86423,3385838.85829,1.15433,0.01780,10569643.62226,2000-05-02T20:20:24.168,15061.82108
93.67500,1.01647,-1657.90046,394527.27177,3385828.84614,1.15399,0.01669,10545609.28949,2000-05-02T13:39:41.360,15057.85438
93.68500,1.23271,-1665.47243,394589.22213,3385806.48987,1.15337,0.01844,10524510.13078,2000-05-02T07:48:09.837,15058.79533
93.69499,1.29495,-1674.04073,394626.70543,3385833.29072,1.15274,0.01797,10540301.17969,2000-05-02T12:11:17.949,15056.21997
93.70502,1.26680,-1667.34003,394634.26353,3385807.51852,1.14995,0.01756,10564219.93157,2000-05-02T18:49:51.894,15063.04678
93.71500,1.31576,-1663.80582,394616.46715,3385822.20537,1.15237,0.01782,10458508.07271,2000-05-01T13:28:18.069,15044.96171
93.72502,0.81263,-1664.77270,394446.55322,3385804.15517,1.14795,0.01745,10512050.83005,2000-05-02T04:20:19.247,15057.37573
93.73500,0.75471,-1656.83070,394345.85532,3385853.26051,1.14563,0.01788,10469569.53813,2000-05-01T16:32:27.398,15050.03636
93.74499,0.76475,-1658.49458,394434.57103,3385796.57530,1.13932,0.01762,10588497.66961,2000-05-03T01:34:28.841,15066.98328
93.75499,1.04042,-1659.01477,394485.93817,3385820.05937,1.14361,0.01717,10568832.07801,2000-05-02T20:06:38.759,15062.54015
93.76500,0.57889,-1649.75264,394330.76395,3385820.46959,1.14733,0.01700,10636871.04593,2000-05-03T15:00:50.396,15071.72019
93.77501,1.19732,-1665.62044,394585.01654,3385797.89937,1.14343,0.01782,10600271.27058,2000-05-03T04:50:40.415,15065.85321
93.78500,0.73509,-1653.83538,394405.03467,3385819.25978,1.14538,0.01691,10510600.13170,2000-05-02T03:56:10.695,15054.20725
93.79500,0.65347,-1645.01022,394313.43915,3385857.59416,1.14304,0.01633,10605338.01429,2000-05-03T06:15:12.742,15070.47913
93.80501,1.32227,-1661.03664,394638.80492,3385828.51432,1.15007,0.01499,10514166.79786,2000-05-02T04:55:42.647,15055.82536
93.81499,0.91025,-1646.37772,394437.46995,3385850.60565,1.14856,0.01544,10616839.36670,2000-05-03T09:26:53.322,15067.40330
93.82500,0.80037,-1643.07304,394376.58631,3385860.06901,1.14389,0.01543,10555020.82050,2000-05-02T16:16:35.176,15063.38030
93.83502,1.17624,-1664.17977,394567.27410,3385842.16232,1.14775,0.01559,10680091.10940,2000-05-04T03:01:12.041,15076.70133
93.84500,0.90332,-1646.66064,394468.59332,3385829.37483,1.14582,0.01475,10651521.90717,2000-05-03T19:04:52.706,15074.33645
93.85501,0.96692,-1651.15773,394491.91057,3385838.00807,1.14409,0.01471,10507204.95921,2000-05-02T02:59:36.949,15053.93157
93.86500,1.20240,-1658.31222,394552.37094,3385851.63404,1.14175,0.01550,10547825.96121,2000-05-02T14:16:46.824,15063.31521
93.87501,1.02077,-1653.19675,394519.17836,3385810.20216,1.14590,0.01531,10650339.11585,2000-05-03T18:45:05.355,15075.22315
93.88500,0.94099,-1639.80130,394442.25044,3385868.28351,1.14963,0.01618,10531395.29803,2000-05-02T09:42:55.840,15057.69355
93.89500,0.86748,-1634.94299,394432.52505,3385843.30970,1.14492,0.01452,10577235.24023,2000-05-02T22:26:49.550,15064.95400
93.90501,1.17862,-1655.34602,394543.22605,3385854.96206,1.14462,0.01594,10593208.11565,2000-05-03T02:53:07.712,15063.97891
93.91499,0.90173,-1644.54721,394445.14800,3385840.79705,1.14587,0.01438,10561162.99328,2000-05-02T17:59:04.025,15064.42736
93.92499,0.80877,-1648.95101,394396.08215,3385867.49693,1.15002,0.01524,10572254.95588,2000-05-02T21:03:54.266,15066.35502
93.93500,1.14970,-1659.87524,394575.27873,3385839.60640,1.14208,0.01491,10610316.97790,2000-05-03T07:38:07.942,15066.91315
93.94500,0.91249,-1644.61179,394428.59971,3385862.96177,1.14835,0.01487,10639381.55500,2000-05-03T15:42:42.039,15069.97261
93.95499,0.96468,-1639.67533,394470.89826,3385840.64567,1.14658,0.01613,10613021.82078,2000-05-03T08:23:22.744,15071.21031
93.96500,1.03410,-1646.30992,394503.28288,3385850.14609,1.14203,0.01529,10638575.00593,2000-05-03T15:29:11.054,15070.80291
93.97499,1.05818,-1640.57299,394535.52599,3385832.19642,1.14141,0.01575,10588822.79395,2000-05-03T01:40:02.070,15068.18747
93.98501,1.17261,-1640.84870,394584.99406,3385827.57723,1.14070,0.01583,10683839.35942,2000-05-04T04:03:31.236,15078.55377
93.99500,1.50857,-1669.89657,394700.00448,3385832.17451,1.15142,0.01668,10628318.75092,2000-05-03T12:38:15.026,15071.01108
94.00500,0.80550,-1641.10514,394407.83518,3385856.38104,1.14610,0.01954,10517897.38089,2000-05-02T05:57:50.555,15055.03442
94.01500,0.73121,-1638.58533,394391.14354,3385857.54594,1.14687,0.01920,10693472.20372,2000-05-04T06:44:13.807,15082.04800
94.02499,1.19309,-1655.72934,394585.39663,3385833.11776,1.13664,0.02131,10517146.63112,2000-05-02T05:45:29.346,15053.29016
94.03500,1.03116,-1654.46984,394546.18100,3385795.39424,1.13735,0.01954,10588942.94689,2000-05-03T01:41:50.057,15065.80294
94.04500,1.32453,-1662.43028,394624.90483,3385830.08399,1.14681,0.02201,10518805.04097,2000-05-02T06:13:01.156,15055.34567
94.05501,1.17477,-1665.93353,394617.73998,3385828.62016,1.14411,0.02095,10464982.24292,2000-05-01T15:15:52.010,15046.38719
94.06502,0.78591,-1649.83173,394473.55067,3385797.75507,1.14199,0.02034,10582184.28880,2000-05-02T23:49:17.369,15064.02591
94.07500,0.91987,-1658.39179,394493.31391,3385819.67483,1.13656,0.01931,10543152.60293,2000-05-02T12:58:47.400,15058.02148
94.08499,1.41237,-1669.46011,394696.26996,3385802.93651,1.14394,0.01702,10444578.00023,2000-05-01T09:35:44.768,15044.10492
94.09499,1.04430,-1660.41323,394560.41209,3385794.27473,1.14692,0.01551,10560088.78384,2000-05-02T17:40:57.927,15057.98365
94.10500,1.23684,-1674.32819,394634.24701,3385801.13458,1.13508,0.01566,10623060.53530,2000-05-03T11:10:29.955,15068.74110
94.11500,1.26897,-1672.40366,394650.19182,3385799.70432,1.14091,0.01390,10492708.16167,2000-05-01T22:57:57.840,15053.49924
94.12500,0.85661,-1661.50525,394494.53549,3385790.64796,1.13866,0.01495,10641999.61643,2000-05-03T16:26:13.175,15075.21309
94.13500,0.98623,-1672.30434,394572.45978,3385775.60456,1.13994,0.01481,10502378.52610,2000-05-02T01:39:11.916,15053.66400
94.14500,1.32092,-1690.07771,394666.72067,3385799.43888,1.14310,0.01552,10511503.68201,2000-05-02T04:11:19.002,15050.66433
94.15501,0.87750,-1673.85506,394524.69767,3385799.31908,1.13561,0.01459,10674023.17666,2000-05-04T01:19:53.945,15076.20750
94.16500,1.29184,-1678.67245,394655.63866,3385807.59931,1.13762,0.01518,10602869.67758,2000-05-03T05:34:08.322,15065.48588
94.17499,1.38252,-1673.71539,394751.69060,3385767.84847,1.13957,0.02048,10603701.00209,2000-05-03T05:47:51.576,15067.23650
94.18500,1.30420,-1677.94420,394680.34734,3385781.59751,1.14588,0.01827,10579878.09671,2000-05-02T23:10:43.028,15062.09148
94.19500,1.07786,-1685.07325,394592.00015,3385791.54414,1.13802,0.01606,10724362.56252,2000-05-04T15:18:55.127,15086.18146
94.20501,1.52062,-1689.44049,394778.00199,3385769.31734,1.14497,0.01680,10521608.36096,2000-05-02T06:59:41.407,15056.01656
94.21502,0.92035,-1672.96941,394568.25127,3385791.41332,1.14450,0.01686,10823959.36998,2000-05-05T18:58:51.248,15102.04283
94.22499,1.02110,-1667.06114,394571.62902,3385803.56774,1.14738,0.01841,10652070.68003,2000-05-03T19:13:52.626,15075.95440
94.23498,1.26456,-1674.21375,394642.09460,3385824.35349,1.14946,0.01710,10603399.23252,2000-05-03T05:42:57.376,15067.00163
94.24500,1.23700,-1675.95960,394695.78847,3385748.91412,1.15046,0.01731,10595145.03484,2000-05-03T03:25:06.437,15069.25683
94.25500,1.17197,-1677.31199,394630.88398,3385796.39997,1.15412,0.01606,10539178.36257,2000-05-02T11:52:29.762,15056.60974
94.26501,1.23438,-1679.13782,394689.17665,3385756.27541,1.15038,0.01738,10521617.24876,2000-05-02T06:59:46.204,15055.38596
94.27499,0.90464,-1672.71843,394498.57945,3385816.21923,1.15520,0.02209,10512295.40206,2000-05-02T04:24:17.293,15052.35363
94.28497,1.46873,-1691.92500,394785.33449,3385743.52220,1.15154,0.02166,10453461.15451,2000-05-01T12:03:48.749,15042.05845
94.29499,1.14111,-1683.88982,394654.23556,3385775.22585,1.15103,0.01957,10498168.10607,2000-05-02T00:28:53.704,15052.81884
94.30499,1.04500,-1671.77806,394606.22349,3385766.72798,1.15711,0.01877,10462870.56911,2000-05-01T14:40:43.613,15047.86347
94.31499,1.31856,-1684.06052,394726.22675,3385765.57626,1.15902,0.01829,10535604.43894,2000-05-02T10:52:53.245,15060.90257
94.32499,1.23882,-1671.97303,394685.45224,3385764.01835,1.15378,0.01848,10485733.49613,2000-05-01T21:01:39.391,15047.52138
94.33501,1.11295,-1676.16947,394606.95019,3385802.98814,1.15542,0.01688,10469943.60237,2000-05-01T16:38:29.518,15053.37297
94.34499,0.75926,-1657.84567,394468.03031,3385809.03747,1.15384,0.01783,10542875.44262,2000-05-02T12:54:04.440,15052.23298
94.35501,1.57030,-1684.73911,394812.52794,3385763.29475,1.15947,0.01659,10568252.45899,2000-05-02T19:56:54.619,15062.34946
94.36499,1.27707,-1667.85133,394705.13613,3385766.52206,1.15319,0.01806,10443363.64903,2000-05-01T09:15:25.922,15045.03087
94.37498,1.18152,-1675.98688,394680.11286,3385777.33926,1.14678,0.01716,10547090.33878,2000-05-02T14:04:22.845,15054.66723
94.38500,1.14110,-1674.91681,394634.11650,3385778.85142,1.14540,0.01652,10515859.53670,2000-05-02T05:23:44.105,15054.14558
94.39501,1.06989,-1672.35981,394602.03579,3385775.00165,1.14492,0.01731,10555735.56324,2000-05-02T16:28:27.612,15063.31744
94.40500,1.03928,-1682.01505,394614.53532,3385747.95647,1.14986,0.01707,10463268.90383,2000-05-01T14:47:17.224,15047.45916
94.41501,1.29997,-1701.01364,394728.32128,3385753.90434,1.14217,0.01748,10519577.13002,2000-05-02T06:25:48.698,15054.92549
94.42501,0.62287,-1671.21224,394413.58249,3385809.83058,1.14831,0.01735,10646708.49338,2000-05-03T17:44:31.095,15077.50698
94.43500,1.37933,-1686.17963,394748.98446,3385761.59285,1.15147,0.01724,10562210.61979,2000-05-02T18:16:25.854,15054.03201
94.44501,1.12811,-1687.06621,394621.19402,3385766.65017,1.14702,0.01705,10558103.60607,2000-05-02T17:07:53.894,15063.19147
94.45501,1.24990,-1698.68739,394719.28221,3385753.67987,1.14458,0.01711,10644480.67067,2000-05-03T17:07:31.680,15072.41791
94.46500,1.19107,-1690.31996,394645.92199,3385786.33320,1.14566,0.01747,10551367.64246,2000-05-02T15:15:40.026,15059.23913
94.47498,1.10625,-1690.90249,394663.34795,3385785.39904,1.15428,0.01756,10575997.52017,2000-05-02T22:06:13.221,15061.27769
94.48498,1.13348,-1682.36084,394667.47436,3385734.29816,1.14928,0.01782,10583390.64442,2000-05-03T00:09:18.499,15067.94408
94.49501,1.22793,-1687.29824,394681.28764,3385774.49558,1.14803,0.01768,10609637.53488,2000-05-03T07:26:57.958,15066.65790
94.50500,1.28294,-1687.08836,394682.33724,3385812.34527,1.14708,0.01694,10518473.36521,2000-05-02T06:07:19.569,15055.20313
94.51500,1.14168,-1674.25278,394651.13947,3385764.00767,1.14912,0.01733,10652904.39828,2000-05-03T19:27:58.269,15075.54285
94.52501,1.11396,-1670.50800,394670.54131,3385751.45703,1.15551,0.01862,10678761.69814,2000-05-04T02:38:54.098,15077.09092
94.53499,1.10987,-1670.35864,394590.40434,3385823.32752,1.15764,0.01832,10617195.62931,2000-05-03T09:32:46.672,15070.80888
94.54502,1.06464,-1669.20458,394621.41292,3385776.37439,1.15910,0.01714,10610256.43542,2000-05-03T07:37:12.521,15064.71892
94.55499,1.01755,-1676.16056,394577.93683,3385808.09213,1.15932,0.01778,10643369.49601,2000-05-03T16:49:08.643,15074.75522
94.56499,1.32318,-1691.42235,394703.54646,3385770.26036,1.14816,0.01873,10537206.51191,2000-05-02T11:19:33.621,15057.57570
94.57502,0.90132,-1668.40369,394577.71274,3385781.00943,1.14480,0.01729,10616991.68750,2000-05-03T09:29:27.708,15067.82868
94.58499,1.31725,-1687.00498,394739.35177,3385751.16967,1.13956,0.01927,10676524.53750,2000-05-04T02:01:33.443,15077.33693
94.59500,1.52002,-1695.44898,394810.09390,3385748.55980,1.14508,0.01886,10573815.93130,2000-05-02T21:29:51.180,15060.98450
94.60501,0.78397,-1675.56683,394525.69598,3385786.43882,1.14724,0.01878,10633821.80776,2000-05-03T14:09:57.642,15070.30454
94.61500,1.01653,-1672.01590,394591.10858,3385773.91901,1.14661,0.02038,10586280.38549,2000-05-03T00:57:27.597,15066.44773
94.62500,1.53766,-1694.67055,394792.94966,3385778.17323,1.14788,0.02055,10561899.72923,2000-05-02T18:11:15.173,15063.52730
94.63501,1.24995,-1681.63186,394674.82491,3385790.78931,1.14259,0.01882,10543818.01795,2000-05-02T13:09:45.228,15056.81019
94.64500,0.90603,-1662.16028,394562.07675,3385786.37520,1.13941,0.01936,10613027.84905,2000-05-03T08:23:19.170,15068.91420
94.65501,1.18958,-1666.77288,394665.68655,3385790.69037,1.14657,0.01942,10576011.98142,2000-05-02T22:06:17.690,15060.93450
94.66500,1.40112,-1669.87484,394791.82391,3385745.03977,1.15584,0.01913,10607743.77052,2000-05-03T06:55:16.814,15067.37391
94.67498,0.86271,-1652.18628,394517.86293,3385793.94259,1.15230,0.01735,10477226.27159,2000-05-01T18:39:50.092,15048.74063
94.68501,1.28456,-1659.67431,394719.70060,3385782.75542,1.15023,0.01912,10693295.21543,2000-05-04T06:41:09.293,15079.28195
94.69501,1.26160,-1661.00317,394707.04643,3385801.82456,1.15474,0.01855,10623652.35634,2000-05-03T11:20:31.096,15068.52997
94.70501,1.34519,-1653.17892,394819.73094,3385771.78743,1.15606,0.01783,10653022.04682,2000-05-03T19:29:52.482,15075.97868
94.71499,1.02595,-1635.73918,394671.09152,3385794.99577,1.15674,0.01829,10639893.67510,2000-05-03T15:51:05.014,15070.20313
94.72499,1.40651,-1656.45215,394772.72900,3385786.74010,1.15542,0.01819,10631529.19890,2000-05-03T13:31:41.705,15071.65110
94.73500,1.14210,-1646.84926,394710.52970,3385777.93599,1.15586,0.01769,10752824.11336,2000-05-04T23:13:13.395,15091.93203
94.74501,1.55029,-1664.13508,394821.97800,3385780.21276,1.14533,0.01790,10648872.75539,2000-05-03T18:20:50.663,15068.49779
94.75500,1.13129,-1642.26812,394688.16909,3385776.80873,1.14313,0.01805,10643165.01958,2000-05-03T16:45:42.998,15073.17436
94.76501,0.82538,-1634.97727,394578.52821,3385794.64635,1.14515,0.01823,10684541.33291,2000-05-04T04:15:13.086,15079.72920
94.77501,1.48016,-1642.48844,394809.99699,3385796.92010,1.14744,0.01790,10693479.37879,2000-05-04T06:44:14.674,15080.34865
94.78501,1.31996,-1641.29610,394765.64535,3385776.83392,1.14144,0.02032,10676612.56635,2000-05-04T02:03:04.193,15079.23681
94.79502,1.28006,-1634.60467,394701.29850,3385824.35659,1.14519,0.01934,10605082.46395,2000-05-03T06:10:56.650,15065.86382
94.80499,1.18322,-1622.96019,394635.60760,3385848.71116,1.14714,0.01781,10614551.47829,2000-05-03T08:48:35.810,15069.75514
94.81500,1.03696,-1619.09121,394625.02576,3385812.31253,1.15436,0.01817,10638163.89767,2000-05-03T15:22:21.062,15068.87374
94.82499,1.39680,-1626.79693,394724.28308,3385820.12504,1.15480,0.01714,10562716.81387,2000-05-02T18:24:46.232,15063.51817
94.83500,1.05371,-1619.20790,394601.78079,3385835.03157,1.14760,0.01573,10637472.47913,2000-05-03T15:10:46.639,15070.84937
94.84500,1.04070,-1619.93059,394603.01121,3385825.54165,1.14957,0.01632,10666518.17385,2000-05-03T23:14:59.766,15077.56937
94.85501,1.32839,-1633.24046,394741.59493,3385813.36650,1.14403,0.01541,10643521.38596,2000-05-03T16:51:39.413,15070.31109
94.86499,1.12813,-1618.60416,394671.92281,3385789.17700,1.15413,0.01573,10677803.05961,2000-05-04T02:22:49.038,15076.91519
94.87499,1.21415,-1629.47839,394686.28327,3385819.81444,1.15582,0.01573,10614097.55189,2000-05-03T08:41:16.572,15069.56360
94.88499,1.32144,-1633.17208,394739.47557,3385804.42703,1.15003,0.01626,10722906.02316,2000-05-04T14:54:39.631,15083.55510
94.89498,1.13781,-1623.29784,394649.68363,3385810.91190,1.15157,0.01594,10488811.01903,2000-05-01T21:53:02.399,15051.02650
94.90500,1.02337,-1616.82520,394577.29965,3385840.10115,1.15597,0.01568,10710353.58586,2000-05-04T11:25:32.682,15083.48106
94.91499,1.33787,-1629.48378,394732.47605,3385810.88612,1.15908,0.01646,10713150.01243,2000-05-04T12:12:07.508,15086.61340
94.92498,1.14805,-1620.59874,394652.75091,3385819.86973,1.15847,0.01590,10563617.02053,2000-05-02T18:39:45.938,15060.80991
94.93501,1.06209,-1619.64913,394601.07218,3385847.94779,1.15956,0.01874,10677140.30270,2000-05-04T02:11:53.251,15077.08848
94.94499,1.41510,-1628.54666,394749.85597,3385822.56685,1.15893,0.02221,10616742.29790,2000-05-03T09:25:10.177,15066.40326
94.95500,1.15652,-1617.35684,394669.44460,3385805.96726,1.16512,0.02088,10641490.85361,2000-05-03T16:17:34.759,15075.42424
94.96499,0.97211,-1616.21753,394593.57498,3385798.63958,1.16721,0.01863,10543980.68645,2000-05-02T13:12:21.983,15056.63249
94.97499,1.25327,-1630.20085,394675.41006,3385840.24662,1.15708,0.01864,10650712.87807,2000-05-03T18:51:21.011,15072.62649
94.98500,0.94714,-1608.71447,394599.63886,3385790.22136,1.15807,0.01679,10521774.29541,2000-05-02T07:02:21.604,15054.43598
94.99501,1.28616,-1628.67415,394697.68638,3385845.79831,1.15230,0.01767,10510197.07553,2000-05-02T03:49:28.963,15052.00662
95.00499,1.21782,-1616.57948,394670.75411,3385823.79761,1.15579,0.01759,10679187.50429,2000-05-04T02:45:55.734,15078.39171
95.01499,1.06677,-1626.93073,394631.83215,3385826.19603,1.15694,0.01781,10522888.07755,2000-05-02T07:20:49.406,15056.55267
95.02500,0.91906,-1609.89560,394585.44489,3385813.14704,1.15624,0.01825,10614287.01822,2000-05-03T08:44:12.033,15068.98747
95.03499,1.31437,-1637.84638,394730.51495,3385821.69017,1.15642,0.01705,10581221.21916,2000-05-02T23:33:00.978,15063.96475
95.04499,1.42432,-1635.23343,394765.97862,3385826.72968,1.15467,0.01805,10703782.15611,2000-05-04T09:35:49.413,15081.45593
95.05499,1.15833,-1630.41502,394695.97611,3385808.70619,1.15279,0.01749,10618400.61794,2000-05-03T09:52:54.564,15065.96268
95.06501,1.14513,-1632.78100,394688.34791,3385803.19480,1.14778,0.01621,10526216.61237,2000-05-02T08:16:24.395,15057.95865
95.07501,1.01598,-1633.37275,394608.64380,3385839.61340,1.15023,0.01621,10652341.23271,2000-05-03T19:18:28.892,15071.64276
95.08501,1.40075,-1640.15092,394795.07927,3385776.91465,1.14807,0.01680,10704188.27508,2000-05-04T09:42:27.516,15082.92802
95.09500,1.26385,-1643.11797,394702.32807,3385807.19085,1.15035,0.01520,10577392.10694,2000-05-02T22:29:17.871,15061.24479
95.10499,1.03196,-1635.90187,394648.06833,3385804.06905,1.15185,0.01532,10512315.71596,2000-05-02T04:24:33.177,15055.90510
95.11500,0.94317,-1638.87098,394608.05459,3385799.82118,1.14367,0.01663,10673639.53960,2000-05-04T01:13:18.937,15079.06222
95.12499,0.70037,-1627.80225,394477.61943,3385828.93499,1.14140,0.01628,10729797.19595,2000-05-04T16:49:32.888,15084.41129
95.13500,1.25327,-1645.01167,394744.38423,3385778.90063,1.14667,0.01695,10608157.09003,2000-05-03T07:01:51.367,15067.46727
95.14500,1.26750,-1635.29068,394742.14303,3385780.99110,1.15209,0.01463,10610879.77385,2000-05-03T07:47:24.024,15069.19374
95.15501,1.25276,-1642.88894,394741.52919,3385777.59672,1.14957,0.01622,10575178.88579,2000-05-02T21:52:26.172,15062.85929
95.16497,1.17366,-1643.11053,394664.24993,3385820.62282,1.15097,0.01639,10616317.31747,2000-05-03T09:18:01.905,15069.60186
95.17498,0.83866,-1625.42886,394512.75261,3385843.23859,1.14997,0.01667,10600962.16127,2000-05-03T05:02:02.636,15066.53773
95.18501,0.92190,-1636.06953,394585.20414,3385798.99628,1.14098,0.01625,10612468.27774,2000-05-03T08:13:42.511,15068.94489
95.19498,1.16546,-1641.08277,394674.45928,3385813.26875,1.13699,0.01486,10650270.01355,2000-05-03T18:43:57.776,15073.48441
95.20499,0.94620,-1635.78943,394607.36469,3385787.42896,1.13795,0.01687,10593224.12198,2000-05-03T02:53:11.562,15067.28845
95.21500,0.80828,-1640.94197,394546.32890,3385798.30621,1.13938,0.01575,10734818.52536,2000-05-04T18:13:02.907,15086.06808
95.22499,1.27799,-1652.28875,394744.67007,3385776.99448,1.13788,0.01652,10706869.74191,2000-05-04T10:27:19.668,15079.84730
95.23500,1.45003,-1662.60016,394835.79401,3385781.16837,1.14548,0.01535,10637132.48869,2000-05-03T15:05:03.336,15073.92499
95.24500,0.87084,-1639.97839,394580.07233,3385810.83540,1.14276,0.01664,10665201.23002,2000-05-03T22:52:56.479,15074.77560
95.25499,1.28403,-1652.03573,394729.87811,3385800.21710,1.14393,0.01668,10598418.52730,2000-05-03T04:19:45.389,15063.90479
95.26502,1.03262,-1633.98670,394624.98082,3385823.64164,1.13992,0.01553,10693044.05797,2000-05-04T06:36:56.649,15080.17003
95.27500,1.10536,-1646.78865,394652.46847,3385814.20079,1.13860,0.01543,10484766.82382,2000-05-01T20:45:25.289,15050.25402
95.28498,0.88779,-1633.03119,394582.62859,3385811.82078,1.14414,0.01600,10672319.34036,2000-05-04T00:51:32.986,15076.63758
95.29500,1.41454,-1651.14703,394768.51826,3385822.60551,1.14221,0.01550,10675017.34656,2000-05-04T01:36:24.308,15078.80095
95.30500,0.64298,-1619.80069,394455.33509,3385835.19492,1.13969,0.01741,10590728.32273,2000-05-03T02:11:36.088,15066.14192
95.31500,1.41590,-1647.00521,394767.42400,3385813.04826,1.13642,0.02018,10727056.54634,2000-05-04T16:03:43.502,15085.18922
95.32500,1.00021,-1626.90405,394570.60174,3385850.03633,1.13713,0.01848,10680161.56966,2000-05-04T03:02:11.093,15078.05999
95.33501,0.90091,-1624.59462,394546.10108,3385834.75260,1.14287,0.01822,10595540.24242,2000-05-03T03:31:44.703,15066.48091
95.34502,0.98915,-1622.68945,394607.06156,3385821.42651,1.13784,0.01858,10737934.61169,2000-05-04T19:05:05.486,15084.66799
95.35502,1.12113,-1631.49692,394659.07051,3385816.33235,1.14013,0.01915,10760767.32705,2000-05-05T01:25:37.973,15089.75003
95.36500,0.91945,-1626.97647,394551.14693,3385842.19505,1.14254,0.01666,10639982.07001,2000-05-03T15:52:33.152,15073.46431
95.37500,1.21317,-1636.81802,394664.18770,3385839.50006,1.14570,0.01628,10624792.01746,2000-05-03T11:39:21.846,15069.36256
95.38500,0.70489,-1610.35101,394446.98875,3385870.42287,1.14207,0.01579,10696611.44834,2000-05-04T07:36:19.416,15081.79600
95.39499,1.06261,-1615.11172,394607.31492,3385821.90556,1.14447,0.01672,10755433.27839,2000-05-04T23:56:44.821,15087.60069
95.40500,1.02774,-1616.99642,394652.61511,3385778.66651,1.14096,0.01829,10668261.82977,2000-05-03T23:43:51.388,15077.02956
95.41501,1.42055,-1645.09683,394767.61790,3385808.23164,1.14510,0.01815,10632841.26779,2000-05-03T13:53:27.797,15071.71604
95.42499,0.76238,-1611.87328,394536.75125,3385820.06049,1.14426,0.01770,10668209.37974,2000-05-03T23:42:52.433,15076.15666
95.43499,0.91731,-1617.43650,394552.44679,3385830.93625,1.13976,0.01705,10613920.90679,2000-05-03T08:38:18.815,15066.56504
95.44499,1.26977,-1627.12743,394740.12488,3385792.91208,1.14708,0.01777,10663991.67511,2000-05-03T22:32:40.919,15076.74893
95.45499,0.96915,-1618.58209,394607.32850,3385799.56787,1.14420,0.01827,10666355.02084,2000-05-03T23:12:06.790,15076.78834
95.46501,1.35449,-1634.09394,394772.19085,3385789.65046,1.14681,0.01808,10607636.06057,2000-05-03T06:53:29.410,15065.98692
95.47500,0.88558,-1619.20167,394536.48845,3385823.14279,1.14928,0.01728,10579839.41708,2000-05-02T23:10:12.269,15064.02686
95.48498,1.06476,-1616.27588,394665.11448,3385785.56077,1.15272,0.01786,10767785.99610,2000-05-05T03:22:47.141,15093.84872
95.49500,1.17153,-1628.01719,394695.62983,3385814.41222,1.14367,0.01631,10682013.04490,2000-05-04T03:33:15.550,15077.30836
95.50498,1.24757,-1621.70361,394724.55922,3385809.58078,1.14054,0.01616,10693863.46140,2000-05-04T06:50:37.989,15076.80820
95.51498,0.61532,-1603.09391,394460.16557,3385828.18669,1.14558,0.01593,10660147.60399,2000-05-03T21:28:40.865,15073.79141
95.52499,1.12490,-1614.11740,394681.93939,3385794.78463,1.14497,0.01515,10695611.29690,2000-05-04T07:19:41.386,15079.15225
95.53498,0.76166,-1596.78389,394488.04074,3385828.23057,1.15570,0.01593,10674650.81991,2000-05-04T01:30:26.539,15080.37894
95.54500,1.22527,-1611.71845,394631.98167,3385882.17905,1.14938,0.01503,10632320.21775,2000-05-03T13:45:00.883,15070.32249
95.55500,1.10103,-1604.71408,394646.03519,3385823.81061,1.15336,0.01549,10597313.29409,2000-05-03T04:01:21.939,15066.54155
95.56501,0.99294,-1609.71605,394584.08854,3385843.52489,1.15019,0.01751,10617538.41570,2000-05-03T09:38:27.349,15070.21946
95.57501,0.56735,-1592.31270,394389.18972,3385862.64722,1.15149,0.01882,10743267.70017,2000-05-04T20:34:06.212,15086.14612
95.58499,0.89193,-1601.94358,394561.48880,3385817.57857,1.14699,0.02041,10654305.31528,2000-05-03T19:51:15.558,15074.46030
95.59499,1.18982,-1610.94027,394676.81418,3385833.42586,1.14599,0.01954,10553888.70513,2000-05-02T15:57:34.768,15060.32696
95.60501,1.05300,-1609.67556,394631.92321,3385820.17160,1.15712,0.01678,10697143.58842,2000-05-04T07:45:18.656,15078.37129
95.61500,0.63364,-1585.12202,394408.97857,3385898.27840,1.15154,0.01837,10614595.25111,2000-05-03T08:49:23.582,15068.97672
95.62499,1.05612,-1595.00834,394611.56485,3385831.16135,1.15062,0.01787,10685604.03827,2000-05-04T04:32:56.826,15078.16837
95.63500,0.88709,-1586.82461,394509.15820,3385891.43947,1.15561,0.01958,10713695.08249,2000-05-04T12:21:06.793,15084.28644
95.64499,0.72547,-1581.87272,394419.44688,3385883.55069,1.15768,0.01759,10628708.08745,2000-05-03T12:44:35.487,15068.52822
95.65498,1.00154,-1591.89863,394560.99385,3385847.10608,1.14560,0.01983,10722110.31246,2000-05-04T14:41:18.794,15080.46091
95.66500,0.84353,-1585.01651,394389.86145,3385917.05997,1.14851,0.01944,10577487.44984,2000-05-02T22:30:53.088,15061.98852
95.67499,1.03771,-1586.95620,394493.96625,3385903.79958,1.14677,0.01979,10677886.57257,2000-05-04T02:24:21.972,15079.07644
95.68497,0.76100,-1573.96124,394398.42686,3385866.96134,1.13760,0.01996,10586630.08209,2000-05-03T01:03:16.722,15064.46864
95.69500,1.27558,-1589.07235,394669.19398,3385812.77465,1.13522,0.01811,10600327.33542,2000-05-03T04:51:32.813,15065.99297
95.70502,0.77342,-1571.04074,394418.26205,3385871.21726,1.14385,0.01983,10533837.77535,2000-05-02T10:23:32.410,15055.74011
95.71502,0.87228,-1570.28796,394463.47869,3385861.59184,1.14625,0.01773,10599242.51464,2000-05-03T04:33:29.000,15068.18006
95.72500,0.89013,-1566.36844,394479.79211,3385858.69573,1.15185,0.01678,10612554.89548,2000-05-03T08:15:30.552,15066.05944
95.73498,1.39817,-1587.42964,394647.88568,3385863.60350,1.14633,0.01611,10425458.12914,2000-05-01T04:17:06.992,15035.85859
95.74500,1.01612,-1581.17426,394526.86640,3385845.29849,1.14327,0.01926,10619632.74738,2000-05-03T10:13:18.501,15071.28600
95.75499,0.88388,-1572.89711,394447.62790,3385872.64185,1.14624,0.01657,10520583.06716,2000-05-02T06:42:28.604,15057.04462
95.76499,0.88315,-1578.05988,394441.21211,3385893.28504,1.15015,0.01594,10702806.12844,2000-05-04T09:19:43.557,15081.65200
95.77500,1.01597,-1576.93846,394523.55194,3385866.27467,1.14609,0.01511,10562346.67497,2000-05-02T18:18:39.698,15061.32070
95.78499,0.63778,-1562.32837,394370.42650,3385853.43576,1.14426,0.01483,10605176.21231,2000-05-03T06:12:30.222,15064.26921
95.79500,1.04702,-1571.41233,394515.62191,3385869.46073,1.13415,0.01593,10606688.81402,2000-05-03T06:37:42.422,15070.94731
95.80502,0.77581,-1561.34100,394368.14148,3385900.43700,1.14455,0.01564,10592047.41508,2000-05-03T02:33:43.620,15061.87785
95.81501,1.09165,-1568.92247,394535.85529,3385878.07301,1.14428,0.01479,10523029.26561,2000-05-02T07:23:13.961,15052.46532
95.82501,0.78065,-1564.89788,394429.95129,3385856.44137,1.13534,0.01665,10541301.43376,2000-05-02T12:27:52.332,15060.72919
95.83501,0.84006,-1571.56019,394405.29023,3385919.34828,1.14261,0.01547,10595771.40905,2000-05-03T03:35:49.095,15064.38625
95.84501,0.95958,-1562.16809,394498.34674,3385853.53842,1.14068,0.01500,10435061.36708,2000-05-01T06:57:07.157,15043.23043
95.85501,0.93010,-1563.57586,394464.67902,3385904.28147,1.13517,0.01505,10659008.16294,2000-05-03T21:09:45.493,15075.65125
95.86500,0.85760,-1561.25699,394424.12311,3385889.38823,1.13384,0.01540,10609691.71875,2000-05-03T07:27:41.664,15067.22614
95.87502,0.97853,-1567.28794,394502.23660,3385880.94716,1.13366,0.01607,10715028.06832,2000-05-04T12:43:26.935,15081.49912
95.88502,0.70840,-1549.84083,394372.35621,3385878.01410,1.13253,0.01589,10582676.85097,2000-05-02T23:57:39.130,15064.24917
95.89499,1.19722,-1577.19333,394554.26359,3385909.85823,1.13918,0.01656,10617827.82115,2000-05-03T09:43:20.897,15069.04231
95.90500,1.00443,-1570.52924,394527.57427,3385841.82996,1.13403,0.01856,10518652.42183,2000-05-02T06:10:26.397,15056.61598
95.91500,0.92587,-1569.15301,394473.51413,3385874.03462,1.13729,0.01831,10565387.39991,2000-05-02T19:09:14.967,15062.20006
95.92499,0.84796,-1559.07701,394454.44804,3385855.03664,1.13554,0.01756,10629811.05133,2000-05-03T13:03:02.568,15069.50703
95.93501,0.74220,-1551.51717,394351.23481,3385926.21250,1.13795,0.01696,10650252.84825,2000-05-03T18:43:51.544,15070.76354
95.94499,0.79662,-1557.07271,394405.03273,3385884.18633,1.13715,0.01708,10550927.76137,2000-05-02T15:08:24.722,15060.70685
95.95498,1.31970,-1577.79322,394608.57363,3385879.47395,1.12695,0.01812,10675786.30210,2000-05-04T01:49:26.618,15076.15276
95.96500,0.75172,-1554.36395,394380.31535,3385903.16474,1.13233,0.01747,10657654.16010,2000-05-03T20:47:03.612,15071.95996
95.97500,0.55314,-1548.36227,394302.28498,3385896.76722,1.13238,0.01870,10514581.03704,2000-05-02T05:02:34.380,15055.65770
95.98501,0.95506,-1552.40078,394502.68816,3385854.46579,1.13848,0.01714,10599812.72668,2000-05-03T04:43:09.831,15065.73210
95.99501,0.65041,-1541.93736,394350.64746,3385884.21145,1.13797,0.01691,10516298.36616,2000-05-02T05:31:09.390,15055.54474
96.00499,0.84635,-1559.42560,394416.70250,3385896.18235,1.13700,0.01713,10668543.68866,2000-05-03T23:48:42.889,15074.58255
96.01501,1.07391,-1556.12575,394544.59287,3385862.52366,1.14061,0.01732,10525559.73227,2000-05-02T08:05:28.424,15057.24543
96.02500,0.80542,-1545.91048,394427.26698,3385875.57580,1.14073,0.01872,10519546.04757,2000-05-02T06:25:22.791,15050.01605
96.03498,0.90734,-1546.59172,394437.08395,3385915.87682,1.14316,0.01620,10582732.75273,2000-05-02T23:58:25.397,15065.57435
96.04501,1.03367,-1550.43803,394532.71183,3385861.45789,1.13763,0.01717,10597606.92482,2000-05-03T04:06:30.467,15067.31280
96.05501,0.51268,-1530.41860,394297.73308,3385907.18303,1.14012,0.01766,10553785.95416,2000-05-02T15:55:56.505,15061.26883
96.06500,1.10046,-1540.80224,394498.87175,3385906.49532,1.14489,0.01724,10651425.80470,2000-05-03T19:03:21.025,15074.57457
96.07503,0.90389,-1540.58641,394451.94023,3385878.28348,1.13717,0.01814,10498259.44890,2000-05-02T00:30:34.505,15052.92204
96.08499,0.71182,-1520.91265,394342.35562,3385923.40096,1.13400,0.01678,10564635.29215,2000-05-02T18:56:44.230,15058.59983
96.09500,1.16859,-1536.25641,394570.62174,3385860.44496,1.13724,0.01745,10611547.88373,2000-05-03T07:58:42.905,15065.67936
96.10502,0.73879,-1522.74783,394370.00158,3385902.45955,1.13471,0.01702,10594854.14791,2000-05-03T03:20:28.779,15067.24593
96.11500,0.54149,-1525.98273,394283.05969,3385908.10512,1.13275,0.01731,10535806.90757,2000-05-02T10:56:22.949,15056.64310
96.12500,1.18637,-1547.58672,394543.14555,3385913.05223,1.13670,0.01710,10562110.72331,2000-05-02T18:14:45.175,15057.63439
96.13499,0.52189,-1533.56987,394288.96143,3385888.02225,1.13472,0.01836,10541612.05969,2000-05-02T12:33:07.051,15059.89629
96.14501,0.95674,-1543.35412,394502.62109,3385867.27010,1.13990,0.01766,10532245.61584,2000-05-02T09:57:14.745,15055.67844
96.15499,0.84528,-1546.64694,394474.09796,3385867.64406,1.13894,0.01890,10624016.89929,2000-05-03T11:26:30.858,15070.90296
96.16500,1.03185,-1547.64114,394525.58961,3385884.31549,1.14038,0.01777,10564594.81736,2000-05-02T18:56:16.476,15060.34128
96.17499,1.10686,-1551.78279,394537.77919,3385880.89462,1.14199,0.01747,10499144.14581,2000-05-02T00:45:15.189,15053.57172
96.18501,0.39836,-1527.20158,394242.56263,3385904.23360,1.12912,0.01619,10606727.06485,2000-05-03T06:38:22.311,15067.52245
96.19500,0.99004,-1544.19229,394504.15943,3385879.38355,1.13152,0.01789,10466167.69059,2000-05-01T15:35:50.802,15047.91996
96.20501,0.53091,-1526.49142,394323.87171,3385901.01079,1.13415,0.01903,10630204.99047,2000-05-03T13:09:46.851,15066.64545
96.21500,1.32960,-1549.73952,394606.90044,3385893.70835,1.13276,0.01911,10569319.81494,2000-05-02T20:14:55.240,15063.98623
96.22499,0.79760,-1534.84123,394434.32994,3385869.21333,1.13607,0.01925,10574826.30364,2000-05-02T21:46:47.146,15063.19575
96.23499,0.68580,-1537.10960,394372.93808,3385882.57588,1.13240,0.01759,10504571.58449,2000-05-02T02:15:59.271,15051.10580
96.24500,0.93096,-1544.83984,394463.96793,3385894.98294,1.12860,0.02045,10402658.49670,2000-04-30T21:57:20.761,15036.57629
96.25498,0.79848,-1546.95424,394430.15188,3385864.16380,1.12377,0.01877,10533931.31313,2000-05-02T10:25:07.673,15058.14417
96.26501,0.97359,-1549.91054,394476.25822,3385876.99022,1.12651,0.01725,10537958.58768,2000-05-02T11:32:26.046,15054.71751
96.27501,0.60140,-1542.43717,394331.96880,3385888.09896,1.12870,0.01710,10472085.53104,2000-05-01T17:14:21.958,15049.75073
96.28501,0.48547,-1543.96988,394335.33397,3385873.09933,1.12395,0.01775,10544229.50275,2000-05-02T13:16:52.210,15057.54102
96.29501,1.22959,-1571.20277,394599.44727,3385854.36090,1.12758,0.01691,10515221.63051,2000-05-02T05:13:24.355,15052.38976
96.30500,0.64943,-1552.65284,394338.09824,3385889.84678,1.12814,0.01670,10535566.45852,2000-05-02T10:52:24.324,15059.63276
96.31499,0.74990,-1548.02928,394420.03980,3385887.79481,1.13033,0.01699,10617431.80930,2000-05-03T09:36:43.459,15065.59294
96.32501,0.69366,-1542.20781,394385.30114,3385881.18408,1.12729,0.01705,10547306.36239,2000-05-02T14:08:03.467,15061.66348
96.33500,0.73674,-1537.77671,394358.86658,3385908.99239,1.13097,0.01748,10483738.43681,2000-05-01T20:28:40.498,15048.81775
96.34500,0.83009,-1541.59344,394402.51992,3385896.09842,1.13432,0.01809,10586782.71976,2000-05-03T01:05:55.737,15065.46978
96.35500,0.96659,-1541.16555,394435.08131,3385926.30779,1.13319,0.01857,10642851.57651,2000-05-03T16:40:29.195,15075.60378
96.36497,0.39520,-1527.72511,394247.29068,3385922.74621,1.13350,0.01782,10634264.89884,2000-05-03T14:17:18.092,15068.76142
96.37501,0.46628,-1517.85446,394271.68068,3385900.35304,1.13756,0.01726,10524321.66891,2000-05-02T07:45:01.306,15054.04593
96.38501,0.85945,-1530.15023,394376.26457,3385936.66443,1.13536,0.01783,10592509.05691,2000-05-03T02:41:32.613,15065.29862
96.39500,0.89433,-1528.64447,394442.20815,3385898.42857,1.13427,0.01791,10712055.22945,2000-05-04T11:53:58.309,15082.20580
96.40500,0.66953,-1518.82949,394329.73298,3385921.18518,1.13422,0.01787,10594250.71079,2000-05-03T03:10:35.079,15064.64749
96.41501,0.87637,-1529.30234,394470.43299,3385883.89087,1.13382,0.01800,10624815.02694,2000-05-03T11:39:54.973,15070.24994
96.42500,0.77329,-1517.68477,394355.96882,3385923.90187,1.13733,0.01907,10566004.10005,2000-05-02T19:19:41.898,15058.88344
96.43501,0.41229,-1502.05971,394248.13999,3385890.44665,1.13513,0.01769,10570163.17136,2000-05-02T20:29:07.851,15057.16900
96.44500,0.60167,-1515.91978,394350.43981,3385870.15841,1.14172,0.01816,10615165.37209,2000-05-03T08:59:11.142,15065.45056
96.45500,1.14639,-1537.77416,394549.02790,3385893.11362,1.13381,0.01751,10666372.10622,2000-05-03T23:12:41.323,15078.07551
96.46501,0.63924,-1527.37467,394340.00330,3385909.39755,1.12700,0.01793,10625203.12429,2000-05-03T11:46:28.402,15069.20992
96.47499,0.90359,-1533.06260,394447.02835,3385884.84777,1.13292,0.01801,10526291.41020,2000-05-02T08:17:53.725,15054.13298
96.48500,0.64368,-1526.52634,394346.55469,3385883.45585,1.13265,0.01745,10609663.55985,2000-05-03T07:27:23.063,15070.63098
96.49499,0.82854,-1523.19794,394431.23375,3385885.99308,1.13180,0.01768,10635959.44420,2000-05-03T14:45:42.336,15073.11757
96.50500,0.36200,-1520.41313,394212.82892,3385904.94411,1.13217,0.01610,10614580.80127,2000-05-03T08:49:25.948,15069.07895
96.51503,0.58014,-1519.79557,394352.01085,3385878.92099,1.13324,0.01829,10579363.95290,2000-05-02T23:02:19.326,15065.15165
96.52501,1.03850,-1538.99275,394538.03086,3385890.87964,1.13135,0.01706,10657624.16912,2000-05-03T20:46:44.364,15071.37202
96.53497,0.64067,-1516.12447,394320.29319,3385913.04298,1.13401,0.01876,10648065.46829,2000-05-03T18:07:25.232,15070.60643
96.54499,0.71983,-1514.29660,394370.41087,3385898.11368,1.14011,0.01919,10641553.10132,2000-05-03T16:18:45.517,15074.45263
96.55501,0.47727,-1515.58647,394259.73766,3385925.39739,1.14021,0.01872,10650712.41804,2000-05-03T18:51:30.115,15075.93159
96.56499,0.87128,-1529.29082,394411.95848,3385922.10669,1.14007,0.01766,10558518.77918,2000-05-02T17:14:49.502,15059.72029
96.57501,0.65486,-1521.48220,394339.02782,3385898.46998,1.14158,0.01609,10650716.89207,2000-05-03T18:51:28.486,15076.80532
96.58500,0.79875,-1526.91669,394421.85157,3385877.90650,1.14817,0.01623,10592065.41271,2000-05-03T02:34:01.209,15063.82142
96.59501,0.85330,-1525.30307,394449.74060,3385884.18358,1.14723,0.01600,10620282.88534,2000-05-03T10:24:14.123,15070.13956
96.60502,0.62183,-1526.47572,394330.32830,3385910.20035,1.13884,0.01653,10644795.91777,2000-05-03T17:13:00.463,15071.48480
96.61499,0.58286,-1525.06598,394323.57101,3385895.30640,1.13974,0.01528,10572227.78697,2000-05-02T21:03:16.267,15061.95089
96.62501,0.61917,-1524.52891,394360.26488,3385865.93200,1.13981,0.01714,10541138.83237,2000-05-02T12:25:17.877,15056.45450
96.63502,0.74158,-1529.41069,394421.77556,3385868.29443,1.13953,0.01599,10663662.82127,2000-05-03T22:27:14.611,15073.98649
96.64499,0.70179,-1535.90574,394351.57459,3385906.52088,1.14375,0.01510,10509208.53295,2000-05-02T03:33:06.255,15049.99406
96.65500,0.81683,-1525.06414,394419.86142,3385890.17716,1.14228,0.01452,10565223.19304,2000-05-02T19:06:31.035,15062.62436
96.66500,0.76082,-1525.95949,394396.78565,3385907.35016,1.13972,0.01719,10630346.34631,2000-05-03T13:12:00.663,15071.31909
96.67501,0.50242,-1502.84612,394260.11226,3385924.19757,1.13354,0.01872,10604920.15935,2000-05-03T06:08:19.026,15068.42067
96.68500,0.85548,-1514.08197,394422.22040,3385896.13118,1.13982,0.01685,10711156.76562,2000-05-04T11:38:50.631,15081.45926
96.69501,0.84649,-1510.28389,394412.66309,3385891.04248,1.14591,0.01706,10688547.94683,2000-05-04T05:22:06.155,15077.61515
96.70500,0.41722,-1495.09301,394248.42211,3385906.41800,1.13684,0.01719,10611651.12958,2000-05-03T08:00:19.729,15070.50467
96.71501,0.54516,-1495.81024,394280.30751,3385915.01130,1.13094,0.01660,10552008.10759,2000-05-02T15:26:28.367,15058.30414
96.72501,0.62930,-1498.43094,394329.55651,3385899.66025,1.13750,0.01762,10666330.76470,2000-05-03T23:11:45.088,15078.92002
96.73501,0.76817,-1509.73278,394358.10579,3385905.70277,1.12836,0.01710,10558736.60643,2000-05-02T17:18:38.550,15057.00424
96.74500,0.75496,-1504.21626,394368.11610,3385892.77798,1.13357,0.01661,10573295.30631,2000-05-02T21:21:13.475,15059.24311
96.75500,0.40860,-1484.14136,394254.10746,3385889.52300,1.13353,0.01663,10529104.28797,2000-05-02T09:04:42.044,15058.88322
96.76500,0.69085,-1501.82124,394336.76892,3385935.16178,1.12761,0.01624,10655752.88205,2000-05-03T20:15:36.140,15075.01162
96.77498,0.64404,-1497.89552,394285.92347,3385941.06034,1.13185,0.01623,10521356.13963,2000-05-02T06:55:37.621,15052.98851
96.78502,0.53186,-1487.64101,394289.63793,3385887.49439,1.12942,0.01591,10653335.04925,2000-05-03T19:35:13.740,15073.98470
96.79501,0.49675,-1489.81822,394265.38720,3385923.99640,1.13058,0.01705,10674550.07535,2000-05-04T01:28:51.233,15080.71525
96.80500,0.64691,-1495.56833,394305.55840,3385942.88440,1.13946,0.01790,10484188.38575,2000-05-01T20:36:10.532,15046.55192
96.81500,0.59223,-1488.61941,394321.54432,3385893.33250,1.13182,0.01665,10611496.90236,2000-05-03T07:57:53.258,15071.46115
96.82500,0.91618,-1495.79304,394469.15836,3385878.40016,1.13289,0.01637,10612445.10376,2000-05-03T08:13:37.076,15069.66329
96.83501,0.73084,-1493.65946,394351.14254,3385917.93667,1.12938,0.01660,10566286.68403,2000-05-02T19:24:24.815,15062.37688
96.84501,0.30006,-1479.19519,394172.68845,3385944.31799,1.12899,0.01606,10606364.95574,2000-05-03T06:32:24.431,15064.95498
96.85501,1.01963,-1493.61189,394480.07094,3385901.75353,1.12943,0.01782,10583879.92508,2000-05-03T00:17:35.402,15064.90127
96.86501,0.39014,-1477.18906,394198.75437,3385958.97329,1.12521,0.01706,10652820.26920,2000-05-03T19:26:33.885,15074.27361
96.87501,1.00620,-1496.57016,394485.53189,3385913.86199,1.12980,0.01621,10730093.87400,2000-05-04T16:54:44.619,15086.71376
96.88500,0.71305,-1488.45574,394365.73418,3385923.96000,1.13412,0.01686,10528436.94482,2000-05-02T08:53:39.107,15050.48516
96.89500,0.81902,-1489.66871,394418.60431,3385915.31350,1.12922,0.01671,10595353.55102,2000-05-03T03:28:51.873,15065.83797
96.90501,0.62337,-1500.80927,394318.81378,3385945.66281,1.12739,0.01751,10529607.14639,2000-05-02T09:13:08.349,15054.63442
96.91499,0.84336,-1496.73451,394427.95122,3385912.65568,1.12451,0.01675,10663880.49857,2000-05-03T22:30:57.528,15074.85473
96.92499,1.10821,-1501.37909,394556.70790,3385885.19837,1.12799,0.01700,10761855.26052,2000-05-05T01:44:02.514,15090.80274
96.93501,0.64449,-1491.04525,394307.60048,3385939.60120,1.13590,0.01707,10688550.91498,2000-05-04T05:22:13.437,15076.54818
96.94501,0.47283,-1477.42666,394250.87157,3385932.90820,1.13757,0.01566,10713943.76192,2000-05-04T12:25:18.037,15085.76961
96.95501,0.87591,-1490.41547,394430.01869,3385924.66033,1.14046,0.01736,10653459.77365,2000-05-03T19:37:20.676,15072.33718
96.96499,0.94979,-1501.16090,394445.04412,3385928.62428,1.13497,0.01793,10605799.13511,2000-05-03T06:23:03.730,15067.27213
96.97501,0.35882,-1479.70268,394236.80216,3385907.35361,1.13467,0.01611,10690407.60544,2000-05-04T05:53:10.363,15075.77135
96.98500,0.81026,-1484.09788,394367.04908,3385948.58127,1.13536,0.01672,10730809.33857,2000-05-04T17:06:32.197,15084.96340
96.99500,0.38623,-1485.50551,394236.73317,3385931.74090,1.13695,0.01489,10609545.43465,2000-05-03T07:25:31.341,15068.55718
97.00500,0.93893,-1509.77784,394453.74358,3385912.70738,1.13231,0.01463,10697964.02410,2000-05-04T07:59:11.578,15079.48316
97.01501,0.75901,-1500.61119,394378.17144,3385935.65571,1.13593,0.01445,10581497.50221,2000-05-02T23:37:57.362,15063.99637
97.02501,0.96338,-1503.28066,394470.27570,3385919.53893,1.13310,0.01469,10685233.04005,2000-05-04T04:27:00.376,15080.19484
97.03499,0.56438,-1481.67441,394289.21399,3385955.36450,1.14197,0.01554,10662292.82637,2000-05-03T22:04:45.888,15074.44162
97.04500,0.86797,-1485.02795,394453.34847,3385879.19711,1.13437,0.01386,10719541.18896,2000-05-04T13:58:48.784,15081.71128
97.05500,0.69217,-1489.99675,394325.83708,3385970.60240,1.12874,0.01502,10710383.12342,2000-05-04T11:26:11.283,15082.08336
97.06501,0.76991,-1484.97734,394357.15157,3385949.19219,1.13280,0.01538,10614823.95559,2000-05-03T08:53:30.023,15071.30146
97.07501,0.48196,-1463.78913,394238.94744,3385954.39538,1.13222,0.01558,10678410.20801,2000-05-04T02:33:14.058,15074.84483
97.08500,0.67077,-1474.11063,394343.91892,3385942.83916,1.13552,0.01542,10709062.95464,2000-05-04T11:04:15.156,15082.05721
97.09502,0.38364,-1460.49323,394211.42267,3385934.32926,1.12990,0.01455,10788017.38703,2000-05-05T08:59:57.969,15094.90921
97.10502,1.02943,-1485.43758,394480.94660,3385938.72825,1.12991,0.01533,10634358.84596,2000-05-03T14:19:11.540,15069.92473
97.11501,0.58952,-1471.27645,394303.37793,3385956.84946,1.13036,0.01514,10681893.67047,2000-05-04T03:31:21.726,15076.72299
97.12502,0.54879,-1459.31395,394280.74597,3385918.63644,1.13572,0.01544,10614267.97588,2000-05-03T08:44:14.591,15064.47426
97.13500,0.90301,-1463.69180,394413.19177,3385945.21705,1.13773,0.01629,10641280.54616,2000-05-03T16:14:24.402,15070.81146
97.14499,0.73387,-1463.89030,394345.29679,3385951.05925,1.13443,0.01979,10615459.81180,2000-05-03T09:03:58.119,15069.22390
97.15501,0.39134,-1445.93280,394201.08691,3385938.18559,1.13286,0.01966,10663583.88320,2000-05-03T22:26:13.978,15076.35511
97.16500,0.42355,-1445.04496,394208.99276,3385979.26843,1.13398,0.02161,10600958.68758,2000-05-03T05:02:36.645,15061.86389
97.17500,0.91394,-1456.32072,394393.52183,3385955.81999,1.13839,0.01774,10689891.23665,2000-05-04T05:44:38.847,15077.74078
97.18499,0.84972,-1453.22504,394353.61237,3385982.75883,1.12731,0.01926,10601910.52541,2000-05-03T05:18:18.990,15065.95120
97.19500,0.54130,-1435.28004,394243.24966,3385968.95102,1.12848,0.01685,10570038.98652,2000-05-02T20:27:10.799,15064.19956
97.20498,0.76025,-1436.01517,394329.62721,3385969.72406,1.13527,0.01858,10573274.87608,2000-05-02T21:20:58.337,15061.24150
97.21501,0.60977,-1421.66479,394337.70448,3385925.55551,1.13900,0.01999,10621173.75455,2000-05-03T10:39:09.060,15071.25047
97.22500,0.80874,-1424.78900,394298.12840,3385983.06442,1.13815,0.01956,10422596.51394,2000-05-01T03:29:39.863,15038.04642
97.23501,0.45184,-1412.10684,394212.52841,3385973.65189,1.13910,0.01855,10545981.30909,2000-05-02T13:46:00.618,15055.23571
97.24502,0.54036,-1413.63222,394222.68463,3385977.31777,1.14135,0.01807,10624086.99215,2000-05-03T11:27:54.007,15070.08328
97.25501,0.77932,-1421.09229,394324.44924,3385983.13496,1.13537,0.01659,10570282.29130,2000-05-02T20:31:10.281,15061.67346
97.26499,0.76078,-1425.27525,394280.95259,3386025.90636,1.14071,0.01509,10628120.54557,2000-05-03T12:34:59.432,15072.09612
97.27499,0.89502,-1418.31983,394392.27262,3385966.79799,1.14444,0.01474,10576332.13888,2000-05-02T22:11:57.384,15062.47895
97.28498,0.58999,-1413.58067,394255.82759,3385985.52668,1.13889,0.01759,10670833.98742,2000-05-04T00:27:04.215,15075.07109
97.29500,0.54427,-1415.65956,394249.93593,3385987.76785,1.13291,0.01478,10603381.25945,2000-05-03T05:42:39.236,15066.43894
97.30500,0.76671,-1428.14030,394335.83669,3385968.20533,1.12846,0.01501,10618130.38844,2000-05-03T09:48:22.379,15069.90694
97.31500,0.68708,-1431.40163,394311.90895,3385969.58362,1.12846,0.01501,10494733.05761,2000-05-01T23:31:48.810,15046.61291
97.32500,0.56900,-1425.70399,394230.17619,3386009.72325,1.13158,0.01660,10679034.54842,2000-05-04T02:43:47.123,15078.52530
97.33500,0.84714,-1441.38372,394440.44375,3385927.00432,1.12927,0.01552,10613754.46906,2000-05-03T08:35:31.964,15067.15240
97.34500,0.74584,-1444.66817,394333.88619,3385973.77576,1.13161,0.01529,10580702.03269,2000-05-02T23:24:41.389,15061.56865
97.35502,0.78715,-1443.41536,394364.24821,3385969.07332,1.13160,0.01619,10640101.63189,2000-05-03T15:54:43.390,15072.73474
97.36499,0.90408,-1434.11133,394379.09818,3385987.73663,1.13202,0.01572,10617850.02183,2000-05-03T09:43:53.168,15065.10915
97.37501,0.43308,-1425.95251,394244.43423,3385966.50781,1.13259,0.01528,10631327.95735,2000-05-03T13:28:29.314,15071.33780
97.38500,0.73909,-1431.78539,394364.82490,3385973.18366,1.13174,0.01787,10606387.89647,2000-05-03T06:32:49.016,15069.07690
97.39499,0.77818,-1435.31305,394360.81411,3385960.66455,1.13136,0.01657,10551996.74522,2000-05-02T15:26:17.433,15056.15670
97.40500,0.70498,-1428.75783,394366.90908,3385934.06034,1.13535,0.01719,10514585.72695,2000-05-02T05:02:51.954,15056.44667
97.41501,0.65392,-1428.78933,394254.55072,3386014.22335,1.13531,0.01576,10564413.96708,2000-05-02T18:53:13.839,15060.17844
97.42499,0.74330,-1427.38143,394350.89637,3385966.93218,1.13144,0.01778,10656306.32970,2000-05-03T20:24:53.702,15074.79180
97.43500,0.70242,-1431.11618,394339.41472,3385973.68715,1.13392,0.01576,10642792.26824,2000-05-03T16:39:38.987,15067.45564
97.44500,0.84846,-1428.27651,394351.54920,3385988.77518,1.13042,0.01684,10731609.01624,2000-05-04T17:19:52.633,15089.56780
97.45501,0.62636,-1418.62108,394307.38921,3385974.78438,1.13616,0.01561,10631690.09350,2000-05-03T13:34:37.236,15070.18974
97.46500,0.86395,-1418.53554,394359.31891,3385984.04929,1.13286,0.01693,10586932.16712,2000-05-03T01:08:45.658,15059.05860
97.47499,0.77626,-1427.07525,394367.78651,3385998.03282,1.13335,0.01570,10659020.97926,2000-05-03T21:10:16.828,15074.60241
97.48499,0.36300,-1397.16496,394181.96757,3386000.64857,1.12888,0.01583,10606385.37174,2000-05-03T06:32:57.737,15067.26716
97.49500,0.70333,-1421.86548,394374.17168,3385967.14680,1.14090,0.01515,10635674.27099,2000-05-03T14:41:00.242,15068.10501
97.50498,0.69539,-1409.04998,394378.41712,3385982.45133,1.14408,0.01606,10636503.03675,2000-05-03T14:54:51.788,15072.76629
97.51501,0.50371,-1399.04533,394283.09581,3385985.09075,1.13712,0.01549,10696959.95204,2000-05-04T07:42:18.398,15084.02563
97.52501,0.70817,-1416.00701,394407.30427,3385961.33099,1.13950,0.01513,10635423.48377,2000-05-03T14:36:47.877,15068.65536
97.53502,1.05732,-1434.46435,394568.69923,3385953.52737,1.13880,0.01606,10573125.36026,2000-05-02T21:18:37.035,15061.75891
97.54499,0.77281,-1427.75292,394418.38874,3385965.28741,1.13339,0.01548,10522181.56282,2000-05-02T07:09:28.963,15049.18130
97.55501,0.82137,-1434.25550,394467.19219,3385959.73339,1.12891,0.01529,10800447.54209,2000-05-05T12:27:13.537,15096.71287
97.56499,0.68387,-1434.19379,394437.97079,3385934.15516,1.12712,0.01509,10507898.38291,2000-05-02T03:11:25.774,15054.36694
97.57499,0.66546,-1440.46762,394421.33000,3385943.07739,1.12666,0.01454,10662950.52351,2000-05-03T22:15:33.391,15070.80747
97.58500,0.65662,-1432.48379,394360.63340,3385954.04185,1.13119,0.01589,10725462.35764,2000-05-04T15:37:31.576,15087.85212
97.59500,0.64264,-1436.77643,394416.30901,3385939.63656,1.13115,0.01591,10602492.27331,2000-05-03T05:28:00.234,15066.76434
97.60499,0.66967,-1437.01773,394364.75402,3385976.75005,1.12851,0.01549,10673169.99413,2000-05-04T01:05:49.390,15075.59887
97.61499,0.57595,-1434.58571,394331.63474,3385976.61215,1.13306,0.01532,10773154.61335,2000-05-05T04:52:22.365,15088.66908
97.62498,0.48481,-1429.55558,394337.49120,3385947.51474,1.12407,0.02090,10676879.26192,2000-05-04T02:07:48.934,15077.10619
97.63500,0.64716,-1434.20656,394368.94075,3385958.00747,1.13388,0.02069,10665670.10838,2000-05-03T23:00:54.926,15074.88342
97.64499,0.68918,-1435.22548,394431.25712,3385945.30606,1.13542,0.02049,10655215.68409,2000-05-03T20:06:40.171,15072.43758
97.65500,0.73727,-1433.27780,394395.83141,3385960.90916,1.13684,0.02017,10648168.28447,2000-05-03T18:09:04.953,15076.81875
97.66499,0.83460,-1448.18080,394466.13828,3385962.11582,1.12682,0.01895,10678893.16566,2000-05-04T02:41:23.208,15075.39055
97.67500,0.33758,-1431.64692,394265.89683,3385952.85492,1.12936,0.02095,10589969.14319,2000-05-03T01:59:07.691,15062.55154
97.68501,0.81810,-1442.54481,394491.29823,3385942.68005,1.14263,0.01924,10709060.82995,2000-05-04T11:03:59.034,15080.73701
97.69501,0.44852,-1432.68053,394300.45508,3385966.90167,1.13012,0.01805,10570414.50676,2000-05-02T20:33:19.347,15061.70402
97.70500,0.55452,-1437.57024,394367.47740,3385942.45724,1.13309,0.01696,10566517.97288,2000-05-02T19:28:23.183,15061.40330
97.71500,0.40739,-1441.77392,394328.16660,3385924.39957,1.12763,0.01889,10581445.89125,2000-05-02T23:37:09.666,15061.31022
97.72498,0.79873,-1453.06591,394440.62573,3385934.63067,1.12806,0.01789,10508170.03089,2000-05-02T03:15:46.946,15052.58322
97.73499,0.56830,-1439.80349,394399.04697,3385919.30044,1.13047,0.01532,10547241.14576,2000-05-02T14:07:09.078,15054.97056
97.74500,0.81505,-1449.33299,394448.81336,3385956.05098,1.12738,0.01552,10549692.43204,2000-05-02T14:47:51.356,15057.57686
97.75500,0.81909,-1448.32197,394449.15216,3385970.11909,1.13109,0.01604,10546780.91559,2000-05-02T13:59:25.173,15063.03922
97.76501,0.84294,-1436.49974,394483.43722,3385952.21480,1.12697,0.01645,10657352.99475,2000-05-03T20:42:17.785,15071.73819
97.77500,0.73285,-1441.57084,394414.50285,3385982.27769,1.12767,0.01470,10566771.73868,2000-05-02T19:32:30.940,15061.99508
97.78498,0.65709,-1424.54303,394429.76862,3385932.29347,1.13206,0.01555,10662777.19293,2000-05-03T22:12:32.299,15078.46154
97.79499,0.60198,-1429.39518,394382.94417,3385940.46052,1.13110,0.01599,10596358.29968,2000-05-03T03:45:34.171,15063.93051
97.80500,0.59274,-1437.92682,394376.33226,3385963.12994,1.13379,0.01600,10609473.42467,2000-05-03T07:24:16.888,15067.24121
97.81501,0.67963,-1441.70247,394383.55400,3385966.57997,1.13123,0.01678,10544271.84663,2000-05-02T13:17:31.517,15056.21575
97.82501,0.81907,-1443.97423,394476.72881,3385925.28772,1.13850,0.01542,10756205.74207,2000-05-05T00:09:49.502,15092.42680
97.83500,0.79297,-1439.51114,394455.98844,3385941.52780,1.13863,0.01557,10553058.52498,2000-05-02T15:44:00.764,15057.42993
97.84499,0.65880,-1437.35252,394428.27444,3385914.32087,1.14007,0.01518,10598327.68770,2000-05-03T04:18:29.623,15067.03746
97.85500,0.69993,-1446.95742,394450.65607,3385941.70696,1.13948,0.01624,10619721.82643,2000-05-03T10:14:55.087,15063.19014
97.86501,0.81866,-1439.22319,394479.45464,3385924.85689,1.14061,0.01577,10650058.47773,2000-05-03T18:40:36.568,15073.97666
97.87499,0.84550,-1453.84230,394519.38242,3385952.74792,1.14601,0.01540,10667055.49256,2000-05-03T23:24:04.425,15071.46481
97.88498,0.62498,-1446.70178,394447.38504,3385915.46110,1.13934,0.01443,10609859.40270,2000-05-03T07:30:36.838,15068.28377
97.89500,0.43277,-1442.55110,394329.69526,3385952.36119,1.13489,0.01554,10644438.99238,2000-05-03T17:06:57.860,15070.55539
97.90500,0.46562,-1447.93248,394376.72185,3385948.75627,1.12800,0.01715,10618824.17193,2000-05-03T10:00:03.458,15069.92785
97.91500,0.38808,-1445.31677,394325.95084,3385951.93458,1.13292,0.01589,10615789.40904,2000-05-03T09:09:26.362,15071.28905
97.92498,0.94053,-1464.53226,394551.61633,3385942.70092,1.13650,0.01606,10640227.45267,2000-05-03T15:56:45.606,15070.27404
97.93500,0.98769,-1464.22396,394636.76407,3385904.51664,1.13805,0.01610,10617028.46767,2000-05-03T09:30:11.831,15066.75490
97.94501,0.62112,-1437.79436,394472.68078,3385912.28942,1.14203,0.01577,10653020.61673,2000-05-03T19:29:49.345,15076.72597
97.95500,0.49717,-1434.49959,394374.82003,3385991.00555,1.14112,0.01541,10598577.00237,2000-05-03T04:22:38.468,15065.11601
97.96500,0.43335,-1421.54037,394331.29064,3385948.30764,1.13791,0.01718,10652597.03064,2000-05-03T19:22:57.702,15074.04796
97.97500,0.71007,-1426.21191,394435.90496,3385949.81100,1.14121,0.01834,10713145.07164,2000-05-04T12:12:04.828,15083.06555
97.98501,0.61753,-1428.67285,394357.37727,3386011.41003,1.14046,0.01789,10629880.59398,2000-05-03T13:04:19.715,15067.25463
97.99498,0.44817,-1414.34549,394321.56826,3385994.68594,1.13958,0.01836,10647585.36461,2000-05-03T17:59:29.616,15071.65127
98.00501,0.47614,-1410.37646,394406.39881,3385948.05215,1.14091,0.01795,10641681.26413,2000-05-03T16:20:55.525,15072.55353
98.01502,0.90082,-1423.05119,394615.07593,3385972.76751,1.13427,0.01743,10538715.06191,2000-05-02T11:44:55.825,15056.87202
98.02500,0.44353,-1418.31727,394408.20829,3385947.15532,1.13479,0.01618,10537352.60777,2000-05-02T11:22:06.169,15058.05006
98.03499,0.65451,-1432.19045,394444.47726,3385944.62360,1.13616,0.01563,10671492.22783,2000-05-04T00:37:58.340,15074.08298
98.04499,0.77178,-1429.72488,394448.35856,3385976.24790,1.13874,0.01640,10444883.33198,2000-05-01T09:40:54.720,15043.74475
98.05499,0.68725,-1432.81485,394430.37408,3385981.48705,1.13840,0.01676,10710214.90074,2000-05-04T11:23:20.124,15083.87763
98.06500,0.50194,-1419.70354,394371.39461,3385954.48628,1.13554,0.01685,10563880.63880,2000-05-02T18:44:11.318,15060.09531
98.07501,1.01265,-1437.01435,394561.07613,3385956.42202,1.13854,0.01671,10713575.65525,2000-05-04T12:19:15.939,15086.11565
98.08499,0.35922,-1420.11228,394248.85349,3386016.27397,1.13874,0.01623,10665294.35100,2000-05-03T22:54:32.919,15075.90205
98.09499,0.32791,-1414.92618,394270.10956,3385993.28653,1.13429,0.01560,10576056.18138,2000-05-02T22:07:14.442,15059.71788
98.10499,0.31464,-1403.93433,394272.01219,3385978.43834,1.13809,0.01797,10699056.43269,2000-05-04T08:17:19.429,15083.90545
98.11500,0.81646,-1427.09433,394426.46553,3385996.96827,1.13137,0.01854,10613051.21720,2000-05-03T08:23:54.806,15064.76065
98.12501,0.47804,-1415.27030,394312.45091,3385999.88691,1.12552,0.01855,10609806.42030,2000-05-03T07:29:44.781,15069.32612
98.13501,0.54377,-1414.12810,394362.23150,3386008.98736,1.12819,0.01670,10674894.27684,2000-05-04T01:34:35.777,15078.65900
98.14500,0.78422,-1421.12898,394495.52813,3385950.69888,1.13356,0.01520,10675902.82519,2000-05-04T01:51:18.455,15076.57761
98.15501,0.24433,-1405.27568,394286.81285,3386000.60146,1.12605,0.01542,10550166.90351,2000-05-02T14:55:44.091,15056.52453
98.16501,0.99412,-1429.63264,394531.24468,3385966.26769,1.12609,0.01530,10606024.32490,2000-05-03T06:26:43.049,15067.12670
98.17500,0.63186,-1420.43739,394421.63507,3385967.52003,1.12686,0.01543,10576699.33968,2000-05-02T22:17:58.661,15056.69568
98.18500,0.26029,-1409.51929,394184.51660,3386031.07478,1.12315,0.01580,10533706.66930,2000-05-02T10:21:24.769,15051.77053
98.19500,0.52637,-1422.32059,394422.31549,3385969.11369,1.12773,0.01729,10580251.11822,2000-05-02T23:17:11.037,15058.32594
98.20501,0.43060,-1418.39748,394331.59762,3385971.86379,1.12766,0.01645,10569253.73921,2000-05-02T20:13:58.432,15053.34752
98.21501,0.69067,-1416.08376,394414.93578,3385953.97438,1.12908,0.01545,10516280.52518,2000-05-02T05:30:59.299,15049.57484
98.22500,0.58287,-1414.69209,394369.94578,3385977.95707,1.13361,0.01590,10613875.51416,2000-05-03T08:37:34.025,15062.35543
98.23502,1.04411,-1421.33227,394565.81698,3385976.96631,1.13005,0.01549,10429119.89194,2000-05-01T05:18:21.045,15032.92826
98.24500,0.70829,-1413.37525,394458.49427,3385944.51395,1.13667,0.01645,10534321.24056,2000-05-02T10:31:43.210,15047.75308
98.25500,0.56753,-1395.72222,394350.20470,3386001.66087,1.13700,0.01509,10463786.04938,2000-05-01T14:56:02.836,15042.71164
98.26500,0.70392,-1415.34198,394472.86147,3385949.94830,1.13590,0.01509,10494226.19185,2000-05-01T23:23:20.838,15045.25012
98.27499,0.57179,-1407.08275,394372.33342,3385967.46923,1.13743,0.01582,10476821.39775,2000-05-01T18:33:11.743,15040.04325
98.28498,0.53525,-1408.34950,394390.82806,3385963.36923,1.13440,0.01763,10622889.20262,2000-05-03T11:07:51.702,15063.33749
98.29500,0.70355,-1417.04399,394444.91665,3385965.41272,1.14421,0.01811,10460382.19597,2000-05-01T13:59:12.797,15040.84710
98.30499,0.96768,-1432.14531,394607.47935,3385918.11125,1.13781,0.01799,10567158.68243,2000-05-02T19:38:55.915,15056.48703
98.31500,0.96037,-1431.56006,394563.98548,3385948.97679,1.13462,0.01884,10427369.74014,2000-05-01T04:48:55.603,15036.16440
98.32501,0.75088,-1421.71415,394516.15217,3385937.61767,1.13220,0.01789,10504484.43816,2000-05-02T02:14:16.958,15046.58822
98.33501,0.55427,-1424.65813,394424.10631,3385944.56943,1.13785,0.01642,10478966.24044,2000-05-01T19:08:58.922,15043.75247
98.34500,0.54112,-1422.10409,394482.15159,3385898.42231,1.13775,0.01517,10661409.97966,2000-05-03T21:49:38.216,15070.33358
98.35501,0.82317,-1437.67704,394572.05219,3385935.17947,1.13494,0.01617,10573944.46556,2000-05-02T21:31:54.101,15057.58304
98.36501,0.63894,-1421.15542,394480.71496,3385913.76336,1.13703,0.01733,10529055.51064,2000-05-02T09:03:49.637,15049.86121
98.37500,0.50929,-1430.72791,394335.92966,3386003.17478,1.13238,0.01737,10586710.47716,2000-05-03T01:04:51.273,15055.93332
98.38498,0.59134,-1429.00033,394388.47497,3385970.28181,1.13894,0.01769,10563610.53645,2000-05-02T18:39:49.821,15054.95448
98.39500,0.54447,-1423.87500,394421.40329,3385946.57407,1.13402,0.01761,10534037.65518,2000-05-02T10:26:56.089,15051.19180
98.40500,0.43546,-1416.41603,394328.58286,3385987.38833,1.13165,0.01694,10473523.98200,2000-05-01T17:38:20.167,15048.34242
98.41500,0.76019,-1426.50458,394510.00165,3385943.02934,1.13412,0.01794,10539183.62732,2000-05-02T11:52:35.692,15050.54580
98.42501,0.91919,-1434.68294,394522.27121,3385973.87648,1.13639,0.01765,10505914.53584,2000-05-02T02:38:14.087,15045.98441
98.43499,0.75919,-1418.58325,394476.14935,3385956.60198,1.13217,0.01685,10642204.97750,2000-05-03T16:29:41.513,15065.70040
98.44500,0.45733,-1408.61489,394332.80945,3385986.47247,1.13378,0.01691,10434318.33551,2000-05-01T06:44:54.740,15033.86658
98.45499,0.47236,-1405.82839,394418.72009,3385947.92436,1.14369,0.01687,10579944.70077,2000-05-02T23:12:01.865,15057.77203
98.46500,0.60784,-1406.43048,394391.49903,3385993.11204,1.14289,0.01619,10522310.81025,2000-05-02T07:11:26.274,15051.36162
98.47499,0.73059,-1412.56355,394401.91670,3386038.39690,1.14367,0.01807,10640403.56842,2000-05-03T15:59:38.346,15070.51718
98.48499,0.58177,-1404.25257,394378.03600,3386000.30643,1.14163,0.01850,10489339.61335,2000-05-01T22:01:55.897,15043.11627
98.49498,0.47758,-1403.19157,394355.11772,3385987.22166,1.14607,0.01638,10398072.37624,2000-04-30T20:40:45.753,15032.19557
98.50500,0.54087,-1399.36840,394414.65188,3385973.74767,1.14152,0.01509,10364152.32719,2000-04-30T11:15:28.363,15027.97200
98.51499,1.03593,-1420.65379,394579.49404,3385968.80985,1.14167,0.01580,10412054.74244,2000-05-01T00:33:54.658,15036.87243
98.52500,0.71873,-1402.27117,394476.77196,3385952.25843,1.14352,0.01510,10385176.08271,2000-04-30T17:05:56.448,15030.86903
98.53499,0.59597,-1404.40395,394389.73523,3386002.74979,1.14157,0.01459,10483157.71230,2000-05-01T20:18:55.707,15042.99970
98.54500,0.73980,-1406.75070,394464.66484,3385971.63654,1.13776,0.01557,10537902.01912,2000-05-02T11:31:21.499,15054.49668
98.55500,0.64611,-1405.10540,394442.95561,3385994.60686,1.14399,0.01517,10541829.21954,2000-05-02T12:36:44.358,15052.17499
98.56500,0.65198,-1404.60713,394456.88929,3385965.65031,1.13776,0.01580,10444735.27313,2000-05-01T09:38:26.695,15037.95846
98.57501,1.06393,-1412.13018,394583.98685,3385989.77803,1.13945,0.01574,10350478.66869,2000-04-30T07:27:32.403,15025.94235
98.58498,0.53708,-1399.08379,394412.69143,3385984.24105,1.14259,0.01691,10438669.82428,2000-05-01T07:57:25.569,15038.69724
98.59500,0.43354,-1389.52474,394332.02529,3386007.64402,1.14284,0.01634,10426455.92467,2000-05-01T04:33:50.948,15036.61314
98.60501,0.67445,-1390.44735,394461.54933,3385981.12347,1.13660,0.01643,10508860.51541,2000-05-02T03:27:08.665,15047.76027
98.61500,0.88957,-1393.34961,394540.19618,3385987.01868,1.15179,0.01695,10568607.98086,2000-05-02T20:03:04.612,15060.08842
98.62501,0.54127,-1382.36290,394362.61783,3386016.94009,1.14971,0.01635,10430082.71235,2000-05-01T05:34:11.013,15031.33860
98.63501,1.01243,-1403.44915,394587.37107,3385988.79559,1.14379,0.01348,10554973.69981,2000-05-02T16:15:54.257,15057.35104
98.64499,0.67075,-1392.39388,394456.70049,3385996.78359,1.14338,0.01287,10559671.75535,2000-05-02T17:34:03.752,15051.93317
98.65499,0.74702,-1402.04066,394553.81067,3385972.40075,1.14958,0.01269,10461890.30693,2000-05-01T14:24:21.645,15040.61173
98.66501,0.48075,-1386.40883,394309.47070,3386029.78461,1.14393,0.01394,10580921.02335,2000-05-02T23:28:17.654,15059.15387
98.67499,0.79706,-1386.61518,394452.45165,3385997.70497,1.14579,0.01344,10537330.92683,2000-05-02T11:21:50.533,15055.15947
98.68500,0.55737,-1381.89018,394351.66875,3386033.43171,1.13856,0.01430,10571354.71619,2000-05-02T20:48:45.939,15054.83696
98.69499,0.64136,-1390.26474,394457.32565,3386001.55534,1.14278,0.01325,10487029.03967,2000-05-01T21:23:20.653,15046.66948
98.70500,0.34238,-1373.60856,394260.86731,3386026.80508,1.14528,0.01409,10415403.90817,2000-05-01T01:29:45.129,15030.49705
98.71500,0.82202,-1387.97321,394517.16381,3385976.78334,1.14460,0.01275,10541355.18139,2000-05-02T12:28:46.925,15052.37957
98.72499,0.92798,-1387.49464,394555.30595,3385960.97313,1.13830,0.01286,10488242.52437,2000-05-01T21:43:43.055,15045.87740
98.73499,0.84049,-1389.46600,394528.01027,3385968.62527,1.14154,0.01378,10576346.70031,2000-05-02T22:12:04.450,15057.25169
98.74500,0.69243,-1390.30619,394440.74431,3385991.09038,1.14155,0.01405,10380427.55622,2000-04-30T15:46:42.773,15028.46200
98.75501,0.67404,-1394.22983,394449.26668,3385997.36709,1.13834,0.01512,10478566.99946,2000-05-01T19:02:22.166,15045.00802
98.76501,0.59234,-1391.74845,394422.39136,3385989.32605,1.14460,0.01523,10540294.55254,2000-05-02T12:11:10.757,15048.17651
98.77499,0.30665,-1368.08943,394302.07205,3385981.31574,1.14877,0.01582,10460205.78840,2000-05-01T13:56:16.232,15046.09554
98.78500,0.73030,-1383.03037,394509.97511,3385979.13012,1.14398,0.01820,10520449.74528,2000-05-02T06:40:24.455,15045.79815
98.79499,0.56926,-1380.46376,394376.67591,3386014.43952,1.13851,0.01858,10420094.73675,2000-05-01T02:47:43.270,15037.23913
98.80501,0.73035,-1388.32878,394482.43059,3385956.98066,1.14486,0.01743,10427659.36935,2000-05-01T04:53:52.814,15033.55415
98.81500,0.58931,-1386.36184,394424.83977,3385961.31126,1.13789,0.01678,10494575.93761,2000-05-01T23:29:03.343,15044.63923
98.82502,0.88635,-1398.25266,394574.47859,3385954.56861,1.13812,0.01698,10468500.80093,2000-05-01T16:14:41.309,15042.17512
98.83501,0.98143,-1405.92945,394635.11744,3385954.91607,1.13807,0.01900,10521055.33544,2000-05-02T06:50:23.719,15051.54791
98.84499,0.79244,-1399.22055,394567.07332,3385927.39154,1.13444,0.01789,10561833.94889,2000-05-02T18:10:01.681,15056.72115
98.85501,0.69881,-1396.81804,394541.71799,3385933.77371,1.13543,0.01621,10364427.27816,2000-04-30T11:19:52.378,15025.84532
98.86501,0.87155,-1403.17178,394588.56659,3385939.97670,1.13496,0.01637,10468978.95276,2000-05-01T16:22:25.761,15045.31393
98.87502,0.54719,-1398.75055,394481.38094,3385931.93604,1.14235,0.01603,10497178.59686,2000-05-02T00:12:37.191,15043.77782
98.88500,0.79755,-1403.33717,394545.02394,3385948.51836,1.13763,0.01698,10519060.37121,2000-05-02T06:17:13.336,15048.20565
98.89500,0.69704,-1395.20363,394511.02535,3385964.27977,1.14784,0.01541,10497990.67868,2000-05-02T00:26:00.855,15045.83481
98.90500,0.75826,-1391.52583,394553.12244,3385947.97093,1.14864,0.01660,10584062.30657,2000-05-03T00:20:32.811,15059.01575
98.91499,0.60171,-1391.78925,394448.42679,3385968.80280,1.14821,0.01614,10430921.80929,2000-05-01T05:48:15.787,15036.80148
98.92500,0.95243,-1415.72262,394610.73985,3385941.84920,1.14633,0.01611,10395933.87898,2000-04-30T20:05:02.909,15032.03688
98.93500,0.54054,-1404.29757,394453.11514,3385973.94740,1.13946,0.01628,10510075.43926,2000-05-02T03:47:30.695,15048.26142
98.94499,0.89626,-1424.15066,394634.03858,3385913.36412,1.13668,0.01571,10395087.92824,2000-04-30T19:50:49.775,15032.63152
98.95500,0.76928,-1421.72412,394540.24869,3385954.90273,1.13362,0.01717,10450185.32435,2000-05-01T11:09:24.673,15040.88452
98.96500,0.40317,-1402.92458,394386.75007,3385955.34638,1.13276,0.01611,10437933.52356,2000-05-01T07:45:01.245,15041.00957
98.97499,0.64496,-1403.80718,394483.68356,3385965.15076,1.12936,0.01521,10421861.67567,2000-05-01T03:17:16.334,15032.60447
98.98501,0.61298,-1399.86965,394480.38569,3385959.70804,1.13156,0.01534,10453915.69323,2000-05-01T12:11:33.892,15040.54266
98.99500,0.73674,-1404.00068,394514.46540,3385973.33680,1.13128,0.01471,10509277.66020,2000-05-02T03:34:15.119,15046.24359
99.00500,0.45125,-1387.89559,394408.82582,3385974.17204,1.13446,0.01526,10495658.50307,2000-05-01T23:47:05.897,15046.89287
99.01501,0.68080,-1394.84926,394464.89919,3385990.38217,1.13653,0.01425,10511498.78655,2000-05-02T04:11:20.092,15050.27707
99.02500,0.89565,-1401.83275,394580.27879,3385952.71927,1.13192,0.01499,10429365.72065,2000-05-01T05:22:13.241,15039.43815
99.03500,0.40229,-1390.54190,394354.25222,3385999.26723,1.13799,0.01583,10467793.01121,2000-05-01T16:02:56.523,15043.76383
99.04501,0.81390,-1393.54452,394568.01380,3385930.11561,1.13088,0.01512,10480261.13120,2000-05-01T19:30:32.868,15041.47811
99.05500,0.85405,-1402.44720,394582.51160,3385951.91387,1.13148,0.01558,10489339.13234,2000-05-01T22:01:46.372,15048.20198
99.06500,0.82376,-1404.39211,394566.12485,3385946.63147,1.13277,0.01561,10432816.96134,2000-05-01T06:19:49.521,15037.32962
99.07501,0.22930,-1383.77571,394239.96948,3386035.80237,1.13346,0.01476,10457133.80392,2000-05-01T13:05:11.534,15035.87225
99.08500,0.67282,-1394.78659,394516.66943,3385952.27920,1.13908,0.01538,10364135.54608,2000-04-30T11:15:04.220,15031.42183
99.09501,0.57589,-1397.64895,394444.45209,3385949.29683,1.13176,0.01637,10359783.66348,2000-04-30T10:02:34.550,15024.78947
99.10501,0.67464,-1403.03078,394510.73481,3385968.65106,1.12479,0.01715,10405684.92752,2000-04-30T22:47:32.379,15032.84679
99.11501,1.08890,-1416.75619,394665.57982,3385928.53798,1.12744,0.01762,10427030.96997,2000-05-01T04:43:24.565,15034.45807
99.12501,0.58069,-1391.97905,394503.37231,3385927.67421,1.11866,0.01647,10430917.84628,2000-05-01T05:48:17.385,15035.35115
99.13500,0.92569,-1405.97629,394685.46273,3385893.86060,1.12721,0.01534,10576210.17335,2000-05-02T22:09:37.328,15062.16350
99.14501,0.82101,-1401.36741,394574.25300,3385966.61494,1.12548,0.01379,10517171.20854,2000-05-02T05:45:39.188,15047.28116
99.15500,0.90943,-1401.14687,394593.75079,3385970.74721,1.13132,0.01365,10430273.61870,2000-05-01T05:37:33.833,15034.73591
99.16499,0.54693,-1395.69073,394479.91322,3385948.67896,1.12798,0.01187,10505115.55289,2000-05-02T02:24:48.485,15049.53203
99.17500,0.77841,-1409.80972,394530.97200,3385956.10045,1.12827,0.01352,10439158.83751,2000-05-01T08:05:31.180,15037.66803
99.18500,0.71629,-1403.84946,394540.99011,3385926.63366,1.12753,0.01344,10470318.80037,2000-05-01T16:44:52.531,15043.62526
99.19500,0.79501,-1411.61954,394559.89314,3385938.66566,1.12646,0.01311,10380633.87611,2000-04-30T15:50:19.937,15028.67079
99.20501,0.60476,-1402.66073,394508.36113,3385909.67460,1.12390,0.01354,10375422.93124,2000-04-30T14:23:05.970,15031.22367
99.21500,0.41933,-1395.05612,394392.01779,3385969.31682,1.12262,0.01238,10398912.55380,2000-04-30T20:54:43.753,15032.79238
99.22499,0.90314,-1413.88141,394636.68047,3385945.42771,1.12431,0.01365,10371396.95005,2000-04-30T13:16:10.259,15026.37530
99.23499,0.64741,-1398.02730,394493.53393,3385957.26992,1.12772,0.01271,10470773.55996,2000-05-01T16:52:18.357,15042.17989
99.24499,0.88556,-1399.53470,394608.05662,3385934.19932,1.12478,0.01440,10548204.86624,2000-05-02T14:22:54.143,15053.82152
99.25499,0.87002,-1408.60831,394559.81213,3385970.73946,1.12423,0.01256,10488475.51400,2000-05-01T21:47:31.730,15045.50161
99.26501,0.65877,-1392.79740,394526.74646,3385936.88855,1.12363,0.01303,10404814.04574,2000-04-30T22:33:03.601,15032.64179
99.27501,0.71690,-1399.68852,394520.78164,3385945.56004,1.12865,0.01307,10452688.02666,2000-05-01T11:51:02.983,15043.67885
99.28502,0.52722,-1398.55105,394473.25813,3385935.26164,1.12459,0.01365,10497646.32760,2000-05-02T00:20:23.726,15046.25537
99.29502,0.67199,-1408.03309,394487.51215,3385998.66959,1.13645,0.01333,10414083.84904,2000-05-01T01:07:34.370,15033.09900
99.30500,0.84472,-1414.14407,394639.63003,3385918.48251,1.13024,0.01275,10495517.64465,2000-05-01T23:44:49.088,15049.94803
99.31501,0.95652,-1411.84209,394650.87877,3385946.92965,1.12706,0.01326,10358604.99912,2000-04-30T09:42:48.503,15026.75055
99.32501,0.57384,-1397.35456,394558.33233,3385943.62755,1.13384,0.01291,10462961.68829,2000-05-01T14:42:19.018,15042.50451
99.33500,1.11688,-1410.23971,394713.69624,3385924.02699,1.13316,0.01292,10441172.85653,2000-05-01T08:39:01.199,15037.31902
99.34500,0.62553,-1402.55905,394526.57345,3385949.45915,1.13510,0.01363,10468858.67024,2000-05-01T16:20:26.765,15042.83903
99.35499,0.70500,-1408.16144,394579.31970,3385917.00692,1.14150,0.01271,10546457.86658,2000-05-02T13:54:04.178,15047.84246
99.36501,0.69725,-1408.78024,394485.24752,3385962.87560,1.13956,0.01239,10471315.68603,2000-05-01T17:01:26.862,15045.95407
99.37500,0.72532,-1403.85152,394535.91220,3385946.32423,1.13264,0.01490,10526553.19350,2000-05-02T08:22:04.840,15050.53455
99.38499,0.79168,-1401.82357,394502.90204,3385982.67306,1.13829,0.01541,10564085.13877,2000-05-02T18:47:41.161,15056.82723
99.39501,0.72359,-1392.04585,394523.07584,3385937.19469,1.13487,0.01577,10485524.24800,2000-05-01T20:58:17.922,15046.77404
99.40501,0.52420,-1390.70932,394437.05152,3385978.45322,1.13867,0.01469,10478883.36658,2000-05-01T19:07:34.954,15043.55838
99.41500,0.61729,-1387.99306,394490.88481,3385949.82840,1.14105,0.01655,10519258.67465,2000-05-02T06:20:35.517,15047.23642
99.42501,0.68143,-1386.79037,394502.03289,3385964.70767,1.14097,0.01548,10511958.40672,2000-05-02T04:18:47.749,15052.13026
99.43499,0.85035,-1393.45421,394581.82296,3385950.09215,1.14251,0.01701,10463279.37612,2000-05-01T14:47:31.538,15040.92337
99.44500,0.76489,-1394.65623,394523.01531,3385977.76864,1.13546,0.01730,10529360.23763,2000-05-02T09:08:48.098,15051.24701
99.45498,0.37678,-1372.30287,394386.77193,3385968.43483,1.13852,0.01713,10537246.63659,2000-05-02T11:20:19.607,15048.23610
99.46501,0.63149,-1394.00890,394512.68894,3385961.25576,1.13537,0.01539,10600698.24603,2000-05-03T04:57:50.781,15063.37383
99.47500,0.86023,-1404.65506,394587.85822,3385956.85235,1.12971,0.01585,10402828.88518,2000-04-30T21:59:57.493,15033.26823
99.48501,0.77011,-1404.04957,394551.45143,3385946.02268,1.13064,0.01573,10485168.36192,2000-05-01T20:52:21.433,15043.10049
99.49500,0.65123,-1396.07846,394543.79505,3385939.48577,1.13536,0.01579,10510994.51640,2000-05-02T04:02:46.403,15048.96462
99.50501,0.75477,-1397.07536,394551.15250,3385944.39934,1.12738,0.01577,10530419.44434,2000-05-02T09:26:36.301,15053.81068
99.51500,0.44442,-1386.17286,394433.07878,3385966.97035,1.12526,0.01607,10481462.28590,2000-05-01T19:50:40.138,15047.23143
99.52501,0.86317,-1403.98221,394607.41819,3385934.66301,1.12416,0.01558,10492060.67220,2000-05-01T22:47:19.171,15042.90579
99.53501,0.97928,-1407.65931,394654.96993,3385955.75714,1.13002,0.01630,10377743.76925,2000-04-30T15:01:54.280,15026.76025
99.54500,0.87054,-1409.03900,394631.43490,3385957.89582,1.13413,0.01490,10553211.11161,2000-05-02T15:46:21.387,15055.79353
99.55499,0.66682,-1400.63512,394518.91472,3385934.24133,1.12624,0.01592,10473880.59689,2000-05-01T17:44:15.187,15041.50133
99.56500,0.54801,-1396.54494,394442.60363,3385959.79464,1.13138,0.01580,10418886.36805,2000-05-01T02:27:44.885,15035.86347
99.57501,0.73726,-1408.42677,394536.97113,3385950.38703,1.12923,0.01561,10503392.45762,2000-05-02T01:56:11.034,15050.87924
99.58501,0.90058,-1414.10319,394642.97480,3385910.50322,1.13000,0.01574,10466352.27138,2000-05-01T15:38:48.822,15041.92367
99.59499,1.03445,-1427.73966,394684.55662,3385957.98261,1.13080,0.01615,10582055.50137,2000-05-02T23:47:17.563,15056.99056
99.60501,0.54514,-1394.33273,394504.33989,3385923.13082,1.13462,0.01479,10500882.81769,2000-05-02T01:14:22.789,15049.57876
99.61500,0.78344,-1413.55187,394575.06485,3385970.63681,1.13304,0.01652,10499026.07700,2000-05-02T00:43:22.693,15042.20878
99.62501,0.65724,-1401.32812,394500.87825,3385975.03413,1.13576,0.01555,10501280.35732,2000-05-02T01:21:00.590,15049.39734
99.63500,1.03937,-1414.03139,394703.63768,3385943.95550,1.12991,0.01558,10526105.30297,2000-05-02T08:14:36.920,15049.22883
99.64498,0.54321,-1405.77570,394504.81801,3385950.85598,1.13148,0.01556,10463022.14245,2000-05-01T14:43:18.993,15042.93511
99.65499,0.86179,-1408.78798,394639.27022,3385951.67572,1.13577,0.01594,10479714.84135,2000-05-01T19:21:28.850,15046.67864
99.66500,0.58825,-1391.68911,394404.07865,3386014.68791,1.13108,0.01604,10513116.85221,2000-05-02T04:38:23.205,15049.83385
99.67499,0.64077,-1399.29966,394494.61215,3385970.14950,1.13058,0.01542,10500811.87474,2000-05-02T01:13:09.332,15047.56345
99.68500,0.91897,-1409.80213,394590.93137,3385971.90393,1.12570,0.01546,10367188.26349,2000-04-30T12:06:09.704,15027.85052
99.69500,0.49899,-1389.97759,394539.55713,3385922.51862,1.12778,0.01626,10392510.21285,2000-04-30T19:08:06.204,15036.09562
99.70500,0.63272,-1389.77278,394506.73342,3385973.53462,1.13148,0.01522,10500604.61532,2000-05-02T01:09:47.973,15045.11451
99.71501,0.99272,-1404.30611,394604.01452,3385996.79365,1.12567,0.01513,10499410.08299,2000-05-02T00:49:55.487,15046.28412
99.72501,0.68709,-1389.29992,394549.39348,3385937.45583,1.13158,0.01285,10446898.99479,2000-05-01T10:14:30.138,15040.12120
99.73500,0.62956,-1378.95951,394470.48678,3386009.06003,1.13519,0.01325,10437288.42544,2000-05-01T07:34:29.264,15037.46644
99.74500,0.86541,-1389.93452,394609.98944,3385961.59243,1.13348,0.01360,10358897.30395,2000-04-30T09:48:00.470,15025.49616
99.75500,0.64935,-1379.94278,394487.26103,3386003.68502,1.13132,0.01507,10482856.15913,2000-05-01T20:13:43.565,15043.91770
99.76502,0.56670,-1377.28334,394437.90521,3385984.23593,1.13424,0.01467,10481972.30247,2000-05-01T19:59:15.851,15044.03549
99.77501,0.51262,-1374.89637,394380.42699,3386022.49084,1.13410,0.01529,10493414.82550,2000-05-01T23:09:54.476,15045.66899
99.78499,1.07033,-1393.97212,394605.86116,3386023.09090,1.13852,0.01550,10464410.71815,2000-05-01T15:06:32.410,15041.91035
99.79500,0.59927,-1372.81389,394448.36626,3385991.00196,1.13583,0.01481,10457432.89458,2000-05-01T13:10:12.638,15041.29635
99.80500,0.47179,-1363.18323,394411.58450,3385995.71338,1.13893,0.01553,10471148.59878,2000-05-01T16:58:53.677,15043.26142
99.81501,0.90792,-1374.60638,394586.46638,3385972.30253,1.14171,0.01516,10477311.61303,2000-05-01T18:41:30.159,15044.19940
99.82501,0.61956,-1369.70944,394497.35791,3385992.61860,1.14043,0.01576,10480408.95049,2000-05-01T19:33:09.900,15044.80041
99.83498,0.74793,-1369.36833,394514.75206,3386024.76730,1.13952,0.01502,10460212.61546,2000-05-01T13:56:27.832,15043.13037
99.84500,0.78469,-1374.82394,394513.56182,3386000.89420,1.14607,0.01373,10480225.27070,2000-05-01T19:30:14.627,15046.52360
99.85502,0.52573,-1366.27601,394456.22918,3386015.99673,1.14665,0.01519,10511659.87509,2000-05-02T04:13:58.656,15044.35720
99.86501,0.85789,-1386.97201,394577.01382,3385996.98488,1.13960,0.01535,10455976.90374,2000-05-01T12:45:49.054,15044.10938
99.87499,1.40260,-1405.04581,394902.66953,3385936.39907,1.14418,0.01486,10441828.82834,2000-05-01T08:50:06.998,15040.51852
99.88501,0.94243,-1397.16504,394648.39227,3385969.65651,1.14149,0.01576,10480747.57453,2000-05-01T19:38:43.375,15041.84408
99.89498,0.65843,-1382.51914,394535.20552,3385986.51310,1.12959,0.01483,10503859.82150,2000-05-02T02:03:50.227,15049.73057
99.90501,0.66068,-1388.53290,394550.65609,3385941.49431,1.13224,0.01454,10427771.45499,2000-05-01T04:55:52.692,15037.28755
99.91501,0.90216,-1389.41958,394608.76078,3385984.09586,1.13651,0.01541,10495712.71224,2000-05-01T23:48:08.122,15047.88198
99.92500,0.91657,-1387.17030,394607.18289,3386014.32020,1.13564,0.01449,10408147.15392,2000-04-30T23:28:41.868,15032.56507
99.93500,0.69377,-1378.38698,394510.58413,3385982.43818,1.13731,0.01464,10455426.08142,2000-05-01T12:36:37.614,15043.44629
99.94499,0.70994,-1369.50781,394459.77273,3386025.41817,1.13396,0.01444,10377877.60020,2000-04-30T15:04:18.298,15028.69003
99.95500,0.82592,-1379.68753,394546.17660,3385989.95416,1.13897,0.01499,10430683.55901,2000-05-01T05:44:17.870,15036.53656
99.96501,0.45723,-1363.08185,394415.52449,3385985.27634,1.14341,0.01481,10482458.70464,2000-05-01T20:07:24.875,15048.85057
99.97501,0.56320,-1362.39010,394451.36142,3386000.21979,1.13585,0.01449,10489927.04326,2000-05-01T22:11:40.535,15041.61430
99.98501,0.78652,-1363.66391,394515.59226,3386005.86033,1.13795,0.01571,10385726.21552,2000-04-30T17:15:01.767,15032.30890
99.99501,0.78126,-1372.81657,394544.57071,3386016.29823,1.13998,0.01437,10458368.05625,2000-05-01T13:25:41.426,15040.74442
100.00499,0.66829,-1371.65531,394524.68413,3385980.57716,1.14942,0.01514,10331745.30055,2000-04-30T02:15:19.202,15022.93349
100.01501,0.57350,-1363.10819,394473.03997,3385964.48040,1.14885,0.01552,10512584.19397,2000-05-02T04:29:22.374,15049.20647
100.02500,0.42783,-1369.29687,394402.49427,3385993.07491,1.15011,0.01816,10451065.75088,2000-05-01T11:24:02.154,15037.57797
100.03500,0.83032,-1373.86380,394592.17157,3385970.52837,1.14467,0.01611,10369104.51226,2000-04-30T12:37:58.133,15033.57662
100.04499,0.56706,-1363.58887,394425.81551,3386001.69924,1.13935,0.01705,10336911.21200,2000-04-30T03:41:25.187,15018.81319
100.05499,0.66798,-1372.25599,394513.67854,3385969.71871,1.13687,0.01651,10360570.97876,2000-04-30T10:15:45.914,15027.15495
100.06499,0.94709,-1374.71102,394560.10644,3385976.03453,1.13653,0.01733,10488257.92117,2000-05-01T21:43:53.010,15043.88171
100.07500,0.55301,-1364.12249,394378.99245,3386024.90452,1.13761,0.01614,10454842.22308,2000-05-01T12:26:57.144,15045.06542
100.08500,0.33867,-1348.82234,394303.42905,3386010.54205,1.14110,0.01428,10554522.07049,2000-05-02T16:08:14.179,15055.98656
100.09501,0.14251,-1341.74878,394217.30278,3386007.08193,1.14742,0.01469,10414428.93352,2000-05-01T01:13:26.961,15033.83995
100.10500,0.79908,-1368.28850,394473.55828,3385988.39221,1.14790,0.01333,10523354.19757,2000-05-02T07:28:52.935,15054.47572
100.11500,0.59982,-1362.24504,394378.10193,3386011.33831,1.14420,0.01160,10472203.50390,2000-05-01T17:16:14.842,15041.56509
100.12502,0.74917,-1373.78616,394453.31373,3385997.77032,1.14554,0.01176,10470398.11378,2000-05-01T16:46:20.592,15044.01152
100.13502,0.48905,-1351.39897,394336.91072,3386010.72383,1.13933,0.01275,10449085.08653,2000-05-01T10:51:03.133,15038.68905
100.14501,0.56529,-1357.27300,394308.71288,3386075.59421,1.14890,0.01128,10557611.58550,2000-05-02T16:59:46.702,15054.80289
100.15500,0.92498,-1363.60705,394587.74607,3385997.17647,1.15272,0.01167,10473381.11052,2000-05-01T17:36:00.105,15045.10843
100.16500,0.24854,-1340.01088,394201.47453,3386055.27086,1.14784,0.01323,10515096.52874,2000-05-02T05:11:11.203,15051.15400
100.17500,0.50530,-1350.59282,394345.85895,3386013.56762,1.14189,0.01373,10421884.08517,2000-05-01T03:17:45.938,15035.73067
100.18502,0.69194,-1363.46261,394408.01466,3386030.76539,1.14328,0.01273,10470406.67948,2000-05-01T16:46:24.429,15046.92347
100.19500,0.47429,-1360.11382,394361.64703,3386012.98823,1.13777,0.01180,10402070.60915,2000-04-30T21:47:34.924,15034.00278
100.20499,0.65559,-1359.71098,394462.14151,3385986.10989,1.14081,0.01424,10474759.10034,2000-05-01T17:58:49.733,15043.95807
100.21500,1.17350,-1385.17488,394663.25777,3385978.53497,1.14251,0.01772,10508022.05902,2000-05-02T03:13:18.016,15045.69293
100.22501,0.43165,-1363.15011,394313.92075,3386022.94877,1.13705,0.01696,10392273.15706,2000-04-30T19:04:15.394,15034.35649
100.23500,0.39567,-1353.10844,394302.67689,3386018.84186,1.13595,0.01369,10502225.54352,2000-05-02T01:36:47.371,15048.01574
100.24500,0.77829,-1364.80072,394519.67947,3386006.68244,1.13672,0.01431,10459140.14491,2000-05-01T13:38:44.731,15041.75391
100.25498,0.79343,-1357.01094,394512.96228,3385983.39328,1.13976,0.01457,10519958.82938,2000-05-02T06:32:16.555,15052.13723
100.26501,0.60907,-1356.13605,394404.18955,3386020.00211,1.13266,0.01355,10384870.25419,2000-04-30T17:00:59.327,15032.49958
100.27501,0.51146,-1354.62540,394376.27939,3386020.74636,1.13139,0.01415,10466599.52096,2000-05-01T15:43:02.570,15041.69460
100.28499,0.77610,-1363.26383,394489.50821,3386013.36702,1.13462,0.01429,10419137.63695,2000-05-01T02:31:59.556,15042.22720
100.29499,0.46418,-1348.41637,394354.83390,3386037.75283,1.13453,0.01354,10529336.34769,2000-05-02T09:08:31.727,15051.54172
100.30498,1.09676,-1364.40683,394624.47366,3386008.70942,1.13307,0.01422,10455199.58818,2000-05-01T12:32:56.753,15040.92271
100.31499,0.43368,-1342.03085,394348.86481,3386030.44291,1.13963,0.01584,10353554.71400,2000-04-30T08:18:55.274,15025.53099
100.32500,0.54698,-1339.34282,394388.50985,3386041.66447,1.14304,0.01935,10457986.16891,2000-05-01T13:19:20.393,15045.27414
100.33501,0.72773,-1336.33717,394563.74006,3385998.37586,1.15197,0.01906,10561619.22459,2000-05-02T18:06:32.001,15056.98388
100.34500,0.66597,-1341.21613,394539.07697,3386036.55736,1.14337,0.01856,10388805.13129,2000-04-30T18:06:20.650,15031.98337
100.35499,0.53695,-1347.48305,394513.28191,3386017.50965,1.14281,0.01595,10498951.59777,2000-05-02T00:42:08.665,15048.68158
100.36499,0.61712,-1347.03822,394533.34792,3385990.81677,1.13518,0.01648,10487501.20423,2000-05-01T21:31:20.676,15048.16669
100.37501,0.46814,-1342.65949,394431.67804,3386029.90211,1.13453,0.01696,10521849.11905,2000-05-02T07:03:50.308,15048.36337
100.38500,0.27344,-1332.84290,394325.36432,3386015.00903,1.13820,0.01838,10455480.19334,2000-05-01T12:37:36.221,15041.42189
100.39499,0.35614,-1342.16247,394341.79609,3386055.65763,1.14507,0.01847,10506233.04524,2000-05-02T02:43:27.836,15049.29857
100.40499,0.71054,-1353.66657,394512.56443,3385997.95047,1.13524,0.01870,10567121.25369,2000-05-02T19:38:25.055,15053.94510
100.41500,0.41463,-1350.99946,394383.29717,3386023.02045,1.13597,0.02083,10509889.88247,2000-05-02T03:44:30.426,15049.21286
100.42501,0.69709,-1371.83626,394505.05502,3386003.95866,1.12860,0.02083,10439297.46229,2000-05-01T08:08:13.148,15042.48301
100.43500,0.53054,-1363.34427,394453.95146,3386017.19256,1.12871,0.02059,10555413.10556,2000-05-02T16:23:21.723,15054.20630
100.44500,0.68517,-1369.99942,394524.95868,3386009.38093,1.13100,0.02077,10375149.03288,2000-04-30T14:18:53.828,15030.64945
100.45501,0.37352,-1352.31115,394372.61287,3386017.10073,1.13473,0.02113,10448467.39178,2000-05-01T10:40:41.347,15043.05674
100.46500,0.69869,-1362.76837,394517.44685,3386006.54999,1.13639,0.02139,10402063.15850,2000-04-30T21:47:23.605,15033.64009
100.47501,0.23016,-1346.98964,394314.42845,3386022.46120,1.13441,0.02131,10515858.49363,2000-05-02T05:23:57.504,15047.58954
100.48500,0.81856,-1374.13263,394536.95368,3385999.96492,1.12613,0.02047,10427982.28711,2000-05-01T04:59:25.719,15039.39086
100.49500,0.56895,-1365.71191,394439.76083,3386042.98940,1.12394,0.02034,10554600.89562,2000-05-02T16:09:47.861,15055.54372
100.50498,0.83789,-1367.10947,394543.41915,3386019.76719,1.12722,0.01762,10476422.18605,2000-05-01T18:26:57.024,15043.76560
100.51500,0.37714,-1349.35413,394375.59581,3386006.25854,1.12302,0.01893,10390218.98512,2000-04-30T18:30:00.316,15030.22584
100.52499,0.39850,-1345.77618,394358.49898,3386032.42331,1.12906,0.01980,10461853.53496,2000-05-01T14:24:02.080,15045.95052
100.53499,0.67239,-1359.45562,394500.50173,3385983.52857,1.12706,0.01857,10329915.10275,2000-04-30T01:44:55.915,15020.02896
100.54500,0.70959,-1371.06058,394501.45422,3386034.23857,1.12487,0.02005,10562752.21467,2000-05-02T18:25:34.126,15059.21669
100.55500,0.53863,-1362.30321,394443.76895,3386018.55229,1.12692,0.01979,10403359.78762,2000-04-30T22:09:09.377,15036.72770
100.56499,0.50055,-1357.83262,394445.41967,3385997.70426,1.13091,0.01806,10378488.33200,2000-04-30T15:14:27.410,15031.64610
100.57500,0.70426,-1366.56526,394455.96660,3386044.63168,1.12832,0.01988,10411856.80686,2000-05-01T00:30:42.288,15037.28899
100.58500,0.87697,-1367.17024,394566.76953,3386022.81788,1.12858,0.01840,10419689.01990,2000-05-01T02:41:14.486,15033.55028
100.59500,0.57804,-1360.25294,394484.06699,3385994.78459,1.13323,0.01762,10528678.99456,2000-05-02T08:57:46.881,15052.80533
100.60502,0.84037,-1360.91327,394554.41888,3386029.00678,1.13071,0.01917,10436613.72834,2000-05-01T07:23:20.189,15039.72145
100.61499,0.84333,-1367.35046,394588.86223,3385984.21303,1.12904,0.01713,10431452.52398,2000-05-01T05:57:20.052,15038.77467
100.62500,0.60665,-1359.84971,394434.28845,3386029.97862,1.12999,0.02184,10569655.02988,2000-05-02T20:20:38.860,15061.02166
100.63500,0.50746,-1346.56016,394408.11312,3386026.66455,1.13275,0.02113,10450877.01863,2000-05-01T11:20:58.421,15040.87321
100.64500,0.73337,-1365.36535,394577.43861,3385983.88514,1.12821,0.02039,10516327.72428,2000-05-02T05:31:47.192,15049.52818
100.65500,0.78802,-1367.46647,394566.13612,3385988.61679,1.13151,0.02157,10552897.84664,2000-05-02T15:41:22.694,15055.76778
100.66498,0.86195,-1371.70068,394549.13358,3386020.00104,1.12780,0.01930,10519493.78248,2000-05-02T06:24:35.136,15053.69299
100.67500,0.64824,-1365.16207,394488.81864,3385995.07847,1.12543,0.01901,10498002.17828,2000-05-02T00:26:22.831,15047.69469
100.68500,0.89319,-1369.72067,394604.38383,3385987.12896,1.12621,0.01886,10532300.53311,2000-05-02T09:58:10.162,15053.90893
100.69500,0.98911,-1372.67565,394603.33756,3386000.70759,1.12676,0.01717,10501461.64471,2000-05-02T01:24:06.117,15049.47470
100.70499,0.80870,-1363.64183,394545.71217,3386000.50552,1.13162,0.01649,10489935.51308,2000-05-01T22:12:00.585,15046.11125
100.71500,0.41458,-1349.31073,394336.32080,3386076.90566,1.12659,0.01786,10548393.88640,2000-05-02T14:26:17.979,15055.79193
100.72500,0.88466,-1362.67713,394521.25817,3386015.90585,1.12402,0.01663,10483871.05512,2000-05-01T20:30:59.733,15046.96276
100.73499,0.29969,-1344.61656,394326.34081,3386013.31704,1.12379,0.01600,10476218.08706,2000-05-01T18:23:11.220,15043.90179
100.74501,0.84625,-1359.61868,394563.34846,3385983.31214,1.12875,0.01632,10445406.25576,2000-05-01T09:49:48.407,15040.26210
100.75500,0.77252,-1366.07747,394523.94920,3385990.52341,1.12728,0.01685,10594799.07418,2000-05-03T03:19:36.113,15061.64538
100.76500,0.76499,-1382.79887,394537.88634,3386013.86797,1.13369,0.01714,10603948.12908,2000-05-03T05:52:10.828,15064.97753
100.77501,0.72403,-1373.28476,394455.62539,3386019.40804,1.13421,0.01743,10366154.10558,2000-04-30T11:49:03.266,15027.19495
100.78501,0.45665,-1361.12068,394380.35805,3386019.70423,1.12498,0.01618,10570609.23137,2000-05-02T20:36:30.473,15057.06937
100.79500,0.85988,-1374.34907,394516.72868,3386023.58100,1.12638,0.01793,10414670.27376,2000-05-01T01:17:36.497,15034.51307
100.80500,0.50777,-1354.27347,394426.06854,3385999.72904,1.13290,0.01702,10398089.35179,2000-04-30T20:41:19.073,15033.50358
100.81498,0.38307,-1352.47298,394318.03542,3386027.45497,1.13013,0.01718,10508392.07206,2000-05-02T03:19:35.830,15049.21580
100.82502,0.50942,-1346.06433,394384.00117,3386013.75097,1.13417,0.01658,10327451.63730,2000-04-30T01:04:00.976,15025.28931
100.83499,0.42820,-1349.95386,394322.72405,3386041.05292,1.12813,0.01674,10454262.91776,2000-05-01T12:17:27.833,15044.01239
100.84499,0.51906,-1351.26330,394421.16990,3385993.71350,1.13066,0.01672,10397433.64076,2000-04-30T20:30:13.852,15031.87229
100.85498,0.72958,-1363.82091,394466.15419,3386022.47362,1.12722,0.01807,10344500.36172,2000-04-30T05:47:58.102,15025.75224
100.86501,0.76344,-1364.24680,394454.24833,3386047.05145,1.12857,0.01848,10474353.33974,2000-05-01T17:52:12.926,15046.42327
100.87500,0.59251,-1362.61139,394421.74750,3386028.61893,1.12318,0.01752,10415477.26044,2000-05-01T01:31:04.298,15036.36045
100.88499,0.51611,-1355.72975,394438.60278,3385991.64627,1.12497,0.01459,10441453.95456,2000-05-01T08:43:56.157,15036.81855
100.89499,0.49373,-1353.51279,394350.51343,3386023.06471,1.12250,0.01412,10455648.90857,2000-05-01T12:40:30.778,15041.84009
100.90499,0.73773,-1363.61555,394491.81717,3385998.67957,1.12224,0.01406,10393694.29563,2000-04-30T19:27:58.477,15029.48600
100.91500,0.64281,-1363.14464,394504.94181,3385955.82628,1.11352,0.01465,10438016.52570,2000-05-01T07:46:43.921,15040.43314
100.92498,0.40943,-1349.28595,394332.53918,3386038.13583,1.11691,0.01469,10441334.58003,2000-05-01T08:42:01.756,15042.16231
100.93499,0.64357,-1355.24264,394459.13715,3385995.22349,1.12471,0.01422,10472068.13981,2000-05-01T17:14:10.982,15044.66879
100.94501,0.20462,-1333.78259,394242.36545,3386025.99753,1.12769,0.01510,10383866.88835,2000-04-30T16:44:09.487,15029.21736
100.95499,0.08009,-1328.21738,394178.08306,3386070.15088,1.12973,0.01462,10457582.82861,2000-05-01T13:12:46.479,15042.03189
100.96501,0.94793,-1360.57735,394521.31051,3386023.33397,1.12273,0.01504,10510838.70544,2000-05-02T04:00:31.934,15053.74568
100.97500,0.04291,-1314.98689,394150.60029,3386035.20108,1.12579,0.01511,10409824.01845,2000-04-30T23:56:48.946,15037.59037
100.98502,0.16799,-1325.78957,394192.30628,3386071.17885,1.12489,0.01533,10472943.50628,2000-05-01T17:28:57.344,15047.27025
100.99500,0.35209,-1325.63186,394294.76274,3386075.36234,1.12383,0.01519,10459374.65717,2000-05-01T13:42:43.348,15045.11391
101.00501,0.23679,-1312.06916,394243.41429,3386048.00793,1.12751,0.01518,10469797.98055,2000-05-01T16:36:28.798,15050.02861
101.01500,0.03562,-1312.99517,394120.68077,3386082.51998,1.13247,0.01554,10567602.96477,2000-05-02T19:46:30.803,15060.03205
101.02501,0.56977,-1336.78236,394371.33052,3386018.25053,1.13495,0.01550,10385687.55673,2000-04-30T17:14:37.519,15038.48169
101.03501,0.40342,-1342.79400,394255.14455,3386100.39051,1.13417,0.01632,10580042.86397,2000-05-02T23:13:46.522,15066.00783
101.04502,0.19234,-1323.65326,394200.15301,3386055.02260,1.13616,0.01577,10335136.80102,2000-04-30T03:12:05.016,15029.31370
101.05500,0.52968,-1335.37419,394339.02095,3386071.48321,1.14160,0.01568,10459506.43332,2000-05-01T13:44:51.893,15046.45441
101.06499,0.28601,-1335.48079,394242.02688,3386068.36153,1.14421,0.01590,10468587.02585,2000-05-01T16:16:16.382,15049.38180
101.07501,0.25545,-1325.13017,394238.63681,3386095.24499,1.14061,0.01530,10501838.79039,2000-05-02T01:30:34.248,15050.53985
101.08502,0.21187,-1318.73105,394242.88271,3386026.75518,1.14509,0.01506,10438904.47282,2000-05-01T08:01:24.573,15047.47201
101.09501,0.44542,-1325.76118,394319.40972,3386086.85379,1.14575,0.01507,10475689.64919,2000-05-01T18:14:37.855,15050.11656
101.10504,0.35643,-1334.32742,394233.09852,3386070.91573,1.14456,0.01497,10404535.60245,2000-04-30T22:28:38.717,15038.08945
101.11501,0.42785,-1330.92244,394268.73160,3386076.93460,1.14037,0.01495,10516528.95448,2000-05-02T05:35:17.878,15055.55092
101.12499,0.27625,-1326.58532,394273.76593,3386066.43818,1.14064,0.01607,10565673.99547,2000-05-02T19:14:20.073,15060.67774
101.13498,0.50314,-1346.27223,394331.80269,3386065.37113,1.14046,0.01712,10500741.85607,2000-05-02T01:12:00.353,15055.83783
101.14498,0.62982,-1340.19266,394402.78216,3386046.08456,1.13978,0.02142,10421369.57388,2000-05-01T03:09:13.695,15039.01728
101.15498,0.50287,-1336.37703,394350.09074,3386074.54560,1.13745,0.02194,10558183.84736,2000-05-02T17:09:33.248,15061.73478
101.16500,0.46909,-1339.72275,394366.38652,3386048.11361,1.13832,0.02226,10333432.06183,2000-04-30T02:43:40.504,15029.57688
101.17497,0.55983,-1342.96925,394408.02262,3386045.62186,1.13424,0.02164,10429232.98304,2000-05-01T05:20:15.618,15039.44175
101.18499,0.04487,-1316.80811,394187.22396,3386033.98582,1.13428,0.02188,10377080.40844,2000-04-30T14:51:03.125,15036.30668
101.19499,0.69949,-1344.86807,394469.39752,3386025.00706,1.13265,0.02026,10484111.63899,2000-05-01T20:35:08.935,15052.19248
101.20501,0.24548,-1333.69390,394267.90797,3386038.26906,1.13480,0.02073,10461437.18809,2000-05-01T14:16:56.852,15046.03251
101.21500,0.48661,-1345.18026,394355.88373,3386053.92822,1.13617,0.02080,10548459.49952,2000-05-02T14:27:26.309,15055.08788
101.22499,0.56414,-1339.33451,394439.65353,3386031.97459,1.13948,0.02057,10517878.12577,2000-05-02T05:57:49.156,15057.46115
101.23501,0.62797,-1338.94209,394357.18463,3386050.20564,1.13728,0.02129,10527139.93126,2000-05-02T08:32:05.621,15053.03101
101.24500,0.41449,-1333.29459,394317.13173,3386061.28632,1.13767,0.01905,10518548.71012,2000-05-02T06:08:50.312,15057.87257
101.25499,0.32434,-1333.16252,394329.46071,3386032.66949,1.14393,0.01817,10413663.35084,2000-05-01T01:00:48.412,15040.40181
101.26502,0.36950,-1326.83697,394309.84619,3386041.60515,1.13472,0.01863,10490413.05813,2000-05-01T22:20:01.800,15048.65377
101.27501,0.43712,-1338.60689,394357.24840,3386056.55273,1.13774,0.01797,10477469.57574,2000-05-01T18:44:25.239,15051.00808
101.28500,0.38057,-1328.31328,394333.61214,3386053.25355,1.13638,0.01739,10588659.10951,2000-05-03T01:37:32.054,15063.92651
101.29500,0.79698,-1343.34714,394493.74238,3386055.12427,1.13810,0.01791,10483710.42052,2000-05-01T20:28:23.153,15048.00377
101.30501,0.67523,-1343.71393,394477.13655,3386044.71380,1.14392,0.01839,10623051.28860,2000-05-03T11:10:45.081,15070.93149
101.31500,0.68538,-1344.81668,394472.23899,3386018.42753,1.13571,0.01819,10503879.69776,2000-05-02T02:04:36.259,15054.11529
101.32500,0.90926,-1342.58085,394572.96907,3386039.62740,1.13170,0.01814,10497490.23618,2000-05-02T00:18:04.457,15054.96683
101.33498,0.65150,-1330.97195,394437.58032,3386048.89255,1.13308,0.01771,10594323.12546,2000-05-03T03:11:52.727,15066.14206
101.34499,0.20889,-1318.61929,394239.21318,3386061.19938,1.13518,0.01782,10587951.36094,2000-05-03T01:25:43.623,15063.60089
101.35501,0.35454,-1320.96585,394323.40869,3386049.65682,1.12878,0.01810,10582325.73454,2000-05-02T23:52:03.103,15065.80043
101.36501,0.62803,-1330.50638,394398.55523,3386066.65160,1.12566,0.01756,10422919.95366,2000-05-01T03:35:10.598,15046.21656
101.37500,0.38956,-1322.51412,394325.93446,3386064.99407,1.13465,0.01806,10619769.83012,2000-05-03T10:16:07.568,15068.10260
101.38501,0.44167,-1320.81779,394376.82808,3386024.79378,1.12812,0.01960,10511506.94611,2000-05-02T04:11:34.608,15059.09448
101.39502,0.64462,-1324.61408,394422.97360,3386058.07585,1.11929,0.01965,10484228.07424,2000-05-01T20:36:57.922,15045.98788
101.40500,0.61270,-1330.99318,394418.60317,3386051.77410,1.12763,0.02096,10490863.26050,2000-05-01T22:27:31.042,15052.51196
101.41499,0.30415,-1316.04253,394321.52756,3386038.84440,1.12839,0.02003,10485857.76342,2000-05-01T21:04:07.701,15044.93451
101.42501,0.65483,-1328.23424,394447.41638,3386028.56418,1.12253,0.02002,10438855.21800,2000-05-01T08:00:47.451,15039.29995
101.43501,0.27570,-1320.71218,394270.05870,3386065.72195,1.12407,0.02041,10535344.95575,2000-05-02T10:48:58.203,15055.35079
101.44500,0.40303,-1321.31599,394315.70575,3386074.17462,1.12249,0.01916,10417647.00082,2000-05-01T02:07:17.404,15034.09206
101.45500,0.43157,-1324.03424,394328.43372,3386046.43414,1.13298,0.01695,10354008.52177,2000-04-30T08:26:42.747,15025.82958
101.46502,0.34697,-1316.68502,394295.49671,3386065.29823,1.12492,0.01828,10386278.57836,2000-04-30T17:24:25.736,15033.01557
101.47501,0.43746,-1323.17321,394358.99626,3386035.36459,1.12200,0.01645,10543608.35302,2000-05-02T13:06:41.501,15057.45433
101.48501,0.47020,-1322.44502,394366.31688,3386032.08185,1.12749,0.01482,10531366.13823,2000-05-02T09:42:41.455,15053.71472
101.49500,0.45834,-1318.81126,394355.96081,3386048.09292,1.13836,0.01467,10447403.91541,2000-05-01T10:23:14.928,15038.13310
101.50499,0.47905,-1324.31919,394349.56104,3386055.96371,1.13307,0.01251,10484310.68749,2000-05-01T20:38:26.546,15047.78088
101.51500,0.21169,-1313.91686,394234.40250,3386098.28960,1.13189,0.01247,10494335.34249,2000-05-01T23:25:30.735,15044.45532
101.52499,0.14430,-1301.26186,394202.69519,3386084.39333,1.12938,0.01197,10636803.35462,2000-05-03T14:59:58.659,15068.33855
101.53499,0.54000,-1312.20376,394368.29141,3386062.18591,1.12255,0.01264,10392818.96089,2000-04-30T19:13:29.673,15033.17149
101.54501,0.37987,-1318.04783,394296.57766,3386104.15762,1.12859,0.01289,10519441.59975,2000-05-02T06:24:02.621,15050.62538
101.55499,0.50017,-1304.52191,394382.95290,3386047.27741,1.13089,0.01249,10522239.50021,2000-05-02T07:10:34.089,15052.82031
101.56499,0.35855,-1307.16380,394334.92852,3386055.89180,1.13148,0.01227,10441993.74491,2000-05-01T08:53:09.539,15040.70696
101.57501,0.78244,-1314.11205,394479.07779,3386064.93377,1.13853,0.01182,10490880.63988,2000-05-01T22:27:47.384,15047.42259
101.58498,0.47661,-1299.75296,394325.42811,3386083.05761,1.13658,0.01435,10477127.94915,2000-05-01T18:38:41.193,15042.48508
101.59501,0.34938,-1292.89331,394310.52832,3386071.03709,1.12707,0.01527,10490492.06408,2000-05-01T22:21:28.063,15048.09580
101.60500,0.63581,-1306.14799,394390.20084,3386100.61815,1.13011,0.01505,10569626.15950,2000-05-02T20:20:19.919,15057.34532
101.61500,0.32861,-1302.81485,394261.37352,3386120.11024,1.12911,0.01674,10460564.84851,2000-05-01T14:02:37.935,15039.55961
101.62500,0.50029,-1303.37429,394378.62472,3386070.08969,1.12741,0.01553,10408593.88256,2000-04-30T23:36:31.377,15035.91760
101.63499,0.45379,-1307.26763,394371.84449,3386071.53461,1.12650,0.01887,10562422.78941,2000-05-02T18:20:19.903,15057.34279
101.64500,0.74131,-1314.58908,394445.05771,3386085.84370,1.12540,0.01942,10424557.88926,2000-05-01T04:02:32.478,15033.96670
101.65499,0.53049,-1307.48922,394415.15805,3386045.81622,1.13417,0.01903,10384691.19613,2000-04-30T16:58:10.621,15033.26684
101.66501,0.22289,-1297.30109,394284.21864,3386065.65547,1.12350,0.02045,10511867.13849,2000-05-02T04:17:38.828,15048.08777
101.67500,0.78740,-1317.07498,394497.62406,3386058.09961,1.12952,0.02100,10440153.76494,2000-05-01T08:22:24.805,15040.92980
101.68499,0.64793,-1316.95998,394423.82514,3386077.81162,1.12565,0.02369,10401251.68101,2000-04-30T21:34:00.312,15034.21615
101.69501,0.45214,-1301.90364,394379.57987,3386075.73544,1.12250,0.02232,10480394.62007,2000-05-01T19:33:08.703,15044.61131
101.70499,0.73149,-1312.79964,394456.58109,3386084.68530,1.12717,0.02256,10441461.82693,2000-05-01T08:44:12.867,15038.61156
101.71501,0.42761,-1297.21640,394372.48504,3386087.54151,1.13384,0.02185,10399226.80629,2000-04-30T21:00:13.410,15032.05870
101.72500,0.54739,-1294.60967,394428.31816,3386084.69107,1.13448,0.02038,10400619.20611,2000-04-30T21:23:35.445,15035.61539
101.73501,0.45911,-1288.76359,394387.46473,3386050.19818,1.13352,0.01834,10381242.68996,2000-04-30T16:00:39.271,15030.44304
101.74501,0.78871,-1299.41848,394536.80351,3386078.59371,1.12824,0.01734,10318187.15985,2000-04-29T22:29:40.342,15025.58161
101.75499,0.36972,-1284.37820,394319.43516,3386125.38665,1.13105,0.01760,10338865.40771,2000-04-30T04:14:19.351,15021.07977
101.76501,0.62341,-1287.03376,394581.81691,3386112.69952,1.13230,0.01605,10354282.97691,2000-04-30T08:31:07.335,15028.84516
101.77500,0.52508,-1296.00966,394378.70955,3386051.62852,1.13405,0.01556,10441181.05923,2000-05-01T08:39:38.265,15036.30472
101.78497,0.55041,-1291.32757,394329.58756,3386093.60465,1.12779,0.01472,10359444.67453,2000-04-30T09:57:16.989,15026.32055
101.79499,0.40408,-1284.26883,394299.04831,3386053.63814,1.13115,0.01466,10470886.93827,2000-05-01T16:54:39.290,15042.52591
101.80501,0.34410,-1285.53126,394269.99279,3386064.66428,1.13764,0.01422,10432480.57217,2000-05-01T06:14:29.912,15035.38606
101.81499,0.80246,-1308.23648,394449.22681,3386059.75648,1.14157,0.01601,10470667.53295,2000-05-01T16:51:07.257,15043.99557
101.82500,0.55690,-1297.51422,394364.54072,3386056.41161,1.13534,0.01499,10373029.41844,2000-04-30T13:43:42.176,15027.46382
101.83501,0.55098,-1288.81861,394370.71983,3386044.09924,1.13843,0.01592,10539556.40989,2000-05-02T11:59:01.254,15055.96211
101.84498,0.56608,-1290.53806,394360.62962,3386061.31943,1.13156,0.01709,10431658.81983,2000-05-01T06:00:54.046,15036.03745
101.85501,0.58422,-1296.99528,394382.35895,3386056.49707,1.12962,0.01632,10425452.21019,2000-05-01T04:17:22.291,15034.37501
101.86500,0.48833,-1299.40678,394363.42545,3386038.03638,1.13774,0.01644,10467808.70609,2000-05-01T16:03:21.671,15040.90632
101.87501,0.77579,-1304.30056,394437.83538,3386053.26553,1.13418,0.01451,10401224.33602,2000-04-30T21:33:38.731,15035.08172
101.88501,0.54396,-1295.90643,394385.20011,3386037.11307,1.13341,0.01555,10408081.09818,2000-04-30T23:27:56.739,15033.35189
101.89500,0.53550,-1298.52998,394377.67280,3386044.52663,1.13122,0.01402,10512851.17929,2000-05-02T04:33:53.950,15052.06071
101.90499,0.82998,-1307.71882,394492.49502,3386048.95363,1.13235,0.01395,10429640.49614,2000-05-01T05:27:13.451,15033.13599
101.91499,0.71341,-1298.43656,394476.55709,3386016.67629,1.13304,0.01548,10507899.02691,2000-05-02T03:11:36.453,15043.00701
101.92499,0.35942,-1287.89725,394287.43047,3386066.05181,1.13485,0.01215,10505416.47719,2000-05-02T02:30:07.471,15052.32734
101.93497,0.53758,-1296.96692,394348.18524,3386081.12365,1.13458,0.01128,10413407.92363,2000-05-01T00:56:31.337,15035.89629
101.94499,0.41993,-1293.65256,394303.43022,3386072.61105,1.13335,0.01196,10513332.10051,2000-05-02T04:42:02.057,15047.41444
101.95499,1.00463,-1325.32737,394578.60792,3386036.80348,1.12809,0.01123,10377456.99861,2000-04-30T14:57:24.731,15030.75819
101.96498,0.67567,-1308.04896,394445.88986,3386046.75414,1.12229,0.01204,10593234.73167,2000-05-03T02:53:45.079,15061.58133
101.97499,0.53847,-1295.67984,394374.88688,3386063.41883,1.12542,0.01086,10448975.91277,2000-05-01T10:49:22.089,15040.43550
101.98498,0.70841,-1294.23650,394473.73697,3386048.79882,1.12976,0.01247,10423881.19819,2000-05-01T03:51:16.349,15033.54730
101.99497,0.89411,-1302.91301,394521.95091,3386059.44834,1.12563,0.01359,10520576.02677,2000-05-02T06:42:49.668,15051.52030
102.00500,0.59716,-1292.98821,394476.73426,3386050.55958,1.13966,0.01277,10483399.73571,2000-05-01T20:23:19.291,15045.95821
102.01499,0.50077,-1282.98763,394321.77597,3386088.94862,1.13333,0.01510,10414153.11499,2000-05-01T01:09:02.576,15033.46943
102.02499,0.75962,-1281.14737,394482.68883,3386045.06657,1.12820,0.01338,10568108.90476,2000-05-02T19:54:58.107,15056.98650
102.03500,0.51881,-1276.92738,394353.38740,3386060.77389,1.12886,0.01251,10395035.53513,2000-04-30T19:50:19.220,15032.10384
102.04499,0.93720,-1293.68292,394455.08801,3386102.37054,1.13229,0.01226,10576562.05134,2000-05-02T22:15:47.855,15062.04513
102.05498,0.68406,-1283.17200,394404.49471,3386069.53800,1.12576,0.01322,10443455.67739,2000-05-01T09:17:24.464,15036.64680
102.06499,0.37693,-1265.91630,394266.26732,3386051.56048,1.12463,0.01322,10501997.73650,2000-05-02T01:33:16.357,15049.96913
102.07501,0.52631,-1271.20990,394346.75537,3386053.62907,1.13470,0.01305,10445931.29758,2000-05-01T09:58:38.890,15037.82385
102.08501,0.47248,-1261.41913,394269.03879,3386109.16459,1.13455,0.01355,10465308.64261,2000-05-01T15:21:36.090,15043.56773
102.09500,0.52645,-1267.38757,394284.87340,3386130.04811,1.12970,0.01481,10484329.02423,2000-05-01T20:38:32.254,15048.39591
102.10501,0.85881,-1280.23494,394441.85149,3386067.79417,1.12213,0.01508,10432374.12883,2000-05-01T06:12:46.132,15036.03958
102.11501,0.19698,-1256.72510,394213.03902,3386079.91304,1.12381,0.01414,10558438.43372,2000-05-02T17:13:45.004,15052.25758
102.12499,0.80901,-1275.86142,394437.00656,3386081.05965,1.12570,0.01469,10511321.15919,2000-05-02T04:08:26.167,15050.54991
102.13499,0.50337,-1269.83938,394293.27904,3386107.63560,1.12511,0.01369,10315180.41282,2000-04-29T21:39:30.021,15021.21173
102.14499,0.68056,-1267.93701,394390.90070,3386078.58573,1.12194,0.01428,10542225.63653,2000-05-02T12:43:28.732,15055.75673
102.15498,0.83086,-1280.31483,394468.55496,3386086.13358,1.12341,0.01462,10426949.72524,2000-05-01T04:42:25.051,15034.66457
102.16499,0.76878,-1269.02982,394447.17668,3386073.61145,1.12658,0.01451,10379653.98808,2000-04-30T15:33:55.430,15030.41117
102.17500,0.64831,-1263.81531,394407.75804,3386063.70806,1.13254,0.01384,10459949.93549,2000-05-01T13:52:14.121,15044.22831
102.18501,0.79413,-1267.22745,394409.38979,3386099.56599,1.13084,0.01448,10438099.74392,2000-05-01T07:48:09.197,15038.88865
102.19500,0.53241,-1257.68206,394330.57371,3386088.22724,1.12909,0.01414,10358665.31819,2000-04-30T09:44:17.458,15025.49704
102.20500,0.53889,-1257.20061,394295.58264,3386135.96975,1.12649,0.01430,10439823.71669,2000-05-01T08:16:50.008,15038.18941
102.21502,0.53392,-1242.01085,394336.76186,3386069.27818,1.13232,0.01407,10408822.75300,2000-04-30T23:40:13.396,15037.55699
102.22502,0.75577,-1250.58962,394398.71778,3386106.86737,1.12755,0.01398,10441569.57387,2000-05-01T08:45:57.184,15039.55415
102.23500,0.33887,-1234.72645,394261.42738,3386075.38995,1.13059,0.01395,10491976.23138,2000-05-01T22:46:08.558,15050.45547
102.24501,0.61222,-1237.29331,394299.95586,3386138.43962,1.13546,0.01411,10414749.02041,2000-05-01T01:18:57.446,15034.72175
102.25500,0.61631,-1234.65610,394319.46325,3386109.34589,1.14018,0.01425,10503100.11114,2000-05-02T01:51:25.718,15048.48493
102.26500,0.22204,-1226.13372,394148.64629,3386118.04891,1.13647,0.01398,10411677.99676,2000-05-01T00:27:44.793,15034.34453
102.27499,0.60715,-1236.94459,394313.35596,3386111.07813,1.13215,0.01488,10512959.52152,2000-05-02T04:35:41.424,15050.25644
102.28499,0.46904,-1236.67592,394260.70088,3386125.95167,1.12788,0.01325,10472648.10597,2000-05-01T17:23:59.381,15039.49695
102.29501,-0.17508,-1206.04698,394174.61933,3386148.30225,1.14061,0.01494,10721593.16073,2000-05-04T14:32:58.163,15081.51575
102.30500,0.66645,-1231.43589,394427.05690,3386136.07034,1.13261,0.01355,10590312.75057,2000-05-03T02:04:55.172,15061.69159
102.31500,0.35550,-1223.70707,394347.50536,3386083.07847,1.13258,0.01479,10521654.95082,2000-05-02T07:00:36.928,15051.27023
102.32503,0.40631,-1237.68445,394287.27510,3386156.17272,1.12684,0.01379,10583653.79647,2000-05-03T00:13:59.694,15061.26874
102.33501,0.76302,-1250.49269,394433.12034,3386123.57457,1.13210,0.01342,10574208.91675,2000-05-02T21:36:20.410,15061.51904
102.34500,0.35048,-1234.51512,394292.11948,3386120.41504,1.13416,0.01392,10602331.13669,2000-05-03T05:25:15.892,15060.27096
102.35499,0.22605,-1235.11425,394263.04786,3386124.22111,1.13843,0.01475,10622818.64101,2000-05-03T11:06:40.319,15068.76563
102.36500,0.41612,-1244.94012,394430.75436,3386123.98028,1.13011,0.01384,10493002.01757,2000-05-01T23:02:53.000,15045.76897
102.37501,0.57333,-1259.47108,394521.68844,3386111.56831,1.13170,0.01330,10574196.03743,2000-05-02T21:36:18.231,15057.28743
102.38502,0.62434,-1267.30738,394549.10604,3386095.44547,1.12963,0.01497,10601575.66890,2000-05-03T05:12:31.987,15063.46347
102.39499,0.62726,-1268.09322,394514.66883,3386116.99785,1.13246,0.01378,10567297.86792,2000-05-02T19:41:15.160,15055.52203
102.40499,0.33353,-1253.62640,394416.16259,3386080.49990,1.13308,0.01381,10569154.20953,2000-05-02T20:12:19.388,15059.86284
102.41501,0.44342,-1260.77826,394419.71696,3386117.45951,1.12566,0.01396,10557219.61121,2000-05-02T16:53:18.802,15054.06546
102.42500,0.48574,-1263.94753,394468.49840,3386086.35626,1.13218,0.01388,10635944.70061,2000-05-03T14:45:19.483,15068.36468
102.43500,0.76497,-1279.52884,394586.51004,3386093.92984,1.13215,0.01367,10583786.07426,2000-05-03T00:16:03.306,15058.65649
102.44499,0.09502,-1256.57640,394333.21341,3386060.90011,1.13599,0.01399,10587400.44705,2000-05-03T01:16:22.516,15057.97659
102.45500,0.70651,-1279.14025,394536.71224,3386096.62592,1.13198,0.01473,10615748.57775,2000-05-03T09:08:47.646,15063.97114
102.46502,0.57675,-1280.18294,394483.91156,3386087.27932,1.12669,0.01387,10598065.10489,2000-05-03T04:14:06.289,15062.58653
102.47499,0.27527,-1259.44866,394388.20369,3386072.35811,1.13118,0.01282,10662412.33737,2000-05-03T22:06:35.306,15068.88494
102.48500,0.36033,-1259.31326,394372.59154,3386088.29843,1.12222,0.01510,10450367.61410,2000-05-01T11:12:26.952,15038.89240
102.49500,0.50457,-1269.16694,394437.06067,3386106.82611,1.13019,0.01355,10505549.50628,2000-05-02T02:32:08.788,15046.70448
102.50499,0.18730,-1249.80687,394284.81116,3386110.88989,1.12936,0.01353,10559609.42014,2000-05-02T17:33:06.832,15057.00266
102.51501,0.31519,-1256.81510,394336.54427,3386117.15321,1.12880,0.01406,10538255.86452,2000-05-02T11:37:18.953,15050.55671
102.52498,0.57965,-1266.67939,394449.74383,3386089.62791,1.12881,0.01359,10406296.80729,2000-04-30T22:57:47.906,15036.05054
102.53498,0.48387,-1255.61166,394404.19122,3386106.83024,1.12576,0.01343,10500161.43348,2000-05-02T01:02:21.219,15050.21169
102.54500,0.32118,-1255.54547,394339.74025,3386113.79805,1.13156,0.01483,10495293.83984,2000-05-01T23:41:18.344,15043.95739
102.55500,0.84275,-1267.59135,394498.54539,3386131.79598,1.12848,0.01339,10486241.13032,2000-05-01T21:10:23.559,15046.21636
102.56501,0.23518,-1242.26768,394256.59691,3386120.51513,1.12246,0.01362,10519105.76676,2000-05-02T06:18:04.712,15050.85299
102.57501,0.19981,-1243.08626,394279.42090,3386133.22964,1.11959,0.01364,10567269.57184,2000-05-02T19:40:42.671,15059.03149
102.58500,0.65019,-1263.66419,394432.74830,3386117.64533,1.12513,0.01483,10473975.72717,2000-05-01T17:45:57.421,15046.50865
102.59499,0.23477,-1236.67118,394269.60436,3386131.19900,1.12574,0.01404,10613683.64442,2000-05-03T08:34:16.696,15064.22112
102.60500,0.38740,-1245.18480,394298.15704,3386137.52043,1.12059,0.01474,10413769.37676,2000-05-01T01:02:31.512,15034.53746
102.61500,0.41749,-1241.57960,394341.44602,3386127.54275,1.12332,0.01364,10474642.35510,2000-05-01T17:56:56.373,15043.95561
102.62501,0.50604,-1242.43317,394370.21236,3386114.37139,1.11519,0.01345,10532283.29909,2000-05-02T09:57:42.983,15055.17852
102.63500,0.19622,-1232.97112,394250.09248,3386131.44028,1.12574,0.01445,10574313.83114,2000-05-02T21:38:16.884,15059.38672
102.64499,0.44218,-1239.26587,394291.97989,3386153.22408,1.12833,0.01375,10546325.16630,2000-05-02T13:51:47.892,15054.63934
102.65499,0.67619,-1251.60897,394436.26333,3386127.71900,1.12229,0.01385,10545999.33612,2000-05-02T13:46:18.839,15055.19816
102.66502,0.58298,-1245.80808,394381.27633,3386118.51377,1.12158,0.01291,10497444.12948,2000-05-02T00:17:03.389,15046.23247
102.67501,0.23306,-1233.37743,394246.40904,3386131.41135,1.12571,0.01569,10507579.69219,2000-05-02T03:05:58.235,15047.68503
102.68499,0.41577,-1237.19889,394340.46062,3386113.98164,1.11676,0.01504,10426224.73227,2000-05-01T04:30:01.451,15037.34583
102.69499,0.24287,-1234.20197,394251.91496,3386121.24036,1.12118,0.01208,10509839.35385,2000-05-02T03:43:34.751,15053.91883
102.70500,0.20977,-1231.32820,394226.29455,3386140.02511,1.12434,0.01333,10512412.15921,2000-05-02T04:26:39.422,15049.45055
102.71500,0.61435,-1237.15001,394416.12830,3386087.39851,1.12851,0.01213,10455222.84295,2000-05-01T12:33:29.513,15041.65900
102.72499,0.70555,-1245.56187,394399.94448,3386134.49411,1.11878,0.01203,10470191.69803,2000-05-01T16:42:59.546,15042.71235
102.73500,0.65759,-1245.34921,394419.29649,3386134.64294,1.11690,0.01347,10441032.36992,2000-05-01T08:36:51.735,15038.97263
102.74500,0.22970,-1229.47033,394199.78953,3386149.36896,1.11597,0.01151,10483230.35418,2000-05-01T20:20:21.908,15047.87180
102.75499,0.68088,-1243.48167,394380.15610,3386104.02751,1.11546,0.01136,10402489.81159,2000-04-30T21:54:25.007,15033.68109
102.76500,0.75021,-1241.87785,394446.61158,3386108.31758,1.11541,0.01127,10387135.82610,2000-04-30T17:38:37.234,15032.20941
102.77501,0.59936,-1231.67013,394396.35181,3386119.27923,1.11589,0.01111,10550178.40987,2000-05-02T14:55:59.147,15055.71085
102.78499,0.07503,-1214.69303,394133.22558,3386178.05888,1.11837,0.01206,10521907.93426,2000-05-02T07:04:50.638,15049.79221
102.79499,0.34904,-1222.96809,394251.29647,3386164.15467,1.12474,0.01056,10555790.44886,2000-05-02T16:29:32.127,15058.05076
102.80502,0.67341,-1235.37962,394402.53610,3386116.49260,1.12862,0.01112,10438074.77371,2000-05-01T07:47:41.314,15037.68420
102.81500,0.45921,-1234.87892,394322.25163,3386124.83682,1.12369,0.01096,10434571.60553,2000-05-01T06:49:06.073,15040.07915
102.82500,1.01466,-1263.25143,394561.27824,3386100.00921,1.12170,0.01148,10554725.42380,2000-05-02T16:11:55.257,15057.24905
102.83499,0.25469,-1235.65429,394182.79102,3386144.61017,1.12145,0.01255,10430850.32106,2000-05-01T05:47:14.860,15038.26044
102.84503,0.73436,-1243.70450,394446.36605,3386082.34114,1.12825,0.01443,10435999.67269,2000-05-01T07:13:01.708,15038.66963
102.85500,0.34205,-1227.46040,394253.23529,3386157.88664,1.13171,0.01567,10512078.50437,2000-05-02T04:21:06.043,15048.81612
102.86500,0.52730,-1231.79622,394262.21709,3386169.59526,1.12794,0.01315,10557053.55252,2000-05-02T16:50:38.740,15059.13292
102.87500,0.25489,-1222.87266,394207.39144,3386132.00419,1.13005,0.01296,10446122.89568,2000-05-01T10:01:49.464,15039.43465
102.88500,0.22270,-1222.88491,394227.02081,3386144.18700,1.12020,0.01273,10489111.01092,2000-05-01T21:58:25.643,15046.95786
102.89500,0.21774,-1230.17457,394189.19004,3386141.57188,1.12678,0.01117,10517389.65678,2000-05-02T05:49:31.235,15052.02697
102.90500,0.72807,-1249.57500,394363.18470,3386133.88867,1.11990,0.01035,10570287.34214,2000-05-02T20:31:10.951,15059.40474
102.91501,0.69984,-1251.42649,394368.44970,3386140.66018,1.12260,0.01115,10410354.35367,2000-05-01T00:05:39.135,15032.58601
102.92500,0.06512,-1233.22470,394102.05541,3386163.82626,1.11916,0.01202,10444086.43046,2000-05-01T09:28:07.856,15039.51534
102.93501,0.49792,-1247.73600,394284.66226,3386170.05796,1.11458,0.01251,10540038.57373,2000-05-02T12:07:03.021,15050.54804
102.94499,0.38260,-1243.23848,394279.03994,3386121.55465,1.12102,0.01305,10461590.45355,2000-05-01T14:19:46.743,15048.41609
102.95498,0.51227,-1237.28286,394301.83079,3386139.67832,1.12835,0.01389,10491449.51353,2000-05-01T22:37:17.410,15046.53488
102.96500,0.63728,-1250.99639,394347.35844,3386163.52392,1.12393,0.01678,10468055.29500,2000-05-01T16:07:24.865,15044.43106
102.97500,0.32611,-1225.99548,394216.01465,3386151.44215,1.12176,0.01488,10581489.97970,2000-05-02T23:38:01.029,15060.53584
102.98499,0.17411,-1218.05547,394134.94594,3386166.18076,1.12950,0.01572,10435594.47549,2000-05-01T07:06:26.225,15037.41305
102.99501,0.59253,-1234.64173,394340.64271,3386131.47660,1.12957,0.01564,10473645.02918,2000-05-01T17:40:36.508,15045.51978
103.00501,0.33918,-1228.77701,394211.52912,3386137.55378,1.12735,0.01446,10441441.57954,2000-05-01T08:43:52.320,15040.37594
103.01501,0.52737,-1251.09710,394333.17877,3386143.01246,1.12009,0.01422,10421690.92350,2000-05-01T03:14:28.796,15039.03511
103.02500,0.49013,-1256.86203,394319.76644,3386132.35095,1.11706,0.01387,10472810.88580,2000-05-01T17:26:44.475,15041.75585
103.03502,0.52075,-1248.47967,394343.54440,3386098.25113,1.12202,0.01316,10443875.01450,2000-05-01T09:24:28.289,15042.08171
103.04499,0.49517,-1249.17243,394297.46560,3386132.59372,1.12249,0.01268,10426677.62390,2000-05-01T04:37:50.092,15036.19313
103.05498,0.59822,-1258.04407,394338.41169,3386112.22682,1.12030,0.01101,10447346.12035,2000-05-01T10:22:26.537,15037.96385
103.06499,0.45252,-1244.96811,394282.43675,3386110.45324,1.12217,0.01113,10424764.73019,2000-05-01T04:05:56.128,15039.76173
103.07500,0.44064,-1242.96730,394268.10334,3386125.03547,1.12762,0.00984,10462930.62455,2000-05-01T14:41:59.152,15045.89815
103.08499,0.36884,-1238.73868,394277.69306,3386110.59585,1.13174,0.00820,10321971.35979,2000-04-29T23:32:39.028,15023.02845
103.09500,0.30455,-1230.06854,394236.71187,3386117.37264,1.12942,0.01193,10451634.84406,2000-05-01T11:33:43.729,15038.91161
103.10502,0.72362,-1243.28457,394403.63093,3386115.35416,1.12644,0.01192,10403636.93162,2000-04-30T22:13:42.217,15031.71852
103.11502,0.35391,-1233.87469,394288.17447,3386100.04765,1.12080,0.01218,10442370.72785,2000-05-01T08:59:21.878,15039.06468
103.12502,0.35750,-1228.61375,394282.25770,3386121.97529,1.12231,0.01140,10363440.47712,2000-04-30T11:03:47.208,15029.78863
103.13500,0.71999,-1247.83452,394402.08979,3386110.85955,1.12297,0.01115,10398962.69481,2000-04-30T20:55:54.137,15031.40581
103.14499,0.31096,-1236.22757,394255.67530,3386101.22698,1.12133,0.01265,10502439.41586,2000-05-02T01:40:31.151,15052.03281
103.15501,0.46428,-1245.72121,394327.27569,3386103.25784,1.12409,0.01090,10439574.52926,2000-05-01T08:12:47.450,15041.73616
103.16502,0.32319,-1242.29801,394237.53370,3386137.50388,1.12510,0.01061,10494593.37341,2000-05-01T23:29:35.468,15045.48448
103.17498,0.77276,-1262.48534,394432.41263,3386107.47122,1.12793,0.01072,10349146.37592,2000-04-30T07:05:34.356,15027.46267
103.18498,0.31984,-1234.33007,394280.41850,3386090.60807,1.12019,0.00972,10392302.21056,2000-04-30T19:04:53.945,15032.94063
103.19501,0.14230,-1220.31259,394213.36599,3386082.38132,1.12192,0.01163,10434060.55337,2000-05-01T06:40:58.905,15038.35976
103.20500,0.71829,-1242.49762,394363.08070,3386156.00935,1.12875,0.01144,10342816.03559,2000-04-30T05:19:58.297,15022.08806
103.21501,0.41972,-1228.47842,394280.11982,3386113.41039,1.13064,0.00968,10389595.04662,2000-04-30T18:19:44.466,15033.33223
103.22501,0.63372,-1240.63850,394407.90009,3386111.48240,1.12610,0.00901,10487381.25632,2000-05-01T21:29:24.365,15049.74106
103.23500,0.33175,-1235.19534,394240.57057,3386136.76415,1.12700,0.00931,10355608.26887,2000-04-30T08:53:08.833,15024.62908
103.24499,0.68243,-1248.90871,394373.23087,3386125.38352,1.12786,0.00889,10444603.73098,2000-05-01T09:36:38.382,15039.60879
103.25499,0.29429,-1228.52625,394213.76375,3386129.68782,1.13302,0.00977,10466732.08806,2000-05-01T15:45:15.226,15045.49469
103.26500,0.21452,-1225.85306,394157.21064,3386128.01361,1.13204,0.00887,10383255.13273,2000-04-30T16:34:06.540,15032.13108
103.27501,0.35721,-1231.03954,394204.92045,3386144.69400,1.12998,0.00924,10341136.08617,2000-04-30T04:52:06.335,15020.51510
103.28499,0.70788,-1246.17650,394399.11774,3386086.54837,1.12627,0.00923,10468310.18408,2000-05-01T16:11:39.834,15043.20381
103.29501,0.19849,-1228.42944,394154.75771,3386139.41527,1.12874,0.01013,10479360.64896,2000-05-01T19:15:41.742,15048.82075
103.30500,0.20604,-1231.46980,394133.64216,3386157.13409,1.13577,0.01025,10379750.89413,2000-04-30T15:35:33.737,15025.56352
103.31499,1.05103,-1262.47283,394539.54581,3386096.60009,1.13171,0.00993,10405212.91108,2000-04-30T22:40:03.528,15035.96781
103.32500,0.19489,-1224.68805,394163.82829,3386135.94152,1.12939,0.00957,10384970.65636,2000-04-30T17:02:41.454,15030.53941
103.33500,0.54071,-1237.25511,394281.68508,3386141.41203,1.12511,0.01053,10446325.08184,2000-05-01T10:05:22.095,15042.30780
103.34499,0.47704,-1239.25108,394297.69157,3386080.72641,1.12899,0.00984,10455233.66525,2000-05-01T12:33:54.059,15040.32397
103.35502,0.14772,-1237.58859,394120.52575,3386151.15084,1.12452,0.01148,10474669.93445,2000-05-01T17:57:49.915,15048.44970
103.36500,0.51158,-1250.60207,394284.53713,3386119.00238,1.13009,0.01042,10457309.82613,2000-05-01T13:08:12.030,15037.67262
103.37500,0.57188,-1244.07354,394274.10651,3386122.04431,1.12078,0.01060,10435820.56255,2000-05-01T07:10:07.486,15038.69392
103.38499,0.04706,-1219.47200,394077.88410,3386117.66579,1.11890,0.00945,10445229.48972,2000-05-01T09:46:55.023,15040.52699
103.39500,0.43171,-1235.95112,394227.72452,3386118.15233,1.11950,0.00978,10416838.33809,2000-05-01T01:53:36.687,15037.79482
103.40500,0.25093,-1227.34636,394170.05027,3386108.42968,1.12051,0.00893,10412143.91245,2000-05-01T00:35:25.907,15033.72049
103.41499,0.12383,-1216.25489,394263.71492,3386104.65875,1.13287,0.00986,10521149.10160,2000-05-02T06:52:10.442,15053.03047
103.42500,0.30907,-1229.52773,394174.33287,3386141.32733,1.13288,0.01127,10392735.02721,2000-04-30T19:11:58.808,15031.51733
103.43498,0.20179,-1224.12773,394126.20839,3386139.31814,1.12958,0.01101,10353477.21439,2000-04-30T08:17:34.023,15027.66234
103.44500,0.59685,-1236.29742,394305.24458,3386132.97809,1.13455,0.01168,10576484.26514,2000-05-02T22:14:30.360,15065.18644
103.45500,0.19499,-1226.12928,394165.16598,3386133.14704,1.12985,0.01171,10450073.02532,2000-05-01T11:07:37.970,15041.03038
103.46500,0.61229,-1242.04465,394320.69763,3386117.13494,1.12987,0.01278,10475844.52954,2000-05-01T18:17:07.711,15043.74847
103.47501,0.47959,-1234.44002,394265.65003,3386148.39258,1.13064,0.01133,10440196.98232,2000-05-01T08:22:53.653,15041.28750
103.48501,0.05017,-1222.26134,394095.40646,3386144.61295,1.12532,0.01623,10530322.39395,2000-05-02T09:25:00.027,15051.63625
103.49500,0.43550,-1223.40547,394242.42804,3386131.09747,1.13415,0.01204,10476507.41398,2000-05-01T18:28:08.720,15044.99437
103.50501,0.38952,-1230.93941,394222.01065,3386157.28276,1.13024,0.01440,10460956.64420,2000-05-01T14:09:00.284,15042.08769
103.51502,0.53516,-1231.73105,394263.45179,3386162.88109,1.12833,0.01220,10495859.68547,2000-05-01T23:50:36.063,15049.81717
103.52500,0.74240,-1237.32173,394340.26998,3386173.52317,1.13170,0.01049,10437373.80865,2000-05-01T07:35:56.371,15039.31255
103.53499,0.36404,-1232.40567,394240.82383,3386155.68054,1.13402,0.01183,10539390.40149,2000-05-02T11:56:14.306,15054.64752
103.54499,0.63017,-1245.42650,394385.30920,3386110.85179,1.12830,0.01242,10539113.59124,2000-05-02T11:51:32.977,15055.55800
103.55502,0.37965,-1231.16927,394234.88601,3386171.92018,1.12548,0.01277,10458508.52382,2000-05-01T13:28:12.253,15041.34778
103.56499,0.37502,-1218.96690,394250.70165,3386172.35202,1.13490,0.01416,10400136.52169,2000-04-30T21:15:08.829,15037.37555
103.57500,0.62640,-1231.54281,394320.98226,3386166.59507,1.13163,0.01505,10466693.80994,2000-05-01T15:44:38.702,15044.97577
103.58499,0.52307,-1237.84236,394316.40783,3386157.98015,1.13063,0.01391,10399374.75926,2000-04-30T21:02:30.107,15031.54222
103.59498,0.18724,-1223.54718,394213.15837,3386145.87609,1.12447,0.01511,10501498.07772,2000-05-02T01:24:44.852,15047.78457
103.60500,0.41950,-1242.44702,394284.84998,3386172.86542,1.12628,0.01656,10514929.02941,2000-05-02T05:08:36.606,15048.27950
103.61500,0.24006,-1224.92050,394215.99655,3386140.50960,1.12856,0.01607,10437257.65197,2000-05-01T07:34:01.284,15041.64412
103.62501,0.51433,-1244.69320,394256.62863,3386189.34295,1.12377,0.01821,10409877.40034,2000-04-30T23:57:47.892,15036.21339
103.63499,0.38522,-1246.97135,394304.92688,3386129.40234,1.11717,0.01881,10564366.39195,2000-05-02T18:52:30.007,15056.20376
103.64500,0.61466,-1262.07790,394443.29936,3386119.63473,1.11703,0.01756,10460105.18151,2000-05-01T13:54:47.449,15044.39134
103.65502,0.43219,-1256.16469,394295.07057,3386145.36213,1.12196,0.01743,10498366.23619,2000-05-02T00:32:39.109,15051.24844
103.66500,0.54451,-1255.48412,394390.17004,3386109.16167,1.12262,0.01579,10448012.87769,2000-05-01T10:33:18.292,15038.57776
103.67500,0.41112,-1250.64978,394303.57801,3386157.64397,1.11476,0.01911,10415118.93427,2000-05-01T01:24:58.441,15039.49928
103.68501,0.15839,-1232.12869,394169.69202,3386158.75563,1.11980,0.01924,10509350.25551,2000-05-02T03:35:39.403,15046.76095
103.69499,0.20593,-1229.70354,394188.99168,3386150.58083,1.11944,0.01846,10350137.72709,2000-04-30T07:22:04.135,15029.20623
103.70501,0.85684,-1252.56371,394474.77451,3386134.71995,1.12586,0.02055,10504409.20238,2000-05-02T02:13:18.076,15046.66058
103.71499,0.37297,-1233.17677,394252.58813,3386167.31828,1.12068,0.02040,10435499.69552,2000-05-01T07:04:47.431,15039.49898
103.72500,0.23961,-1232.80178,394231.17239,3386157.47245,1.11418,0.01737,10561889.39256,2000-05-02T18:11:22.536,15056.77519
103.73500,0.47679,-1242.20168,394305.57123,3386145.38296,1.11214,0.01740,10425311.56195,2000-05-01T04:14:59.363,15037.06840
103.74500,0.29400,-1228.23487,394200.70380,3386158.14509,1.11692,0.01460,10533552.04380,2000-05-02T10:19:01.648,15054.90848
103.75499,0.42448,-1232.57937,394305.45727,3386142.77445,1.12288,0.01443,10543198.59839,2000-05-02T12:59:46.944,15053.95060
103.76499,0.35744,-1224.11948,394238.38912,3386159.70770,1.12593,0.01412,10454829.38688,2000-05-01T12:26:56.411,15041.97977
103.77502,0.41144,-1233.29778,394281.52102,3386132.53068,1.11777,0.01214,10444175.48720,2000-05-01T09:29:19.750,15038.54088
103.78500,0.14812,-1229.49708,394130.04477,3386199.09170,1.11816,0.01475,10493582.56649,2000-05-01T23:12:45.911,15046.44381
103.79501,0.22962,-1228.38588,394190.40001,3386178.82245,1.11482,0.01408,10500345.92530,2000-05-02T01:05:29.403,15046.92369
103.80500,0.48835,-1233.80067,394285.39319,3386148.13132,1.11441,0.01658,10413090.19238,2000-05-01T00:51:12.419,15038.25038
103.81500,-0.15447,-1204.46194,394021.77227,3386180.03682,1.11687,0.01583,10436050.28256,2000-05-01T07:13:47.685,15037.98040
103.82501,0.26541,-1215.83049,394290.54784,3386207.98191,1.12241,0.01587,10358241.30453,2000-04-30T09:37:26.773,15029.59321
103.83499,0.22682,-1215.06784,394325.97840,3386213.17777,1.12251,0.01797,10418199.29469,2000-05-01T02:16:26.480,15036.51603
103.84500,-0.01057,-1205.36240,394129.41098,3386176.49971,1.12384,0.01755,10384478.48162,2000-04-30T16:54:22.351,15034.26116
103.85502,0.21144,-1221.39184,394211.47950,3386182.71365,1.12436,0.01562,10433143.77068,2000-05-01T06:25:38.261,15039.41235
103.86500,0.23643,-1233.30131,394269.31916,3386175.55348,1.12603,0.01656,10411714.56444,2000-05-01T00:28:29.408,15037.15789
103.87499,0.61050,-1246.47179,394380.79134,3386153.24694,1.12817,0.01547,10386875.10583,2000-04-30T17:34:29.335,15033.69768
103.88500,0.16567,-1238.82421,394237.14697,3386134.05992,1.11934,0.01639,10405859.03053,2000-04-30T22:50:45.597,15032.60142
103.89500,0.11987,-1226.26200,394207.19980,3386170.71948,1.12038,0.01574,10323716.51242,2000-04-30T00:01:42.178,15023.89567
103.90499,0.44384,-1234.18943,394324.38259,3386163.19613,1.12525,0.01412,10386667.79980,2000-04-30T17:31:03.217,15029.84998
103.91499,0.46465,-1236.00169,394329.03313,3386181.59639,1.12468,0.01359,10484300.77661,2000-05-01T20:38:21.375,15046.24642
103.92498,0.45068,-1235.62245,394385.30237,3386128.28929,1.12478,0.01264,10353319.20325,2000-04-30T08:15:11.449,15027.01755
103.93500,0.14216,-1225.21247,394201.31463,3386174.10017,1.12184,0.01324,10448666.67509,2000-05-01T10:44:26.178,15040.53085
103.94501,0.47081,-1239.20668,394327.41368,3386165.41817,1.12608,0.01448,10385354.31623,2000-04-30T17:09:07.580,15035.80238
103.95501,0.05407,-1229.93428,394133.09558,3386195.67019,1.12475,0.01520,10498534.85362,2000-05-02T00:35:21.987,15045.34314
103.96502,0.57618,-1248.86166,394371.90111,3386174.17110,1.12551,0.01795,10502316.22627,2000-05-02T01:38:33.770,15049.93733
103.97500,0.15747,-1230.78916,394249.97226,3386146.18602,1.12611,0.01670,10469481.23931,2000-05-01T16:31:07.165,15047.33001
103.98502,0.05651,-1229.43721,394191.93409,3386200.20839,1.12803,0.01468,10453525.00461,2000-05-01T12:05:21.597,15041.16057
103.99500,0.07830,-1226.30438,394223.76422,3386166.24650,1.12436,0.01355,10351977.01092,2000-04-30T07:52:43.095,15026.19107
104.00500,0.61530,-1242.02191,394406.27029,3386149.89460,1.13043,0.01214,10359500.81325,2000-04-30T09:57:59.760,15026.55296
104.01500,0.31074,-1225.13948,394263.54777,3386186.41299,1.12109,0.01275,10487281.62408,2000-05-01T21:27:50.091,15048.55196
104.02501,0.12707,-1222.44609,394212.32827,3386184.94201,1.12495,0.01187,10451833.43320,2000-05-01T11:37:03.974,15039.93852
104.03499,0.41733,-1225.74109,394324.28786,3386177.10532,1.13114,0.01495,10379826.09726,2000-04-30T15:36:48.770,15034.91270
104.04500,0.25673,-1221.53059,394269.33728,3386223.10181,1.12542,0.01152,10403034.93041,2000-04-30T22:03:45.259,15037.39162
104.05500,0.25185,-1218.85577,394317.15600,3386159.09021,1.11836,0.01354,10571977.89691,2000-05-02T20:59:27.405,15057.49883
104.06500,0.32207,-1221.49921,394296.23634,3386188.48767,1.12570,0.01334,10479321.68267,2000-05-01T19:15:04.737,15046.97481
104.07500,-0.01284,-1209.01212,394190.95590,3386210.97667,1.12085,0.01318,10430162.37677,2000-05-01T05:35:46.006,15038.79129
104.08501,-0.08515,-1200.51799,394128.16413,3386204.10449,1.12100,0.01317,10442924.27430,2000-05-01T09:08:32.590,15042.15277
104.09502,0.47925,-1223.13760,394449.60656,3386120.19926,1.11788,0.01216,10397778.08040,2000-04-30T20:35:54.373,15032.30292
104.10502,0.02567,-1212.31967,394197.31948,3386233.84056,1.12417,0.01202,10412743.71241,2000-05-01T00:45:26.913,15032.62862
104.11503,0.25302,-1216.26568,394330.37968,3386148.95998,1.11878,0.01147,10511704.31369,2000-05-02T04:14:49.433,15052.71663
104.12500,0.46913,-1225.45379,394362.17519,3386210.15019,1.12093,0.01229,10474076.86426,2000-05-01T17:47:40.593,15048.64143
104.13498,0.09622,-1207.88326,394259.96858,3386177.12151,1.11970,0.01112,10417172.77081,2000-05-01T01:59:13.142,15038.72353
104.14499,0.45626,-1215.23171,394370.67891,3386181.42171,1.11977,0.01093,10495957.39441,2000-05-01T23:52:30.168,15050.01116
104.15501,-0.02272,-1200.52308,394150.16389,3386194.45782,1.11484,0.01288,10420950.28420,2000-05-01T03:02:11.963,15035.60037
104.16499,0.52223,-1215.85471,394399.50504,3386197.76916,1.11519,0.01187,10525079.87069,2000-05-02T07:57:58.761,15051.30171
104.17499,-0.17327,-1178.23904,394091.79671,3386207.93463,1.12035,0.01128,10306611.17594,2000-04-29T19:16:37.755,15021.76432
104.18500,0.21819,-1191.99632,394253.43437,3386228.62247,1.12034,0.01183,10469130.07488,2000-05-01T16:25:17.634,15044.69255
104.19502,0.25666,-1191.51471,394280.26987,3386196.71368,1.11376,0.01129,10348776.92551,2000-04-30T06:59:22.616,15026.16983
104.20500,0.35640,-1194.72578,394283.33169,3386226.23991,1.11331,0.01172,10233434.93833,2000-04-28T22:57:00.886,15011.21748
104.21501,0.14987,-1185.29086,394310.51505,3386163.63233,1.12144,0.01146,10474056.05488,2000-05-01T17:47:22.643,15044.47097
104.22499,0.26745,-1194.96953,394252.05140,3386249.87435,1.11858,0.01139,10370221.88801,2000-04-30T12:56:58.365,15032.38507
104.23500,0.37954,-1194.80357,394309.64865,3386189.15834,1.10945,0.01168,10341310.25168,2000-04-30T04:54:56.863,15025.86038
104.24500,0.20100,-1185.25914,394256.23287,3386225.87571,1.11601,0.01397,10433600.82627,2000-05-01T06:33:00.928,15042.43101
104.25499,0.00271,-1171.74575,394259.01574,3386212.26454,1.11729,0.01419,10484738.60936,2000-05-01T20:45:28.239,15049.16531
104.26500,0.36506,-1192.52931,394347.51838,3386198.41814,1.11779,0.01383,10342757.94233,2000-04-30T05:18:54.646,15027.04551
104.27501,0.22097,-1190.38753,394315.64280,3386191.43939,1.11761,0.01343,10411972.06324,2000-05-01T00:32:40.650,15035.68459
104.28499,0.12291,-1190.27185,394300.39764,3386204.91561,1.11919,0.01378,10496420.97949,2000-05-02T00:00:02.825,15049.15755
104.29501,-0.20660,-1182.25931,394334.37154,3386203.67370,1.12484,0.01129,10412245.39808,2000-05-01T00:37:04.455,15035.09149
104.30498,0.28210,-1209.30022,394315.77947,3386198.44975,1.11448,0.01154,10408632.10081,2000-04-30T23:36:54.095,15036.50526
104.31501,0.57132,-1213.64682,394385.92692,3386195.79789,1.11130,0.01184,10419518.80928,2000-05-01T02:38:25.151,15034.55126
104.32502,0.07176,-1190.95361,394234.94440,3386212.46962,1.11734,0.01082,10374045.48425,2000-04-30T14:00:21.119,15032.12997
104.33500,-0.03967,-1189.01412,394262.83651,3386189.58739,1.11801,0.01166,10517008.86694,2000-05-02T05:43:14.901,15055.36402
104.34500,0.82195,-1221.22497,394512.93053,3386194.42061,1.11682,0.01111,10454076.69040,2000-05-01T12:14:17.046,15040.04643
104.35500,0.19262,-1194.49386,394262.35586,3386186.30049,1.11868,0.01155,10394781.58722,2000-04-30T19:46:07.890,15032.47831
104.36502,0.00040,-1188.40286,394173.59960,3386215.66831,1.11925,0.01421,10383963.77443,2000-04-30T16:45:40.024,15031.28017
104.37500,0.38544,-1196.24879,394345.10865,3386192.77236,1.12090,0.01365,10479877.84793,2000-05-01T19:24:30.214,15046.47467
104.38502,0.62064,-1210.84210,394426.69754,3386196.22471,1.12044,0.01280,10472573.90060,2000-05-01T17:22:31.618,15047.10457
104.39500,0.37253,-1203.94287,394342.10492,3386207.08757,1.11202,0.01353,10342398.55566,2000-04-30T05:13:00.983,15027.12417
104.40500,-0.01406,-1182.76796,394334.45407,3386169.46457,1.11923,0.01301,10523626.39600,2000-05-02T07:33:25.820,15049.51164
104.41500,0.43785,-1201.08271,394462.69561,3386159.89442,1.11952,0.01361,10303558.18403,2000-04-29T18:25:33.689,15020.77869
104.42500,0.10765,-1189.74963,394283.70932,3386188.83740,1.11657,0.01275,10389437.18701,2000-04-30T18:16:59.463,15033.72425
104.43499,0.27563,-1193.74383,394395.98802,3386180.64694,1.11955,0.01364,10490819.75904,2000-05-01T22:26:42.176,15047.59257
104.44501,0.26581,-1187.49883,394447.80202,3386188.74634,1.11419,0.01325,10456640.74249,2000-05-01T12:56:59.515,15043.01474
104.45501,-0.03749,-1173.31520,394302.95700,3386184.89957,1.12476,0.01333,10441226.40087,2000-05-01T08:40:07.002,15043.52036
104.46501,0.29322,-1188.89873,394400.86192,3386211.97564,1.12264,0.01204,10473300.94620,2000-05-01T17:34:48.814,15043.00228
104.47499,0.06388,-1169.73683,394406.44514,3386197.43971,1.13481,0.01163,10464844.11363,2000-05-01T15:13:42.929,15045.22716
104.48500,-0.23308,-1142.85090,394885.54453,3386207.94930,1.14352,0.01152,10730220.92316,2000-05-04T16:56:31.607,15081.69661
104.49498,0.09654,-1170.50890,394455.41490,3386196.76815,1.12528,0.01143,10457756.62106,2000-05-01T13:15:27.787,15045.87550
104.50498,0.36304,-1184.39225,394207.05765,3386236.51622,1.12095,0.01223,10317101.63610,2000-04-29T22:11:20.244,15020.84327
104.51498,0.27307,-1180.49989,394202.86296,3386212.27525,1.12095,0.01162,10214117.68133,2000-04-28T17:35:05.015,15006.84528
104.52499,0.53878,-1194.33482,394292.36394,3386211.97890,1.12147,0.01007,10316469.04629,2000-04-29T22:00:50.908,15023.21392
104.53498,0.49036,-1193.25242,394329.79916,3386183.44476,1.12641,0.00991,10321771.45652,2000-04-29T23:29:15.771,15024.81852
104.54499,0.59785,-1202.31358,394369.28290,3386176.05342,1.12466,0.00985,10377196.19255,2000-04-30T14:53:03.089,15030.21451
104.55500,0.21747,-1180.00108,394177.30778,3386219.47701,1.11588,0.00937,10362930.52257,2000-04-30T10:55:16.293,15031.12038
104.56502,0.67425,-1202.70973,394385.07071,3386200.51378,1.11827,0.01039,10354309.59047,2000-04-30T08:31:32.881,15029.45368
104.57500,0.51332,-1186.87739,394296.48136,3386207.16043,1.12417,0.01106,10287138.62076,2000-04-29T13:51:59.150,15017.84122
104.58500,0.32253,-1182.96041,394219.40247,3386232.06046,1.12186,0.01229,10318942.26562,2000-04-29T22:42:11.670,15021.08938
104.59500,0.47241,-1183.94282,394280.37494,3386218.47404,1.11216,0.01224,10335263.52408,2000-04-30T03:14:10.443,15023.84159
104.60501,0.06689,-1168.49858,394088.48699,3386238.36814,1.11230,0.01226,10291082.36453,2000-04-29T14:57:53.873,15019.87369
104.61500,0.46208,-1176.63047,394272.44861,3386208.43033,1.11337,0.01164,10302270.18550,2000-04-29T18:04:06.598,15018.16652
104.62499,0.40723,-1183.09893,394268.45900,3386200.29402,1.12116,0.01209,10401677.34436,2000-04-30T21:41:04.778,15038.47473
104.63499,0.54232,-1195.08747,394322.95245,3386208.62297,1.12509,0.01247,10367766.06251,2000-04-30T12:15:59.145,15030.02681
104.64499,0.39235,-1182.78166,394252.68679,3386217.24796,1.12668,0.01137,10390550.92614,2000-04-30T18:35:38.520,15032.36836
104.65499,0.29992,-1179.78836,394215.36134,3386215.69967,1.12564,0.01379,10424227.81963,2000-05-01T03:56:42.592,15041.06848
104.66500,0.58145,-1193.73646,394380.22113,3386188.50933,1.12722,0.01410,10362213.16034,2000-04-30T10:43:25.213,15029.26673
104.67499,0.62518,-1188.97389,394329.87486,3386200.84463,1.12447,0.01457,10248798.59464,2000-04-29T03:13:00.297,15010.72480
104.68500,0.46617,-1186.26694,394272.42689,3386214.95066,1.12868,0.01570,10365741.06260,2000-04-30T11:42:10.154,15032.89148
104.69500,0.23397,-1177.13361,394220.21728,3386202.33861,1.12674,0.01435,10413239.41065,2000-05-01T00:53:37.696,15033.20267
104.70500,0.38217,-1177.35417,394217.09860,3386220.85134,1.12313,0.01520,10412066.95820,2000-05-01T00:34:07.503,15033.95926
104.71501,0.68906,-1191.74277,394351.40138,3386235.56811,1.12459,0.01844,10427328.60718,2000-05-01T04:48:30.910,15040.97921
104.72500,0.35581,-1182.73007,394224.53890,3386229.03781,1.12689,0.01696,10524983.66773,2000-05-02T07:56:09.030,15052.12809
104.73500,0.60956,-1202.84857,394363.68744,3386186.88778,1.13146,0.01621,10359927.50657,2000-04-30T10:05:00.059,15032.75383
104.74500,0.57472,-1193.44898,394332.93446,3386190.30568,1.13188,0.01447,10465811.59042,2000-05-01T15:29:46.989,15042.83929
104.75497,0.21732,-1178.44724,394124.12774,3386261.46173,1.11975,0.01533,10397572.51140,2000-04-30T20:32:30.385,15034.95629
104.76499,0.19090,-1178.16723,394197.68170,3386197.81001,1.12394,0.01456,10336861.08490,2000-04-30T03:40:33.706,15026.17972
104.77499,0.80495,-1195.75075,394437.29434,3386177.97148,1.12059,0.01365,10372572.66482,2000-04-30T13:35:45.340,15030.78121
104.78499,0.17564,-1178.35255,394152.81912,3386230.62932,1.12103,0.01458,10494421.89851,2000-05-01T23:26:42.391,15047.48172
104.79500,0.50540,-1189.81074,394317.53824,3386201.91230,1.12460,0.01490,10379050.37486,2000-04-30T15:23:46.693,15031.74997
104.80501,0.06672,-1158.73721,394068.76164,3386271.48665,1.12858,0.01473,10550939.64516,2000-05-02T15:08:47.540,15053.69007
104.81498,0.38691,-1178.31609,394272.89737,3386202.68893,1.13186,0.01343,10366207.82655,2000-04-30T11:49:37.599,15034.88380
104.82502,0.18447,-1172.93123,394224.27651,3386185.30514,1.12543,0.01256,10236101.98481,2000-04-28T23:41:29.662,15007.20040
104.83500,0.58929,-1190.67683,394354.19312,3386203.12805,1.12184,0.01330,10353848.68313,2000-04-30T08:23:47.793,15027.32483
104.84498,0.44659,-1184.77149,394336.80715,3386168.53415,1.11985,0.01242,10306744.39709,2000-04-29T19:18:55.881,15020.75311
104.85500,0.29228,-1187.46622,394206.65921,3386223.54622,1.11833,0.01217,10247973.30932,2000-04-29T02:59:18.322,15011.59644
104.86500,0.37848,-1186.53798,394288.70682,3386196.04612,1.11414,0.01516,10159983.22468,2000-04-28T02:32:43.973,14997.87565
104.87499,0.51929,-1190.79977,394342.13300,3386182.22713,1.11715,0.01607,10309607.83402,2000-04-29T20:06:35.880,15020.37078
104.88499,0.05430,-1174.25790,394109.59260,3386239.49608,1.11537,0.01615,10322584.63978,2000-04-29T23:42:48.226,15023.26154
104.89497,0.21272,-1176.87469,394154.24270,3386243.88763,1.11510,0.01448,10341995.43989,2000-04-30T05:06:21.059,15027.27779
104.90499,0.51731,-1177.30062,394323.97120,3386200.03825,1.11789,0.01552,10351191.47040,2000-04-30T07:39:32.324,15027.34434
104.91499,-0.15645,-1147.36887,394060.09834,3386209.86445,1.12324,0.01457,10374656.95681,2000-04-30T14:10:39.383,15034.97279
104.92500,0.61480,-1179.91700,394315.35122,3386250.52179,1.12190,0.01562,10384010.45385,2000-04-30T16:46:38.083,15029.85478
104.93500,0.33796,-1165.95561,394221.70874,3386236.88801,1.12645,0.01554,10178224.29796,2000-04-28T07:36:37.471,15002.74125
104.94500,0.26330,-1154.20247,394231.05724,3386200.96727,1.12133,0.01287,10353782.77881,2000-04-30T08:22:54.403,15026.16586
104.95500,0.54305,-1168.83023,394325.12040,3386233.79097,1.12215,0.01211,10344044.31104,2000-04-30T05:40:27.056,15024.65869
104.96501,0.20326,-1150.43269,394169.96523,3386247.20107,1.12675,0.01455,10315010.45769,2000-04-29T21:36:34.184,15022.75041
104.97499,0.37520,-1159.16602,394225.20778,3386237.62525,1.12773,0.01360,10343837.33074,2000-04-30T05:37:07.912,15026.85184
104.98500,0.02193,-1141.29098,394085.83571,3386269.37200,1.12962,0.01286,10324361.63201,2000-04-30T00:12:29.971,15023.20478
104.99499,0.50785,-1176.62277,394440.02802,3386189.57416,1.13578,0.01230,10551706.96575,2000-05-02T15:21:24.338,15059.88834
105.00500,0.47806,-1167.09876,394323.98932,3386215.97645,1.13121,0.01477,10315322.92587,2000-04-29T21:41:45.652,15019.41476
105.01499,0.63268,-1175.26203,394366.49808,3386266.19360,1.12963,0.01341,10426814.14059,2000-05-01T04:39:52.940,15036.15385
105.02499,0.66150,-1163.97232,394404.27625,3386227.72317,1.13983,0.01361,10281619.88092,2000-04-29T12:19:57.090,15019.69044
105.03499,-0.00592,-1143.20291,394181.69937,3386241.86795,1.13565,0.01204,10270310.97494,2000-04-29T09:11:25.544,15015.24380
105.04499,0.27866,-1155.24959,394272.50980,3386269.58107,1.13982,0.01206,10346919.09112,2000-04-30T06:28:12.622,15028.48866
105.05502,0.71221,-1174.00909,394602.55949,3386165.83628,1.14325,0.01192,10299461.44297,2000-04-29T17:17:16.388,15019.83762
105.06498,0.33245,-1156.82748,394213.27702,3386265.35731,1.14114,0.01173,10399984.15070,2000-04-30T21:12:45.520,15033.73529
105.07499,0.58320,-1169.66208,394265.06474,3386235.95933,1.13085,0.01224,10352064.80046,2000-04-30T07:53:55.334,15030.15372
105.08500,-0.00566,-1150.42742,394047.89929,3386222.10159,1.13084,0.01170,10329744.02900,2000-04-30T01:42:02.624,15022.01410
105.09500,-0.29122,-1139.17598,393954.89311,3386248.28034,1.13276,0.01184,10491500.55402,2000-05-01T22:38:00.288,15045.75822
105.10501,0.70420,-1175.67875,394290.87474,3386245.99126,1.12996,0.01223,10462466.83385,2000-05-01T14:34:01.674,15044.49654
105.11501,0.23695,-1161.81264,394150.56747,3386231.53116,1.12325,0.01115,10308380.52800,2000-04-29T19:45:52.670,15023.08692
105.12499,0.15517,-1167.14835,394098.11709,3386250.31842,1.12282,0.01171,10463399.60478,2000-05-01T14:49:40.751,15042.87815
105.13501,0.21605,-1156.25657,394165.70947,3386192.12632,1.12678,0.01164,10300339.47520,2000-04-29T17:31:54.631,15022.28932
105.14499,0.14860,-1164.60178,394095.03344,3386252.08442,1.12961,0.01261,10492640.89295,2000-05-01T22:57:03.411,15043.01982
105.15500,0.22579,-1166.16293,394147.40439,3386219.63023,1.12200,0.01219,10263256.60694,2000-04-29T07:13:55.166,15016.51207
105.16502,0.25708,-1153.83421,394137.66900,3386246.62188,1.12085,0.01173,10448947.08841,2000-05-01T10:48:47.875,15039.18221
105.17499,0.16368,-1151.69204,394077.44477,3386258.15716,1.12408,0.01330,10418846.86138,2000-05-01T02:27:04.160,15037.28704
105.18500,0.24903,-1177.31498,394143.61653,3386279.17964,1.12378,0.01351,10544912.66615,2000-05-02T13:28:00.485,15055.31765
105.19499,0.67382,-1180.14451,394374.73631,3386186.61532,1.12390,0.01449,10518185.01471,2000-05-02T06:02:45.547,15053.28452
105.20499,0.18179,-1169.73130,394082.73914,3386271.26675,1.12167,0.01319,10396369.24559,2000-04-30T20:12:31.763,15037.01391
105.21499,0.26288,-1172.56061,394161.81602,3386218.30261,1.12013,0.01259,10565107.03347,2000-05-02T19:04:50.448,15057.91184
105.22499,0.38104,-1180.93189,394180.17189,3386263.06820,1.11161,0.01231,10335099.52669,2000-04-30T03:11:29.760,15029.15254
105.23499,0.04506,-1178.38671,394050.74778,3386260.60260,1.11019,0.01195,10397368.26150,2000-04-30T20:29:26.680,15028.01888
105.24500,0.54045,-1194.61864,394358.74782,3386182.17121,1.11757,0.01185,10515701.50116,2000-05-02T05:21:27.646,15049.63815
105.25501,0.22260,-1177.12300,394130.41055,3386258.63234,1.11614,0.01150,10457585.12416,2000-05-01T13:12:53.263,15043.30085
105.26499,0.66504,-1197.27607,394316.71042,3386217.47126,1.11702,0.01155,10521893.23302,2000-05-02T07:04:36.097,15053.95552
105.27501,0.06999,-1171.25270,394125.73252,3386213.20356,1.11604,0.01159,10393838.56337,2000-04-30T19:30:26.123,15031.05471
105.28502,0.02939,-1163.64578,394044.09784,3386261.62860,1.11242,0.01188,10505775.62457,2000-05-02T02:36:06.395,15051.93392
105.29500,0.43606,-1174.39541,394225.91628,3386225.89827,1.11793,0.01161,10504382.33423,2000-05-02T02:12:49.340,15049.52800
105.30500,-0.06487,-1161.16522,394031.41285,3386265.52899,1.11874,0.01126,10474254.52559,2000-05-01T17:50:45.769,15043.15025
105.31501,0.20739,-1176.23657,394107.08674,3386244.42027,1.11519,0.01061,10465705.08641,2000-05-01T15:28:14.483,15048.38058
105.32500,0.39088,-1179.91674,394190.88352,3386233.95038,1.11367,0.01144,10351944.28233,2000-04-30T07:52:08.936,15026.36454
105.33499,0.38316,-1179.59777,394218.70705,3386216.30578,1.11415,0.00876,10399746.93735,2000-04-30T21:08:46.970,15033.43023
105.34501,-0.01171,-1170.91757,394083.64457,3386199.13214,1.11563,0.00970,10424855.72733,2000-05-01T04:07:22.246,15038.73757
105.35500,0.24504,-1178.05739,394213.90892,3386202.22483,1.11388,0.00967,10467815.91205,2000-05-01T16:03:28.190,15040.45214
105.36500,0.23580,-1174.76390,394150.70482,3386234.65887,1.11841,0.00983,10484040.69902,2000-05-01T20:33:46.445,15048.45296
105.37501,0.11795,-1175.72929,394073.87970,3386248.20125,1.11532,0.00949,10414202.76254,2000-05-01T01:09:50.329,15034.40267
105.38501,0.09526,-1178.02823,394066.06460,3386236.96443,1.12638,0.00969,10425026.54734,2000-05-01T04:10:09.158,15040.26220
105.39500,0.16506,-1179.70948,394087.35142,3386274.21530,1.12495,0.00984,10323364.24049,2000-04-29T23:55:49.075,15023.65431
105.40501,0.65692,-1193.52688,394355.99796,3386166.41790,1.11924,0.00985,10412121.22281,2000-05-01T00:35:03.589,15037.68083
105.41500,0.10960,-1182.53348,394079.22712,3386237.37786,1.11646,0.00963,10392859.50111,2000-04-30T19:14:08.099,15036.20215
105.42499,0.09258,-1173.98102,394103.71505,3386204.79588,1.11608,0.00942,10440561.75407,2000-05-01T08:29:09.678,15038.28786
105.43500,0.29328,-1178.85103,394175.40732,3386235.73548,1.11644,0.00970,10373267.51402,2000-04-30T13:47:32.898,15033.39272
105.44500,0.22611,-1178.68181,394153.78540,3386219.18983,1.11067,0.01040,10468210.78546,2000-05-01T16:09:56.753,15046.95205
105.45500,0.13554,-1178.45247,394092.51664,3386255.03779,1.11144,0.00973,10477569.88033,2000-05-01T18:45:57.531,15040.35656
105.46498,-0.08447,-1172.30213,394008.56675,3386257.77526,1.11414,0.01062,10494545.23009,2000-05-01T23:28:41.084,15049.85790
105.47499,0.15166,-1176.69058,394146.51930,3386183.49441,1.11192,0.01101,10371316.53290,2000-04-30T13:14:49.353,15029.64924
105.48502,0.20224,-1188.99314,394135.36381,3386229.26610,1.11786,0.01081,10346655.74592,2000-04-30T06:23:54.141,15025.37128
105.49499,0.54050,-1200.65861,394315.56960,3386203.50699,1.11518,0.01258,10538289.36780,2000-05-02T11:37:59.092,15057.71117
105.50500,0.18370,-1195.81000,394173.70452,3386200.43480,1.11772,0.01184,10434360.61903,2000-05-01T06:45:44.311,15039.13524
105.51500,0.19209,-1191.41947,394148.73935,3386227.11168,1.11752,0.01209,10494037.29459,2000-05-01T23:20:15.641,15050.49524
105.52500,0.71780,-1206.43983,394382.95282,3386201.43236,1.11468,0.01249,10479927.00939,2000-05-01T19:25:10.234,15040.24677
105.53501,-0.05840,-1175.56154,394001.89065,3386262.44870,1.11446,0.01125,10470626.20968,2000-05-01T16:50:10.960,15046.76759
105.54501,0.18852,-1177.88821,394162.97921,3386231.80298,1.11899,0.01302,10524828.99769,2000-05-02T07:53:28.610,15050.58384
105.55503,0.09837,-1170.64005,394132.34740,3386220.11993,1.11189,0.01348,10470213.74768,2000-05-01T16:43:21.990,15040.05046
105.56500,0.30971,-1175.68565,394124.49988,3386268.69871,1.11135,0.01435,10486826.18403,2000-05-01T21:20:08.286,15048.08241
105.57502,0.26098,-1178.96347,394138.06169,3386244.36239,1.11232,0.01638,10514841.16687,2000-05-02T05:07:01.456,15051.09200
105.58501,0.44523,-1186.19818,394188.43687,3386250.41864,1.11452,0.01530,10424539.28070,2000-05-01T04:02:06.350,15038.97768
105.59500,0.13176,-1173.53350,394086.45995,3386271.69237,1.11862,0.01594,10352472.68538,2000-04-30T08:00:59.507,15027.21951
105.60500,0.16747,-1169.76632,394097.34305,3386265.76836,1.11860,0.01983,10452464.10880,2000-05-01T11:47:26.359,15041.35543
105.61499,0.04819,-1169.54237,394061.13160,3386244.11462,1.12541,0.01717,10423901.05805,2000-05-01T03:51:27.872,15037.97330
105.62500,0.62901,-1198.18651,394308.64088,3386238.14277,1.11877,0.01742,10454442.49977,2000-05-01T12:20:23.789,15043.89009
105.63500,0.09426,-1176.64542,394097.94401,3386241.51638,1.12045,0.01701,10504136.95496,2000-05-02T02:08:40.114,15050.20616
105.64499,0.16543,-1174.88070,394157.59380,3386216.41362,1.11126,0.01543,10467665.63381,2000-05-01T16:00:56.001,15037.88174
105.65501,0.20852,-1174.28800,394145.62486,3386243.04749,1.12056,0.01366,10495630.70987,2000-05-01T23:46:59.637,15050.68557
105.66498,0.06729,-1174.20683,394078.79453,3386229.20880,1.11315,0.01206,10419985.38619,2000-05-01T02:46:07.372,15037.27623
105.67498,-0.03018,-1165.53887,394078.23260,3386238.68576,1.11674,0.01485,10359348.23726,2000-04-30T09:55:42.003,15030.29858
105.68499,0.19677,-1175.59181,394102.58046,3386241.48274,1.11377,0.01289,10448525.52234,2000-05-01T10:41:59.169,15037.45645
105.69499,0.29890,-1178.92453,394143.56229,3386232.13612,1.11539,0.01257,10492376.19079,2000-05-01T22:52:41.922,15050.77933
105.70500,0.14854,-1166.10669,394129.52960,3386199.41658,1.11453,0.01365,10453004.09407,2000-05-01T11:56:40.976,15038.19583
105.71503,0.13650,-1168.91351,394069.87141,3386234.61684,1.11386,0.01385,10485687.38759,2000-05-01T21:01:19.609,15048.67384
105.72501,0.15504,-1172.63758,394079.76120,3386260.41239,1.11254,0.01319,10451697.15953,2000-05-01T11:34:38.378,15041.92101
105.73499,-0.21448,-1159.53544,393932.09196,3386246.51868,1.11333,0.01346,10510557.00116,2000-05-02T03:55:50.718,15050.50090
105.74500,-0.16887,-1159.28466,393974.96954,3386237.53908,1.10804,0.01468,10445787.19433,2000-05-01T09:56:12.051,15043.07029
105.75499,0.16381,-1170.45147,394118.48856,3386237.52083,1.11424,0.01631,10495655.77823,2000-05-01T23:47:21.965,15048.57412
105.76500,0.07883,-1161.48058,394049.26643,3386237.27975,1.11190,0.01553,10388728.23694,2000-04-30T18:05:11.402,15033.42888
105.77501,0.21358,-1168.77341,394112.50979,3386229.62539,1.11387,0.01622,10414234.18971,2000-05-01T01:10:31.119,15034.90667
105.78498,0.33416,-1176.59518,394161.95944,3386231.62451,1.11680,0.01505,10426475.57778,2000-05-01T04:34:22.047,15039.28367
105.79500,0.09407,-1170.17390,394072.76388,3386238.66610,1.11410,0.01246,10540376.84548,2000-05-02T12:12:52.995,15053.97159
105.80500,-0.07795,-1165.26817,394002.62468,3386229.92329,1.10626,0.01262,10464769.31226,2000-05-01T15:12:38.355,15044.49922
105.81499,0.04520,-1171.25460,394051.03912,3386242.43767,1.11182,0.01356,10439922.21161,2000-05-01T08:18:21.506,15042.14967
105.82500,0.15205,-1176.46131,394096.76678,3386218.76314,1.10577,0.01371,10496461.29727,2000-05-02T00:00:55.489,15047.44378
105.83498,0.02259,-1171.90370,394028.76269,3386253.25193,1.10794,0.01345,10496724.78248,2000-05-02T00:05:20.317,15046.63783
105.84497,-0.08534,-1160.08598,394012.33490,3386224.92164,1.10534,0.01298,10386960.72542,2000-04-30T17:35:53.220,15029.49516
105.85498,-0.16084,-1161.52864,393978.43986,3386215.91069,1.09771,0.01384,10483561.87012,2000-05-01T20:25:58.645,15049.45510
105.86500,0.12768,-1168.05521,394065.69315,3386249.99756,1.10695,0.01630,10397910.18646,2000-04-30T20:38:16.820,15030.45073
105.87501,0.18230,-1164.98543,394073.84171,3386251.49800,1.10624,0.01525,10454238.99303,2000-05-01T12:17:09.868,15043.57840
105.88498,-0.17375,-1155.73375,393940.78898,3386235.65603,1.10711,0.01540,10442686.91732,2000-05-01T09:04:44.367,15041.81590
105.89500,-0.20329,-1157.68178,393963.61867,3386231.11558,1.11367,0.01488,10442066.40853,2000-05-01T08:54:15.948,15037.92798
105.90501,-0.23577,-1152.56728,393926.69545,3386265.70444,1.10628,0.01531,10423147.42210,2000-05-01T03:38:59.950,15036.83531
105.91500,-0.19799,-1156.15655,393944.49324,3386230.50296,1.10799,0.01404,10382928.21452,2000-04-30T16:28:42.750,15033.67392
105.92499,0.11240,-1168.17856,394054.44543,3386243.01901,1.10817,0.01385,10388987.45848,2000-04-30T18:09:42.103,15034.58251
105.93501,-0.20220,-1161.22928,393914.29470,3386283.14118,1.10733,0.01353,10380235.21240,2000-04-30T15:43:39.515,15028.57015
105.94498,0.03616,-1157.70094,394058.84740,3386235.94745,1.10428,0.01309,10522230.49322,2000-05-02T07:10:28.947,15051.69726
105.95500,0.10098,-1160.04729,394059.14801,3386233.58414,1.10794,0.01360,10446065.04142,2000-05-01T10:01:02.388,15040.16233
105.96499,0.12447,-1150.95924,394049.58472,3386276.77826,1.11332,0.01297,10466163.90222,2000-05-01T15:35:50.116,15046.84794
105.97499,-0.26993,-1146.08659,393916.01078,3386270.13870,1.10940,0.01326,10306143.65916,2000-04-29T19:08:52.043,15020.67931
105.98499,0.05316,-1150.42988,394083.10264,3386237.01059,1.11672,0.01310,10444108.93608,2000-05-01T09:28:25.119,15038.57627
105.99501,0.09203,-1146.88575,394040.13178,3386253.53432,1.11566,0.01272,10437408.40720,2000-05-01T07:36:41.739,15039.80396
106.00501,-0.18698,-1132.71704,393920.38546,3386288.10964,1.10924,0.01187,10393247.98419,2000-04-30T19:20:44.537,15032.13726
106.01500,-0.09012,-1147.29986,393940.02663,3386288.98171,1.10258,0.01303,10320738.42073,2000-04-29T23:12:08.041,15020.84731
106.02500,0.22302,-1150.68794,394153.87552,3386216.73952,1.10714,0.01380,10439535.79574,2000-05-01T08:12:05.702,15039.05684
106.03500,-0.34234,-1136.66859,393852.53235,3386277.78203,1.10936,0.01262,10445964.49081,2000-05-01T09:59:09.871,15038.40000
106.04500,0.05105,-1151.53676,394057.03789,3386239.14105,1.10782,0.01330,10469253.49052,2000-05-01T16:27:23.721,15045.44160
106.05500,0.13931,-1152.28078,394068.07204,3386277.40840,1.10949,0.01255,10513855.00951,2000-05-02T04:50:48.588,15052.68875
106.06499,-0.24662,-1130.85171,393915.95311,3386268.69297,1.10899,0.01314,10429001.06313,2000-05-01T05:16:28.489,15038.12051
106.07500,0.32659,-1159.14505,394184.43503,3386220.26243,1.10991,0.01330,10404670.66359,2000-04-30T22:31:00.528,15036.80277
106.08499,-0.28405,-1135.37712,393911.15819,3386271.22625,1.11376,0.01247,10530086.93877,2000-05-02T09:21:24.066,15052.53070
106.09500,-0.21795,-1139.36829,393942.24888,3386266.93902,1.11145,0.01334,10482612.37749,2000-05-01T20:09:57.892,15044.51936
106.10500,0.14816,-1152.55301,394101.25850,3386218.35023,1.11134,0.01372,10378720.35668,2000-04-30T15:18:33.659,15033.69824
106.11500,0.15291,-1153.71283,394067.47642,3386264.25400,1.11131,0.01277,10400355.72753,2000-04-30T21:19:02.893,15031.21916
106.12499,0.08275,-1151.46620,394029.59323,3386282.86481,1.11744,0.01251,10467236.04438,2000-05-01T15:53:45.936,15043.75736
106.13498,-0.05675,-1140.62334,393986.99937,3386237.28592,1.11681,0.01455,10433111.73886,2000-05-01T06:25:03.680,15038.49808
106.14500,0.39460,-1161.78230,394219.87850,3386241.68619,1.11547,0.01346,10411510.55407,2000-05-01T00:24:59.286,15038.49504
106.15499,-0.23307,-1138.35767,393959.98136,3386249.62414,1.11067,0.01336,10551025.90960,2000-05-02T15:10:12.989,15059.49509
106.16500,0.19817,-1160.43448,394137.59948,3386250.27522,1.10957,0.01380,10451731.78158,2000-05-01T11:35:26.686,15043.40622
106.17499,-0.07548,-1148.29647,394010.68238,3386274.40557,1.11165,0.01295,10472716.34514,2000-05-01T17:25:06.174,15043.39431
106.18500,-0.05682,-1147.25032,394010.15419,3386240.87982,1.11550,0.01123,10436722.59501,2000-05-01T07:25:20.248,15039.59790
106.19501,-0.25788,-1147.46499,393947.74927,3386256.88015,1.11000,0.01219,10472801.80322,2000-05-01T17:26:22.586,15048.29441
106.20500,0.02090,-1148.16556,394028.80694,3386261.92350,1.10930,0.01226,10398153.86336,2000-04-30T20:42:26.200,15028.11008
106.21499,0.25736,-1157.71778,394128.67896,3386243.22789,1.11966,0.01309,10483388.04454,2000-05-01T20:23:04.238,15048.73137
106.22500,0.05083,-1149.30456,394061.04781,3386258.19778,1.11732,0.01497,10544987.13840,2000-05-02T13:29:38.095,15051.92869
106.23499,-0.44041,-1130.58837,393861.53916,3386257.08618,1.11654,0.01482,10437419.65825,2000-05-01T07:36:54.523,15037.77814
106.24500,0.17060,-1153.05885,394105.84066,3386238.03096,1.12006,0.01501,10559835.12776,2000-05-02T17:37:06.515,15060.68464
106.25499,0.29376,-1163.50287,394168.04356,3386239.19874,1.11724,0.01686,10554986.93738,2000-05-02T16:16:23.088,15054.44513
106.26500,-0.05578,-1145.75148,394007.91643,3386265.97613,1.11929,0.01399,10370515.53920,2000-04-30T13:01:50.285,15027.76232
106.27500,0.08387,-1148.90383,394106.56321,3386236.65856,1.11906,0.01232,10528209.57490,2000-05-02T08:50:05.682,15054.49234
106.28500,-0.13285,-1135.39240,393952.28651,3386282.34947,1.11194,0.01223,10506816.42289,2000-05-02T02:53:25.233,15045.22882
106.29499,-0.24578,-1143.03642,393910.50993,3386269.61395,1.11310,0.01253,10513573.16992,2000-05-02T04:46:01.046,15052.19149
106.30500,-0.07362,-1149.46572,393993.95522,3386251.44411,1.10825,0.01185,10526907.29406,2000-05-02T08:28:28.565,15050.74753
106.31501,0.25744,-1158.00413,394132.66859,3386234.18872,1.11032,0.01271,10504263.08153,2000-05-02T02:11:01.260,15047.91961
106.32500,-0.14369,-1149.93300,393959.04558,3386254.04966,1.10971,0.01134,10513854.75417,2000-05-02T04:50:58.386,15049.63396
106.33502,0.00524,-1155.18248,394057.29949,3386231.66022,1.11508,0.01268,10353547.61878,2000-04-30T08:18:58.166,15032.26657
106.34502,-0.02613,-1144.81656,393954.47867,3386288.05069,1.10417,0.01191,10448587.16521,2000-05-01T10:43:01.381,15042.68599
106.35498,-0.06681,-1147.76337,393970.32092,3386266.35905,1.11224,0.01200,10409863.52956,2000-04-30T23:57:38.661,15032.44734
106.36499,-0.24725,-1139.00372,393935.81789,3386226.30484,1.11227,0.01269,10523559.09827,2000-05-02T07:32:34.806,15053.71963
106.37501,-0.12969,-1144.32969,393931.20139,3386291.41350,1.11511,0.01229,10486569.90896,2000-05-01T21:16:11.246,15047.84903
106.38500,-0.02029,-1152.91163,393995.30743,3386270.37686,1.11354,0.01215,10400446.22693,2000-04-30T21:20:41.357,15034.40486
106.39499,-0.07306,-1145.82749,393947.31245,3386266.16159,1.11757,0.01285,10438713.12406,2000-05-01T07:58:25.693,15038.47288
106.40499,0.19113,-1156.41304,394061.89693,3386273.36671,1.11033,0.01232,10543595.13817,2000-05-02T13:06:30.084,15052.22778
106.41498,-0.02325,-1136.29840,393973.39049,3386269.42577,1.11877,0.01197,10431084.85521,2000-05-01T05:51:15.720,15040.73327
106.42498,-0.32413,-1129.08312,393854.73526,3386280.75172,1.11379,0.01191,10423050.01109,2000-05-01T03:37:27.495,15032.48153
106.43499,-0.05645,-1133.97502,393966.08826,3386249.14268,1.11662,0.01302,10443103.24928,2000-05-01T09:11:34.636,15045.15352
106.44500,0.00432,-1130.53386,393992.73841,3386268.88096,1.11108,0.01211,10444364.96598,2000-05-01T09:32:47.504,15037.90072
106.45499,0.00882,-1131.56098,393972.84905,3386277.38433,1.11399,0.01248,10383879.29140,2000-04-30T16:44:31.557,15032.73596
106.46501,-0.20111,-1125.07396,393894.13648,3386290.98596,1.11753,0.01287,10362936.55368,2000-04-30T10:55:24.940,15027.08266
106.47500,-0.03561,-1128.48088,394000.32169,3386259.61554,1.12504,0.01234,10346787.59296,2000-04-30T06:26:24.748,15024.69300
106.48500,-0.13360,-1129.79545,393974.55631,3386231.74400,1.12723,0.01193,10417197.65244,2000-05-01T01:59:54.943,15037.01537
106.49499,-0.13471,-1129.59601,393949.49785,3386260.77309,1.12696,0.01164,10406915.60189,2000-04-30T23:08:27.632,15037.57700
106.50499,0.03887,-1134.81716,394042.49199,3386212.10425,1.12072,0.01155,10420889.76035,2000-05-01T03:01:23.464,15035.71868
106.51502,-0.30998,-1125.09616,393929.68504,3386264.10700,1.12543,0.01308,10410287.99203,2000-05-01T00:04:44.712,15034.58313
106.52502,-0.19736,-1127.08647,393904.42028,3386279.36471,1.11934,0.01337,10452745.70512,2000-05-01T11:52:16.904,15042.22205
106.53498,-0.09641,-1123.67833,393940.17053,3386264.89935,1.11430,0.01503,10375223.60185,2000-04-30T14:20:22.308,15028.39470
106.54499,-0.08317,-1122.78792,393959.88926,3386267.61590,1.11110,0.01121,10379215.92568,2000-04-30T15:26:51.492,15033.62710
106.55500,-0.11335,-1125.13403,393953.07457,3386270.03993,1.11247,0.00944,10318175.79726,2000-04-29T22:29:26.353,15022.14102
106.56500,-0.21146,-1120.47350,393891.57032,3386267.38230,1.11025,0.00957,10419011.20360,2000-05-01T02:30:14.509,15037.85843
106.57501,0.05358,-1132.69539,394045.22005,3386235.48059,1.11594,0.00976,10336616.57563,2000-04-30T03:36:51.437,15024.16520
106.58499,-0.28648,-1124.89847,393824.71063,3386300.04683,1.11946,0.00981,10392357.55564,2000-04-30T19:05:56.762,15029.50342
106.59500,-0.06284,-1130.66623,393964.82972,3386280.24774,1.11517,0.00851,10474078.91708,2000-05-01T17:47:50.551,15045.48127
106.60500,0.04164,-1146.58256,394036.73651,3386262.69028,1.11236,0.00963,10402075.91242,2000-04-30T21:47:40.062,15035.93180
106.61499,-0.37009,-1125.46721,393848.32066,3386282.21418,1.10790,0.00833,10508871.45687,2000-05-02T03:27:51.902,15047.82991
106.62499,-0.09879,-1133.54516,393979.51272,3386250.99279,1.10461,0.00994,10392422.61430,2000-04-30T19:06:51.867,15033.52552
106.63499,0.16173,-1143.34283,394076.57982,3386240.44928,1.10672,0.01051,10470024.16497,2000-05-01T16:40:24.481,15042.80330
106.64497,-0.36671,-1131.42807,393854.64517,3386287.10237,1.10998,0.00919,10345525.08759,2000-04-30T06:05:17.497,15027.57893
106.65501,-0.44930,-1122.38941,393819.57254,3386264.97128,1.10870,0.00903,10479067.46194,2000-05-01T19:10:54.123,15043.40349
106.66501,0.27674,-1146.55423,394132.06031,3386245.18502,1.10417,0.00961,10434081.16929,2000-05-01T06:41:17.855,15038.61632
106.67499,-0.09010,-1136.43094,393965.35044,3386270.89969,1.11308,0.00851,10436128.40882,2000-05-01T07:15:28.308,15038.58237
106.68500,-0.10091,-1139.65028,393973.16909,3386254.99427,1.11414,0.00922,10450860.06981,2000-05-01T11:20:51.321,15043.34554
106.69499,0.08160,-1134.09784,394014.59334,3386276.71259,1.11353,0.00997,10411948.73819,2000-05-01T00:32:22.443,15033.48205
106.70500,0.06195,-1134.38653,394044.53889,3386265.88246,1.12125,0.00851,10453518.97721,2000-05-01T12:05:11.980,15041.57387
106.71501,-0.31293,-1125.05725,393884.92522,3386289.50138,1.10907,0.00847,10388439.92576,2000-04-30T18:00:44.920,15031.09642
106.72501,0.06539,-1130.90254,394054.89392,3386238.99426,1.11770,0.00902,10455014.29508,2000-05-01T12:30:07.676,15042.60751
106.73500,0.04152,-1134.35468,394007.76633,3386273.36940,1.11744,0.00960,10367713.69257,2000-04-30T12:15:02.911,15030.33851
106.74500,-0.54136,-1115.28711,393799.69262,3386272.65291,1.11515,0.00906,10497435.11977,2000-05-02T00:17:04.367,15045.64796
106.75500,-0.10661,-1140.50313,393924.14700,3386296.86314,1.10947,0.00889,10271167.95690,2000-04-29T09:26:01.181,15016.51560
106.76499,-0.08005,-1131.09178,393988.24963,3386245.93790,1.10955,0.00848,10448210.15320,2000-05-01T10:36:38.161,15041.57968
106.77500,-0.07513,-1136.90677,393987.59936,3386257.57286,1.11876,0.00959,10414871.31664,2000-05-01T01:21:03.224,15034.11224
106.78499,-0.01642,-1134.35187,394006.89564,3386263.09171,1.11494,0.00879,10540640.64005,2000-05-02T12:17:17.073,15056.09724
106.79499,-0.05017,-1132.58236,393978.07701,3386273.46676,1.11664,0.00853,10380392.83336,2000-04-30T15:46:17.024,15031.91411
106.80500,-0.24978,-1126.38903,393889.45278,3386280.40769,1.11034,0.00988,10436635.56281,2000-05-01T07:23:46.410,15041.78637
106.81501,-0.30086,-1128.30066,393913.75340,3386229.97968,1.11092,0.00956,10377376.99061,2000-04-30T14:56:05.112,15030.10004
106.82501,-0.12387,-1130.49376,393970.95225,3386270.64773,1.10640,0.01008,10450868.93893,2000-05-01T11:21:08.198,15037.14044
106.83498,-0.31426,-1127.62415,393900.73369,3386258.56066,1.10337,0.00913,10451378.89022,2000-05-01T11:29:22.726,15045.61150
106.84500,0.20407,-1147.86713,394064.89675,3386271.50622,1.11337,0.00976,10367448.51445,2000-04-30T12:10:45.988,15028.97825
106.85501,-0.11705,-1136.57521,393993.92566,3386240.79304,1.10765,0.01116,10364732.49363,2000-04-30T11:25:16.433,15029.02804
106.86500,-0.47079,-1118.11088,393826.08434,3386256.25294,1.11195,0.01232,10465360.46938,2000-05-01T15:22:24.695,15041.06229
106.87498,-0.15927,-1130.44026,393973.42708,3386269.87878,1.10978,0.01116,10449078.93749,2000-05-01T10:51:11.572,15043.46752
106.88499,-0.04402,-1128.12343,393987.65050,3386254.81328,1.11692,0.00961,10369144.90363,2000-04-30T12:38:51.909,15029.97825
106.89502,0.23581,-1151.16791,394399.57759,3386223.51069,1.11795,0.01072,10504960.85359,2000-05-02T02:22:38.847,15053.49245
106.90501,-0.04335,-1134.79246,394179.98125,3386287.16624,1.12551,0.01141,10531504.67579,2000-05-02T09:45:04.339,15049.04024
106.91501,-0.15829,-1122.91031,394078.37188,3386244.80043,1.13159,0.01350,10437575.31446,2000-05-01T07:39:33.484,15041.38767
106.92499,-0.10383,-1117.93582,394090.51447,3386262.66522,1.11443,0.01306,10508814.78618,2000-05-02T03:26:50.526,15049.65183
106.93498,-0.16246,-1120.68900,394055.29869,3386259.13460,1.12167,0.01197,10494068.35390,2000-05-01T23:20:59.525,15049.09418
106.94501,-0.02990,-1123.58118,394074.57847,3386260.91953,1.11265,0.01446,10313018.53478,2000-04-29T21:03:24.157,15021.30145
106.95501,0.05968,-1136.04710,394096.60954,3386287.33879,1.11847,0.01442,10386962.19412,2000-04-30T17:35:51.577,15031.27141
106.96499,-0.08789,-1124.84160,394068.43633,3386264.64532,1.11306,0.01503,10509634.62098,2000-05-02T03:40:24.765,15054.48352
106.97501,-0.08959,-1122.34493,394050.42956,3386271.43040,1.11690,0.01356,10424756.34453,2000-05-01T04:05:49.719,15035.59705
106.98501,0.08077,-1135.22330,394129.93338,3386272.84662,1.11792,0.01457,10482791.75148,2000-05-01T20:12:57.940,15046.87148
106.99502,-0.18110,-1115.74117,393999.74376,3386295.19441,1.11131,0.01471,10510301.87102,2000-05-02T03:51:40.584,15048.80935
107.00500,-0.01133,-1121.27450,394085.64100,3386273.69477,1.10845,0.01588,10310690.03323,2000-04-29T20:24:35.121,15023.26538
107.01500,-0.21868,-1123.74550,393993.00819,3386289.45447,1.10478,0.01393,10396903.07851,2000-04-30T20:21:36.386,15036.20672
107.02500,0.15112,-1137.69713,394173.09463,3386244.58651,1.10727,0.01689,10360480.09089,2000-04-30T10:14:31.508,15024.87336
107.03498,-0.20599,-1122.80094,393998.26190,3386296.65018,1.10783,0.01686,10307951.97835,2000-04-29T19:39:03.714,15023.79788
107.04498,0.15389,-1139.43391,394142.34625,3386261.38624,1.10668,0.01778,10311545.16661,2000-04-29T20:38:52.911,15017.03622
107.05499,0.01117,-1135.22591,394101.18787,3386253.17134,1.10121,0.01790,10452774.99185,2000-05-01T11:52:37.966,15046.79897
107.06501,-0.49423,-1127.13343,393888.03161,3386274.07914,1.10678,0.01441,10335823.65890,2000-04-30T03:23:33.620,15027.56326
107.07503,0.02278,-1142.53780,394128.88872,3386236.94056,1.11256,0.01416,10384825.87287,2000-04-30T17:00:12.593,15031.05180
107.08500,-0.09775,-1138.26067,394054.11520,3386270.91330,1.10955,0.01398,10442443.85260,2000-05-01T09:00:37.337,15041.21335
107.09500,-0.04696,-1134.80821,394113.28383,3386237.33827,1.10844,0.01439,10365897.67687,2000-04-30T11:44:44.266,15030.49118
107.10501,0.01114,-1139.97844,394095.90511,3386238.02657,1.10313,0.01472,10262415.06341,2000-04-29T07:00:07.360,15016.99234
107.11501,-0.25366,-1129.54182,393999.42145,3386270.11491,1.10021,0.02077,10485283.97495,2000-05-01T20:54:36.367,15048.02004
107.12501,0.39924,-1153.51696,394224.16359,3386246.94034,1.10033,0.02195,10290928.48789,2000-04-29T14:55:20.983,15015.79794
107.13500,-0.25708,-1131.36493,393942.67440,3386284.35036,1.10506,0.02074,10366517.91277,2000-04-30T11:55:12.710,15030.00359
107.14501,-0.05343,-1133.70918,394064.87218,3386219.51350,1.10744,0.01864,10341598.29019,2000-04-30T04:59:48.904,15027.73137
107.15499,-0.25652,-1121.03825,393952.52073,3386274.16569,1.10691,0.01773,10361899.26659,2000-04-30T10:38:12.824,15031.14659
107.16500,-0.01928,-1126.66313,394054.81074,3386290.75038,1.11581,0.01591,10385785.37776,2000-04-30T17:16:23.146,15036.60429
107.17499,-0.06586,-1123.95497,394060.06938,3386208.63450,1.11315,0.01426,10358526.02326,2000-04-30T09:41:59.618,15030.33331
107.18499,-0.18492,-1128.61292,393986.08963,3386275.32999,1.10804,0.01405,10346954.04921,2000-04-30T06:29:04.075,15027.27646
107.19501,-0.21602,-1127.35178,394010.04318,3386239.61055,1.11387,0.01428,10393774.93197,2000-04-30T19:29:27.524,15033.34741
107.20500,0.08716,-1135.50877,394125.49726,3386229.83583,1.10360,0.01395,10390361.70606,2000-04-30T18:32:34.064,15031.49915
107.21501,-0.21489,-1129.37783,393972.15221,3386280.12101,1.10472,0.01329,10387243.35070,2000-04-30T17:40:35.112,15036.65938
107.22499,-0.01336,-1138.33552,394110.04507,3386226.41324,1.10655,0.01452,10388275.28365,2000-04-30T17:57:48.964,15032.06480
107.23501,0.04570,-1136.32616,394118.43186,3386240.51591,1.10396,0.01343,10346946.05558,2000-04-30T06:28:54.954,15028.70983
107.24501,-0.25193,-1117.74830,393999.51253,3386313.99872,1.10783,0.01395,10558227.58093,2000-05-02T17:10:12.980,15056.77945
107.25500,0.24583,-1134.42065,394213.35098,3386261.81639,1.11196,0.01429,10571037.07079,2000-05-02T20:43:44.617,15065.28994
107.26502,-0.36945,-1112.74966,393946.90281,3386286.56692,1.11014,0.01423,10534279.26609,2000-05-02T10:31:11.975,15055.19219
107.27499,-0.04998,-1121.69339,394067.48863,3386259.68533,1.11107,0.01339,10465423.78676,2000-05-01T15:23:42.554,15044.80548
107.28499,-0.12637,-1113.31166,393970.02157,3386302.58765,1.10699,0.01396,10520022.79605,2000-05-02T06:33:34.608,15054.83396
107.29499,0.10957,-1128.29648,394091.51882,3386274.96432,1.11544,0.01338,10425475.89424,2000-05-01T04:17:45.459,15038.66934
107.30500,-0.21762,-1106.12649,393974.53915,3386296.01823,1.11178,0.01343,10367895.18880,2000-04-30T12:18:15.316,15033.22472
107.31499,0.08425,-1114.22426,394129.12372,3386249.15452,1.12000,0.01384,10421889.48644,2000-05-01T03:18:01.630,15040.31955
107.32499,0.02544,-1125.21493,394055.15160,3386298.94401,1.11661,0.01348,10450339.23742,2000-05-01T11:12:12.671,15040.55166
107.33499,-0.37647,-1110.54456,393900.33698,3386288.24775,1.11097,0.01590,10199332.54992,2000-04-28T13:28:42.545,15008.41360
107.34499,0.00551,-1134.33122,394072.40900,3386248.50523,1.11006,0.01490,10369804.58041,2000-04-30T12:49:59.158,15031.75299
107.35501,0.14999,-1142.17667,394144.40343,3386270.06236,1.11165,0.01485,10313542.17784,2000-04-29T21:12:26.434,15020.70167
107.36500,-0.00768,-1140.32662,394121.47438,3386247.52926,1.11035,0.01406,10417533.29786,2000-05-01T02:05:23.846,15038.47632
107.37500,-0.02055,-1135.85803,394098.63744,3386255.34974,1.10752,0.01552,10426953.65172,2000-05-01T04:42:22.969,15040.05247
107.38499,-0.14407,-1131.75802,394031.58129,3386239.31462,1.10717,0.01467,10385334.48336,2000-04-30T17:08:52.461,15035.35742
107.39497,0.00272,-1128.07427,394067.88350,3386253.14324,1.10895,0.01525,10308513.62291,2000-04-29T19:48:30.593,15023.75493
107.40499,0.02190,-1136.36277,394122.62912,3386243.35332,1.11190,0.01514,10462139.73457,2000-05-01T14:28:51.869,15043.30096
107.41500,-0.17772,-1132.54022,393984.45168,3386273.15715,1.10649,0.01555,10381336.26574,2000-04-30T16:02:12.778,15034.10207
107.42498,0.03653,-1143.99337,394096.46370,3386269.42259,1.10594,0.01514,10317088.67329,2000-04-29T22:11:23.602,15022.00894
107.43499,-0.16112,-1131.23826,394011.71246,3386250.80821,1.10067,0.01449,10428376.19277,2000-05-01T05:06:12.302,15042.94221
107.44499,-0.09190,-1137.30511,394057.68657,3386247.52005,1.09492,0.01390,10462437.55784,2000-05-01T14:33:42.892,15042.09986
107.45500,-0.09134,-1140.47278,394069.07551,3386242.79021,1.10203,0.01464,10456162.45605,2000-05-01T12:49:13.813,15045.55023
107.46500,0.21179,-1149.15162,394171.37966,3386268.27878,1.10607,0.01457,10464805.96260,2000-05-01T15:13:15.882,15046.52176
107.47499,0.19053,-1143.18728,394164.90994,3386244.14863,1.10861,0.01446,10456184.19606,2000-05-01T12:49:33.289,15046.59373
107.48499,0.17604,-1151.96225,394186.62571,3386242.48771,1.10656,0.01451,10574616.82833,2000-05-02T21:43:25.958,15060.92198
107.49499,-0.49847,-1127.79743,393870.31907,3386281.33385,1.10599,0.01356,10317855.59789,2000-04-29T22:24:01.313,15023.56431
107.50501,0.06507,-1142.03023,394142.44873,3386254.76570,1.10306,0.01431,10439106.72414,2000-05-01T08:04:51.532,15041.33347
107.51501,-0.05012,-1140.05896,394042.98800,3386277.08067,1.10547,0.01379,10484036.77776,2000-05-01T20:33:50.816,15050.09993
107.52500,0.15730,-1145.78290,394170.44145,3386263.58451,1.10667,0.01385,10441669.80141,2000-05-01T08:47:39.752,15043.04867
107.53499,-0.21225,-1124.48881,393953.39320,3386312.33650,1.10193,0.01485,10495677.14447,2000-05-01T23:47:47.884,15047.96462
107.54501,0.14057,-1129.67508,394147.45448,3386249.55986,1.10278,0.01374,10456268.98928,2000-05-01T12:50:59.484,15043.88253
107.55502,-0.05536,-1126.55548,394051.09965,3386300.77011,1.11147,0.01383,10449905.22084,2000-05-01T11:04:42.775,15042.47687
107.56500,0.11070,-1129.32171,394128.79467,3386274.43449,1.10360,0.01372,10523165.73782,2000-05-02T07:25:50.735,15054.54940
107.57500,-0.06920,-1126.42692,394029.08604,3386289.72952,1.10757,0.01333,10441527.03618,2000-05-01T08:45:09.908,15041.88019
107.58500,-0.31779,-1120.09564,393984.46755,3386275.94600,1.10872,0.01215,10531152.51795,2000-05-02T09:39:08.333,15051.31173
107.59500,-0.01281,-1131.62497,394085.24179,3386257.94316,1.10479,0.01170,10416856.25580,2000-05-01T01:53:55.652,15040.89551
107.60500,-0.02141,-1134.66980,394056.13684,3386275.22295,1.10631,0.01166,10494385.02649,2000-05-01T23:26:07.523,15051.76545
107.61502,-0.18009,-1125.64350,394000.99673,3386274.52640,1.10790,0.01272,10459332.58262,2000-05-01T13:41:52.524,15042.46874
107.62502,-0.18205,-1122.84482,393970.13472,3386283.43557,1.10582,0.01203,10537218.29004,2000-05-02T11:20:03.483,15056.18986
107.63499,-0.03313,-1127.44955,394034.86585,3386325.88486,1.09913,0.01177,10545566.57758,2000-05-02T13:39:15.317,15056.62024
107.64499,0.01028,-1126.88959,394093.54524,3386292.64306,1.09782,0.01260,10422299.74624,2000-05-01T03:24:50.604,15039.73672
107.65500,-0.17810,-1114.10511,394010.97323,3386264.82700,1.09682,0.01218,10488513.39304,2000-05-01T21:48:11.273,15051.48409
107.66501,0.06812,-1121.86700,394101.23566,3386302.88303,1.10242,0.01306,10564466.83019,2000-05-02T18:54:23.810,15056.57900
107.67501,0.04320,-1118.70946,394090.46855,3386274.94512,1.10414,0.01254,10446291.78055,2000-05-01T10:04:40.128,15044.10070
107.68500,-0.41757,-1101.60060,393898.62408,3386325.92742,1.10980,0.01170,10460275.58528,2000-05-01T13:57:45.406,15043.03077
107.69500,0.15370,-1135.28838,394238.15769,3386283.07776,1.11286,0.01329,10456754.89280,2000-05-01T12:59:05.227,15045.91475
107.70501,-0.38352,-1116.01068,393966.27630,3386329.47343,1.11652,0.01189,10434590.32406,2000-05-01T06:49:40.013,15037.86411
107.71500,-0.00609,-1128.75656,394154.31316,3386278.61138,1.11701,0.01216,10493448.11720,2000-05-01T23:10:41.354,15049.93849
107.72501,-0.12463,-1123.12872,394127.37563,3386264.87612,1.11548,0.01264,10507335.47926,2000-05-02T03:02:07.017,15051.00012
107.73499,-0.11145,-1130.14183,394092.50467,3386315.16000,1.11323,0.01240,10500974.70228,2000-05-02T01:16:12.140,15049.06145
107.74500,-0.01325,-1138.27666,394163.62831,3386278.77374,1.10969,0.01319,10500136.09585,2000-05-02T01:02:10.430,15049.41554
107.75499,-0.15942,-1123.86306,394109.58073,3386255.22523,1.10908,0.01614,10545102.12352,2000-05-02T13:31:34.242,15057.19521
107.76499,0.35027,-1148.44876,394268.86648,3386286.88529,1.10562,0.01492,10459178.38929,2000-05-01T13:39:37.794,15043.22894
107.77499,-0.18902,-1132.82368,394070.36552,3386301.93466,1.10660,0.01482,10533160.83761,2000-05-02T10:12:37.274,15055.10273
107.78499,-0.56505,-1116.23135,393919.26258,3386321.95304,1.11977,0.01162,10496259.37115,2000-05-01T23:57:31.178,15048.34114
107.79501,-0.17432,-1134.54387,394102.81131,3386255.52088,1.11378,0.01105,10501712.72722,2000-05-02T01:28:19.970,15051.35752
107.80501,-0.08684,-1141.14439,394106.58421,3386277.55143,1.11377,0.01254,10500688.13477,2000-05-02T01:11:19.054,15053.40831
107.81501,-0.02943,-1124.06706,394161.27634,3386249.32171,1.11798,0.01286,10438718.20189,2000-05-01T07:58:29.409,15041.31116
107.82500,0.05843,-1132.69115,394128.62516,3386297.68848,1.11739,0.01275,10396771.98978,2000-04-30T20:19:17.480,15038.01499
107.83498,-0.38031,-1109.28108,393958.24948,3386328.34121,1.12275,0.01217,10574444.87876,2000-05-02T21:40:33.863,15063.42479
107.84498,-0.14973,-1111.81207,394092.01572,3386275.98906,1.12494,0.01224,10601101.82420,2000-05-03T05:04:50.903,15063.99580
107.85501,-0.36058,-1112.22786,393918.01004,3386337.08467,1.11103,0.01144,10396206.13291,2000-04-30T20:09:52.048,15034.18255
107.86501,-0.15537,-1109.30251,394021.57216,3386327.33200,1.11386,0.01048,10627276.16888,2000-05-03T12:21:10.959,15068.28681
107.87500,-0.03504,-1118.85099,394090.60504,3386301.11879,1.11542,0.01185,10543435.13138,2000-05-02T13:03:34.685,15058.58192
107.88501,-0.19664,-1109.74207,394011.11093,3386316.63907,1.11449,0.01121,10460709.49247,2000-05-01T14:04:49.201,15043.18825
107.89500,-0.30894,-1104.77098,393996.55520,3386327.01355,1.11445,0.01198,10621631.39450,2000-05-03T10:46:52.023,15067.09127
107.90501,-0.30297,-1102.99147,394014.78198,3386304.93091,1.11901,0.01084,10561718.77471,2000-05-02T18:08:24.172,15058.04337
107.91500,-0.37556,-1099.68768,393934.78416,3386337.73042,1.11789,0.01221,10545538.90431,2000-05-02T13:38:47.411,15054.37173
107.92499,-0.32110,-1109.33571,393971.55178,3386334.79598,1.11805,0.01062,10544938.07212,2000-05-02T13:28:42.259,15051.54790
107.93499,-0.51399,-1103.75745,393945.50391,3386326.21758,1.11672,0.00935,10622354.01943,2000-05-03T10:59:14.548,15061.62023
107.94501,-0.09259,-1121.35219,394031.26425,3386301.93556,1.11496,0.01202,10614395.47214,2000-05-03T08:46:22.342,15059.21183
107.95499,0.01110,-1129.16012,394052.15968,3386357.59067,1.11618,0.01070,10558053.00787,2000-05-02T17:07:14.885,15052.66524
107.96500,0.08895,-1128.38829,394112.04795,3386321.55286,1.11150,0.01083,10547187.49317,2000-05-02T14:06:19.702,15051.56345
107.97500,-0.12326,-1120.38997,394024.41410,3386305.51321,1.11505,0.01188,10608664.47055,2000-05-03T07:10:46.498,15057.07648
107.98501,0.08835,-1123.23388,394076.44093,3386358.21798,1.11699,0.01419,10654369.11058,2000-05-03T19:52:40.357,15065.28305
107.99501,-0.57314,-1090.56407,393789.85628,3386409.28159,1.11857,0.01266,10854775.76881,2000-05-06T03:32:24.844,15095.81895
108.00500,0.31197,-1134.92129,394188.68133,3386302.22982,1.11752,0.01251,10549253.57006,2000-05-02T14:40:38.787,15049.40219
108.01499,0.05434,-1130.99955,394120.39095,3386300.25895,1.11185,0.01364,10498351.42121,2000-05-02T00:32:28.394,15047.26149
108.02497,-0.36637,-1104.26727,393938.73357,3386319.14527,1.11002,0.01249,10626393.37280,2000-05-03T12:06:30.025,15067.02034
108.03498,0.45968,-1139.24911,394299.62298,3386292.12664,1.11362,0.01234,10512876.48082,2000-05-02T04:34:25.947,15044.67639
108.04500,-0.18047,-1114.56104,394057.13035,3386308.07129,1.11694,0.01387,10470523.98683,2000-05-01T16:48:40.127,15035.88937
108.05500,-0.05609,-1117.02699,394145.66148,3386344.81348,1.11583,0.01214,10575710.64917,2000-05-02T22:01:42.193,15054.75983
108.06501,-0.24594,-1110.48544,394133.59143,3386286.60263,1.11851,0.01289,10561557.95137,2000-05-02T18:05:54.436,15053.41724
108.07500,0.02604,-1124.64960,394228.12130,3386315.28534,1.11241,0.01286,10488572.10287,2000-05-01T21:49:12.325,15042.44703
108.08499,-0.04397,-1113.64813,394166.63419,3386322.81264,1.11546,0.01266,10648358.61644,2000-05-03T18:12:25.993,15068.25636
108.09499,-0.10521,-1109.45599,394132.51028,3386315.72457,1.11109,0.01319,10601223.50268,2000-05-03T05:06:54.623,15059.10416
108.10502,-0.25188,-1103.55579,394092.91517,3386298.00383,1.11470,0.01295,10634787.49080,2000-05-03T14:26:05.467,15059.32538
108.11502,-0.23855,-1101.32970,394036.25618,3386318.92346,1.11432,0.01262,10403176.51423,2000-04-30T22:06:09.145,15026.80216
108.12499,0.02138,-1121.74207,394116.88465,3386338.91169,1.11300,0.01307,10667307.85923,2000-05-03T23:28:06.609,15073.48928
108.13500,-0.10471,-1108.89817,394094.84403,3386347.29115,1.11710,0.01520,10731008.74806,2000-05-04T17:09:49.120,15078.24261
108.14498,-0.22076,-1112.93585,394003.69487,3386376.83675,1.11467,0.01518,10608009.47693,2000-05-03T06:59:53.931,15061.59323
108.15499,-0.12384,-1119.01986,394111.05223,3386306.64847,1.11735,0.01565,10614079.81866,2000-05-03T08:40:58.591,15068.85141
108.16499,-0.33680,-1104.13451,393994.17478,3386324.98406,1.10984,0.01526,10673392.80050,2000-05-04T01:09:37.432,15074.06964
108.17501,-0.10427,-1120.94367,394087.95224,3386313.24996,1.10884,0.01478,10598887.78005,2000-05-03T04:27:45.497,15064.00066
108.18499,-0.02722,-1125.63982,394134.77202,3386300.71399,1.11767,0.01552,10659544.19755,2000-05-03T21:18:39.212,15075.50617
108.19498,-0.25795,-1118.18151,394044.42791,3386331.29036,1.11306,0.01516,10543976.79018,2000-05-02T13:12:40.259,15057.12100
108.20501,0.21353,-1134.96056,394298.45659,3386266.41824,1.11011,0.01560,10435728.00480,2000-05-01T07:08:28.724,15039.88206
108.21500,0.13392,-1136.45734,394210.81446,3386293.13509,1.11816,0.01527,10589243.71971,2000-05-03T01:47:08.170,15063.08611
108.22499,-0.17694,-1123.65501,394034.33625,3386339.95915,1.11426,0.01812,10603375.85090,2000-05-03T05:42:46.497,15063.98603
108.23499,-0.29796,-1106.44367,393963.65968,3386340.19844,1.11035,0.01782,10481915.29342,2000-05-01T19:58:18.202,15047.57438
108.24500,0.23628,-1120.78028,394214.75781,3386308.46850,1.11380,0.01840,10570837.60134,2000-05-02T20:40:24.998,15060.49988
108.25499,-0.19697,-1102.27503,394043.32372,3386314.90871,1.11496,0.01692,10501717.94100,2000-05-02T01:28:25.019,15054.88276
108.26500,-0.05983,-1107.25255,394072.68205,3386336.50447,1.11381,0.01625,10602270.76996,2000-05-03T05:24:19.956,15059.85069
108.27498,0.04105,-1104.46853,394085.91915,3386324.48471,1.11158,0.01618,10543856.77621,2000-05-02T13:10:45.067,15047.62845
108.28500,-0.05411,-1095.45032,394085.65583,3386316.01789,1.11845,0.01890,10559240.68625,2000-05-02T17:27:05.389,15057.80498
108.29500,-0.11379,-1105.69858,394071.01637,3386335.70491,1.10976,0.01980,10548701.50307,2000-05-02T14:31:26.272,15054.83353
108.30501,-0.17635,-1108.66898,394008.48822,3386332.96343,1.11292,0.02156,10600185.78488,2000-05-03T04:49:30.890,15054.97838
108.31499,-0.25978,-1106.97605,394020.03629,3386320.16865,1.10987,0.02161,10584868.93975,2000-05-03T00:34:22.032,15058.61257
108.32498,-0.06480,-1112.34242,394076.85762,3386333.21996,1.10604,0.01976,10496367.44569,2000-05-01T23:59:03.927,15044.34152
108.33501,0.17022,-1113.60753,394198.87920,3386309.04155,1.10442,0.01958,10677614.91474,2000-05-04T02:20:09.933,15071.50832
108.34501,0.09986,-1112.41380,394161.38804,3386321.73017,1.11289,0.02134,10560004.24616,2000-05-02T17:39:44.023,15050.54874
108.35501,-0.06042,-1105.87375,394078.61476,3386326.88939,1.11165,0.02019,10422680.83963,2000-05-01T03:31:17.228,15031.06003
108.36500,0.05726,-1121.63945,394110.44819,3386344.55496,1.11469,0.02165,10544508.72249,2000-05-02T13:21:37.962,15052.70058
108.37500,-0.00953,-1114.24813,394148.33560,3386258.03026,1.11275,0.02019,10461881.25896,2000-05-01T14:24:22.581,15038.40594
108.38502,-0.02723,-1123.90105,394110.76447,3386303.65571,1.11589,0.02009,10523492.97215,2000-05-02T07:31:22.793,15046.45855
108.39501,-0.09386,-1116.20410,394117.20365,3386293.89501,1.11436,0.02052,10550288.93347,2000-05-02T14:57:57.524,15052.28091
108.40501,-0.19129,-1123.35015,394048.42979,3386302.00780,1.11481,0.02093,10420977.81651,2000-05-01T03:02:54.108,15032.24411
108.41501,-0.11058,-1144.42423,394070.51807,3386289.76141,1.11210,0.01811,10541388.55090,2000-05-02T12:29:38.042,15053.45593
108.42500,-0.32931,-1129.92822,393981.38965,3386301.05265,1.11290,0.01806,10592105.86014,2000-05-03T02:35:00.202,15059.87283
108.43500,0.13768,-1139.71092,394165.68677,3386272.74014,1.11396,0.01742,10362976.47909,2000-04-30T10:56:10.183,15023.49264
108.44499,0.11856,-1149.72624,394142.65330,3386328.57938,1.11570,0.01670,10506626.74516,2000-05-02T02:50:18.912,15045.28121
108.45500,0.05964,-1144.80950,394164.67820,3386266.40306,1.11647,0.01683,10481784.43106,2000-05-01T19:56:17.700,15038.08859
108.46501,-0.26513,-1130.34967,393974.90844,3386317.86582,1.11457,0.01453,10480399.95789,2000-05-01T19:33:12.788,15041.04491
108.47500,-0.17072,-1129.41840,394057.64318,3386272.05100,1.12021,0.01374,10429274.35767,2000-05-01T05:21:09.131,15035.69538
108.48500,-0.08003,-1129.73983,394043.42878,3386322.89284,1.11976,0.01372,10510041.36684,2000-05-02T03:47:15.319,15043.78497
108.49500,-0.25676,-1119.11469,393966.14629,3386319.18479,1.11617,0.01323,10416472.31068,2000-05-01T01:47:39.014,15034.18799
108.50499,-0.09672,-1116.95386,394029.73731,3386314.95830,1.11349,0.01318,10472312.91444,2000-05-01T17:18:23.899,15041.95836
108.51500,-0.05795,-1115.87198,394068.80679,3386324.09252,1.11801,0.01322,10388141.73560,2000-04-30T17:55:36.751,15031.17378
108.52500,-0.20945,-1109.40609,393975.17875,3386331.56360,1.11501,0.01422,10460623.22338,2000-05-01T14:03:46.131,15036.68400
108.53498,-0.13716,-1113.25816,393995.85672,3386336.88799,1.11646,0.01445,10469635.54078,2000-05-01T16:33:47.790,15038.51280
108.54501,-0.07496,-1111.08338,394066.48810,3386313.13679,1.12301,0.01649,10451408.82751,2000-05-01T11:30:01.069,15034.31896
108.55500,-0.29644,-1093.14532,393914.74901,3386347.87443,1.12604,0.01857,10436905.16200,2000-05-01T07:28:20.174,15031.72621
108.56501,0.09564,-1105.18106,394129.65679,3386288.52112,1.12397,0.01800,10585431.76137,2000-05-03T00:43:55.408,15055.75152
108.57501,-0.33414,-1083.91909,393905.26645,3386346.17636,1.11768,0.01751,10440444.49968,2000-05-01T08:27:25.380,15034.61720
108.58501,-0.49640,-1081.35111,393805.36902,3386382.87388,1.11277,0.01715,10489904.61729,2000-05-01T22:11:33.344,15040.07937
108.59498,-0.01524,-1100.31519,394091.12569,3386293.59135,1.12305,0.01603,10490117.92788,2000-05-01T22:15:13.743,15042.71873
108.60501,-0.17047,-1100.71964,394053.32070,3386294.01464,1.11872,0.01639,10552667.38089,2000-05-02T15:37:41.780,15052.53864
108.61500,-0.35907,-1085.90605,393902.80884,3386328.13759,1.11505,0.01685,10492092.07896,2000-05-01T22:48:16.961,15040.90301
108.62500,0.03493,-1109.06665,394085.88405,3386346.37963,1.10967,0.01931,10547215.82713,2000-05-02T14:06:58.639,15049.27149
108.63499,-0.33558,-1102.65341,393937.73326,3386325.60729,1.11388,0.01966,10540517.10546,2000-05-02T12:15:07.785,15048.38808
108.64499,0.03803,-1120.20847,394111.26434,3386287.26586,1.11056,0.01823,10511105.14580,2000-05-02T04:05:03.830,15044.49095
108.65499,-0.17323,-1120.16303,394026.29113,3386303.12229,1.11371,0.01734,10520266.51838,2000-05-02T06:37:43.731,15043.21285
108.66499,0.05965,-1128.36857,394140.21826,3386272.53564,1.10948,0.01555,10523727.29114,2000-05-02T07:35:27.532,15046.60979
108.67498,-0.04315,-1124.72923,394106.42808,3386260.91239,1.10435,0.01386,10504275.91277,2000-05-02T02:11:10.394,15044.31274
108.68499,-0.18597,-1126.57203,394065.24964,3386286.78253,1.10867,0.01476,10593283.22051,2000-05-03T02:54:39.341,15057.11430
108.69501,0.03781,-1127.14806,394164.54756,3386265.06173,1.10430,0.01442,10417548.65469,2000-05-01T02:05:40.436,15030.05772
108.70499,-0.12667,-1120.73225,394103.67403,3386239.78955,1.11264,0.01534,10468255.54970,2000-05-01T16:10:49.893,15033.43385
108.71502,-0.16754,-1121.12667,394042.60448,3386293.28676,1.10723,0.01395,10489715.40394,2000-05-01T22:08:32.730,15043.10584
108.72500,-0.47158,-1112.26985,393916.31282,3386297.36738,1.11438,0.01476,10462191.08668,2000-05-01T14:29:43.592,15038.02135
108.73499,0.07246,-1131.42149,394139.16771,3386263.23435,1.11727,0.01665,10483176.89203,2000-05-01T20:19:26.203,15045.76962
108.74498,-0.10345,-1129.30893,394081.23453,3386273.80707,1.11557,0.01683,10503870.74819,2000-05-02T02:04:33.013,15036.66450
108.75499,-0.16357,-1132.09991,394051.16981,3386296.23989,1.11390,0.01703,10512837.59382,2000-05-02T04:33:55.442,15042.84003
108.76499,-0.22050,-1119.12904,394047.39616,3386261.52691,1.11880,0.01586,10575063.00529,2000-05-02T21:50:53.478,15056.64463
108.77500,-0.14301,-1127.06854,394053.35613,3386301.42530,1.11693,0.01609,10434796.30971,2000-05-01T06:53:08.948,15033.02723
108.78497,-0.45779,-1116.49131,393887.19666,3386303.40563,1.11871,0.01681,10638343.49142,2000-05-03T15:25:35.437,15062.67617
108.79500,-0.36148,-1118.63469,393981.38643,3386282.05412,1.11616,0.01596,10595890.09277,2000-05-03T03:37:59.331,15058.73817
108.80502,-0.19906,-1124.69034,394038.99409,3386275.55626,1.12211,0.01641,10455695.57393,2000-05-01T12:41:22.039,15039.68254
108.81502,-0.20440,-1116.58569,394025.71453,3386294.54443,1.12210,0.01567,10560210.48994,2000-05-02T17:43:19.757,15053.13603
108.82501,-0.18979,-1117.41478,394025.17434,3386305.08022,1.12172,0.01584,10396270.39864,2000-04-30T20:10:57.021,15026.09612
108.83500,-0.21485,-1115.11053,394051.15140,3386272.64439,1.12807,0.01665,10497522.24768,2000-05-02T00:18:26.672,15041.64445
108.84500,0.05458,-1120.44758,394118.44603,3386316.88797,1.12563,0.01609,10543192.62214,2000-05-02T12:59:37.386,15045.35922
108.85502,-0.42884,-1105.56788,393958.19912,3386309.17660,1.11942,0.01866,10552547.08451,2000-05-02T15:35:29.345,15048.78402
108.86499,-0.10295,-1119.45427,394126.78528,3386275.43656,1.11505,0.01860,10500234.48942,2000-05-02T01:03:43.478,15043.86057
108.87500,0.39270,-1136.94429,394293.61060,3386269.19515,1.12446,0.01982,10445775.57115,2000-05-01T09:56:05.326,15034.47600
108.88500,-0.33212,-1112.02272,393985.28222,3386304.08546,1.11852,0.01816,10548991.86138,2000-05-02T14:36:15.013,15050.88250
108.89498,-0.33537,-1110.64639,394005.92917,3386306.56153,1.12104,0.01798,10494905.65620,2000-05-01T23:34:52.548,15045.01283
108.90500,-0.04639,-1119.94614,394109.49626,3386317.40516,1.12055,0.01896,10531502.94946,2000-05-02T09:44:52.568,15046.82222
108.91501,-0.01224,-1118.66745,394157.12108,3386264.13518,1.12220,0.01852,10417298.46141,2000-05-01T02:01:23.683,15032.05598
108.92500,-0.33734,-1114.79427,393990.63422,3386315.93081,1.12388,0.01702,10430319.92181,2000-05-01T05:38:25.360,15027.67250
108.93502,-0.10520,-1132.68973,394080.67648,3386315.51410,1.12134,0.01934,10475567.35803,2000-05-01T18:12:25.974,15038.29389
108.94499,-0.14170,-1120.41773,394106.33759,3386305.16701,1.12003,0.01754,10502641.19188,2000-05-02T01:43:49.313,15044.06867
108.95500,-0.46260,-1106.65618,393932.55183,3386320.41088,1.11887,0.01798,10501238.78073,2000-05-02T01:20:23.439,15044.42099
108.96500,0.07709,-1125.07787,394232.51208,3386257.91427,1.11487,0.01777,10451039.06040,2000-05-01T11:23:41.974,15035.99886
108.97501,0.02758,-1123.93684,394168.71992,3386307.14893,1.11321,0.01502,10500144.14292,2000-05-02T01:02:11.925,15045.18148
108.98500,-0.31692,-1122.80371,394067.97214,3386289.33891,1.11138,0.01659,10530369.53473,2000-05-02T09:25:50.938,15048.27994
108.99501,0.26065,-1144.70837,394313.39953,3386295.62465,1.12066,0.01500,10442428.51838,2000-05-01T09:00:09.370,15031.60807
109.00500,0.10060,-1144.98009,394223.30764,3386318.02887,1.11808,0.01608,10585079.61272,2000-05-03T00:37:45.576,15055.36250
109.01500,-0.13110,-1130.63558,394144.64628,3386301.18850,1.12605,0.01388,10426641.13124,2000-05-01T04:37:07.559,15032.63422
109.02499,-0.36968,-1116.13777,394061.85746,3386290.26057,1.13246,0.01441,10461004.48026,2000-05-01T14:09:43.889,15036.06299
109.03498,-0.09581,-1133.91705,394198.72342,3386284.35827,1.12927,0.01328,10471849.04136,2000-05-01T17:10:30.439,15038.96477
109.04501,-0.05656,-1136.31687,394179.07780,3386263.57459,1.11963,0.01462,10620257.59833,2000-05-03T10:23:58.668,15061.45495
109.05500,-0.35797,-1133.94414,394027.47759,3386324.72164,1.11670,0.01342,10514775.33404,2000-05-02T05:06:00.635,15046.50961
109.06499,0.14293,-1147.86417,394321.43510,3386253.53172,1.12247,0.01457,10569556.39481,2000-05-02T20:18:58.754,15054.58749
109.07502,-0.07887,-1139.74916,394198.37817,3386291.90285,1.12457,0.01333,10506590.71689,2000-05-02T02:49:45.202,15042.49042
109.08501,0.41390,-1156.17486,394440.30001,3386284.70212,1.12380,0.01445,10438978.61519,2000-05-01T08:02:43.277,15033.16294
109.09500,-0.29416,-1133.71067,394113.13183,3386314.50900,1.12631,0.01405,10611092.00773,2000-05-03T07:51:25.553,15061.79453
109.10501,-0.31949,-1132.04600,394125.82608,3386301.46383,1.12647,0.01382,10477692.57359,2000-05-01T18:47:53.474,15039.28208
109.11500,-0.02580,-1151.60128,394250.02466,3386304.22910,1.11851,0.01372,10419346.42183,2000-05-01T02:35:30.748,15026.97389
109.12502,-0.20223,-1131.20557,394221.99956,3386280.64266,1.11879,0.01393,10527945.87046,2000-05-02T08:45:34.559,15048.34999
109.13501,-0.06782,-1136.56205,394273.07924,3386291.23091,1.12249,0.01418,10519149.19606,2000-05-02T06:18:52.980,15049.11071
109.14500,-0.09750,-1141.65876,394292.76764,3386331.54566,1.12064,0.01368,10541088.84195,2000-05-02T12:24:32.747,15051.48155
109.15501,-0.02851,-1140.59523,394372.13225,3386368.84093,1.11527,0.01381,10624750.98914,2000-05-03T11:39:03.770,15060.66890
109.16501,0.08731,-1129.67023,394866.94647,3386341.70387,1.12442,0.01492,10619929.85475,2000-05-03T10:18:30.299,15062.38334
109.17500,-0.44611,-1122.35813,393899.24271,3386296.47848,1.11629,0.01318,10434778.23714,2000-05-01T06:52:43.240,15030.10533
109.18502,-0.12939,-1128.53144,394022.22318,3386290.48658,1.11226,0.01439,10448316.56223,2000-05-01T10:38:31.816,15035.88954
109.19499,-0.23019,-1126.46596,394022.87279,3386286.85689,1.11838,0.01446,10439833.71760,2000-05-01T08:17:04.838,15033.23688
109.20501,-0.20930,-1131.32331,394023.59905,3386286.79088,1.11459,0.01443,10482655.76133,2000-05-01T20:10:51.674,15039.50256
109.21501,-0.12669,-1125.29236,394033.87244,3386310.54320,1.11515,0.01390,10473649.33153,2000-05-01T17:40:41.313,15041.66647
109.22501,0.15004,-1128.61052,394188.49475,3386237.24296,1.11933,0.01383,10404865.99997,2000-04-30T22:34:20.015,15027.38980
109.23500,-0.55916,-1112.85686,393795.11063,3386333.42233,1.11791,0.01388,10364883.82753,2000-04-30T11:27:56.181,15023.36418
109.24501,0.07810,-1132.02844,394053.69104,3386302.43534,1.12436,0.01385,10568528.84392,2000-05-02T20:02:03.947,15050.93446
109.25501,-0.36090,-1118.01625,393844.80141,3386345.12788,1.11703,0.01367,10383968.68430,2000-04-30T16:45:57.452,15026.29624
109.26499,0.16383,-1133.53381,394066.66541,3386329.78760,1.12207,0.01459,10474346.06006,2000-05-01T17:52:18.579,15041.95497
109.27500,-0.02981,-1128.87096,393995.07085,3386317.08339,1.12198,0.01426,10374319.41209,2000-04-30T14:05:17.621,15025.06830
109.28500,-0.20015,-1123.03866,393944.08977,3386310.17080,1.11327,0.01456,10407701.92320,2000-04-30T23:21:43.938,15030.24990
109.29500,0.06488,-1132.25173,394068.58010,3386292.33938,1.11528,0.01421,10409669.26157,2000-04-30T23:54:15.674,15026.40581
109.30498,0.02881,-1135.05354,394032.83138,3386301.04960,1.11289,0.01354,10379197.32483,2000-04-30T15:26:33.508,15027.76501
109.31497,-0.00338,-1133.43016,394017.59582,3386303.75811,1.11657,0.01423,10418078.97356,2000-05-01T02:14:33.568,15032.00990
109.32500,-0.43658,-1110.95330,393895.13625,3386287.84661,1.11674,0.01348,10445993.73507,2000-05-01T09:59:43.890,15033.68068
109.33500,-0.02647,-1127.23418,394013.58054,3386331.66035,1.12107,0.01396,10457285.15799,2000-05-01T13:07:54.547,15040.96683
109.34500,0.02083,-1121.04734,394035.73207,3386295.57443,1.12663,0.01384,10376366.08238,2000-04-30T14:39:27.310,15026.30394
109.35502,-0.40437,-1106.09949,393881.62646,3386319.89722,1.12568,0.01463,10399958.80757,2000-04-30T21:12:34.070,15028.17468
109.36499,0.16537,-1117.84428,394111.04623,3386287.65837,1.12714,0.01393,10323256.06854,2000-04-29T23:54:13.012,15019.66976
109.37499,0.06785,-1125.09519,394084.77648,3386279.77218,1.11828,0.01473,10451159.23963,2000-05-01T11:26:02.360,15034.97193
109.38500,0.32013,-1137.87592,394192.55864,3386306.86772,1.12620,0.01461,10489050.43832,2000-05-01T21:57:21.016,15041.40404
109.39499,-0.43644,-1112.71191,393858.17657,3386304.00130,1.12532,0.01505,10366697.37680,2000-04-30T11:58:15.023,15024.46771
109.40500,-0.07331,-1129.87165,394034.58668,3386283.09443,1.12800,0.01505,10249898.24137,2000-04-29T03:31:39.150,15002.89759
109.41499,0.05236,-1124.54002,394064.55774,3386303.45044,1.12930,0.01526,10445352.55416,2000-05-01T09:49:12.301,15039.89695
109.42500,-0.14051,-1114.61279,394046.16399,3386251.24763,1.13328,0.01478,10292962.92532,2000-04-29T15:29:19.357,15010.73452
109.43500,0.13011,-1128.58121,394108.15086,3386282.88639,1.14096,0.01373,10358462.83936,2000-04-30T09:41:03.110,15024.76931
109.44500,-0.02430,-1127.51928,394048.56767,3386297.72536,1.13451,0.01467,10361389.51090,2000-04-30T10:29:55.672,15020.41602
109.45500,0.11174,-1136.68312,394125.35258,3386264.14298,1.13069,0.01445,10200341.18187,2000-04-28T13:45:36.954,15003.90338
109.46499,-0.07753,-1116.35181,394053.53629,3386255.09310,1.13495,0.01431,10395679.56055,2000-04-30T20:01:22.997,15030.66045
109.47500,0.04574,-1127.16170,394079.97709,3386277.90161,1.13405,0.01528,10300619.07761,2000-04-29T17:37:10.790,15010.74520
109.48501,-0.03332,-1116.49193,394061.46772,3386285.47890,1.12528,0.01543,10289437.37737,2000-04-29T14:30:35.091,15011.91528
109.49500,-0.00751,-1122.88851,394066.35836,3386290.03876,1.12177,0.01251,10355519.71611,2000-04-30T08:52:02.101,15020.49414
109.50501,-0.13234,-1114.89238,394031.12385,3386279.01391,1.12447,0.01460,10322989.89968,2000-04-29T23:49:49.685,15019.92818
109.51499,0.23608,-1134.00255,394163.69635,3386267.16909,1.12155,0.01359,10303484.87962,2000-04-29T18:24:39.270,15016.16976
109.52501,-0.05731,-1122.79574,394063.81608,3386266.25999,1.12656,0.01359,10248090.17811,2000-04-29T03:01:36.134,15005.85587
109.53501,0.04412,-1127.12711,394138.24389,3386239.18507,1.13108,0.01374,10312574.47155,2000-04-29T20:56:14.073,15015.68318
109.54500,0.11167,-1142.88418,394159.86553,3386266.46865,1.12663,0.01265,10324149.69712,2000-04-30T00:09:14.187,15018.86608
109.55500,-0.20533,-1132.76170,393990.24930,3386284.02364,1.12729,0.01328,10247323.21754,2000-04-29T02:48:32.374,15005.32244
109.56499,-0.13859,-1127.33271,394046.52576,3386266.72796,1.12927,0.01462,10293789.18427,2000-04-29T15:43:13.142,15014.20061
109.57499,-0.02167,-1135.91085,394083.79819,3386242.19762,1.12979,0.01353,10316808.66692,2000-04-29T22:06:53.479,15015.47940
109.58501,-0.06515,-1141.55993,394088.15520,3386255.44124,1.12624,0.01555,10289246.46939,2000-04-29T14:27:22.621,15013.84693
109.59500,-0.08711,-1135.57881,394045.01374,3386262.19760,1.12932,0.01197,10248775.13330,2000-04-29T03:12:58.272,15008.85164
109.60501,-0.17768,-1130.01890,394008.20766,3386283.14624,1.13169,0.01240,10389051.59841,2000-04-30T18:10:49.766,15028.22279
109.61499,0.09265,-1139.27730,394142.58186,3386241.32280,1.12696,0.01233,10244788.06582,2000-04-29T02:06:23.446,15004.76167
109.62500,0.01144,-1123.14047,394117.04891,3386253.70308,1.12437,0.01265,10275012.82444,2000-04-29T10:30:04.681,15010.37379
109.63500,0.17460,-1130.99535,394158.92481,3386276.30294,1.11969,0.01232,10264822.96579,2000-04-29T07:40:27.694,15006.71250
109.64499,-0.12619,-1122.39741,394021.59678,3386299.46481,1.12812,0.01262,10356920.97783,2000-04-30T09:15:16.424,15023.29012
109.65502,-0.17449,-1127.40417,394048.59819,3386251.86474,1.12490,0.01356,10071802.21138,2000-04-27T02:03:22.962,14981.02622
109.66502,-0.05295,-1136.48869,394072.73073,3386266.18790,1.11905,0.01297,10269393.62271,2000-04-29T08:56:31.533,15009.99704
109.67501,0.21986,-1161.21292,394222.99369,3386249.67313,1.11196,0.01284,10193648.74399,2000-04-28T11:54:10.586,14999.26497
109.68501,0.38080,-1162.88713,394222.49804,3386293.58994,1.11272,0.01325,10247862.74249,2000-04-29T02:57:40.986,15008.60850
109.69501,0.17998,-1160.39034,394208.65860,3386269.80041,1.10837,0.01267,10325933.88467,2000-04-30T00:38:55.228,15021.97303
109.70501,0.31567,-1164.81022,394209.55945,3386287.45557,1.11219,0.01243,10252347.75706,2000-04-29T04:12:20.623,15007.53773
109.71502,-0.10240,-1153.67189,394117.26971,3386231.73195,1.10649,0.01271,10256439.95006,2000-04-29T05:20:31.564,15008.16976
109.72501,0.39364,-1168.99179,394267.66192,3386264.19319,1.10466,0.01298,10269236.44946,2000-04-29T08:54:00.538,15009.84974
109.73500,-0.00346,-1150.72989,394120.81259,3386260.66607,1.10442,0.01257,10189081.13714,2000-04-28T10:37:55.293,14996.33756
109.74499,0.12865,-1164.08661,394159.20451,3386275.02926,1.11007,0.01317,10269036.69637,2000-04-29T08:50:39.816,15009.76327
109.75499,-0.17131,-1154.73077,394095.42859,3386250.12816,1.10221,0.01296,10243697.16810,2000-04-29T01:48:17.661,15009.82240
109.76499,0.32322,-1166.83495,394247.37450,3386265.63178,1.10219,0.01259,10397107.22699,2000-04-30T20:25:01.877,15031.67730
109.77499,0.37881,-1177.08644,394291.84710,3386269.31029,1.10745,0.01284,10260162.75966,2000-04-29T06:22:45.652,15006.70055
109.78497,-0.08316,-1153.32245,394121.87168,3386246.47683,1.10714,0.01274,10278849.43924,2000-04-29T11:34:02.681,15010.63516
109.79501,0.21785,-1160.84657,394243.11272,3386248.25470,1.11260,0.01310,10386174.54859,2000-04-30T17:22:49.707,15026.37194
109.80498,0.22831,-1161.10544,394238.07111,3386259.65997,1.10835,0.01297,10281368.81739,2000-04-29T12:16:09.790,15015.09046
109.81498,0.54374,-1176.62755,394428.78449,3386207.19153,1.11190,0.01394,10331817.94993,2000-04-30T02:16:56.295,15017.08933
109.82501,-0.21235,-1148.04850,394112.82001,3386273.12224,1.11188,0.01259,10311277.88431,2000-04-29T20:34:31.401,15017.00420
109.83500,0.11422,-1167.69855,394159.68967,3386274.54254,1.11108,0.01246,10257270.06549,2000-04-29T05:34:23.681,15005.94100
109.84500,0.26842,-1170.46085,394262.42868,3386245.17581,1.10772,0.01330,10312631.73074,2000-04-29T20:57:20.520,15014.77036
109.85500,-0.09403,-1158.78663,394073.12129,3386269.13837,1.11492,0.01263,10375697.77933,2000-04-30T14:28:18.758,15029.33706
109.86499,0.19538,-1171.02941,394228.77821,3386227.73807,1.10710,0.01239,10309767.54907,2000-04-29T20:09:30.175,15017.42810
109.87500,0.50114,-1182.88771,394339.79410,3386237.16437,1.10921,0.01241,10326994.51739,2000-04-30T00:56:30.786,15016.70049
109.88501,0.16181,-1165.87526,394204.72869,3386247.16495,1.10886,0.01311,10315333.58219,2000-04-29T21:42:08.460,15015.70798
109.89501,0.07926,-1164.40300,394176.29725,3386258.96028,1.11062,0.01263,10347030.75067,2000-04-30T06:30:35.065,15024.25438
109.90500,0.18974,-1167.24292,394234.25734,3386252.97274,1.10752,0.01327,10450901.77880,2000-05-01T11:21:46.448,15036.57540
109.91501,0.17521,-1165.41824,394193.84991,3386234.99039,1.10715,0.01172,10281543.63240,2000-04-29T12:18:51.368,15011.56685
109.92499,0.10071,-1159.18700,394130.65031,3386272.77738,1.10867,0.01138,10251258.62428,2000-04-29T03:54:15.665,15010.04988
109.93501,-0.02775,-1156.09416,394118.76012,3386238.04512,1.11131,0.01367,10279980.38539,2000-04-29T11:52:58.564,15013.08853
109.94500,-0.22495,-1152.94932,394014.36688,3386298.65441,1.10997,0.01809,10260092.77002,2000-04-29T06:21:27.403,15007.71062
109.95499,-0.17896,-1152.10400,394024.17763,3386266.71235,1.11089,0.02147,10211027.02381,2000-04-28T16:43:42.213,15000.77894
109.96498,0.06548,-1159.32448,394136.01053,3386256.52767,1.11299,0.02404,10389759.34749,2000-04-30T18:22:26.227,15029.87853
109.97500,0.27250,-1167.61053,394230.41624,3386245.32608,1.11347,0.02350,10231951.71671,2000-04-28T22:32:26.903,15006.27407
109.98499,-0.30579,-1135.73714,393989.86092,3386269.88691,1.11191,0.01912,10267606.86619,2000-04-29T08:26:35.213,15012.53331
109.99500,-0.02587,-1138.93291,394121.69583,3386252.07410,1.10890,0.01806,10267242.99174,2000-04-29T08:20:32.913,15010.87690
110.00500,0.05122,-1151.49253,394135.08483,3386264.28026,1.10405,0.01535,10214066.72251,2000-04-28T17:34:15.720,14999.80671
110.01499,0.20931,-1153.87721,394207.01469,3386252.80216,1.10367,0.01408,10286003.00369,2000-04-29T13:33:14.208,15011.67406
110.02500,-0.19905,-1137.24518,394047.49368,3386252.54223,1.10154,0.01480,10276073.84017,2000-04-29T10:47:41.340,15014.19737
110.03500,0.18984,-1153.38282,394188.72148,3386276.35140,1.10255,0.01467,10245447.41281,2000-04-29T02:17:21.533,15006.02843
110.04499,-0.12421,-1133.89728,394104.42193,3386229.05500,1.11207,0.01491,10297692.64275,2000-04-29T16:47:51.673,15014.80893
110.05500,0.01210,-1151.85972,394089.30824,3386297.97323,1.10666,0.01422,10307233.48170,2000-04-29T19:26:53.566,15016.62629
110.06500,-0.13230,-1139.87818,394079.43056,3386260.11209,1.10311,0.01447,10249955.95352,2000-04-29T03:32:28.350,15006.26548
110.07499,0.25025,-1157.83981,394256.90594,3386226.85778,1.10439,0.01549,10270008.67483,2000-04-29T09:06:39.240,15011.14893
110.08500,0.15024,-1155.90535,394213.51906,3386253.40061,1.11392,0.01507,10323832.48890,2000-04-30T00:03:41.113,15014.32536
110.09498,0.30806,-1160.40916,394246.35453,3386251.95751,1.11443,0.01451,10197258.70015,2000-04-28T12:54:03.842,15000.55788
110.10501,-0.03490,-1152.15336,394154.27956,3386239.41864,1.11166,0.01461,10256279.89626,2000-04-29T05:17:52.527,15010.01775
110.11499,0.14951,-1152.73576,394211.12181,3386257.34443,1.11268,0.01487,10287932.54551,2000-04-29T14:05:19.645,15015.41220
110.12500,0.09958,-1144.44279,394211.16571,3386229.04374,1.11247,0.01534,10330530.05330,2000-04-30T01:55:20.358,15017.92163
110.13500,0.17184,-1159.61527,394231.93895,3386246.40122,1.10770,0.01502,10290837.71199,2000-04-29T14:53:42.879,15013.04040
110.14499,0.15956,-1160.32718,394220.03678,3386259.28225,1.11449,0.01547,10215154.01210,2000-04-28T17:52:27.468,15000.62510
110.15500,0.01003,-1153.33959,394137.74363,3386288.23381,1.11318,0.01589,10324172.68059,2000-04-30T00:09:25.570,15017.41945
110.16500,-0.21838,-1133.17332,394088.74334,3386236.11281,1.11807,0.01701,10436159.08589,2000-05-01T07:15:46.811,15039.60229
110.17501,0.06937,-1154.60074,394210.28597,3386237.59767,1.12059,0.01538,10230403.37120,2000-04-28T22:06:29.875,15001.83272
110.18500,0.33611,-1161.72170,394291.96649,3386253.95305,1.12144,0.01628,10292275.15426,2000-04-29T15:17:40.916,15013.63538
110.19500,0.09181,-1148.23475,394154.54270,3386287.09630,1.11612,0.01611,10323391.72514,2000-04-29T23:56:26.466,15019.62581
110.20500,0.31986,-1164.68717,394293.69307,3386255.66266,1.11760,0.01570,10412454.95581,2000-05-01T00:40:36.950,15030.35090
110.21500,-0.01507,-1144.82301,394114.16099,3386295.39262,1.11689,0.01736,10211531.12556,2000-04-28T16:52:11.542,14999.33374
110.22501,-0.03329,-1142.56025,394131.92679,3386278.72680,1.11686,0.01697,10403451.46674,2000-04-30T22:10:43.318,15029.69966
110.23500,0.41020,-1151.90826,394286.08313,3386285.37945,1.11948,0.01872,10265251.42475,2000-04-29T07:47:26.395,15010.60130
110.24501,-0.07459,-1135.13792,394149.63755,3386253.19278,1.12082,0.01735,10301253.25797,2000-04-29T17:47:17.713,15015.42599
110.25501,0.01386,-1138.90845,394147.35521,3386289.42208,1.11563,0.02007,10291587.17527,2000-04-29T15:06:22.342,15012.98353
110.26501,0.02673,-1135.57348,394184.18839,3386269.61770,1.11771,0.01891,10423917.10348,2000-05-01T03:51:49.364,15032.63226
110.27500,0.41002,-1147.46279,394287.34265,3386292.41390,1.11807,0.01994,10255963.61384,2000-04-29T05:12:26.200,15010.70536
110.28499,0.04502,-1131.65565,394139.25255,3386308.54707,1.11383,0.01904,10277993.84847,2000-04-29T11:19:49.999,15012.59909
110.29500,0.42189,-1144.14899,394307.63750,3386274.05209,1.11818,0.01897,10359856.38854,2000-04-30T10:04:09.968,15018.78171
110.30500,-0.27146,-1110.83032,393994.42950,3386309.73548,1.11167,0.01991,10315068.65962,2000-04-29T21:37:43.966,15020.70591
110.31501,-0.16826,-1123.43856,394069.69154,3386291.71704,1.11759,0.02222,10313407.99405,2000-04-29T21:10:09.007,15015.89314
110.32499,0.26608,-1138.71855,394220.31026,3386301.15252,1.11794,0.02348,10283150.55981,2000-04-29T12:45:37.901,15011.86122
110.33501,0.14844,-1139.87331,394175.96559,3386318.73675,1.12095,0.02203,10348198.19487,2000-04-30T06:49:52.818,15020.32661
110.34499,-0.08235,-1129.17267,394120.49774,3386295.90647,1.11506,0.02293,10420744.63070,2000-05-01T02:58:45.489,15031.15350
110.35500,-0.07697,-1112.28386,394072.86840,3386316.95399,1.11790,0.02209,10378285.91716,2000-04-30T15:11:17.777,15028.11257
110.36498,-0.22652,-1107.67177,394039.53852,3386325.24599,1.12361,0.02331,10380891.94491,2000-04-30T15:54:40.821,15024.39675
110.37499,0.36654,-1130.24889,394262.37689,3386295.28144,1.11776,0.02189,10361329.98846,2000-04-30T10:28:38.616,15026.07453
110.38500,0.42061,-1129.03242,394295.05481,3386306.63716,1.11370,0.01941,10323598.54436,2000-04-29T23:59:46.909,15016.83107
110.39498,-0.07466,-1120.19985,394064.99517,3386336.95151,1.11927,0.02023,10287599.16375,2000-04-29T13:59:49.311,15013.74092
110.40501,0.10651,-1121.73019,394204.32548,3386280.11972,1.12235,0.01932,10381255.22347,2000-04-30T16:00:48.185,15026.62309
110.41502,0.16546,-1129.46883,394189.26623,3386310.80023,1.11055,0.01878,10267871.95442,2000-04-29T08:31:02.148,15009.48938
110.42500,-0.18224,-1119.61039,394079.51756,3386306.93708,1.11925,0.01909,10370719.62642,2000-04-30T13:05:07.465,15023.77633
110.43501,0.06059,-1129.85804,394159.07745,3386305.17525,1.12049,0.01865,10340415.85476,2000-04-30T04:40:10.396,15018.60267
110.44501,0.01203,-1124.18943,394145.11572,3386308.64598,1.11571,0.01857,10390135.04826,2000-04-30T18:28:43.160,15029.91855
110.45499,0.30716,-1142.26064,394313.82937,3386260.79125,1.11625,0.01832,10461119.09648,2000-05-01T14:11:46.917,15039.37262
110.46500,0.19562,-1141.26199,394217.07624,3386323.18884,1.11460,0.01662,10359459.05449,2000-04-30T09:57:27.119,15020.88895
110.47501,0.31539,-1134.96057,394261.18868,3386303.50471,1.11524,0.01756,10303352.03455,2000-04-29T18:22:32.216,15017.27254
110.48501,0.02982,-1121.33034,394212.52995,3386263.33672,1.11338,0.01727,10345846.13709,2000-04-30T06:10:37.927,15020.89718
110.49501,0.41153,-1144.92324,394306.94557,3386290.98138,1.11383,0.01799,10312764.22388,2000-04-29T20:59:18.051,15011.55061
110.50498,-0.11983,-1125.98290,394142.51020,3386296.76710,1.11719,0.01728,10327524.20805,2000-04-30T01:05:09.238,15021.37549
110.51500,0.35783,-1145.10252,394346.54629,3386237.27528,1.11050,0.01908,10265856.02027,2000-04-29T07:57:27.409,15009.01380
110.52501,-0.22938,-1125.05297,394050.31860,3386328.60659,1.11645,0.01726,10333025.96923,2000-04-30T02:37:00.062,15020.12759
110.53500,0.33221,-1139.13093,394285.69833,3386258.36679,1.11897,0.01730,10273575.34690,2000-04-29T10:06:08.298,15010.65236
110.54498,0.04154,-1130.58052,394126.49046,3386297.25419,1.11421,0.01615,10344610.57341,2000-04-30T05:50:00.759,15023.37566
110.55501,0.27884,-1134.76984,394272.13685,3386241.23140,1.11186,0.01464,10247133.38135,2000-04-29T02:45:17.844,15008.96374
110.56500,-0.12970,-1119.43870,394075.71608,3386292.15209,1.11107,0.01444,10198216.32118,2000-04-28T13:10:04.131,14998.71598
110.57500,0.15038,-1129.44740,394192.63896,3386277.15788,1.10795,0.01450,10293080.84818,2000-04-29T15:31:12.336,15012.69059
110.58499,-0.30443,-1114.88528,394007.47922,3386261.70414,1.11373,0.01339,10288451.54374,2000-04-29T14:14:00.572,15019.18649
110.59500,-0.12940,-1123.04114,394060.53482,3386292.26100,1.11557,0.01282,10355317.99889,2000-04-30T08:48:29.578,15025.86131
110.60501,0.44533,-1143.99680,394346.26167,3386268.50315,1.11345,0.01358,10311070.30885,2000-04-29T20:31:00.028,15016.29530
110.61501,-0.03482,-1129.10185,394100.97127,3386282.40832,1.11416,0.01359,10241876.99836,2000-04-29T01:17:39.929,15005.94775
110.62500,-0.09149,-1129.13456,394115.90443,3386268.82821,1.11226,0.01300,10311754.50618,2000-04-29T20:42:29.986,15014.18299
110.63501,0.40364,-1148.24487,394314.94719,3386263.64371,1.10981,0.01269,10297975.26388,2000-04-29T16:52:43.149,15016.86034
110.64499,0.14627,-1141.51880,394202.96545,3386264.62017,1.11166,0.01327,10327238.37511,2000-04-30T01:00:27.626,15014.72543
110.65500,-0.12575,-1123.83756,394107.50621,3386262.23782,1.10610,0.01389,10250791.65794,2000-04-29T03:46:25.503,15012.13058
110.66500,0.05186,-1132.85812,394154.38124,3386278.62965,1.10956,0.01269,10323867.57406,2000-04-30T00:04:17.777,15018.52472
110.67500,0.27965,-1146.99118,394269.42871,3386273.70218,1.11215,0.01341,10299453.46237,2000-04-29T17:17:22.502,15016.58040
110.68500,-0.28311,-1121.07650,394049.26031,3386255.48480,1.10948,0.01374,10278085.11145,2000-04-29T11:21:21.621,15010.26754
110.69501,0.46551,-1143.11152,394317.69908,3386266.10829,1.11155,0.01305,10252986.61366,2000-04-29T04:23:05.518,15008.98816
110.70498,0.12774,-1141.19012,394230.78398,3386273.98662,1.10916,0.01334,10342439.49091,2000-04-30T05:13:53.525,15020.29091
110.71501,0.05235,-1134.63950,394180.54234,3386299.49153,1.11137,0.01286,10348433.38527,2000-04-30T06:53:37.369,15023.12066
110.72501,0.16250,-1138.17660,394266.61108,3386256.61955,1.10910,0.01352,10361267.29152,2000-04-30T10:27:42.846,15022.45577
110.73500,-0.31064,-1126.29326,394038.89371,3386287.18769,1.11314,0.01353,10326762.63214,2000-04-30T00:52:38.718,15017.88192
110.74500,0.12161,-1139.05106,394230.64632,3386263.40629,1.10630,0.01315,10335564.69975,2000-04-30T03:19:17.996,15020.85027
110.75498,0.23117,-1142.90335,394263.19057,3386262.43977,1.10891,0.01356,10311381.72912,2000-04-29T20:36:10.417,15019.51299
110.76500,-0.03292,-1131.91166,394154.10908,3386278.55509,1.10527,0.01402,10323555.77137,2000-04-29T23:59:14.965,15017.42258
110.77502,0.17927,-1141.72819,394277.09592,3386231.90893,1.10852,0.01372,10209344.30426,2000-04-28T16:15:33.857,15002.18551
110.78499,-0.10950,-1124.86516,394100.13645,3386294.82309,1.10940,0.01441,10238842.92030,2000-04-29T00:27:18.584,15005.17531
110.79499,0.04488,-1137.54103,394174.57925,3386279.39695,1.10328,0.01406,10361229.50984,2000-04-30T10:27:07.725,15022.48296
110.80498,0.21994,-1146.80929,394270.79031,3386259.10419,1.10611,0.01427,10232182.93648,2000-04-28T22:36:19.263,15004.98331
110.81500,0.24401,-1151.14453,394283.35515,3386263.00672,1.10233,0.01520,10250989.72639,2000-04-29T03:49:44.880,15002.38654
110.82500,-0.00130,-1136.26413,394160.18641,3386261.99178,1.10207,0.01647,10287573.77553,2000-04-29T13:59:25.693,15014.05393
110.83501,-0.18337,-1136.73181,394131.86164,3386255.99782,1.10284,0.01760,10295216.11666,2000-04-29T16:06:54.786,15018.54607
110.84501,0.10947,-1144.31312,394291.34620,3386248.07344,1.10753,0.01696,10300045.17849,2000-04-29T17:27:23.635,15011.61493
110.85499,0.24184,-1146.07939,394331.79694,3386232.90710,1.10351,0.01850,10305567.17525,2000-04-29T18:59:24.273,15014.83632
110.86501,-0.03715,-1136.65915,394210.48934,3386265.86308,1.11013,0.01742,10352433.88898,2000-04-30T08:00:34.919,15022.99814
110.87499,0.26906,-1149.20240,394307.86595,3386271.25166,1.10876,0.01850,10352191.14489,2000-04-30T07:56:31.241,15019.14076
110.88500,0.41460,-1164.76226,394396.10600,3386240.85429,1.10824,0.01840,10399670.54090,2000-04-30T21:07:41.345,15033.72915
110.89499,0.11644,-1150.44657,394262.77360,3386260.04718,1.10356,0.01849,10341369.93820,2000-04-30T04:56:07.493,15019.63517
110.90500,0.33702,-1160.93917,394342.76969,3386249.69759,1.10900,0.01837,10310171.47544,2000-04-29T20:15:55.979,15018.73441
110.91500,0.14199,-1146.08375,394288.69050,3386256.71109,1.10678,0.01867,10314302.73397,2000-04-29T21:24:58.117,15016.31915
110.92500,0.61857,-1173.13157,394506.46878,3386211.07254,1.10405,0.01775,10375037.41464,2000-04-30T14:17:10.229,15020.01277
110.93501,-0.04151,-1152.31986,394221.34736,3386263.32261,1.10300,0.01842,10453471.47070,2000-05-01T12:04:16.190,15038.25445
110.94501,0.44951,-1171.63398,394417.24679,3386253.07442,1.09639,0.01690,10340531.84693,2000-04-30T04:41:58.387,15018.36342
110.95500,0.15116,-1153.20187,394313.81915,3386223.77165,1.10104,0.01562,10372484.51909,2000-04-30T13:34:42.608,15023.34309
110.96501,0.17670,-1155.36139,394300.70573,3386259.69848,1.10161,0.01600,10361268.03352,2000-04-30T10:27:32.360,15026.75871
110.97499,0.26699,-1159.18750,394310.33389,3386271.78975,1.10706,0.01562,10376780.14986,2000-04-30T14:46:14.445,15027.71200
110.98499,0.43150,-1171.44346,394453.17537,3386207.98548,1.10481,0.01676,10391358.01840,2000-04-30T18:49:00.648,15026.84461
110.99500,0.19181,-1153.17514,394311.03689,3386268.64234,1.11394,0.01677,10317863.88902,2000-04-29T22:24:18.547,15018.71408
111.00501,-0.02444,-1138.14950,394343.64521,3386250.23226,1.11293,0.01600,10229826.49068,2000-04-28T21:56:57.332,15003.99113
111.01500,0.15272,-1155.13423,394328.78720,3386264.72358,1.10861,0.01623,10310782.06464,2000-04-29T20:26:11.694,15019.55616
111.02500,0.06881,-1152.05050,394311.77549,3386254.47450,1.11014,0.01598,10336162.47216,2000-04-30T03:29:10.349,15018.81114
111.03499,0.05767,-1146.56558,394320.00927,3386228.80657,1.10757,0.01657,10271202.17789,2000-04-29T09:26:30.617,15010.03913
111.04500,0.08971,-1146.64517,394314.81270,3386217.89597,1.10919,0.01682,10361467.83511,2000-04-30T10:30:55.731,15025.25855
111.05500,0.32517,-1157.80148,394342.78566,3386277.05993,1.10906,0.01752,10201329.82065,2000-04-28T14:01:56.826,15001.68296
111.06499,-0.16076,-1121.05531,394178.75784,3386252.81553,1.10373,0.01862,10352128.09332,2000-04-30T07:55:22.136,15023.22543
111.07499,0.37495,-1147.15206,394444.56336,3386226.98167,1.10777,0.01920,10256633.69594,2000-04-29T05:23:46.637,15012.48705
111.08501,-0.12819,-1125.09654,394209.24637,3386255.16718,1.10619,0.01748,10361883.32397,2000-04-30T10:37:59.680,15026.00036
111.09498,0.09641,-1137.38904,394250.92817,3386280.15575,1.10373,0.01823,10229535.32838,2000-04-28T21:52:06.812,15001.57653
111.10500,0.46608,-1152.38972,394436.52615,3386256.30441,1.10348,0.02053,10396410.31988,2000-04-30T20:13:23.758,15032.44322
111.11499,0.04910,-1129.38687,394224.88418,3386282.94423,1.11130,0.01970,10313845.32444,2000-04-29T21:17:17.291,15018.18224
111.12498,0.07881,-1129.25127,394267.49665,3386258.67175,1.10979,0.01972,10343593.74002,2000-04-30T05:33:07.791,15021.88119
111.13499,-0.06524,-1130.73232,394197.65216,3386287.23012,1.10939,0.01894,10360142.15774,2000-04-30T10:08:55.418,15027.12701
111.14499,0.18877,-1146.53251,394372.69395,3386228.46737,1.11091,0.01777,10363646.76454,2000-04-30T11:07:20.868,15021.64988
111.15500,0.29133,-1144.55874,394358.35279,3386243.57923,1.10988,0.01710,10353889.53825,2000-04-30T08:24:41.595,15022.94635
111.16499,0.25987,-1143.74452,394375.55986,3386228.11661,1.10860,0.01755,10407034.71044,2000-04-30T23:10:33.642,15026.49791
111.17499,-0.01123,-1138.38791,394218.09860,3386263.62808,1.11360,0.01780,10371266.07720,2000-04-30T13:14:18.073,15028.00480
111.18500,0.00425,-1132.91223,394283.86144,3386248.26270,1.11485,0.01600,10445916.74971,2000-05-01T09:58:30.656,15034.64316
111.19499,0.08778,-1128.92462,394289.35644,3386245.18448,1.11484,0.01478,10282432.92824,2000-04-29T12:33:46.116,15013.23851
111.20499,0.28612,-1134.55683,394361.08553,3386247.62549,1.12057,0.01530,10344665.66330,2000-04-30T05:50:58.488,15019.18463
111.21500,0.42127,-1141.37206,394405.71742,3386256.06405,1.11474,0.01548,10360404.98013,2000-04-30T10:13:22.005,15023.86354
111.22500,-0.03387,-1123.73784,394226.74806,3386273.95759,1.11201,0.01573,10285807.24633,2000-04-29T13:30:02.064,15010.90353
111.23499,-0.00950,-1129.63953,394273.67082,3386244.38781,1.11317,0.01551,10456146.37323,2000-05-01T12:48:55.341,15037.78130
111.24500,0.24827,-1130.60722,394326.81037,3386259.89834,1.10851,0.01445,10297980.70931,2000-04-29T16:52:58.021,15016.69144
111.25499,0.25165,-1129.93858,394377.27932,3386243.48063,1.11183,0.01476,10337331.71484,2000-04-30T03:48:48.221,15022.11801
111.26500,0.16279,-1127.67083,394325.77301,3386252.40236,1.11263,0.01535,10400847.24213,2000-04-30T21:27:16.730,15029.79172
111.27501,0.44135,-1138.26948,394489.32710,3386196.95471,1.11151,0.01440,10346970.64345,2000-04-30T06:29:24.548,15023.99862
111.28499,0.13782,-1129.58253,394322.45471,3386245.63566,1.11548,0.01803,10329455.98655,2000-04-30T01:37:28.979,15019.36123
111.29500,0.21221,-1130.61962,394350.31509,3386253.40062,1.11564,0.01898,10393686.27504,2000-04-30T19:28:00.047,15028.48201
111.30499,0.40062,-1141.10551,394414.71570,3386253.82586,1.10853,0.01756,10370128.78602,2000-04-30T12:55:23.602,15022.22165
111.31499,-0.01047,-1133.84081,394230.16470,3386271.53894,1.11139,0.01644,10276493.71044,2000-04-29T10:54:44.075,15010.15925
111.32501,0.36253,-1143.59974,394449.17527,3386219.23984,1.11156,0.01708,10356623.70498,2000-04-30T09:10:13.082,15024.98107
111.33501,0.09679,-1131.71311,394280.75640,3386270.68777,1.11337,0.01722,10381202.91102,2000-04-30T16:00:05.514,15029.15615
111.34500,0.28051,-1144.87010,394386.11388,3386241.46262,1.10981,0.01866,10264077.47999,2000-04-29T07:27:51.236,15009.90849
111.35500,0.61742,-1154.60326,394570.11360,3386195.83310,1.10751,0.01883,10402052.13959,2000-04-30T21:47:23.964,15030.66408
111.36500,0.09390,-1135.53747,394337.55108,3386216.79392,1.10805,0.01996,10384506.79342,2000-04-30T16:54:54.098,15027.91185
111.37500,0.35063,-1143.17603,394483.04185,3386179.89988,1.10823,0.02079,10301509.98638,2000-04-29T17:51:36.835,15013.98638
111.38500,0.18755,-1138.69745,394359.09889,3386243.27235,1.11203,0.01904,10424133.92192,2000-05-01T03:55:26.213,15033.60703
111.39499,0.10854,-1131.43117,394280.04788,3386261.67950,1.10899,0.02081,10399530.97491,2000-04-30T21:05:18.541,15031.18988
111.40499,0.20708,-1142.57130,394379.89185,3386234.44488,1.11020,0.02130,10324620.53094,2000-04-30T00:16:45.739,15016.10464
111.41501,-0.21654,-1111.02346,394136.16462,3386278.10694,1.12002,0.02034,10344895.38717,2000-04-30T05:54:47.974,15020.38106
111.42500,0.24148,-1135.08976,394364.35388,3386268.09950,1.12109,0.01995,10267734.94062,2000-04-29T08:28:44.623,15013.60513
111.43500,0.14149,-1135.32558,394326.05517,3386257.31273,1.11367,0.02322,10306996.74718,2000-04-29T19:22:59.474,15016.08534
111.44501,0.22608,-1134.95353,394351.76974,3386257.69232,1.11559,0.02354,10394712.96406,2000-04-30T19:45:05.991,15029.66723
111.45501,0.14421,-1134.85363,394342.71944,3386265.42866,1.11922,0.02146,10337935.88435,2000-04-30T03:58:45.088,15017.00445
111.46500,0.10953,-1130.32235,394356.10388,3386220.64309,1.11831,0.02153,10443920.63047,2000-05-01T09:25:08.124,15035.51738
111.47499,0.00559,-1126.15884,394296.85150,3386247.48283,1.11316,0.02125,10418892.64526,2000-05-01T02:27:56.510,15033.11358
111.48499,0.08158,-1134.61177,394310.30452,3386249.42696,1.11418,0.02000,10342205.79266,2000-04-30T05:09:59.630,15018.20794
111.49501,0.24826,-1150.26154,394366.21435,3386262.59044,1.10957,0.01847,10465129.25446,2000-05-01T15:18:44.472,15041.13722
111.50499,0.11309,-1135.22609,394299.76230,3386256.93763,1.10647,0.01768,10263450.77589,2000-04-29T07:17:19.933,15008.40319
111.51500,0.25919,-1144.32218,394378.81851,3386250.73410,1.10821,0.01783,10385247.84327,2000-04-30T17:07:09.488,15028.81781
111.52499,0.10770,-1136.37564,394328.48730,3386262.44285,1.11435,0.01719,10399656.59954,2000-04-30T21:07:31.546,15029.43908
111.53497,0.16658,-1128.62543,394299.81037,3386275.92758,1.11340,0.01556,10346664.22969,2000-04-30T06:24:16.864,15020.42240
111.54499,0.22756,-1121.03335,394452.36380,3386335.94970,1.12231,0.01581,10637401.88015,2000-05-03T15:09:52.825,15066.35753
111.55500,0.40280,-1142.98683,394516.06450,3386259.98781,1.11005,0.01630,10443136.58965,2000-05-01T09:12:14.243,15034.56834
111.56502,0.02599,-1129.51457,394345.25755,3386277.89202,1.11185,0.01524,10407790.17238,2000-04-30T23:23:06.859,15030.49656
111.57501,-0.18790,-1121.67912,394236.74827,3386268.53627,1.11046,0.01501,10319122.72619,2000-04-29T22:45:13.952,15016.22772
111.58500,0.07530,-1140.64677,394292.40070,3386304.33781,1.11133,0.01669,10375242.33382,2000-04-30T14:20:42.514,15027.74028
111.59498,0.40979,-1153.00585,394517.50440,3386233.81077,1.11695,0.01561,10429992.10082,2000-05-01T05:33:14.463,15032.02782
111.60500,0.17758,-1144.32376,394406.29412,3386233.43294,1.11481,0.01614,10369687.89695,2000-04-30T12:48:01.087,15022.58726
111.61498,0.49349,-1155.42083,394479.92894,3386275.77476,1.11309,0.01481,10268413.35486,2000-04-29T08:40:13.450,15013.05122
111.62501,0.28628,-1146.95415,394414.08767,3386259.59987,1.11204,0.01595,10338718.86294,2000-04-30T04:11:57.421,15025.17795
111.63501,0.16084,-1142.07611,394367.77233,3386276.01164,1.11492,0.01982,10406744.08282,2000-04-30T23:05:38.071,15028.82934
111.64501,-0.01662,-1133.20480,394307.03604,3386272.77570,1.11495,0.01477,10335643.14523,2000-04-30T03:20:36.042,15019.27736
111.65500,0.31183,-1141.65244,394427.76242,3386244.66854,1.11005,0.01523,10293749.13775,2000-04-29T15:42:25.104,15013.35906
111.66501,0.26885,-1150.28384,394407.97258,3386244.87868,1.10638,0.01386,10216264.00706,2000-04-28T18:11:05.849,15002.96148
111.67497,-0.18894,-1124.74966,394315.21404,3386233.93591,1.11208,0.01328,10256697.69106,2000-04-29T05:24:53.679,15010.44968
111.68500,-0.00336,-1128.02662,394266.15543,3386285.00635,1.11234,0.01315,10335223.01323,2000-04-30T03:13:40.288,15019.24977
111.69499,0.23267,-1135.98034,394412.68839,3386226.47306,1.10725,0.01293,10322623.28810,2000-04-29T23:43:36.917,15021.76186
111.70499,0.11164,-1139.51128,394397.64933,3386236.92186,1.10680,0.01421,10351484.67794,2000-04-30T07:44:37.126,15023.66959
111.71501,0.21427,-1150.62344,394412.13180,3386308.45883,1.10787,0.01283,10247139.89053,2000-04-29T02:45:41.983,15004.96392
111.72500,0.13704,-1138.58379,394409.10233,3386231.52424,1.11042,0.01440,10195314.95410,2000-04-28T12:21:42.981,15001.97509
111.73501,0.26740,-1141.71476,394417.43729,3386238.90287,1.10682,0.01348,10401963.70244,2000-04-30T21:46:03.217,15031.40525
111.74500,0.24153,-1137.83614,394384.12937,3386252.06234,1.11122,0.01338,10343449.39869,2000-04-30T05:30:46.484,15020.02664
111.75498,0.20130,-1140.66271,394384.97944,3386248.55836,1.10896,0.01387,10263780.95929,2000-04-29T07:22:50.688,15010.59217
111.76501,0.19057,-1144.29049,394344.96087,3386270.35901,1.10863,0.01300,10308077.44015,2000-04-29T19:41:07.492,15016.67658
111.77498,0.24893,-1146.21124,394409.36359,3386220.87319,1.10640,0.01338,10397202.56214,2000-04-30T20:26:39.180,15028.19611
111.78500,0.09117,-1138.36296,394377.98660,3386224.09724,1.11026,0.01351,10256259.00580,2000-04-29T05:17:30.283,15009.09310
111.79500,0.40582,-1150.08979,394523.13885,3386230.48729,1.11273,0.01350,10350605.37423,2000-04-30T07:29:58.641,15022.50120
111.80500,-0.05568,-1130.69282,394294.29759,3386251.51111,1.11483,0.01337,10254902.16058,2000-04-29T04:54:48.340,15010.09526
111.81499,0.43854,-1157.12504,394515.70442,3386228.25705,1.10487,0.01425,10317039.51853,2000-04-29T22:10:28.515,15019.02598
111.82501,0.01132,-1136.54880,394344.46779,3386262.03292,1.10762,0.01335,10378636.03815,2000-04-30T15:17:05.270,15026.71758
111.83500,0.26937,-1150.68131,394463.53107,3386215.13042,1.10856,0.01298,10291402.34049,2000-04-29T15:03:15.429,15012.92997
111.84500,0.31297,-1148.58839,394460.12938,3386232.28288,1.10563,0.01422,10317495.99473,2000-04-29T22:18:09.824,15017.33745
111.85501,0.15945,-1142.62516,394418.94294,3386230.65488,1.10485,0.01332,10370100.16039,2000-04-30T12:54:48.018,15025.77944
111.86500,0.47365,-1151.43451,394548.53565,3386229.77682,1.10590,0.01276,10462546.56934,2000-05-01T14:35:41.900,15041.00407
111.87500,-0.04205,-1125.25823,394350.47180,3386226.97754,1.10580,0.01379,10334204.64525,2000-04-30T02:56:35.700,15017.66828
111.88498,0.27745,-1135.31708,394459.27990,3386230.38439,1.10424,0.01331,10341265.18562,2000-04-30T04:54:16.534,15021.26070
111.89499,0.08943,-1130.54157,394370.54667,3386273.57898,1.10782,0.01406,10397310.83805,2000-04-30T20:28:24.102,15030.50408
111.90501,0.13255,-1131.32516,394379.97171,3386280.59805,1.10739,0.01330,10341289.75204,2000-04-30T04:54:48.706,15020.29592
111.91499,0.56047,-1148.59755,394567.66580,3386228.22231,1.10134,0.01404,10377122.69156,2000-04-30T14:51:46.962,15026.74789
111.92499,0.42039,-1142.95670,394496.80831,3386254.47018,1.10362,0.01350,10378714.88976,2000-04-30T15:18:23.339,15024.97516
111.93500,0.51751,-1143.51306,394531.98744,3386249.46828,1.10281,0.01406,10321303.83017,2000-04-29T23:21:29.901,15023.20333
111.94500,0.09300,-1135.66926,394444.35438,3386207.72666,1.10661,0.01343,10305483.81730,2000-04-29T18:57:54.787,15015.60562
111.95500,0.30080,-1143.42405,394501.83061,3386229.82341,1.10769,0.01367,10326123.93108,2000-04-30T00:41:53.854,15020.09096
111.96501,0.46602,-1155.27755,394606.16723,3386190.85577,1.10587,0.01327,10333729.57610,2000-04-30T02:48:48.663,15019.46222
111.97500,0.20921,-1149.26791,394459.57143,3386231.67651,1.09999,0.01461,10328314.31264,2000-04-30T01:18:21.502,15021.13240
111.98500,0.22344,-1151.95980,394486.90747,3386207.62949,1.10042,0.01399,10349915.72727,2000-04-30T07:18:29.498,15023.75571
111.99500,0.02210,-1144.27524,394400.63582,3386233.48471,1.10173,0.01384,10265226.86287,2000-04-29T07:46:52.067,15012.54008
112.00500,0.34074,-1159.58186,394500.11708,3386240.71669,1.09840,0.01318,10238677.12259,2000-04-29T00:24:26.958,15003.34238
112.01500,0.45976,-1157.80891,394536.11537,3386234.97527,1.10288,0.01433,10354976.51508,2000-04-30T08:42:48.521,15023.18340
112.02500,0.50469,-1152.54017,394571.99574,3386248.83444,1.11029,0.01680,10315560.50556,2000-04-29T21:45:53.135,15019.51641
112.03501,0.06248,-1133.68964,394385.32356,3386230.87773,1.10908,0.01677,10311131.91246,2000-04-29T20:32:03.152,15014.94617
112.04502,0.49547,-1159.58085,394573.30083,3386229.59709,1.09854,0.01620,10244615.37566,2000-04-29T02:03:26.859,15009.95463
112.05500,0.15853,-1142.76202,394402.57657,3386252.71465,1.10633,0.01532,10473245.35366,2000-05-01T17:33:58.985,15040.74552
112.06499,0.27451,-1149.65228,394453.72193,3386264.57374,1.10570,0.01511,10339830.70601,2000-04-30T04:30:24.579,15019.05012
112.07501,-0.06659,-1127.28821,394364.71344,3386229.34074,1.10525,0.01539,10410071.46251,2000-05-01T00:01:05.314,15030.01735
112.08500,-0.05074,-1129.82496,394358.73570,3386239.54497,1.10591,0.01649,10478324.63085,2000-05-01T18:58:32.059,15043.98984
112.09500,0.29971,-1148.92261,394480.43527,3386265.46248,1.10339,0.01467,10447021.32280,2000-05-01T10:16:51.515,15038.24171
112.10501,-0.21970,-1131.12985,394264.25280,3386283.73311,1.10290,0.01280,10512392.94889,2000-05-02T04:26:13.433,15045.59433
112.11500,0.52205,-1158.68002,394551.39222,3386259.43884,1.09698,0.01431,10507410.55941,2000-05-02T03:03:18.194,15043.28892
112.12500,-0.02070,-1139.24922,394315.74546,3386288.66857,1.10386,0.01388,10619941.03043,2000-05-03T10:18:47.451,15062.24199
112.13499,0.15132,-1136.98152,394568.63312,3386252.39597,1.10441,0.01362,10455990.61023,2000-05-01T12:46:24.125,15043.32081
112.14499,0.36497,-1145.47313,394653.26680,3386266.87130,1.10491,0.01692,10578507.15057,2000-05-02T22:48:21.287,15051.15124
112.15500,0.14619,-1148.59702,394556.43849,3386239.02060,1.10751,0.01611,10340326.76022,2000-04-30T04:38:29.742,15020.41577
112.16500,0.32094,-1150.65965,394660.37323,3386249.51995,1.10391,0.01709,10407784.65167,2000-04-30T23:23:00.834,15033.15116
112.17499,0.03301,-1140.10649,394569.74581,3386204.25943,1.10613,0.01641,10514005.88684,2000-05-02T04:53:15.142,15046.50818
112.18499,0.20758,-1148.68415,394556.65474,3386218.70929,1.10368,0.01630,10332929.22415,2000-04-30T02:35:17.400,15018.49716
112.19500,-0.01198,-1138.88398,394443.76661,3386260.39781,1.10450,0.01637,10448265.84259,2000-05-01T10:37:39.284,15033.40851
112.20500,0.55438,-1167.53013,394676.52671,3386250.21131,1.10224,0.01809,10433626.84767,2000-05-01T06:33:40.593,15036.40968
112.21501,0.10814,-1151.91913,394552.39212,3386240.62222,1.10256,0.02162,10431800.58840,2000-05-01T06:03:19.884,15032.41864
112.22501,0.13426,-1151.95936,394567.30523,3386229.69305,1.10096,0.02070,10395831.85909,2000-04-30T20:03:45.191,15037.39898
112.23500,0.38623,-1156.17157,394676.25357,3386189.00015,1.10460,0.01919,10373302.58573,2000-04-30T13:48:21.661,15026.57450
112.24502,-0.06965,-1136.20627,394462.62646,3386225.09996,1.10375,0.01856,10438881.13733,2000-05-01T08:01:11.167,15030.87137
112.25499,-0.07319,-1130.70271,394459.87062,3386217.41390,1.10303,0.01938,10408513.46894,2000-04-30T23:35:03.490,15031.46476
112.26501,0.22646,-1150.74695,394534.96363,3386193.35136,1.10230,0.01882,10384874.46981,2000-04-30T17:01:07.005,15027.73684
112.27500,-0.01245,-1135.68496,394410.52355,3386218.30895,1.10225,0.01887,10272934.37548,2000-04-29T09:55:26.115,15012.64382
112.28501,0.08304,-1148.09385,394433.05347,3386251.87593,1.09860,0.01839,10509856.35967,2000-05-02T03:44:08.703,15044.40822
112.29501,-0.05799,-1129.09139,394350.47745,3386261.07857,1.10091,0.02216,10392970.14763,2000-04-30T19:16:03.311,15025.68314
112.30499,0.03025,-1132.01472,394384.67551,3386250.84338,1.10059,0.02030,10398960.45763,2000-04-30T20:55:51.333,15031.24701
112.31500,0.17482,-1131.72522,394474.05753,3386201.91343,1.10498,0.02168,10376132.21540,2000-04-30T14:35:30.374,15027.05828
112.32501,0.16573,-1140.26986,394449.29927,3386267.00485,1.10753,0.02112,10389215.84286,2000-04-30T18:13:30.434,15027.68139
112.33499,-0.08712,-1120.07668,394308.25250,3386261.23167,1.10848,0.02034,10316750.89983,2000-04-29T22:05:31.694,15019.43259
112.34500,0.57421,-1140.98269,394620.15811,3386214.09759,1.10552,0.02091,10378577.13225,2000-04-30T15:16:14.224,15026.12668
112.35501,-0.25048,-1117.19690,394259.21688,3386264.99117,1.10641,0.02119,10341899.30377,2000-04-30T05:05:01.018,15021.73245
112.36498,-0.00326,-1120.23229,394384.55580,3386255.51652,1.10329,0.02086,10487634.77952,2000-05-01T21:33:40.160,15043.47599
112.37502,0.16488,-1120.97963,394438.90969,3386240.09939,1.10345,0.02094,10309159.76296,2000-04-29T19:59:13.710,15013.69520
112.38501,-0.05546,-1126.10847,394344.89689,3386294.65221,1.10503,0.02104,10331055.43721,2000-04-30T02:04:11.924,15023.03306
112.39499,-0.11071,-1115.60977,394341.41769,3386246.95993,1.10304,0.02131,10357207.65039,2000-04-30T09:19:54.902,15023.91147
112.40500,-0.06893,-1120.54382,394348.21716,3386276.89607,1.10487,0.02003,10351453.27627,2000-04-30T07:44:14.527,15022.94954
112.41500,0.17889,-1123.99301,394459.73306,3386230.75113,1.10922,0.02499,10431324.34250,2000-05-01T05:55:11.162,15033.28073
112.42499,0.13774,-1122.88239,394460.36650,3386213.15704,1.10558,0.02226,10376528.47703,2000-04-30T14:42:03.474,15023.91351
112.43499,0.32955,-1134.47310,394519.19557,3386240.11977,1.10903,0.02034,10335035.28868,2000-04-30T03:10:20.789,15018.77372
112.44499,0.35052,-1136.77141,394551.87105,3386220.84133,1.10956,0.02047,10256978.49100,2000-04-29T05:29:28.266,15005.17686
112.45499,-0.19969,-1112.02030,394373.82023,3386243.46877,1.11524,0.02192,10359450.34509,2000-04-30T09:57:15.972,15027.39491
112.46501,0.31488,-1137.21178,394604.13340,3386182.37803,1.11229,0.01733,10361707.21413,2000-04-30T10:34:41.059,15022.76958
112.47501,-0.06140,-1125.35449,394426.73235,3386247.06020,1.10953,0.01792,10324591.49864,2000-04-30T00:16:11.966,15018.93619
112.48500,-0.47751,-1097.13768,394251.11769,3386230.35149,1.10703,0.01735,10462070.55195,2000-05-01T14:27:28.154,15042.84789
112.49499,-0.02910,-1122.03218,394407.80379,3386255.30963,1.10967,0.01780,10443456.60250,2000-05-01T09:17:18.588,15036.74871
112.50500,0.38748,-1131.23789,394590.67650,3386241.53152,1.11273,0.01798,10411129.52264,2000-05-01T00:18:34.529,15029.17985
112.51499,0.14580,-1118.25771,394509.68397,3386217.37774,1.11124,0.02085,10306679.82590,2000-04-29T19:17:39.372,15017.18066
112.52499,0.32322,-1126.03410,394596.01277,3386237.47298,1.11043,0.02106,10364549.60997,2000-04-30T11:22:05.193,15024.25788
112.53499,0.11777,-1124.87126,394529.45819,3386232.78393,1.11060,0.02044,10373696.43630,2000-04-30T13:54:32.753,15027.83928
112.54501,0.27304,-1126.64117,394579.28841,3386259.27948,1.11408,0.01799,10373483.98889,2000-04-30T13:51:08.965,15023.26583
112.55500,0.01392,-1112.78743,394533.67297,3386220.63563,1.11325,0.02270,10465505.21535,2000-05-01T15:24:39.377,15044.16826
112.56499,0.17817,-1123.87344,394635.87411,3386240.43742,1.11328,0.01924,10397409.85481,2000-04-30T20:29:50.194,15029.02695
112.57498,-0.21571,-1102.77678,394529.80035,3386232.64757,1.11046,0.01879,10435855.31103,2000-05-01T07:10:30.203,15033.15870
112.58502,-0.31917,-1102.03685,394919.79913,3386238.90309,1.11474,0.01789,10552254.55246,2000-05-02T15:30:28.041,15052.77935
112.59501,0.12890,-1113.09724,394288.77682,3386295.67078,1.10479,0.01859,10503824.90192,2000-05-02T02:03:25.898,15041.40760
112.60499,0.39075,-1126.67822,394444.99639,3386260.81964,1.11191,0.01843,10398818.71247,2000-04-30T20:53:13.612,15035.33488
112.61500,0.04572,-1121.22075,394326.12345,3386231.29235,1.10054,0.01896,10388273.47217,2000-04-30T17:57:33.570,15027.63493
112.62499,0.11525,-1127.36237,394436.32085,3386198.00065,1.10862,0.01415,10190375.31857,2000-04-28T10:59:13.914,15004.22650
112.63499,0.30926,-1132.68875,394426.52167,3386227.74510,1.10629,0.01371,10326735.66002,2000-04-30T00:52:08.498,15011.36277
112.64499,0.24650,-1131.21863,394430.96863,3386186.12751,1.10864,0.01309,10241377.52987,2000-04-29T01:09:27.756,14998.93622
112.65500,0.22705,-1127.69387,394364.41203,3386249.52769,1.10773,0.01643,10274334.14638,2000-04-29T10:18:47.759,15004.23614
112.66499,-0.04216,-1112.87498,394292.73379,3386233.75126,1.10610,0.01623,10262827.28703,2000-04-29T07:06:52.011,15001.37313
112.67499,0.07956,-1114.78453,394337.55842,3386198.12973,1.10262,0.01592,10254412.73996,2000-04-29T04:46:42.265,15003.15629
112.68499,-0.00285,-1110.48888,394280.04802,3386241.53124,1.10952,0.01585,10179086.82973,2000-04-28T07:51:10.778,14987.63594
112.69500,0.15813,-1124.92669,394369.67612,3386231.66244,1.11483,0.01624,10123165.18713,2000-04-27T16:19:06.548,14983.52986
112.70500,-0.14008,-1112.00650,394257.48711,3386219.53112,1.10886,0.01593,10351376.91140,2000-04-30T07:42:48.125,15016.82438
112.71501,-0.00861,-1120.27874,394276.14509,3386243.39320,1.11280,0.01518,10295055.38731,2000-04-29T16:04:00.926,15003.74097
112.72500,0.38445,-1131.71860,394493.68538,3386192.54457,1.11302,0.01723,10158635.91757,2000-04-28T02:10:21.718,14991.77396
112.73501,0.46985,-1144.61319,394495.66174,3386218.99708,1.10912,0.01646,10300251.71342,2000-04-29T17:30:32.890,15010.38235
112.74500,0.06728,-1133.69946,394327.79624,3386221.68027,1.10596,0.01324,10161401.73534,2000-04-28T02:56:19.838,14990.95624
112.75500,0.08324,-1133.66256,394362.27047,3386194.71678,1.10970,0.01382,10236542.65024,2000-04-28T23:48:56.962,15001.16397
112.76499,0.22737,-1137.44131,394445.34873,3386196.22924,1.11025,0.01327,10108358.63286,2000-04-27T12:12:14.410,14982.05644
112.77501,0.09647,-1143.36372,394402.16901,3386201.47056,1.11024,0.01334,10224702.58472,2000-04-28T20:31:31.890,14997.04440
112.78499,-0.12028,-1127.43840,394264.39780,3386227.66132,1.11502,0.01297,10156710.92801,2000-04-28T01:38:10.048,14985.43799
112.79501,0.12099,-1123.04870,394306.81278,3386215.26426,1.11507,0.01446,10156360.44736,2000-04-28T01:32:26.579,14988.57413
112.80501,0.28708,-1134.46171,394384.72894,3386204.48186,1.11930,0.01232,10169860.69562,2000-04-28T05:17:21.235,14991.72111
112.81498,0.07874,-1131.26452,394297.96318,3386234.04962,1.11583,0.01388,10180441.42989,2000-04-28T08:13:45.990,14988.78217
112.82502,-0.29319,-1112.66524,394194.68001,3386205.64356,1.11745,0.01437,10221123.49090,2000-04-28T19:31:46.430,14996.90709
112.83501,0.27411,-1127.08947,394369.20277,3386233.54674,1.11861,0.01339,10124553.33503,2000-04-27T16:42:17.944,14985.43273
112.84499,0.03784,-1117.85588,394277.14071,3386246.98161,1.11578,0.01405,10218445.55075,2000-04-28T18:47:05.291,14995.26304
112.85501,-0.08902,-1107.99362,394280.51962,3386202.46263,1.11812,0.01369,10268824.00171,2000-04-29T08:46:53.504,15000.33606
112.86501,0.01182,-1112.48457,394303.90037,3386218.68469,1.12343,0.01410,10023619.51312,2000-04-26T12:40:02.111,14971.28973
112.87500,0.17034,-1125.53196,394405.84204,3386184.78927,1.11561,0.01571,10239872.99995,2000-04-29T00:44:19.369,14998.00620
112.88500,0.10615,-1122.27242,394358.72077,3386222.38762,1.12608,0.01412,10206485.90152,2000-04-28T15:27:54.080,14995.99197
112.89500,-0.09672,-1113.70406,394404.86222,3386212.92462,1.12337,0.01363,10086167.02009,2000-04-27T06:02:25.165,14976.03196
112.90499,-0.12271,-1116.39676,394303.91926,3386198.58486,1.11966,0.01448,9990098.23453,2000-04-26T03:21:22.659,14963.27490
112.91500,0.18819,-1139.47739,394413.17810,3386191.51210,1.12150,0.01401,10179102.08480,2000-04-28T07:51:25.802,14986.52370
112.92498,-0.01220,-1125.98070,394341.64921,3386205.86742,1.11897,0.01352,10110131.51149,2000-04-27T12:41:52.670,14980.32287
112.93498,0.01039,-1137.51236,394342.96096,3386209.54039,1.12221,0.01759,10235290.26631,2000-04-28T23:27:51.760,14998.27742
112.94499,0.56689,-1156.65308,394569.85139,3386168.55640,1.11727,0.01709,10230039.03252,2000-04-28T22:00:26.993,14998.89764
112.95498,0.18377,-1146.62617,394457.64811,3386171.31405,1.11926,0.01642,10153954.09840,2000-04-28T00:52:13.361,14988.90443
112.96499,0.12416,-1135.33219,394382.16367,3386209.97073,1.11929,0.01627,10067738.68098,2000-04-27T00:55:14.858,14975.46178
112.97499,0.22332,-1150.50720,394466.21721,3386140.25390,1.11860,0.01644,10100071.59364,2000-04-27T09:54:21.619,14977.10836
112.98500,-0.06318,-1135.86125,394305.42285,3386204.71679,1.11657,0.01695,10240263.07658,2000-04-29T00:50:43.548,14997.67085
112.99500,0.09953,-1137.13945,394406.65051,3386165.14929,1.10899,0.01678,10213098.87254,2000-04-28T17:18:06.947,14995.76968
113.00499,0.18696,-1147.60296,394405.54328,3386222.88410,1.11229,0.01843,10070700.98996,2000-04-27T01:44:39.302,14977.11875
113.01498,0.46391,-1157.51233,394528.08544,3386191.86362,1.11224,0.01915,10162475.58459,2000-04-28T03:14:26.967,14991.49070
113.02499,-0.08976,-1125.65780,394339.81603,3386174.57710,1.11844,0.01897,10163080.83188,2000-04-28T03:24:21.375,14988.07238
113.03499,0.22398,-1132.14229,394484.11039,3386166.06174,1.12041,0.01823,10110489.20866,2000-04-27T12:47:49.795,14983.19310
113.04501,0.37463,-1133.89816,394484.41817,3386187.20671,1.11760,0.01862,10172609.44352,2000-04-28T06:03:16.518,14990.36655
113.05502,-0.00107,-1119.01072,394345.48673,3386214.76552,1.11504,0.01685,10112266.30600,2000-04-27T13:17:25.675,14980.06921
113.06501,0.34933,-1135.39659,394466.56449,3386215.68695,1.11112,0.01761,10099370.86731,2000-04-27T09:42:35.560,14976.50300
113.07501,0.27814,-1130.82656,394450.27726,3386203.70707,1.11125,0.01829,10213517.80081,2000-04-28T17:25:04.033,14996.96716
113.08500,0.18154,-1118.41602,394411.49766,3386220.17957,1.11280,0.01850,10188412.88927,2000-04-28T10:26:34.189,14992.75571
113.09501,0.04542,-1105.12761,394354.83331,3386165.35462,1.11234,0.01728,10126084.74445,2000-04-27T17:07:58.173,14981.68307
113.10499,0.08219,-1115.90926,394358.79533,3386221.16641,1.11420,0.01768,10082493.16089,2000-04-27T05:01:19.781,14974.23033
113.11500,-0.04038,-1120.18031,394281.47351,3386191.08031,1.11517,0.01738,10307239.86146,2000-04-29T19:27:00.151,15010.25140
113.12500,0.39239,-1134.92948,394481.43468,3386163.17304,1.11661,0.01802,10191204.86789,2000-04-28T11:12:55.000,14992.29306
113.13501,0.01535,-1122.71747,394373.88052,3386192.75268,1.11750,0.01816,10187957.06308,2000-04-28T10:18:48.329,14992.04819
113.14500,0.11889,-1131.18099,394387.21989,3386196.94104,1.11266,0.01817,10152540.15560,2000-04-28T00:28:48.012,14983.95239
113.15501,0.36017,-1140.67326,394488.38777,3386196.70234,1.11354,0.01953,10079244.58170,2000-04-27T04:06:57.063,14975.60622
113.16500,0.25823,-1142.37710,394466.48379,3386170.51781,1.11403,0.02207,10065292.86856,2000-04-27T00:14:29.313,14978.32582
113.17500,0.30342,-1144.83821,394487.37895,3386163.92267,1.12090,0.02130,10115749.15272,2000-04-27T14:15:30.069,14981.67435
113.18501,0.14204,-1133.70379,394430.07400,3386174.15545,1.12119,0.01805,10210861.06772,2000-04-28T16:40:40.496,14993.41489
113.19499,-0.06429,-1131.41661,394347.07553,3386166.87927,1.11595,0.01824,10133425.78971,2000-04-27T19:10:07.334,14983.89700
113.20500,0.15307,-1144.31266,394411.76381,3386185.21719,1.11504,0.01738,10084038.97466,2000-04-27T05:27:00.710,14975.12482
113.21500,0.11817,-1135.83863,394434.72174,3386162.41524,1.10959,0.01894,10030124.88393,2000-04-26T14:28:23.546,14963.55175
113.22499,0.31375,-1155.63297,394504.69413,3386162.18664,1.11333,0.01977,10174854.51400,2000-04-28T06:40:37.404,14991.85632
113.23500,0.36257,-1150.23005,394585.97786,3386117.43024,1.11600,0.02218,10073723.00734,2000-04-27T02:35:05.559,14972.60969
113.24499,-0.03742,-1143.65875,394377.76956,3386169.01817,1.12403,0.01995,10119136.49572,2000-04-27T15:11:51.259,14985.48008
113.25500,0.11908,-1156.24745,394549.31549,3386145.67733,1.12222,0.02005,10125901.66004,2000-04-27T17:04:34.867,14982.51093
113.26501,0.48487,-1175.27917,394795.44161,3386115.31753,1.12459,0.01994,10125678.31173,2000-04-27T17:00:56.588,14984.01880
113.27499,-0.00800,-1142.05843,394388.16236,3386150.33685,1.11863,0.02007,10083497.89580,2000-04-27T05:17:59.356,14973.17741
113.28498,-0.09201,-1149.05641,394292.63652,3386192.74627,1.11343,0.01979,10144554.91296,2000-04-27T22:15:38.673,14988.61801
113.29498,0.34102,-1164.92955,394493.03022,3386143.27903,1.11051,0.01921,10172429.46631,2000-04-28T06:00:14.732,14986.52405
113.30501,0.18698,-1157.14793,394448.44646,3386159.42696,1.11181,0.01917,10153556.76318,2000-04-28T00:45:39.375,14986.62148
113.31501,0.38446,-1163.19539,394506.45429,3386179.16087,1.11726,0.01972,10158617.47632,2000-04-28T02:10:04.031,14988.77019
113.32501,0.05284,-1147.10445,394387.21507,3386181.83373,1.11264,0.01884,10160273.56654,2000-04-28T02:37:46.239,14986.19061
113.33501,0.25088,-1157.61607,394460.57117,3386153.46674,1.11552,0.01985,10139485.77782,2000-04-27T20:51:09.877,14984.04006
113.34501,0.38844,-1163.89038,394501.99019,3386166.02460,1.11709,0.01902,10235084.34534,2000-04-28T23:24:35.596,14998.98176
113.35502,0.04575,-1160.11983,394348.31605,3386206.03093,1.11750,0.02025,10167799.04086,2000-04-28T04:43:03.161,14988.34977
113.36498,0.25770,-1163.70247,394465.30088,3386176.71971,1.11648,0.01948,10180095.33504,2000-04-28T08:08:00.293,14989.62120
113.37500,0.12767,-1163.81446,394434.73321,3386163.90377,1.11259,0.01748,10151096.88989,2000-04-28T00:04:46.445,14986.27569
113.38501,-0.08416,-1155.72601,394373.98011,3386162.10853,1.11563,0.01462,10043119.43217,2000-04-26T18:05:06.649,14967.67098
113.39500,0.12617,-1165.74808,394412.78541,3386176.31374,1.11294,0.01534,10128328.37842,2000-04-27T17:45:19.780,14985.35626
113.40499,0.31186,-1178.27585,394534.45605,3386178.53197,1.11125,0.01614,10251690.01792,2000-04-29T04:01:17.420,15002.20539
113.41499,0.10422,-1163.93332,394458.00662,3386154.87880,1.11965,0.01497,10150999.48007,2000-04-28T00:02:53.617,14986.09743
113.42499,0.34502,-1172.24328,394538.62990,3386139.18424,1.11048,0.01546,10148054.42327,2000-04-27T23:14:02.083,14985.51802
113.43500,0.16059,-1170.69010,394477.20432,3386148.08656,1.11304,0.01627,10191278.19586,2000-04-28T11:14:24.337,14994.00121
113.44500,0.40176,-1177.67503,394581.64577,3386137.99357,1.11191,0.01588,10148874.71179,2000-04-27T23:27:38.069,14986.75353
113.45502,0.36756,-1179.10487,394534.33735,3386168.24670,1.11608,0.01324,10275686.33739,2000-04-29T10:41:16.200,15001.08839
113.46499,0.24719,-1167.65270,394499.30036,3386143.04194,1.11329,0.01399,10229032.07214,2000-04-28T21:43:34.573,14995.71986
113.47500,0.04181,-1166.82849,394400.16975,3386167.81671,1.11810,0.01375,10175438.46108,2000-04-28T06:50:25.280,14990.19775
113.48499,0.44375,-1186.92761,394603.91583,3386156.07631,1.11933,0.01366,10186323.18895,2000-04-28T09:51:45.725,14992.43212
113.49499,-0.16880,-1164.95459,394357.07653,3386175.49370,1.11780,0.01441,10171935.53552,2000-04-28T05:51:59.241,14992.21546
113.50500,0.42273,-1189.86284,394569.89655,3386158.35905,1.12054,0.01380,10312639.01541,2000-04-29T20:57:03.993,15008.73779
113.51500,-0.02440,-1173.76336,394465.73849,3386101.53394,1.12130,0.01397,10098819.09040,2000-04-27T09:33:27.502,14979.91090
113.52499,0.24147,-1182.42937,394538.36226,3386112.72151,1.11447,0.01465,10234033.49886,2000-04-28T23:07:01.469,14998.00778
113.53499,0.38296,-1194.26913,394570.15161,3386142.46244,1.11191,0.01446,10156419.54994,2000-04-28T01:33:22.114,14985.13804
113.54501,0.03316,-1173.99077,394425.40398,3386146.92687,1.11932,0.01377,10233231.70942,2000-04-28T22:53:39.840,14997.71747
113.55500,0.25810,-1190.11262,394537.23221,3386140.12691,1.11304,0.01506,10111073.84289,2000-04-27T12:57:51.800,14980.85946
113.56500,0.29222,-1183.57375,394534.79338,3386138.61577,1.11257,0.01523,10230207.55855,2000-04-28T22:03:17.685,14998.71938
113.57502,-0.06153,-1174.52764,394420.40202,3386138.62245,1.11520,0.01374,10164445.65123,2000-04-28T03:47:08.847,14989.15498
113.58498,0.40776,-1194.41227,394623.84455,3386135.16016,1.11286,0.01340,10127240.87188,2000-04-27T17:27:05.139,14980.24353
113.59500,0.12482,-1187.30216,394518.75056,3386114.23596,1.10966,0.01460,10348488.13958,2000-04-30T06:54:30.533,15017.55471
113.60502,0.30788,-1194.45537,394619.60406,3386128.01880,1.11207,0.01467,10208450.08500,2000-04-28T16:00:48.833,14993.76174
113.61501,-0.01375,-1175.51764,394464.63932,3386117.59896,1.10983,0.01463,10305252.31343,2000-04-29T18:54:05.430,15010.21226
113.62499,0.25155,-1189.05260,394561.32862,3386126.23882,1.10949,0.01337,10189502.25825,2000-04-28T10:44:54.735,14989.28927
113.63498,0.42068,-1197.72205,394626.56973,3386120.01453,1.10383,0.01464,10233813.40558,2000-04-28T23:03:19.046,15001.01235
113.64498,-0.04023,-1183.98367,394415.84596,3386133.51677,1.10521,0.01402,10321050.03509,2000-04-29T23:17:20.562,15009.59282
113.65498,0.62351,-1213.23210,394733.29937,3386096.25469,1.10839,0.01411,10227550.42002,2000-04-28T21:18:58.060,14993.01243
113.66500,0.45573,-1209.22792,394639.31844,3386107.91920,1.10625,0.01584,10164783.80508,2000-04-28T03:52:44.828,14988.87525
113.67500,0.30856,-1200.45874,394560.31650,3386133.49510,1.10338,0.01721,10237243.28419,2000-04-29T00:00:32.578,14996.77277
113.68500,0.27291,-1193.06529,394526.80130,3386121.13616,1.10308,0.01694,10208842.43356,2000-04-28T16:07:09.285,14997.80068
113.69499,0.09329,-1185.23672,394454.93783,3386181.25556,1.10295,0.01657,10275366.87867,2000-04-29T10:36:01.623,15004.64920
113.70500,0.51780,-1206.41644,394619.33124,3386125.67533,1.10307,0.01643,10099565.86397,2000-04-27T09:45:58.073,14977.64890
113.71501,0.42353,-1191.89035,394612.51101,3386131.49300,1.11261,0.01662,10328593.54962,2000-04-30T01:23:11.294,15015.51668
113.72500,0.09208,-1173.97183,394475.11125,3386145.50151,1.11333,0.01679,10293082.77734,2000-04-29T15:31:12.255,15000.52796
113.73501,0.47313,-1188.40930,394601.39819,3386143.93579,1.10838,0.01676,10300493.90701,2000-04-29T17:34:47.614,15008.27378
113.74500,0.31101,-1170.55582,394518.91664,3386182.31510,1.10877,0.01627,10199448.41119,2000-04-28T13:30:40.343,14994.64234
113.75499,0.39733,-1182.37664,394544.84885,3386191.39053,1.11030,0.01697,10222341.30623,2000-04-28T19:52:16.548,14998.04230
113.76500,0.16034,-1166.78828,394475.09028,3386186.10692,1.11081,0.01650,10233015.04837,2000-04-28T22:50:06.518,14998.75544
113.77502,0.31689,-1172.66915,394565.83658,3386168.42813,1.11769,0.01638,10264959.14024,2000-04-29T07:42:33.692,15002.40417
113.78499,0.17535,-1172.95364,394488.39113,3386192.26439,1.11871,0.01640,10249911.25014,2000-04-29T03:31:40.631,15002.60559
113.79500,-0.00179,-1158.00834,394397.88368,3386180.95914,1.11472,0.01894,10283314.58362,2000-04-29T12:48:40.089,14999.94748
113.80500,0.35321,-1180.26538,394543.49652,3386173.89369,1.11615,0.01817,10208929.55020,2000-04-28T16:08:46.531,14997.98699
113.81500,0.15512,-1178.38393,394475.38176,3386203.37271,1.11255,0.01805,10432497.22849,2000-05-01T06:14:48.485,15028.83559
113.82501,0.65076,-1189.27555,394741.06139,3386145.26662,1.11222,0.01844,10189965.87271,2000-04-28T10:52:32.115,14992.78475
113.83500,0.40718,-1181.00658,394596.68162,3386182.80747,1.11521,0.01627,10308204.20361,2000-04-29T19:43:14.683,15008.55797
113.84501,0.21407,-1164.13960,394539.54419,3386147.53005,1.12147,0.01665,10317114.22746,2000-04-29T22:11:44.982,15010.30078
113.85501,0.16255,-1165.33151,394503.22921,3386202.78727,1.12086,0.01787,10252089.02609,2000-04-29T04:08:03.964,14997.77772
113.86499,0.07501,-1163.81889,394434.36864,3386207.09003,1.11367,0.01785,10226519.05771,2000-04-28T21:01:58.422,14996.74092
113.87499,0.52995,-1175.12422,394623.18768,3386192.77404,1.11059,0.01724,10378887.99439,2000-04-30T15:21:11.017,15017.73163
113.88498,0.25959,-1163.12961,394549.50798,3386167.76830,1.11482,0.01855,10288740.93727,2000-04-29T14:18:56.245,15007.70794
113.89499,0.16647,-1166.07494,394469.28487,3386198.11028,1.11215,0.01603,10351912.62870,2000-04-30T07:51:46.726,15013.13676
113.90500,0.61743,-1187.04315,394709.43406,3386148.47947,1.11909,0.01617,10345606.56438,2000-04-30T06:06:32.988,15014.95926
113.91502,0.02686,-1164.88765,394470.93337,3386147.25916,1.10390,0.01687,10315651.74464,2000-04-29T21:47:30.295,15009.38210
113.92500,0.42012,-1184.24054,394608.17409,3386176.53644,1.11081,0.01696,10386298.09473,2000-04-30T17:24:49.568,15024.29255
113.93500,0.12058,-1169.88292,394491.40303,3386154.63091,1.10742,0.01650,10348606.58953,2000-04-30T06:56:41.157,15016.10037
113.94500,-0.10507,-1159.05057,394392.68478,3386189.40237,1.11252,0.01674,10332629.20845,2000-04-30T02:30:26.866,15010.60819
113.95502,0.31990,-1176.52874,394575.85861,3386168.85174,1.10836,0.01794,10339232.34182,2000-04-30T04:20:15.748,15016.39323
113.96500,0.33658,-1173.85320,394581.95706,3386164.40521,1.11343,0.01692,10191815.42782,2000-04-28T11:23:18.131,14987.15376
113.97500,0.32517,-1170.80492,394632.30118,3386129.13761,1.10980,0.01906,10332027.32649,2000-04-30T02:20:22.357,15014.31663
113.98501,0.06979,-1165.79316,394478.32810,3386167.77495,1.11132,0.01765,10207443.09779,2000-04-28T15:43:57.130,14998.65566
113.99499,-0.24978,-1157.79134,394330.14438,3386195.05605,1.11712,0.01862,10279187.51085,2000-04-29T11:39:37.839,15002.96126
114.00501,0.21217,-1170.33373,394601.77680,3386137.40366,1.12269,0.01789,10324137.00035,2000-04-30T00:08:54.083,15013.36318
114.01499,-0.06701,-1163.55536,394426.11321,3386176.79331,1.11256,0.01751,10338123.93868,2000-04-30T04:01:53.322,15015.46426
114.02501,0.47642,-1184.95719,394634.18305,3386150.05780,1.10631,0.01572,10206705.77832,2000-04-28T15:31:42.450,14997.23092
114.03500,0.55568,-1191.74688,394662.43120,3386153.48167,1.10813,0.01537,10247273.47445,2000-04-29T02:47:45.634,14997.39039
114.04499,0.40444,-1184.64992,394653.61122,3386140.29879,1.10284,0.01481,10164576.77029,2000-04-28T03:49:36.888,14990.79963
114.05499,0.36227,-1177.11211,394610.11078,3386127.12587,1.10122,0.01472,10270524.56571,2000-04-29T09:15:16.607,15006.53902
114.06501,0.11518,-1173.78708,394530.44000,3386148.95255,1.09633,0.01451,10320729.35193,2000-04-29T23:12:06.451,15007.88347
114.07500,0.59542,-1180.83900,394678.29559,3386137.66248,1.10606,0.01418,10212542.57113,2000-04-28T17:09:01.556,14995.28856
114.08499,0.34643,-1169.87050,394584.21455,3386165.07333,1.10748,0.01459,10195138.29675,2000-04-28T12:19:01.458,14991.49454
114.09501,0.25838,-1155.82729,394469.92553,3386209.01549,1.11465,0.01404,10160726.80739,2000-04-28T02:45:24.217,14989.19266
114.10502,0.19772,-1161.06683,394508.41210,3386190.25134,1.11415,0.01203,10311779.47374,2000-04-29T20:42:59.264,15013.71490
114.11500,0.12751,-1155.25908,394466.34487,3386161.28135,1.10743,0.01241,10160020.60377,2000-04-28T02:33:45.719,14989.13712
114.12498,0.70376,-1190.15784,394768.04628,3386141.29409,1.10978,0.01164,10320562.24812,2000-04-29T23:09:06.510,15011.77133
114.13501,0.53001,-1179.38887,394664.22011,3386152.39703,1.11002,0.01340,10407746.26688,2000-04-30T23:22:25.091,15025.00121
114.14499,0.46424,-1182.00958,394680.52370,3386132.58472,1.10376,0.01348,10248221.69857,2000-04-29T03:03:36.376,14998.68197
114.15500,0.42026,-1172.37833,394628.29709,3386162.09373,1.10790,0.01401,10297489.07882,2000-04-29T16:44:44.894,15009.18731
114.16499,0.17464,-1156.36511,394577.44303,3386149.15847,1.11243,0.01389,10253426.39148,2000-04-29T04:30:20.181,15002.96833
114.17499,0.43104,-1183.18138,394644.36663,3386219.08861,1.10981,0.01499,10238491.24037,2000-04-29T00:21:35.660,14999.88354
114.18501,0.44033,-1172.36023,394615.57211,3386116.30221,1.10676,0.01558,10119405.43376,2000-04-27T15:16:38.846,14982.50692
114.19501,0.28123,-1167.57456,394563.19142,3386164.89814,1.10884,0.01737,10346642.69773,2000-04-30T06:23:47.790,15011.92312
114.20500,0.11986,-1156.12963,394485.02941,3386153.23935,1.11243,0.01643,10248880.95538,2000-04-29T03:14:30.216,15000.78104
114.21501,0.16665,-1160.90806,394532.44837,3386165.10517,1.11508,0.01766,10363114.14096,2000-04-30T10:58:22.356,15018.17136
114.22501,0.43340,-1173.30105,394633.58522,3386133.90124,1.11112,0.01649,10279375.08117,2000-04-29T11:42:36.767,15006.58355
114.23502,0.24489,-1162.82140,394587.87259,3386121.47265,1.11195,0.01676,10247291.72245,2000-04-29T02:48:00.248,15000.22071
114.24501,0.47181,-1180.73455,394650.75608,3386162.37923,1.11278,0.01578,10210726.26941,2000-04-28T16:38:31.365,14998.32860
114.25502,0.31060,-1175.76567,394650.28083,3386133.04603,1.10705,0.01633,10236108.24852,2000-04-28T23:41:35.580,14999.21903
114.26500,0.67897,-1190.94151,394843.43441,3386107.60906,1.11249,0.01733,10262968.40178,2000-04-29T07:09:24.228,15003.15746
114.27500,0.38417,-1178.92863,394691.52261,3386139.89597,1.11610,0.01665,10107009.79897,2000-04-27T11:50:03.009,14978.45971
114.28500,0.03665,-1167.37445,394534.69128,3386159.29019,1.11305,0.01802,10291382.65577,2000-04-29T15:02:52.418,15009.17609
114.29500,0.28432,-1179.00377,394616.29695,3386152.46966,1.11428,0.01810,10214857.22445,2000-04-28T17:47:35.442,14996.57960
114.30500,0.47318,-1186.23990,394669.13749,3386178.69920,1.10875,0.01774,10264513.17380,2000-04-29T07:35:09.807,15004.88465
114.31501,0.10813,-1166.82541,394656.44449,3386129.78757,1.11105,0.01725,10238538.92484,2000-04-29T00:22:12.961,14999.81066
114.32502,0.52508,-1180.60968,394818.78999,3386148.84101,1.10784,0.01760,10401003.57944,2000-04-30T21:29:59.069,15026.18228
114.33500,0.19571,-1166.31658,394736.99179,3386128.83056,1.10974,0.01722,10291214.57774,2000-04-29T15:00:13.612,15005.59696
114.34500,0.20381,-1173.74536,394671.69619,3386175.03110,1.10720,0.01811,10316982.72262,2000-04-29T22:09:37.011,15004.97185
114.35500,0.39170,-1174.99347,394793.98955,3386112.34565,1.11233,0.01728,10260588.64151,2000-04-29T06:29:36.397,15003.62731
114.36500,0.67102,-1190.71456,394884.36244,3386137.87757,1.11392,0.01701,10296454.17822,2000-04-29T16:27:42.491,15007.64310
114.37500,-0.04394,-1160.70698,394583.36198,3386172.78020,1.10985,0.01844,10313077.65545,2000-04-29T21:04:38.768,15009.59333
114.38500,0.29677,-1171.67337,394651.84977,3386192.60133,1.11278,0.01762,10284002.71659,2000-04-29T13:00:06.309,15005.98962
114.39499,-0.36239,-1147.38993,394407.74761,3386198.59642,1.11653,0.01773,10288616.55809,2000-04-29T14:16:58.940,15008.06136
114.40499,0.50231,-1182.03097,394748.34042,3386176.17846,1.10994,0.01712,10407534.17300,2000-04-30T23:18:55.017,15021.93968
114.41500,0.44763,-1176.15115,394748.66152,3386137.15286,1.10663,0.01635,10350433.95892,2000-04-30T07:27:16.277,15017.80219
114.42500,0.18595,-1160.78388,394638.84538,3386156.15563,1.10713,0.01726,10272846.89666,2000-04-29T09:54:02.550,15005.73865
114.43500,0.21175,-1166.36665,394654.78776,3386152.10891,1.11079,0.01751,10261261.38133,2000-04-29T06:41:00.674,15001.54553
114.44501,0.35039,-1166.66738,394717.10674,3386137.59947,1.10993,0.01747,10424960.13095,2000-05-01T04:09:23.027,15027.13626
114.45500,-0.02612,-1164.21647,394533.81714,3386177.56346,1.11015,0.01756,10299940.04280,2000-04-29T17:25:35.826,15008.72949
114.46499,0.27995,-1169.40103,394664.66953,3386143.12046,1.11379,0.01727,10304287.64974,2000-04-29T18:38:09.606,15008.15187
114.47499,0.04795,-1159.02621,394689.86883,3386184.83170,1.10864,0.01716,10285794.44552,2000-04-29T13:29:49.935,15009.62211
114.48500,0.33204,-1174.55681,394827.43761,3386164.16074,1.11016,0.01783,10315532.82852,2000-04-29T21:45:37.007,15007.49202
114.49498,0.06388,-1162.35840,394685.12471,3386174.51351,1.11006,0.01820,10308292.96301,2000-04-29T19:44:45.122,15013.05804
114.50499,0.28066,-1161.38860,394781.98459,3386126.90453,1.11188,0.01754,10284601.15875,2000-04-29T13:09:59.754,15001.92260
114.51502,0.30438,-1169.85273,394778.45794,3386151.70768,1.10904,0.01846,10410579.42758,2000-05-01T00:09:49.754,15022.91347
114.52501,0.02616,-1154.09569,394674.31777,3386171.69528,1.11406,0.01805,10322379.78623,2000-04-29T23:39:36.612,15012.36224
114.53500,0.24422,-1162.33583,394801.45947,3386118.67526,1.10450,0.01819,10281953.94710,2000-04-29T12:25:49.255,15004.25341
114.54501,0.04057,-1156.22144,394694.59845,3386143.52580,1.11040,0.01729,10330531.11333,2000-04-30T01:55:33.639,15016.10134
114.55499,0.09634,-1159.20740,394685.01261,3386148.99643,1.11021,0.01793,10275872.81231,2000-04-29T10:44:33.669,15002.80281
114.56499,-0.17240,-1146.69403,394558.23151,3386163.33568,1.11294,0.01750,10179517.89956,2000-04-28T07:58:37.006,14990.53747
114.57501,0.38038,-1169.55774,394791.26808,3386143.94131,1.11076,0.01821,10248408.70217,2000-04-29T03:06:55.768,15001.37097
114.58502,0.26077,-1164.02236,394736.56128,3386127.81123,1.11315,0.01766,10263369.02039,2000-04-29T07:16:08.403,15002.05207
114.59500,0.28754,-1170.28835,394760.91569,3386121.88115,1.11279,0.01878,10240495.70150,2000-04-29T00:54:57.746,14995.58531
114.60501,-0.01330,-1163.45067,394616.17713,3386128.81795,1.11395,0.01746,10256621.45689,2000-04-29T05:23:48.343,15005.68527
114.61500,0.24944,-1178.81348,394680.73322,3386161.04493,1.11093,0.01811,10313701.79295,2000-04-29T21:15:06.918,15009.17315
114.62499,-0.09075,-1163.41772,394530.16306,3386170.63453,1.11592,0.01927,10300537.06550,2000-04-29T17:35:30.691,15008.54571
114.63501,0.08686,-1168.08232,394622.46479,3386150.50990,1.11886,0.01853,10230856.30436,2000-04-28T22:14:19.025,14997.97209
114.64502,0.26377,-1167.25845,394767.35491,3386104.76219,1.12203,0.01805,10281671.59372,2000-04-29T12:21:20.554,15003.18370
114.65498,0.25453,-1175.32728,394680.46332,3386156.14545,1.11831,0.01836,10135531.51341,2000-04-27T19:45:25.428,14984.55724
114.66501,0.19417,-1169.29239,394637.20620,3386152.92513,1.11440,0.01853,10225809.16459,2000-04-28T20:50:13.189,14994.25539
114.67499,0.24252,-1170.16520,394654.79565,3386170.12383,1.11516,0.01736,10218250.33504,2000-04-28T18:44:10.077,14996.81560
114.68500,-0.03906,-1156.95102,394493.39257,3386185.80163,1.11892,0.02089,10232871.96528,2000-04-28T22:47:59.386,14997.78731
114.69500,-0.01334,-1152.03272,394557.87840,3386121.60597,1.11730,0.01951,10241320.52805,2000-04-29T01:08:45.500,14999.80527
114.70500,0.15791,-1157.20121,394563.95186,3386166.54178,1.11578,0.01758,10125586.26952,2000-04-27T16:59:40.757,14983.65499
114.71500,-0.21978,-1136.25616,394421.23723,3386176.84611,1.11660,0.01664,10281040.37697,2000-04-29T12:10:37.173,15003.91812
114.72500,0.45114,-1170.58895,394684.14552,3386173.17979,1.11728,0.01775,10229909.52824,2000-04-28T21:58:25.419,14996.11673
114.73500,0.13796,-1153.73852,394560.93068,3386160.59511,1.12353,0.01824,10220434.60962,2000-04-28T19:20:21.397,14997.07901
114.74499,0.09158,-1158.86101,394550.34986,3386173.38695,1.11870,0.02009,10246185.51024,2000-04-29T02:29:33.161,14999.93737
114.75499,-0.06220,-1153.83021,394539.24898,3386158.25058,1.12335,0.02021,10342913.88657,2000-04-30T05:21:45.707,15016.17363
114.76500,0.24544,-1158.59052,394624.04238,3386154.18071,1.11554,0.02091,10241071.50815,2000-04-29T01:04:16.008,15001.11614
114.77499,-0.30588,-1137.43126,394381.95955,3386185.03572,1.12155,0.01998,10157783.58909,2000-04-28T01:56:13.616,14986.20704
114.78499,-0.01139,-1144.24061,394524.59214,3386177.18308,1.11889,0.02038,10216643.58172,2000-04-28T18:17:17.998,14994.93533
114.79499,0.00398,-1153.86155,394492.35765,3386235.38581,1.11702,0.02018,10399362.21181,2000-04-30T21:02:38.146,15027.28804
114.80499,0.19680,-1157.66143,394627.21723,3386152.60129,1.11754,0.01994,10271738.60384,2000-04-29T09:35:29.846,15003.72821
114.81501,0.22992,-1160.41246,394665.66705,3386150.84480,1.12172,0.01799,10335058.18883,2000-04-30T03:10:49.407,15012.87552
114.82503,0.45375,-1156.64225,394697.14952,3386151.42260,1.12456,0.01762,10320447.50560,2000-04-29T23:07:21.708,15011.99110
114.83500,0.16263,-1154.05228,394611.70896,3386143.80685,1.12391,0.01873,10275297.23753,2000-04-29T10:34:54.495,15004.43293
114.84500,0.04332,-1151.95040,394608.54805,3386133.97080,1.12065,0.02044,10340738.72690,2000-04-30T04:45:31.360,15013.73209
114.85500,0.38999,-1164.43638,394680.17493,3386205.26673,1.11789,0.02173,10369106.56759,2000-04-30T12:38:19.319,15018.51123
114.86500,0.04846,-1147.95128,394564.96124,3386147.05706,1.12389,0.02185,10350390.88516,2000-04-30T07:26:24.972,15015.44238
114.87501,0.35344,-1153.68156,394649.83376,3386175.02138,1.11509,0.02094,10283487.12274,2000-04-29T12:51:21.704,15006.22885
114.88500,0.10121,-1147.04857,394560.53737,3386180.96797,1.11416,0.01819,10294498.02134,2000-04-29T15:54:56.222,15008.15639
114.89500,0.22173,-1147.52737,394610.33990,3386167.37150,1.10829,0.01932,10254603.57374,2000-04-29T04:50:01.004,15005.08475
114.90501,0.26190,-1150.42300,394607.72963,3386193.14172,1.10922,0.01937,10334794.51710,2000-04-30T03:06:32.373,15016.80345
114.91499,0.24352,-1149.05256,394584.67948,3386190.63662,1.10938,0.01916,10226225.82083,2000-04-28T20:56:54.065,14998.44052
114.92499,-0.19652,-1124.90278,394398.30183,3386192.72034,1.10745,0.01868,10288663.01482,2000-04-29T14:17:48.096,15006.62995
114.93499,0.04510,-1135.15089,394522.98837,3386163.64335,1.10981,0.02036,10315386.72813,2000-04-29T21:43:01.383,15011.61743
114.94500,-0.00705,-1133.38508,394472.53024,3386200.04747,1.11286,0.01957,10244807.96821,2000-04-29T02:06:42.537,14997.63547
114.95501,0.30073,-1139.02086,394609.15041,3386174.47988,1.11880,0.02012,10201616.06293,2000-04-28T14:06:51.447,14992.61946
114.96500,-0.04474,-1133.67652,394458.55199,3386219.26161,1.11359,0.02077,10324222.68841,2000-04-30T00:10:25.895,15012.61612
114.97501,0.14823,-1148.21535,394593.54604,3386156.70288,1.11187,0.02146,10217113.39041,2000-04-28T18:25:08.070,14997.90412
114.98499,0.30584,-1149.49853,394607.35619,3386187.86597,1.11140,0.02153,10230294.02535,2000-04-28T22:04:47.452,14997.42708
114.99500,0.46056,-1158.68882,394716.86356,3386170.82746,1.11830,0.02019,10355712.67765,2000-04-30T08:55:04.251,15017.78069
115.00500,0.09188,-1140.85669,394560.63054,3386158.89272,1.11805,0.01924,10239285.07219,2000-04-29T00:34:34.629,14997.83423
115.01500,-0.16052,-1138.28555,394398.88386,3386228.95941,1.11872,0.02074,10245407.06347,2000-04-29T02:16:40.763,14999.10244
115.02502,0.28523,-1153.04825,394693.46464,3386143.60484,1.11945,0.01994,10221652.93104,2000-04-28T19:40:48.596,14993.48479
115.03501,0.27255,-1150.56152,394669.26911,3386130.61349,1.11869,0.01851,10291396.62480,2000-04-29T15:03:17.849,15007.46124
115.04500,0.46058,-1162.37979,394664.49699,3386172.86286,1.11349,0.01986,10239198.58043,2000-04-29T00:33:12.494,15001.10794
115.05500,0.33948,-1157.07950,394591.66351,3386189.20293,1.11309,0.02190,10246664.36594,2000-04-29T02:37:37.328,15000.91643
115.06499,0.17252,-1151.93286,394552.60152,3386142.58637,1.11442,0.02535,10202338.76097,2000-04-28T14:18:54.121,14997.14097
115.07500,0.15959,-1151.00710,394543.45294,3386171.37634,1.11204,0.02585,10216348.86800,2000-04-28T18:12:28.311,14996.09001
115.08500,0.36583,-1166.01532,394648.30859,3386139.82347,1.11514,0.02668,10187467.48348,2000-04-28T10:11:08.570,14987.51083
115.09500,0.20615,-1154.64491,394580.55872,3386126.10055,1.11290,0.02623,10230832.14430,2000-04-28T22:13:50.055,14999.01815
115.10501,0.16395,-1160.97945,394592.37697,3386137.07618,1.11323,0.02540,10189486.68353,2000-04-28T10:44:43.903,14992.86336
115.11500,0.29792,-1162.74535,394585.93832,3386156.82710,1.11903,0.02571,10328080.38440,2000-04-30T01:14:31.495,15012.98559
115.12499,0.30382,-1168.67886,394621.23716,3386115.55536,1.11596,0.02298,10207870.58572,2000-04-28T15:51:07.693,14990.76090
115.13500,0.18114,-1158.40759,394530.87374,3386159.56298,1.11569,0.02184,10164720.21856,2000-04-28T03:51:56.165,14988.54313
115.14498,0.25934,-1161.08955,394573.50428,3386139.31371,1.11486,0.02142,10292657.10835,2000-04-29T15:24:03.393,15011.45265
115.15501,0.31958,-1164.24282,394651.03614,3386109.82423,1.11939,0.01987,10252981.38986,2000-04-29T04:22:59.774,15000.82660
115.16498,0.18082,-1162.14186,394528.15427,3386160.55883,1.11206,0.02050,10139252.95643,2000-04-27T20:47:37.216,14987.40377
115.17497,0.42282,-1166.50714,394686.18773,3386111.07079,1.11527,0.01740,10193963.74001,2000-04-28T11:59:27.048,14989.60104
115.18500,0.31193,-1155.30137,394622.09650,3386142.46723,1.10931,0.01991,10194799.39957,2000-04-28T12:13:13.923,14994.39066
115.19501,0.36813,-1160.22136,394653.47209,3386128.35224,1.11625,0.01958,10292300.70335,2000-04-29T15:18:09.014,15007.02900
115.20500,0.25131,-1156.74090,394533.51451,3386179.62728,1.10952,0.01841,10116880.34787,2000-04-27T14:34:29.840,14978.03841
115.21499,0.39075,-1164.90992,394666.86512,3386138.62267,1.11355,0.01887,10318074.35109,2000-04-29T22:27:51.675,15009.88090
115.22499,0.52441,-1171.94230,394666.54334,3386151.88525,1.12002,0.01807,10150913.12548,2000-04-28T00:01:49.563,14982.58336
115.23498,0.34344,-1165.68041,394587.44226,3386174.42370,1.11073,0.01847,10264486.01460,2000-04-29T07:34:40.053,15002.83009
115.24501,0.45567,-1160.84600,394709.33117,3386092.58236,1.11375,0.01788,10251582.84814,2000-04-29T03:59:33.523,15000.99556
115.25498,0.43782,-1167.48202,394629.90279,3386180.63135,1.11703,0.01785,10169486.45664,2000-04-28T05:11:17.486,14990.66948
115.26501,0.14544,-1149.14210,394526.27659,3386171.08550,1.11780,0.01968,10262472.02571,2000-04-29T07:01:04.646,14997.85485
115.27500,0.21635,-1148.61269,394540.37269,3386171.28791,1.11824,0.01798,10279874.54423,2000-04-29T11:51:11.022,15006.94221
115.28499,0.31655,-1148.00106,394592.82243,3386165.32109,1.12024,0.01837,10354029.82519,2000-04-30T08:26:54.656,15015.76918
115.29499,0.25095,-1153.63266,394538.59490,3386174.50375,1.11538,0.02047,10308346.23689,2000-04-29T19:45:42.464,15007.64392
115.30500,0.44691,-1149.67325,394639.60120,3386173.58709,1.11270,0.02019,10212910.38680,2000-04-28T17:15:05.929,14997.95732
115.31500,0.31924,-1142.21737,394573.59567,3386187.71999,1.10971,0.02113,10444719.61109,2000-05-01T09:38:40.889,15031.98224
115.32500,0.74528,-1157.61354,394745.83530,3386178.03786,1.10888,0.02025,10385015.65133,2000-04-30T17:03:29.818,15016.93601
115.33501,-0.06258,-1129.19769,394409.37106,3386214.53042,1.11112,0.02069,10367595.90954,2000-04-30T12:13:10.451,15014.55574
115.34500,0.41142,-1135.59765,394634.52325,3386148.78594,1.11027,0.02141,10388459.37866,2000-04-30T18:00:50.888,15017.44684
115.35501,0.29676,-1151.74794,394563.75531,3386194.10691,1.11202,0.01994,10264417.31842,2000-04-29T07:33:33.025,15003.58006
115.36499,0.33138,-1149.92975,394554.64802,3386206.09116,1.10847,0.01908,10229005.27785,2000-04-28T21:43:09.788,14994.79608
115.37499,0.35391,-1149.47255,394617.76141,3386162.15057,1.11029,0.02008,10295082.66543,2000-04-29T16:04:34.487,15010.64170
115.38499,0.33105,-1139.26048,394612.95546,3386131.31918,1.11208,0.02097,10281346.69190,2000-04-29T12:15:32.616,15004.26048
115.39498,0.42768,-1155.59148,394644.15479,3386156.35171,1.11205,0.02231,10305608.55054,2000-04-29T19:00:05.951,15008.61090
115.40500,0.24698,-1141.91273,394549.36259,3386187.36758,1.11141,0.02344,10199396.77840,2000-04-28T13:29:38.756,14991.58151
115.41499,0.51387,-1153.50129,394665.03487,3386191.67969,1.11668,0.02274,10298540.64179,2000-04-29T17:02:10.672,15010.05731
115.42499,0.33381,-1152.35546,394629.37815,3386165.96495,1.11870,0.02401,10343862.23319,2000-04-30T05:37:31.964,15012.23886
115.43500,0.20369,-1139.93148,394593.05459,3386129.44020,1.12587,0.02356,10326430.28626,2000-04-30T00:47:06.405,15007.63805
115.44500,0.55328,-1152.26081,394752.11231,3386139.30291,1.12039,0.02384,10267291.02144,2000-04-29T08:21:18.528,15002.84760
115.45501,-0.04916,-1139.84844,394477.91158,3386154.85324,1.12740,0.02310,10400574.63326,2000-04-30T21:22:39.935,15021.28286
115.46500,0.25774,-1153.75260,394565.17575,3386188.67457,1.11929,0.02386,10287051.67211,2000-04-29T13:50:41.106,15010.33991
115.47499,0.18128,-1148.25737,394558.10916,3386152.60793,1.12131,0.02397,10182970.03154,2000-04-28T08:55:59.309,14988.33166
115.48498,0.70788,-1167.35539,394769.17332,3386136.47139,1.11709,0.02596,10296822.83941,2000-04-29T16:33:27.959,15002.98620
115.49501,0.59923,-1165.04663,394720.78985,3386145.51980,1.11806,0.02711,10306918.91271,2000-04-29T19:21:54.347,15008.93749
115.50501,0.15827,-1156.40351,394562.78067,3386132.47571,1.11801,0.02775,10275013.84327,2000-04-29T10:30:10.018,15005.02418
115.51499,0.38910,-1167.20114,394612.36801,3386185.82696,1.12049,0.02737,10317834.85190,2000-04-29T22:23:40.946,15008.41499
115.52498,0.55270,-1168.57230,394695.17373,3386162.38880,1.12198,0.02709,10278715.56596,2000-04-29T11:31:47.226,15004.80646
115.53498,0.63812,-1170.27087,394739.15965,3386136.05076,1.11617,0.02546,10288757.43895,2000-04-29T14:19:08.509,15010.92879
115.54500,-0.07292,-1134.70844,394415.55352,3386173.17447,1.12381,0.02732,10273062.00544,2000-04-29T09:57:38.320,15004.50440
115.55500,0.39230,-1157.18017,394583.14782,3386198.86054,1.12119,0.02675,10281732.15664,2000-04-29T12:22:06.858,15004.62404
115.56498,0.72284,-1163.50050,394734.98129,3386169.37893,1.12383,0.02599,10322666.79330,2000-04-29T23:44:16.977,15014.26582
115.57500,0.53077,-1153.87053,394715.31926,3386136.27733,1.12077,0.02558,10257918.79672,2000-04-29T05:45:14.861,15000.78668
115.58501,0.51937,-1153.69992,394640.34766,3386200.09380,1.11941,0.02495,10271583.84205,2000-04-29T09:32:56.117,15005.62263
115.59500,0.57937,-1153.77745,394668.46090,3386200.14924,1.12085,0.02185,10263863.98427,2000-04-29T07:24:18.652,15005.55514
115.60502,0.09620,-1125.33084,394480.36688,3386185.00615,1.12041,0.02123,10305572.17921,2000-04-29T18:59:32.304,15003.87556
115.61500,0.83632,-1153.77827,394755.99042,3386189.00644,1.11288,0.01866,10391235.26067,2000-04-30T18:47:14.173,15021.93101
115.62499,0.34950,-1137.60113,394565.49408,3386217.65629,1.11468,0.01677,10300984.97056,2000-04-29T17:43:08.903,15009.67576
115.63499,0.22809,-1122.62851,394500.25100,3386198.50643,1.11613,0.01660,10283614.00630,2000-04-29T12:53:32.473,15006.90952
115.64499,0.49772,-1131.66933,394616.38693,3386188.55924,1.11657,0.01863,10248522.54351,2000-04-29T03:08:41.170,14999.52361
115.65500,0.24349,-1124.77608,394512.20551,3386207.76960,1.12187,0.01866,10178416.08462,2000-04-28T07:40:10.313,14994.96147
115.66500,0.63105,-1134.59054,394672.36584,3386183.83453,1.11253,0.01792,10260680.24744,2000-04-29T06:31:14.564,15005.20303
115.67500,0.28542,-1117.15742,394498.03505,3386236.14211,1.11102,0.01932,10299720.26237,2000-04-29T17:21:59.021,15005.30600
115.68498,0.38412,-1128.75255,394556.98390,3386232.22371,1.10956,0.02140,10287348.80913,2000-04-29T13:55:45.571,15006.75658
115.69501,0.66467,-1130.43143,394658.84881,3386225.78536,1.11431,0.01944,10329646.85517,2000-04-30T01:40:42.236,15013.88225
115.70501,0.47584,-1123.12884,394561.77764,3386241.89420,1.10902,0.02049,10227970.77792,2000-04-28T21:26:09.759,14993.87273
115.71499,0.35912,-1122.10826,394555.74277,3386218.69241,1.11631,0.01973,10358912.03472,2000-04-30T09:48:29.164,15023.65144
115.72501,0.45908,-1120.28987,394585.92310,3386208.63492,1.11676,0.01771,10262244.95720,2000-04-29T06:57:33.504,14999.06079
115.73502,0.60562,-1124.83685,394672.16312,3386188.20728,1.11526,0.01730,10238440.24391,2000-04-29T00:20:32.492,15002.51387
115.74499,0.55379,-1130.00376,394602.69796,3386223.59538,1.11708,0.01701,10180229.38948,2000-04-28T08:10:30.709,14990.33060
115.75500,0.41111,-1127.87733,394623.28985,3386213.94749,1.12055,0.01731,10298515.01559,2000-04-29T17:02:00.783,15007.46550
115.76501,0.95245,-1148.18599,394840.59581,3386191.96967,1.11721,0.01802,10331177.44907,2000-04-30T02:06:22.181,15015.31156
115.77500,0.19574,-1117.35038,394485.28322,3386235.42712,1.11779,0.01676,10247244.48635,2000-04-29T02:47:22.153,15000.51724
115.78500,0.92090,-1137.82156,394810.28836,3386193.57648,1.11638,0.01762,10273247.06272,2000-04-29T10:00:49.276,15005.30541
115.79499,0.78547,-1134.90446,394732.68764,3386233.55715,1.11548,0.01671,10274888.02573,2000-04-29T10:28:06.176,15004.71397
115.80499,0.93831,-1144.79771,394816.76284,3386204.13210,1.11471,0.01675,10367304.00287,2000-04-30T12:08:32.333,15019.45138
115.81500,0.39076,-1121.27661,394581.59053,3386211.16996,1.12130,0.01760,10329438.82550,2000-04-30T01:37:14.479,15013.87546
115.82501,0.56611,-1132.41132,394672.48568,3386220.43522,1.12414,0.01722,10379635.64045,2000-04-30T15:33:55.133,15020.37526
115.83501,0.79960,-1139.28911,394774.49967,3386175.27347,1.12412,0.01730,10303849.03780,2000-04-29T18:30:49.017,15010.74665
115.84502,0.45828,-1128.66917,394608.41279,3386224.14667,1.12345,0.01683,10337933.36414,2000-04-30T03:58:56.152,15016.64933
115.85502,0.48844,-1125.72599,394638.16838,3386186.71343,1.12210,0.01890,10265030.64312,2000-04-29T07:43:44.736,15004.58079
115.86503,0.87462,-1138.61032,394770.39405,3386208.91315,1.12396,0.01939,10333070.81670,2000-04-30T02:37:53.830,15008.80373
115.87500,0.46622,-1126.55581,394618.82433,3386208.68451,1.11919,0.01993,10226053.26676,2000-04-28T20:54:03.667,15003.69627
115.88499,0.82412,-1144.26393,394734.88381,3386227.95679,1.11929,0.02084,10374992.34815,2000-04-30T14:16:42.973,15021.98928
115.89500,0.66715,-1135.19365,394719.71217,3386203.96130,1.12090,0.02108,10299790.42183,2000-04-29T17:23:06.888,15007.89488
115.90500,0.57846,-1134.79840,394679.46102,3386205.11995,1.11729,0.02274,10350525.21016,2000-04-30T07:28:45.334,15014.74414
115.91500,0.68919,-1137.22932,394709.87737,3386185.22734,1.11759,0.02003,10288368.96980,2000-04-29T14:12:50.902,15009.93576
115.92500,0.72861,-1145.23872,394711.74766,3386234.30910,1.12269,0.02051,10300601.63490,2000-04-29T17:36:45.912,15009.57832
115.93499,0.81536,-1143.93735,394811.92010,3386177.83501,1.11744,0.01889,10335148.50070,2000-04-30T03:12:29.379,15016.85066
115.94500,0.82601,-1144.10185,394804.46350,3386172.19894,1.11520,0.01918,10280841.30568,2000-04-29T12:07:11.910,15005.58945
115.95499,0.51654,-1127.04184,394656.99222,3386217.68220,1.11601,0.01968,10325244.16100,2000-04-30T00:27:19.836,15013.62302
115.96500,0.71084,-1130.77373,394726.52288,3386203.13426,1.11094,0.02043,10288657.00650,2000-04-29T14:17:33.928,15008.28709
115.97500,0.56669,-1127.48850,394666.30622,3386196.61198,1.11320,0.01968,10231334.80663,2000-04-28T22:22:15.828,14994.45445
115.98501,0.18580,-1113.88177,394507.25833,3386226.80737,1.11019,0.02195,10337337.69386,2000-04-30T03:49:01.109,15015.09668
115.99500,0.79081,-1128.44939,394741.85330,3386203.10593,1.10599,0.01986,10367348.46671,2000-04-30T12:09:05.847,15017.26195
116.00499,0.66116,-1127.67829,394699.07471,3386206.80799,1.10193,0.02070,10257748.85930,2000-04-29T05:42:33.397,15001.75692
116.01502,0.71358,-1131.71051,394730.60076,3386186.52949,1.10620,0.01694,10253556.76068,2000-04-29T04:32:35.353,15001.79484
116.02500,0.48806,-1118.31329,394608.78006,3386239.67060,1.10683,0.01537,10368631.11048,2000-04-30T12:30:38.065,15018.72113
116.03498,0.60904,-1121.18697,394689.01473,3386197.04680,1.10725,0.01575,10335001.05332,2000-04-30T03:09:56.184,15016.70330
116.04500,1.01288,-1141.56764,394852.54891,3386183.91070,1.11497,0.01478,10233386.89905,2000-04-28T22:56:29.029,15000.78508
116.05502,0.01653,-1105.22283,394414.00758,3386242.00204,1.11215,0.01472,10378564.61396,2000-04-30T15:15:59.470,15016.93850
116.06500,1.20094,-1153.06165,394929.01473,3386201.19414,1.11365,0.01631,10234793.39445,2000-04-28T23:19:50.548,14999.38185
116.07502,0.27773,-1118.35860,394547.29089,3386210.35635,1.11174,0.01449,10370398.67918,2000-04-30T12:59:49.116,15021.18950
116.08499,0.76842,-1136.60926,394788.11475,3386173.13523,1.11741,0.01575,10377400.08297,2000-04-30T14:56:49.745,15013.20959
116.09501,0.45236,-1132.82490,394628.43169,3386205.00898,1.11545,0.01416,10325577.39331,2000-04-30T00:32:56.596,15013.10183
116.10500,0.82123,-1137.76083,394766.18982,3386201.10080,1.11641,0.01615,10345713.86991,2000-04-30T06:08:43.411,15014.00085
116.11501,0.43264,-1124.85890,394608.33043,3386215.24496,1.10549,0.01526,10330359.82942,2000-04-30T01:52:41.771,15014.20310
116.12499,0.76906,-1138.10038,394730.61892,3386198.39498,1.10520,0.01452,10256023.43988,2000-04-29T05:13:41.978,15000.25221
116.13501,0.99685,-1147.71662,394827.52036,3386198.96527,1.10847,0.01523,10348037.76640,2000-04-30T06:47:17.247,15017.92966
116.14500,0.59666,-1134.90027,394664.54774,3386227.17328,1.10894,0.01522,10318880.31380,2000-04-29T22:41:15.912,15011.35634
116.15502,0.40092,-1126.62313,394599.81959,3386230.04032,1.10098,0.01592,10355010.43477,2000-04-30T08:43:34.654,15016.58517
116.16502,0.33188,-1124.41323,394588.51974,3386202.01945,1.10303,0.01498,10281325.72407,2000-04-29T12:15:26.931,15003.94376
116.17500,0.75971,-1144.88471,394768.26946,3386198.80975,1.10045,0.01444,10268004.14948,2000-04-29T08:33:29.479,15004.11930
116.18499,0.50423,-1135.32109,394616.75874,3386232.41939,1.10495,0.01554,10304032.38743,2000-04-29T18:33:57.247,15008.98934
116.19501,0.78541,-1156.04197,394799.56468,3386181.14233,1.10798,0.01622,10299169.84952,2000-04-29T17:13:07.794,15008.07253
116.20501,0.56852,-1143.12870,394709.41656,3386190.12999,1.10815,0.01702,10252136.06270,2000-04-29T04:09:00.377,15008.30767
116.21500,0.42442,-1137.63299,394598.38138,3386221.34058,1.10914,0.01576,10290637.03165,2000-04-29T14:50:36.554,15007.84091
116.22499,0.69676,-1142.94091,394747.62431,3386172.81753,1.10834,0.01574,10212394.77235,2000-04-28T17:06:32.226,14995.93820
116.23500,0.73694,-1152.19412,394744.72495,3386197.88335,1.10576,0.01598,10291379.25752,2000-04-29T15:03:02.636,15007.19833
116.24499,1.04030,-1166.92724,394928.69151,3386143.18503,1.10679,0.01607,10307613.02141,2000-04-29T19:33:36.378,15008.07705
116.25500,0.30126,-1130.96563,394541.25635,3386196.06426,1.10211,0.01576,10300566.36409,2000-04-29T17:36:04.571,15011.27391
116.26499,0.69601,-1152.65851,394753.74215,3386170.92384,1.10134,0.01555,10245752.60061,2000-04-29T02:22:26.072,15002.17320
116.27500,0.57378,-1146.70994,394672.94345,3386201.85933,1.10171,0.01669,10264763.31799,2000-04-29T07:39:13.626,15000.53386
116.28500,0.24100,-1140.75220,394547.02563,3386191.72960,1.10719,0.01554,10397008.00943,2000-04-30T20:23:26.222,15024.65283
116.29501,0.86731,-1157.00544,394806.79316,3386182.13840,1.11114,0.01589,10331574.96159,2000-04-30T02:12:51.969,15013.45888
116.30501,0.71405,-1152.30578,394742.91920,3386189.26185,1.11181,0.01709,10266712.24204,2000-04-29T08:11:50.817,15002.08060
116.31501,0.84635,-1154.15138,394812.28309,3386162.05963,1.11816,0.01587,10207212.52400,2000-04-28T15:40:04.118,14995.46837
116.32502,0.64441,-1149.93119,394715.10526,3386192.28925,1.11695,0.01489,10351130.48514,2000-04-30T07:38:44.993,15016.67651
116.33501,0.73412,-1148.39820,394747.40877,3386180.09660,1.11374,0.01633,10257968.84927,2000-04-29T05:45:59.840,15004.03896
116.34501,0.18579,-1128.07994,394529.88646,3386226.65454,1.10914,0.01645,10314056.56078,2000-04-29T21:20:49.870,15006.36214
116.35500,0.96486,-1154.47323,394856.05492,3386195.75997,1.11367,0.01557,10330410.35015,2000-04-30T01:53:19.454,15016.58212
116.36499,0.91876,-1152.06148,394817.07726,3386194.58597,1.10818,0.01557,10162439.00040,2000-04-28T03:13:52.448,14991.78659
116.37500,0.75893,-1154.15391,394768.46424,3386194.05742,1.10971,0.01647,10275417.05342,2000-04-29T10:36:51.349,15003.81224
116.38501,0.63212,-1146.15390,394696.65046,3386207.01962,1.11068,0.01515,10356836.13989,2000-04-30T09:13:58.762,15016.68142
116.39500,0.69572,-1153.32190,394746.19935,3386173.71759,1.10468,0.01660,10253767.99040,2000-04-29T04:36:02.107,14997.06386
116.40501,0.75474,-1151.28919,394783.32756,3386186.75734,1.10948,0.01638,10364223.38079,2000-04-30T11:16:56.356,15019.94181
116.41500,0.59325,-1147.60324,394725.75400,3386175.23991,1.10823,0.01608,10327656.13085,2000-04-30T01:07:21.744,15013.36048
116.42500,0.78989,-1160.79830,394776.29435,3386199.86032,1.10906,0.01660,10388999.84828,2000-04-30T18:09:58.194,15021.43608
116.43498,0.90590,-1161.67863,394843.68018,3386184.84933,1.10497,0.01665,10322671.07747,2000-04-29T23:44:19.198,15013.33656
116.44498,0.72976,-1155.87701,394738.61362,3386205.20160,1.10581,0.01724,10344139.49074,2000-04-30T05:42:18.540,15015.59008
116.45501,0.88540,-1156.33265,394826.21392,3386185.18403,1.10154,0.01689,10227048.09918,2000-04-28T21:10:33.229,15000.15869
116.46500,0.73941,-1154.32352,394763.56897,3386207.26760,1.10314,0.01736,10382197.99894,2000-04-30T16:16:40.205,15023.35676
116.47500,0.85831,-1158.84890,394818.86566,3386183.21306,1.10717,0.01706,10335278.92856,2000-04-30T03:14:32.465,15013.85986
116.48500,0.79604,-1146.30610,394795.74185,3386199.67243,1.11149,0.01749,10355092.34596,2000-04-30T08:44:51.558,15016.46117
116.49499,0.82771,-1157.75004,394784.94044,3386200.67857,1.11221,0.01776,10271807.23923,2000-04-29T09:36:41.137,15003.49503
116.50500,1.00706,-1162.66372,394886.16445,3386207.58077,1.10851,0.01750,10434779.59084,2000-05-01T06:52:49.259,15027.56956
116.51498,0.71999,-1151.53958,394788.95478,3386192.18055,1.11014,0.01728,10341811.42214,2000-04-30T05:03:25.618,15012.78200
116.52499,0.96918,-1157.56674,394854.08994,3386203.46246,1.11305,0.01511,10365588.48489,2000-04-30T11:39:49.719,15022.16115
116.53498,0.94783,-1161.75198,394843.36658,3386255.66821,1.10752,0.01534,10430350.09536,2000-05-01T05:39:06.777,15024.50602
116.54499,0.81271,-1149.05474,394811.52314,3386216.79643,1.10723,0.01578,10394966.43531,2000-04-30T19:49:27.662,15021.18875
116.55500,0.89157,-1154.41864,394851.76253,3386213.65037,1.10532,0.01457,10357034.77589,2000-04-30T09:17:06.696,15016.51256
116.56501,1.30103,-1165.54861,395023.23071,3386187.04060,1.10882,0.01486,10353380.81730,2000-04-30T08:16:17.846,15015.48124
116.57501,0.72709,-1141.63429,394747.09624,3386248.00535,1.11077,0.01477,10361940.73579,2000-04-30T10:38:55.989,15020.53536
116.58501,0.82985,-1145.77722,394817.48732,3386231.76312,1.10575,0.01519,10278844.29609,2000-04-29T11:33:58.987,15002.25030
116.59502,1.35763,-1154.30351,395040.53958,3386195.01076,1.11304,0.01571,10394247.15253,2000-04-30T19:37:22.473,15024.60706
116.60502,0.40903,-1117.66920,394645.52881,3386241.70956,1.11350,0.01541,10353729.53953,2000-04-30T08:22:05.722,15019.00935
116.61501,1.01299,-1150.36678,394862.75748,3386241.41293,1.11361,0.01639,10333768.19002,2000-04-30T02:49:26.174,15008.19235
116.62500,0.81030,-1143.75930,394838.56784,3386209.85178,1.12263,0.01642,10396072.29279,2000-04-30T20:07:45.261,15026.58369
116.63500,1.04444,-1149.79047,394887.44254,3386214.56657,1.12049,0.01582,10408811.13351,2000-04-30T23:40:10.977,15023.48081
116.64499,0.94134,-1140.57103,394824.48536,3386248.45902,1.12162,0.01586,10401820.50573,2000-04-30T21:43:44.645,15023.15231
116.65498,0.74359,-1137.41182,394789.29081,3386215.12519,1.12205,0.01583,10234161.49344,2000-04-28T23:09:18.668,14999.10400
116.66499,0.98986,-1147.18382,394863.35719,3386244.08534,1.12658,0.01514,10459801.57643,2000-05-01T13:49:58.744,15033.33385
116.67500,1.13559,-1145.21150,394959.24099,3386200.14150,1.12482,0.01600,10361023.35406,2000-04-30T10:23:41.154,15020.59678
116.68500,0.71856,-1131.31733,394764.80935,3386225.40993,1.11725,0.01510,10383942.61392,2000-04-30T16:45:38.462,15015.88850
116.69499,0.94536,-1140.63108,394878.70858,3386211.23286,1.11516,0.01696,10286707.96462,2000-04-29T13:45:06.778,15005.21402
116.70500,0.81803,-1139.13404,394793.05969,3386228.72245,1.10841,0.01848,10253241.64107,2000-04-29T04:27:19.227,14998.72264
116.71501,0.71740,-1139.63053,394788.50337,3386216.02816,1.11427,0.01873,10349571.17258,2000-04-30T07:12:50.901,15017.77333
116.72500,1.09256,-1150.82068,394943.27212,3386208.74120,1.11291,0.01659,10340462.73735,2000-04-30T04:41:06.009,15011.35327
116.73085,0.90714,-1147.96944,394869.76591,3386207.13274,1.10964,0.01984,10672445.83739,2000-05-04T00:54:04.723,15068.85799
143.32581,0.32709,-793.43165,395143.78640,3386264.49868,1.13474,0.01346,10186320.42883,2000-04-28T09:51:44.091,15001.04494
143.33499,0.38003,-791.41515,395198.45081,3386219.56605,1.12823,0.01425,10258423.66424,2000-04-29T05:53:36.351,15009.70566
143.34498,0.37127,-785.91009,395155.25740,3386273.30365,1.13089,0.01343,10216844.30866,2000-04-28T18:20:37.174,15002.26547
143.35500,0.58575,-802.12912,395288.94163,3386232.23599,1.12962,0.01358,10299057.32768,2000-04-29T17:10:45.789,15014.63599
143.36499,0.73344,-801.06585,395293.81329,3386287.23103,1.13444,0.01296,10399132.78429,2000-04-30T20:58:44.296,15027.52558
143.37500,0.48813,-798.59126,395187.13989,3386273.91129,1.13397,0.01340,10335154.31473,2000-04-30T03:12:24.033,15021.71195
143.38501,0.54475,-803.11957,395261.67281,3386234.31618,1.13659,0.01376,10291783.16181,2000-04-29T15:09:33.154,15010.57466
143.39500,0.47895,-803.22319,395183.82447,3386274.93322,1.12988,0.01366,10307524.42087,2000-04-29T19:31:49.930,15019.78238
143.40499,0.83202,-811.02228,395370.36646,3386225.00034,1.13286,0.01391,10378314.02905,2000-04-30T15:11:49.107,15024.55318
143.41501,0.44351,-795.63775,395161.96393,3386289.17173,1.13787,0.01326,10369120.05012,2000-04-30T12:38:26.580,15022.22366
143.42500,0.59480,-799.27199,395213.20640,3386265.33837,1.13056,0.01343,10380469.99596,2000-04-30T15:47:35.884,15028.47587
143.43501,0.50994,-802.23854,395213.61816,3386257.02531,1.12942,0.01304,10439240.05987,2000-05-01T08:07:16.505,15038.98340
143.44501,0.59877,-808.18557,395233.40339,3386268.63772,1.13370,0.01398,10294959.98884,2000-04-29T16:02:28.026,15012.76129
143.45500,0.70439,-804.63735,395324.10493,3386237.61064,1.13209,0.01339,10356252.82842,2000-04-30T09:04:01.913,15021.78709
143.46500,0.70817,-805.30110,395287.41381,3386254.81580,1.13426,0.01264,10344562.91106,2000-04-30T05:49:13.850,15026.31866
143.47501,0.66041,-800.29910,395260.19859,3386264.65345,1.13179,0.01351,10358403.25863,2000-04-30T09:39:50.681,15021.58381
143.48501,0.32411,-785.54586,395103.02928,3386295.85078,1.13097,0.01389,10413990.08120,2000-05-01T01:06:24.734,15032.86837
143.49500,0.75727,-796.47793,395263.02364,3386293.29587,1.13363,0.01391,10342505.47525,2000-04-30T05:14:50.341,15022.10576
143.50499,0.53538,-780.91400,395177.31499,3386290.09912,1.13103,0.01382,10439741.12763,2000-05-01T08:15:30.725,15036.99363
143.51498,0.38072,-777.79450,395110.13762,3386293.55145,1.12694,0.01240,10324423.32341,2000-04-30T00:13:32.227,15017.97833
143.52499,0.72558,-797.42457,395267.02457,3386275.06353,1.13140,0.01573,10452680.75500,2000-05-01T11:51:14.216,15037.01471
143.53500,0.66378,-800.14025,395258.63104,3386268.70643,1.14005,0.01686,10337836.28438,2000-04-30T03:56:59.334,15024.67449
143.54499,0.52850,-792.41246,395187.82319,3386280.52532,1.13854,0.01589,10367433.33682,2000-04-30T12:10:25.435,15027.54886
143.55497,0.62108,-797.64060,395268.54204,3386245.62236,1.13617,0.01507,10381730.31422,2000-04-30T16:08:42.109,15025.84366
143.56500,0.81857,-812.15705,395289.42669,3386284.71468,1.14266,0.01535,10313329.21374,2000-04-29T21:08:48.643,15017.17547
143.57499,0.55873,-790.44024,395200.70349,3386277.08990,1.13160,0.01575,10328529.73220,2000-04-30T01:21:51.936,15019.42632
143.58498,0.55876,-786.39274,395154.75228,3386273.64301,1.13288,0.01746,10232053.64550,2000-04-28T22:34:02.155,15009.07882
143.59500,0.82880,-796.47965,395308.33736,3386257.48402,1.13698,0.01649,10394698.36601,2000-04-30T19:44:57.594,15024.93554
143.60501,0.06743,-771.76837,394985.40912,3386302.48792,1.13998,0.01539,10325912.26518,2000-04-30T00:38:11.566,15021.56714
143.61499,0.56344,-796.49397,395162.77982,3386277.87765,1.14198,0.01463,10278273.20902,2000-04-29T11:24:22.551,15015.05839
143.62500,0.73702,-799.46935,395266.23080,3386264.11766,1.13976,0.01468,10344562.35219,2000-04-30T05:49:11.751,15023.47444
143.63499,0.49729,-782.52389,395138.90132,3386289.18914,1.13612,0.01410,10354357.77250,2000-04-30T08:32:34.743,15019.66735
143.64499,0.43595,-776.76261,395096.52054,3386295.66045,1.13183,0.01535,10353443.45113,2000-04-30T08:17:18.212,15025.24041
143.65501,0.59447,-782.37286,395195.23418,3386255.82890,1.13201,0.01691,10359632.47828,2000-04-30T10:00:20.279,15026.00505
143.66503,0.45657,-778.00785,395129.35984,3386276.38998,1.13362,0.01711,10325159.28035,2000-04-30T00:25:47.260,15015.13742
143.67500,0.44590,-781.22535,395091.99003,3386332.59654,1.12886,0.01691,10400659.84595,2000-04-30T21:24:10.976,15028.78466
143.68501,0.58303,-782.79896,395150.12428,3386273.38446,1.12833,0.01631,10399253.16054,2000-04-30T21:00:46.831,15030.58397
143.69501,0.39871,-772.75948,395065.33881,3386329.57866,1.12932,0.01623,10354534.31871,2000-04-30T08:35:22.611,15021.13162
143.70500,0.40134,-774.25141,395086.31228,3386293.55556,1.12607,0.01675,10358139.24783,2000-04-30T09:35:26.650,15027.84987
143.71499,-0.03861,-765.18975,394915.96523,3386285.68927,1.13456,0.01927,10358243.27734,2000-04-30T09:37:13.809,15024.45615
143.72500,0.46264,-776.71116,395121.09002,3386290.23900,1.13152,0.02073,10471839.00687,2000-05-01T17:10:37.360,15039.27118
143.73500,0.62571,-783.83092,395207.76860,3386287.63211,1.13872,0.01901,10349245.57042,2000-04-30T07:07:20.023,15021.41980
143.74498,0.08533,-760.78243,394989.69613,3386267.40791,1.13508,0.01800,10310018.80630,2000-04-29T20:13:30.335,15014.28121
143.75499,0.18257,-762.32517,394971.16989,3386314.70772,1.14010,0.01870,10316455.07942,2000-04-29T22:00:37.015,15020.13063
143.76498,0.39821,-778.37724,395023.41375,3386329.31158,1.13265,0.01825,10258549.55865,2000-04-29T05:55:46.487,15006.43216
143.77500,0.66078,-781.05230,395163.28628,3386305.61348,1.13150,0.01620,10337655.37371,2000-04-30T03:53:58.397,15021.47758
143.78501,0.80756,-787.19665,395230.96313,3386288.18796,1.12697,0.01562,10426144.94748,2000-05-01T04:28:50.974,15032.72573
143.79501,0.57526,-775.84794,395134.51720,3386297.80217,1.13125,0.01581,10272924.16994,2000-04-29T09:55:13.283,15013.94702
143.80499,0.47696,-777.01763,395083.76747,3386296.05068,1.12412,0.01586,10374681.18029,2000-04-30T14:11:03.837,15030.61081
143.81500,0.60981,-773.63203,395146.89595,3386310.44084,1.12571,0.02200,10387647.48766,2000-04-30T17:47:21.933,15022.83622
143.82500,0.53923,-779.36753,395135.51829,3386293.20736,1.12706,0.01925,10417955.78269,2000-05-01T02:12:30.023,15035.01665
143.83499,0.25698,-772.39024,395021.25925,3386265.54378,1.12402,0.01887,10321914.70130,2000-04-29T23:31:42.935,15018.79523
143.84502,0.80710,-793.73591,395232.33419,3386280.45135,1.12306,0.01869,10256170.40769,2000-04-29T05:15:54.481,15006.64464
143.85501,0.52533,-784.02481,395164.29894,3386258.19902,1.12443,0.01809,10439091.47554,2000-05-01T08:04:40.682,15036.07120
143.86500,0.56153,-781.67941,395106.36866,3386323.75104,1.12762,0.02130,10337006.43054,2000-04-30T03:43:13.075,15018.24095
143.87500,0.46533,-780.21641,395120.44502,3386265.17193,1.12379,0.02024,10404136.34668,2000-04-30T22:21:57.210,15027.47811
143.88501,0.76800,-788.83115,395204.20856,3386287.95081,1.13039,0.02016,10364815.48779,2000-04-30T11:26:47.804,15025.93082
143.89499,0.47201,-785.67377,395147.41637,3386244.79974,1.12506,0.02075,10351320.01188,2000-04-30T07:41:37.334,15025.35238
143.90501,0.86117,-799.00277,395290.20989,3386246.15293,1.13329,0.02089,10401900.45904,2000-04-30T21:44:52.698,15032.43672
143.91501,0.20027,-776.42110,394995.62047,3386265.03141,1.13474,0.01994,10319012.39543,2000-04-29T22:43:27.591,15017.85191
143.92499,0.79297,-797.66146,395271.81104,3386254.27983,1.12997,0.01990,10418729.39425,2000-05-01T02:25:20.441,15036.90504
143.93500,0.42219,-779.23039,395069.13004,3386263.24278,1.12854,0.01995,10540181.66276,2000-05-02T12:09:34.590,15046.69978
143.94500,0.62266,-788.16470,395167.20033,3386258.28866,1.12494,0.01932,10387932.61480,2000-04-30T17:52:03.865,15031.18043
143.95500,0.35994,-776.65593,395028.15645,3386281.28914,1.12801,0.01961,10391874.16056,2000-04-30T18:57:42.851,15023.47119
143.96499,0.55815,-784.86706,395123.05353,3386257.95115,1.12849,0.01936,10511475.61503,2000-05-02T04:11:03.406,15045.76425
143.97502,0.74406,-787.86532,395191.39203,3386280.18917,1.12477,0.01779,10431907.63201,2000-05-01T06:05:04.297,15034.70162
143.98500,0.69927,-779.13837,395172.50751,3386268.96094,1.13071,0.01708,10464273.62901,2000-05-01T15:04:27.809,15041.20727
143.99499,0.47915,-767.39689,395043.00263,3386315.38233,1.12848,0.01792,10340238.80909,2000-04-30T04:37:15.148,15018.63865
144.00501,0.11690,-762.57074,394919.90329,3386297.70131,1.12287,0.01730,10395015.34928,2000-04-30T19:50:05.934,15029.82377
144.01501,0.46264,-768.98959,395070.75151,3386276.92036,1.12591,0.01742,10372764.93619,2000-04-30T13:39:20.577,15025.83670
144.02498,0.27967,-767.74996,394984.25177,3386286.36162,1.13126,0.01833,10365864.62556,2000-04-30T11:44:21.828,15027.09552
144.03501,0.48946,-779.18654,395061.64196,3386272.15637,1.12976,0.01973,10289303.82715,2000-04-29T14:28:14.620,15006.93397
144.04501,0.56605,-785.01149,395132.70455,3386291.79817,1.13365,0.01875,10360834.23601,2000-04-30T10:20:15.573,15028.08659
144.05500,0.25768,-776.69733,394990.81835,3386291.09701,1.13016,0.01876,10382846.11720,2000-04-30T16:27:13.584,15025.92314
144.06501,0.58909,-787.12976,395134.01579,3386245.34622,1.13109,0.01899,10401064.16521,2000-04-30T21:30:51.302,15033.37995
144.07500,0.38481,-779.47221,395042.74292,3386281.46102,1.13080,0.01879,10399019.05111,2000-04-30T20:56:53.944,15027.74042
144.08500,0.25533,-769.19504,394997.71507,3386252.44070,1.13202,0.01646,10388055.43640,2000-04-30T17:54:01.010,15029.96749
144.09501,0.54536,-793.14565,395127.72947,3386281.52204,1.13411,0.01785,10441737.82803,2000-05-01T08:48:50.616,15035.77445
144.10501,0.19061,-774.89404,394986.58157,3386255.25704,1.13893,0.01739,10476447.42208,2000-05-01T18:27:31.144,15040.38582
144.11498,0.32717,-775.90126,395027.93224,3386291.52096,1.12812,0.01932,10398725.92237,2000-04-30T20:51:54.585,15028.88896
144.12500,0.78036,-792.96265,395218.87430,3386274.45973,1.13156,0.02047,10501227.85420,2000-05-02T01:20:19.854,15042.41211
144.13502,0.39948,-766.70352,395068.11761,3386266.98429,1.12237,0.01914,10372483.65544,2000-04-30T13:34:42.427,15025.49934
144.14500,0.09668,-764.38122,394922.13733,3386285.08920,1.12398,0.02030,10351997.50658,2000-04-30T07:53:03.277,15022.74520
144.15500,0.54636,-774.93295,395080.85898,3386291.76145,1.12228,0.01687,10366192.03225,2000-04-30T11:49:45.958,15027.14042
144.16500,0.23195,-759.19150,394962.15503,3386289.16444,1.12846,0.01657,10322825.42150,2000-04-29T23:46:56.213,15015.45115
144.17500,0.33325,-754.31734,394999.11023,3386295.37118,1.12826,0.01526,10425557.55392,2000-05-01T04:19:10.557,15033.87241
144.18500,0.63556,-771.31287,395131.76103,3386288.80001,1.12439,0.01542,10370060.74231,2000-04-30T12:54:12.285,15026.13756
144.19502,-0.00512,-741.61501,394854.40548,3386312.68387,1.13009,0.01517,10382633.94497,2000-04-30T16:23:47.867,15027.81737
144.20502,0.52477,-766.74420,395108.53041,3386266.45786,1.12267,0.01511,10400303.82750,2000-04-30T21:18:17.840,15031.94986
144.21501,0.32304,-754.86331,395004.46791,3386289.45216,1.12679,0.01682,10345652.46110,2000-04-30T06:07:23.300,15023.51963
144.22500,0.43203,-761.38247,395056.37283,3386273.13700,1.12471,0.01595,10353381.61988,2000-04-30T08:16:18.985,15023.39323
144.23500,0.11600,-752.33886,394929.80852,3386273.23818,1.12523,0.01453,10373352.67494,2000-04-30T13:49:09.068,15024.87089
144.24500,0.27239,-760.96290,394973.97833,3386281.92711,1.13389,0.01575,10366267.17819,2000-04-30T11:51:00.912,15025.33004
144.25499,0.49577,-774.79739,395099.84486,3386256.42664,1.12999,0.01559,10328466.86008,2000-04-30T01:21:04.242,15018.67023
144.26501,0.23236,-766.33570,394979.75353,3386294.35758,1.13046,0.01589,10360212.40054,2000-04-30T10:10:06.802,15025.99458
144.27498,0.59650,-771.90661,395135.76368,3386259.42078,1.12864,0.01557,10453631.86229,2000-05-01T12:07:08.525,15037.00640
144.28500,0.34812,-760.28811,395017.34862,3386279.18724,1.12762,0.01547,10299816.37919,2000-04-29T17:23:35.590,15017.78310
144.29502,0.32406,-761.52608,394997.62910,3386305.73944,1.12892,0.01551,10422223.28335,2000-05-01T03:23:45.680,15032.30748
144.30498,0.45625,-765.97133,395071.12017,3386277.20637,1.13138,0.01674,10332839.96923,2000-04-30T02:33:57.291,15018.92387
144.31500,0.44234,-759.22885,395054.99629,3386311.18301,1.13576,0.01349,10378455.93709,2000-04-30T15:14:11.402,15027.22594
144.32499,0.47172,-763.60574,395064.00121,3386296.64629,1.13232,0.01386,10332868.48268,2000-04-30T02:34:23.915,15020.70623
144.33498,0.85223,-786.40794,395226.00247,3386288.15175,1.12569,0.01422,10394124.53037,2000-04-30T19:35:17.645,15028.46486
144.34500,0.30696,-768.38643,395008.29227,3386287.53531,1.12650,0.01495,10282605.38575,2000-04-29T12:36:37.854,15012.14668
144.35498,0.09895,-754.13301,394904.89157,3386301.13921,1.12179,0.01440,10407659.66542,2000-04-30T23:20:53.283,15030.39440
144.36499,0.40126,-765.64418,395061.57446,3386272.05540,1.12465,0.01163,10259533.16066,2000-04-29T06:12:07.514,15010.14459
144.37498,0.41301,-768.55380,395050.88495,3386294.11646,1.12710,0.01313,10356298.11818,2000-04-30T09:04:55.717,15024.56750
144.38499,0.47369,-767.00963,395096.79644,3386285.58151,1.12735,0.01277,10473235.45233,2000-05-01T17:33:56.990,15036.07465
144.39500,0.66971,-768.26266,395127.27148,3386295.66181,1.12498,0.01222,10294479.55727,2000-04-29T15:54:35.581,15016.77425
144.40500,0.61218,-767.44486,395130.50219,3386298.89288,1.12812,0.01271,10317794.37487,2000-04-29T22:23:09.450,15020.03673
144.41502,0.53146,-768.98669,395150.31422,3386290.23454,1.13045,0.01196,10506426.13330,2000-05-02T02:47:19.817,15043.39140
144.42500,0.73186,-785.83339,395200.12915,3386286.51830,1.12461,0.01175,10484448.99794,2000-05-01T20:40:53.619,15041.58271
144.43499,0.37491,-762.49029,395036.17571,3386320.24318,1.13156,0.01377,10412569.98402,2000-05-01T00:42:58.358,15030.12274
144.44500,0.62734,-772.61835,395151.05959,3386297.50512,1.13227,0.01286,10374405.08954,2000-04-30T14:06:46.134,15026.73280
144.45499,0.28690,-753.42398,395007.22186,3386299.20439,1.13156,0.01427,10388973.84848,2000-04-30T18:09:44.664,15028.76518
144.46499,0.81871,-773.26211,395232.68380,3386277.44001,1.13377,0.01349,10526032.24626,2000-05-02T08:13:51.855,15049.01812
144.47501,0.45896,-768.46578,395084.37283,3386300.87408,1.13045,0.01364,10420671.59767,2000-05-01T02:57:55.498,15030.92302
144.48501,0.49509,-766.71091,395101.75811,3386307.97814,1.13136,0.01417,10483420.66435,2000-05-01T20:23:41.015,15040.90728
144.49500,0.40968,-769.78099,395061.55297,3386287.00432,1.12925,0.01550,10289725.20639,2000-04-29T14:35:32.725,15016.53033
144.50501,0.48740,-770.07859,395072.68647,3386319.23678,1.13152,0.01624,10384827.92528,2000-04-30T17:00:35.086,15026.37024
144.51499,0.56778,-779.35588,395125.96581,3386286.19949,1.13293,0.01572,10340371.80399,2000-04-30T04:39:34.097,15021.28364
144.52500,0.28098,-764.88888,394996.59355,3386314.20283,1.13482,0.01585,10455196.25768,2000-05-01T12:33:16.128,15036.64620
144.53502,0.64108,-789.31675,395171.65414,3386298.45056,1.13580,0.01605,10317381.43132,2000-04-29T22:16:20.591,15015.25320
144.54499,0.30274,-771.76653,395040.79497,3386284.91382,1.13623,0.01523,10314263.67701,2000-04-29T21:24:29.759,15016.25613
144.55500,0.52942,-779.91821,395133.68758,3386286.42473,1.13199,0.01430,10354766.67221,2000-04-30T08:39:22.716,15020.05194
144.56498,0.80224,-788.91139,395287.14488,3386267.83650,1.12747,0.01382,10426332.59925,2000-05-01T04:32:03.947,15037.55731
144.57500,0.59375,-782.30513,395165.75146,3386276.48501,1.12606,0.01219,10487857.37060,2000-05-01T21:37:36.198,15043.43439
144.58498,0.53398,-784.77116,395141.44489,3386266.80187,1.12334,0.01209,10345029.50121,2000-04-30T05:57:02.269,15021.97152
144.59500,0.73351,-792.00487,395227.24683,3386285.28876,1.12614,0.01266,10298904.74494,2000-04-29T17:08:25.413,15014.73111
144.60500,0.69690,-786.10285,395227.69112,3386260.18719,1.12843,0.01252,10517107.82910,2000-05-02T05:45:10.110,15048.84980
144.61500,0.38781,-776.44225,395056.18481,3386302.45362,1.12928,0.01383,10367343.83007,2000-04-30T12:08:59.460,15024.34291
144.62501,0.32179,-773.03562,395068.94277,3386279.33593,1.12473,0.01339,10351560.37759,2000-04-30T07:45:56.095,15023.20924
144.63501,0.69070,-785.22187,395222.15625,3386254.91619,1.12357,0.01341,10337603.25268,2000-04-30T03:53:14.295,15023.02712
144.64500,0.40918,-776.54503,395101.75002,3386258.16425,1.12509,0.01374,10378568.16815,2000-04-30T15:16:14.354,15022.60318
144.65500,0.87574,-785.65397,395250.44283,3386304.62535,1.13468,0.01434,10415338.39146,2000-05-01T01:28:55.339,15033.37234
144.66500,0.44871,-771.02145,395115.56497,3386272.62003,1.14376,0.01495,10367175.55759,2000-04-30T12:06:12.386,15024.49567
144.67499,0.61724,-775.50455,395144.39671,3386302.81444,1.13112,0.01696,10401870.47227,2000-04-30T21:44:19.921,15033.38917
144.68500,0.65568,-789.57431,395172.69118,3386290.58188,1.13457,0.01758,10340540.62135,2000-04-30T04:42:21.090,15019.92347
144.69500,0.86644,-800.47593,395286.66677,3386277.87025,1.13613,0.01553,10370519.61783,2000-04-30T13:01:57.717,15023.12852
144.70499,0.47884,-790.54130,395119.69332,3386288.76864,1.13153,0.01524,10361992.07615,2000-04-30T10:39:45.312,15025.47164
144.71500,0.71644,-796.07557,395215.25546,3386278.46496,1.12971,0.01452,10298960.65497,2000-04-29T17:09:17.962,15019.40795
144.72501,0.60191,-790.61930,395175.61704,3386278.68771,1.13009,0.01517,10389392.04855,2000-04-30T18:16:28.582,15024.24737
144.73499,0.60975,-785.16323,395184.64861,3386245.25216,1.13133,0.01473,10368183.45048,2000-04-30T12:23:02.539,15025.52370
144.74500,0.62789,-786.45712,395195.32483,3386249.34393,1.13238,0.01513,10352913.68037,2000-04-30T08:08:34.965,15022.36629
144.75500,0.86175,-793.32683,395227.99254,3386284.40383,1.13030,0.01513,10347881.00716,2000-04-30T06:44:33.761,15024.79538
144.76499,0.73127,-796.83083,395230.52814,3386279.01193,1.12915,0.01486,10354156.21579,2000-04-30T08:29:17.982,15024.45763
144.77499,0.54581,-789.62644,395162.59837,3386264.73599,1.12669,0.01285,10320191.74543,2000-04-29T23:03:02.435,15015.65064
144.78500,0.72281,-798.01088,395197.27176,3386298.42358,1.12715,0.01684,10437789.94219,2000-05-01T07:43:09.442,15039.76333
144.79499,0.67619,-792.76338,395222.80425,3386255.49277,1.13081,0.01764,10346687.37069,2000-04-30T06:24:42.709,15025.62810
144.80499,0.89795,-801.56806,395275.83280,3386300.34732,1.13288,0.01562,10379301.25296,2000-04-30T15:28:20.414,15023.17743
144.81501,0.67181,-797.53712,395210.40262,3386252.70327,1.13567,0.01627,10299682.00882,2000-04-29T17:21:11.489,15015.84963
144.82500,0.46350,-786.85100,395128.44769,3386276.13313,1.13632,0.01614,10308780.37125,2000-04-29T19:52:56.905,15013.83358
144.83500,0.60662,-800.55571,395146.81805,3386288.25883,1.13329,0.01634,10375341.12375,2000-04-30T14:22:17.595,15027.31531
144.84501,0.68259,-802.29779,395236.77541,3386235.81817,1.13361,0.01712,10402982.55950,2000-04-30T22:02:54.677,15030.29148
144.85499,0.69978,-798.23045,395214.24628,3386259.39480,1.13595,0.01581,10444613.26504,2000-05-01T09:36:57.899,15034.91334
144.86500,0.53433,-796.83740,395145.87632,3386245.87107,1.13343,0.01673,10440600.89773,2000-05-01T08:29:55.716,15042.95733
144.87499,0.84270,-806.15339,395253.72159,3386285.85387,1.13149,0.01563,10383926.99181,2000-04-30T16:45:13.464,15026.80825
144.88501,0.83098,-806.46315,395253.50759,3386276.92424,1.13345,0.01703,10328634.99898,2000-04-30T01:23:55.597,15021.27222
144.89498,0.53850,-803.50817,395166.34583,3386282.48708,1.13240,0.01368,10367423.52196,2000-04-30T12:10:09.474,15026.09384
144.90500,0.66701,-807.33687,395196.73160,3386290.56047,1.13141,0.01437,10365471.67488,2000-04-30T11:37:47.207,15018.57001
144.91502,0.87496,-823.25198,395311.66401,3386220.37766,1.13464,0.01436,10304409.80185,2000-04-29T18:39:55.732,15019.90078
144.92501,0.71762,-814.88533,395240.74249,3386246.89160,1.13424,0.01547,10520036.30583,2000-05-02T06:33:50.134,15046.94844
144.93500,0.95849,-823.80305,395324.14385,3386254.60566,1.13550,0.01621,10361055.70459,2000-04-30T10:24:01.624,15022.43880
144.94499,0.65408,-811.77051,395234.67906,3386252.12637,1.13886,0.01486,10353094.42203,2000-04-30T08:11:17.153,15027.18225
144.95499,0.78820,-805.07089,395213.38817,3386309.55253,1.12824,0.01507,10410120.67595,2000-05-01T00:01:47.324,15030.18148
144.96500,0.50979,-800.82417,395179.85106,3386250.05184,1.13123,0.01235,10377126.21752,2000-04-30T14:51:53.458,15025.39574
144.97500,0.68760,-808.06505,395216.50797,3386256.73154,1.13056,0.01294,10300270.43219,2000-04-29T17:30:54.218,15017.68870
144.98500,0.85883,-812.77651,395293.46488,3386260.32797,1.12695,0.01228,10329271.67546,2000-04-30T01:34:23.984,15018.64601
144.99501,0.39331,-797.94986,395091.31246,3386270.59271,1.12736,0.01346,10321768.00878,2000-04-29T23:29:16.852,15021.44911
145.00500,0.50124,-806.51039,395148.05964,3386256.82214,1.12098,0.01264,10279195.91746,2000-04-29T11:39:37.175,15015.10750
145.01501,0.87713,-817.97746,395298.36421,3386257.44665,1.12511,0.01313,10506219.99070,2000-05-02T02:43:26.505,15044.27319
145.02499,0.51994,-800.94082,395143.68295,3386253.12965,1.12363,0.01392,10419137.41361,2000-05-01T02:32:00.318,15033.75588
145.03499,0.63884,-806.50693,395156.78162,3386293.03657,1.12469,0.01500,10288364.79102,2000-04-29T14:12:31.256,15014.93167
145.04499,0.33845,-791.33466,395053.57540,3386294.43674,1.12167,0.01505,10411451.46953,2000-05-01T00:24:02.118,15030.01378
145.05498,0.54611,-805.74744,395156.30775,3386256.15514,1.12319,0.01495,10298840.88060,2000-04-29T17:06:59.677,15019.69410
145.06500,0.55767,-811.35716,395175.36074,3386252.99950,1.12391,0.01640,10305406.60275,2000-04-29T18:56:34.007,15014.11016
145.07501,0.54397,-804.02129,395159.39742,3386252.66142,1.12415,0.01633,10376612.46801,2000-04-30T14:43:17.627,15027.93342
145.08499,0.87005,-817.93806,395290.02698,3386253.72664,1.12619,0.01497,10431589.37860,2000-05-01T05:59:36.999,15033.85449
145.09501,0.66696,-813.46648,395178.93559,3386295.07928,1.12254,0.01570,10452463.87368,2000-05-01T11:47:30.013,15038.47167
145.10499,0.34437,-802.98869,395055.36185,3386285.15183,1.12519,0.01686,10458328.35869,2000-05-01T13:25:16.811,15035.56927
145.11500,0.96452,-832.47158,395372.09629,3386231.36451,1.12040,0.01631,10438417.16824,2000-05-01T07:53:27.644,15038.79037
145.12501,0.31103,-814.45814,395103.91618,3386249.86434,1.11899,0.01644,10387840.60691,2000-04-30T17:50:37.118,15026.06889
145.13500,0.75686,-833.24028,395247.45245,3386264.61507,1.11683,0.01704,10327158.52819,2000-04-30T00:59:10.623,15018.97081
145.14499,0.63171,-827.30038,395216.83184,3386223.44108,1.11349,0.01538,10476976.00134,2000-05-01T18:36:10.503,15043.91938
145.15500,0.28750,-810.15140,395078.89973,3386259.10757,1.10872,0.01509,10413897.52740,2000-05-01T01:04:47.823,15033.24378
145.16501,1.20251,-851.52799,395439.53489,3386238.76581,1.11589,0.01434,10285014.24924,2000-04-29T13:16:43.801,15009.85368
145.17498,0.69706,-836.87645,395286.45381,3386225.65175,1.11795,0.01701,10510548.46075,2000-05-02T03:55:47.697,15048.12730
145.18500,0.61588,-833.64655,395241.17272,3386249.74569,1.12152,0.01632,10430305.07237,2000-05-01T05:38:19.070,15034.55474
145.19500,0.63981,-833.46446,395234.23309,3386237.14659,1.12341,0.01669,10392263.33266,2000-04-30T19:04:13.423,15032.16616
145.20499,1.03708,-850.04004,395405.08352,3386215.15607,1.12010,0.01719,10396264.11001,2000-04-30T20:11:05.591,15028.09891
145.21500,0.83838,-837.38076,395318.44758,3386217.77874,1.12045,0.01659,10305508.06452,2000-04-29T18:58:19.347,15015.42736
145.22502,0.72354,-837.80922,395293.30820,3386226.45351,1.12335,0.01710,10453902.59385,2000-05-01T12:11:43.860,15037.29697
145.23500,0.67860,-838.02526,395250.06838,3386232.63504,1.12012,0.01617,10407117.92166,2000-04-30T23:11:48.735,15032.64376
145.24500,0.32986,-820.05420,395122.50167,3386223.78751,1.12199,0.01799,10446635.86485,2000-05-01T10:10:36.798,15039.52912
145.25500,0.64981,-837.86648,395268.42872,3386203.46497,1.12739,0.02198,10335161.11512,2000-04-30T03:12:30.848,15019.93086
145.26499,0.82690,-847.42727,395330.55338,3386189.40439,1.12563,0.01940,10381420.44609,2000-04-30T16:03:36.958,15027.67144
145.27498,0.74377,-838.30171,395273.65614,3386213.38397,1.12512,0.01915,10433969.35391,2000-05-01T06:39:27.518,15032.62579
145.28499,0.89782,-848.28220,395381.13463,3386191.73542,1.11844,0.01879,10348902.84216,2000-04-30T07:01:45.421,15023.41040
145.29500,0.67048,-833.51596,395232.29486,3386240.83264,1.11610,0.01938,10445594.13803,2000-05-01T09:53:13.180,15040.58370
145.30500,0.46491,-827.16223,395157.28785,3386227.71352,1.11473,0.01940,10296035.67170,2000-04-29T16:20:26.036,15018.56314
145.31500,0.75293,-834.14193,395260.00473,3386250.16644,1.12064,0.01924,10407795.57627,2000-04-30T23:23:10.782,15028.27190
145.32500,0.37841,-816.50773,395141.74592,3386205.50516,1.12290,0.01806,10411964.63325,2000-05-01T00:32:39.961,15033.88914
145.33500,0.68028,-825.29852,395217.62382,3386256.43367,1.12251,0.02032,10373230.55762,2000-04-30T13:47:10.444,15025.95048
145.34500,0.90713,-840.39932,395340.29832,3386233.02481,1.12424,0.01992,10388301.91309,2000-04-30T17:58:21.912,15031.25246
145.35500,0.34676,-816.55794,395098.15762,3386251.37904,1.12156,0.01737,10382360.16038,2000-04-30T16:19:07.782,15026.01284
145.36499,0.61724,-828.80578,395213.43725,3386246.64477,1.12251,0.02146,10463979.71848,2000-05-01T14:59:31.454,15041.86002
145.37500,0.69175,-828.89027,395269.45027,3386194.68207,1.12131,0.01754,10407110.99150,2000-04-30T23:11:49.173,15029.02213
145.38502,0.76995,-834.21419,395278.91200,3386217.44105,1.11576,0.01624,10327849.02213,2000-04-30T01:10:54.769,15018.44084
145.39501,0.55481,-823.28848,395196.51935,3386241.07943,1.11346,0.01630,10457417.26205,2000-05-01T13:10:06.172,15040.67374
145.40500,0.53427,-829.50350,395201.77744,3386224.87936,1.11732,0.01821,10352824.00733,2000-04-30T08:07:07.262,15020.18177
145.41499,0.64732,-833.85195,395238.00772,3386196.87803,1.11460,0.01853,10475299.59992,2000-05-01T18:08:14.538,15040.90303
145.42502,0.86520,-840.28836,395329.44470,3386210.61396,1.11176,0.01856,10473015.38053,2000-05-01T17:30:16.031,15038.80274
145.43497,0.34684,-814.32710,395092.51801,3386241.25517,1.11603,0.01839,10373553.68363,2000-04-30T13:52:32.634,15027.17003
145.44499,0.63196,-833.20093,395246.38562,3386207.30648,1.11264,0.01849,10486176.61377,2000-05-01T21:09:37.694,15043.01414
145.45500,0.68017,-833.47265,395253.31065,3386197.71069,1.11602,0.01827,10360458.27215,2000-04-30T10:14:03.222,15024.90370
145.46500,0.68646,-833.07183,395251.44959,3386239.59067,1.11901,0.01819,10518417.43772,2000-05-02T06:06:57.345,15051.30991
145.47500,0.79822,-835.82996,395301.21083,3386203.16114,1.11296,0.01779,10380419.43479,2000-04-30T15:46:56.601,15020.36816
145.48501,0.76565,-841.46721,395304.23999,3386202.16487,1.11671,0.01891,10528935.79641,2000-05-02T09:02:18.363,15047.29789
145.49499,0.48679,-833.70650,395191.67155,3386195.31672,1.11666,0.01817,10450956.27103,2000-05-01T11:22:28.707,15038.31151
145.50501,0.20969,-819.66032,395042.56156,3386237.71969,1.11429,0.01817,10493050.10276,2000-05-01T23:04:12.133,15042.25869
145.51499,0.89544,-857.29207,395381.85665,3386186.55647,1.11209,0.01652,10532796.68332,2000-05-02T10:06:31.834,15049.97567
145.52501,0.92381,-850.58791,395363.42931,3386183.41027,1.11415,0.01649,10529962.44224,2000-05-02T09:19:22.835,15049.77019
145.53501,0.48665,-835.90584,395155.79713,3386240.27638,1.11697,0.01622,10490290.13489,2000-05-01T22:18:06.180,15045.09491
145.54501,0.80500,-853.90685,395305.41711,3386216.18321,1.12063,0.01584,10381607.65166,2000-04-30T16:06:53.079,15025.79308
145.55502,0.61276,-833.77349,395216.72908,3386221.58989,1.12194,0.01559,10495859.85668,2000-05-01T23:50:54.552,15043.88900
145.56500,0.67315,-842.09994,395256.30845,3386210.24744,1.12132,0.01593,10535471.49193,2000-05-02T10:51:11.045,15049.61202
145.57499,0.73298,-840.03909,395265.73867,3386237.16110,1.12284,0.01422,10457580.08985,2000-05-01T13:12:52.843,15035.42625
145.58499,0.73091,-834.23754,395250.18228,3386233.17408,1.12029,0.01506,10488322.96288,2000-05-01T21:45:25.255,15046.76837
145.59500,0.12434,-809.68455,395000.88870,3386235.09497,1.12207,0.01270,10331270.46571,2000-04-30T02:07:42.581,15018.51518
145.60500,0.82121,-833.62571,395298.08537,3386211.54920,1.12015,0.01258,10473669.68417,2000-05-01T17:41:09.429,15040.67872
145.61499,0.56417,-835.56536,395168.46867,3386258.55667,1.12619,0.01307,10512251.33287,2000-05-02T04:24:08.593,15045.60168
145.62500,0.92079,-841.75328,395341.97479,3386212.87613,1.11378,0.01323,10594256.72059,2000-05-03T03:10:52.645,15059.34024
145.63501,0.26735,-817.17916,395036.07581,3386246.69278,1.11607,0.01256,10406486.22722,2000-04-30T23:01:26.913,15027.81295
145.64500,0.74636,-836.60056,395279.19791,3386193.60943,1.11330,0.01285,10445145.32682,2000-05-01T09:45:43.477,15034.84905
145.65499,0.57440,-827.82575,395186.92393,3386222.08711,1.11757,0.01427,10326644.98120,2000-04-30T00:50:40.307,15020.34236
145.66500,0.55383,-821.61186,395153.90608,3386249.56861,1.11619,0.01302,10447558.67944,2000-05-01T10:26:00.426,15038.82596
145.67499,0.38697,-815.27002,395101.40146,3386257.71529,1.11825,0.01294,10441438.69747,2000-05-01T08:43:49.213,15036.13391
145.68499,0.57099,-820.95271,395155.66726,3386254.88329,1.11841,0.01245,10456589.65515,2000-05-01T12:56:33.692,15038.84842
145.69501,0.59099,-826.20361,395178.72291,3386229.97274,1.12354,0.01202,10427868.21079,2000-05-01T04:57:43.439,15032.32496
145.70499,0.42283,-811.94248,395097.12755,3386258.69537,1.12699,0.01220,10487817.61636,2000-05-01T21:36:57.227,15043.77968
145.71500,0.94673,-835.06601,395327.81363,3386232.42155,1.12446,0.01244,10419275.60749,2000-05-01T02:34:30.195,15036.11100
145.72500,0.45901,-818.51589,395127.88856,3386239.14743,1.12775,0.01183,10411121.89631,2000-05-01T00:18:41.655,15029.50275
145.73502,0.57113,-818.71682,395145.14273,3386280.42071,1.12193,0.01212,10403540.70692,2000-04-30T22:12:21.464,15029.02254
145.74499,0.63255,-825.38304,395191.19923,3386248.09692,1.11928,0.01196,10452171.63064,2000-05-01T11:42:47.674,15043.77671
145.75500,0.71312,-832.62064,395247.07256,3386224.18260,1.12293,0.01202,10381186.34273,2000-04-30T15:59:39.648,15022.64577
145.76500,0.61514,-823.81513,395171.60329,3386256.73798,1.11821,0.01322,10425386.19898,2000-05-01T04:16:18.610,15033.09687
145.77501,0.61060,-827.29115,395200.13017,3386219.59785,1.11921,0.01230,10433694.45570,2000-05-01T06:34:43.068,15037.83908
145.78500,0.69118,-825.59772,395223.56440,3386234.23779,1.12130,0.01285,10436454.48356,2000-05-01T07:20:50.332,15035.09921
145.79501,0.41649,-807.35092,395093.43785,3386278.43382,1.11965,0.01305,10399199.28173,2000-04-30T20:59:52.095,15032.70649
145.80500,0.69436,-812.73958,395207.62433,3386255.85674,1.11386,0.01272,10549661.54236,2000-05-02T14:47:34.645,15048.73858
145.81499,0.97723,-826.49348,395345.50899,3386249.92480,1.11684,0.01323,10457589.40906,2000-05-01T13:13:02.278,15037.99136
145.82500,0.79394,-806.85946,395239.60346,3386244.48966,1.11671,0.01159,10488000.89738,2000-05-01T21:39:56.561,15046.36958
145.83499,0.63660,-800.75745,395201.07305,3386249.55000,1.11657,0.01211,10503588.65743,2000-05-02T01:59:50.111,15044.78054
145.84500,0.36069,-792.15267,395054.17436,3386271.55880,1.12180,0.01260,10508668.30083,2000-05-02T03:24:23.563,15046.46315
145.85500,0.84079,-803.35470,395284.33137,3386240.28074,1.11819,0.01213,10575472.30756,2000-05-02T21:57:50.023,15057.82848
145.86499,0.55750,-796.61894,395167.85329,3386252.15825,1.12183,0.01270,10574074.54318,2000-05-02T21:34:21.510,15055.91898
145.87501,0.71324,-791.37204,395197.22373,3386256.97481,1.11746,0.01261,10500490.84586,2000-05-02T01:08:12.571,15043.65331
145.88502,0.54108,-780.50010,395128.90811,3386275.61172,1.11688,0.01212,10598007.03234,2000-05-03T04:13:21.654,15060.09952
145.89500,1.03376,-795.61650,395297.24554,3386287.17046,1.12178,0.01311,10617146.53149,2000-05-03T09:32:27.588,15062.10378
145.90501,0.59335,-774.45073,395134.73275,3386288.83708,1.11746,0.01389,10570957.36609,2000-05-02T20:42:30.530,15054.52125
145.91500,0.72869,-776.67889,395164.92534,3386297.15098,1.11834,0.01403,10513901.42279,2000-05-02T04:51:38.338,15044.86787
145.92499,0.49776,-771.12353,395119.60375,3386300.49205,1.11972,0.01407,10579285.25631,2000-05-02T23:01:23.844,15052.22428
145.93500,0.27594,-753.55345,394961.65382,3386313.06419,1.12492,0.01369,10620079.62437,2000-05-03T10:21:20.510,15062.66337
145.94499,1.01929,-784.30266,395266.37775,3386310.04187,1.12281,0.01451,10542225.30408,2000-05-02T12:43:41.436,15053.55042
145.95498,0.56598,-771.55492,395147.13721,3386276.25588,1.12501,0.01462,10496342.71578,2000-05-01T23:58:53.344,15044.97323
145.96500,0.91023,-787.13517,395283.93954,3386271.04516,1.12212,0.01396,10448663.05392,2000-05-01T10:44:12.915,15035.25833
145.97499,0.73553,-785.05303,395153.75842,3386308.02594,1.12467,0.01500,10510236.23304,2000-05-02T03:50:23.861,15048.48199
145.98498,0.43011,-769.18095,395063.03722,3386312.76892,1.12492,0.01461,10526251.18749,2000-05-02T08:17:27.516,15048.40996
145.99499,0.84865,-786.68287,395227.61431,3386300.72945,1.13232,0.01333,10481420.28202,2000-05-01T19:50:23.504,15042.98787
146.00498,0.55440,-783.23612,395131.30873,3386268.86112,1.13826,0.01431,10443765.08296,2000-05-01T09:22:34.880,15036.96368
146.01500,0.94607,-796.67715,395283.73704,3386285.84420,1.12761,0.01610,10537912.43440,2000-05-02T11:31:53.091,15046.52038
146.02500,0.63712,-781.47611,395133.44071,3386337.22893,1.12603,0.01920,10588955.22614,2000-05-03T01:42:29.813,15058.64074
146.03501,0.88352,-791.99685,395284.67740,3386267.40833,1.12298,0.01872,10629903.79051,2000-05-03T13:05:08.881,15062.23369
146.04500,0.80287,-792.75592,395227.42572,3386301.71983,1.12630,0.02048,10581657.42189,2000-05-02T23:40:51.925,15057.85448
146.05497,0.17799,-758.65798,394912.67116,3386346.50799,1.12215,0.01974,10379650.46146,2000-04-30T15:34:08.735,15029.33281
146.06500,1.08900,-797.50651,395375.45898,3386265.32960,1.12262,0.01915,10465582.66297,2000-05-01T15:26:14.727,15037.62338
146.07501,0.71687,-777.62104,395144.21185,3386307.35915,1.12002,0.02002,10506104.72858,2000-05-02T02:41:42.433,15045.95777
146.08500,0.34961,-766.20936,395033.99615,3386286.77113,1.13227,0.02024,10397329.18370,2000-04-30T20:28:44.257,15025.64312
146.09500,0.59077,-780.01805,395174.65113,3386235.49732,1.12663,0.02201,10443201.80505,2000-05-01T09:13:20.973,15035.35202
146.10500,0.83808,-789.07357,395226.26966,3386272.38602,1.12788,0.02203,10312662.76703,2000-04-29T20:57:39.762,15017.51997
146.11500,0.70240,-779.16605,395160.85753,3386274.28050,1.12927,0.01976,10453892.89223,2000-05-01T12:11:23.651,15038.86538
146.12501,0.69587,-784.27393,395197.70781,3386244.48479,1.12307,0.02054,10348940.76545,2000-04-30T07:02:17.879,15021.30394
146.13502,0.81923,-788.87821,395280.58460,3386241.26762,1.12826,0.02139,10444421.51944,2000-05-01T09:33:49.794,15037.33092
146.14500,0.32802,-769.47350,395017.08375,3386322.29646,1.12735,0.01917,10464583.23707,2000-05-01T15:09:37.294,15044.06313
146.15498,0.48351,-764.61371,395095.03895,3386265.38690,1.13013,0.02055,10370232.88488,2000-04-30T12:57:02.006,15028.84697
146.16499,0.40454,-766.95086,395025.19772,3386327.81534,1.13045,0.01975,10322307.51041,2000-04-29T23:38:14.216,15025.85983
146.17500,0.81187,-784.64056,395235.27995,3386259.90504,1.13424,0.02100,10472581.82639,2000-05-01T17:22:48.400,15042.70488
146.18500,0.82005,-789.72202,395232.69401,3386253.92247,1.13249,0.01823,10436466.85757,2000-05-01T07:21:00.402,15039.59860
146.19500,0.79589,-790.93852,395208.31263,3386278.85874,1.13202,0.01825,10385557.02699,2000-04-30T17:12:35.472,15032.50488
146.20501,0.82315,-795.78831,395240.47498,3386241.15024,1.13216,0.01765,10462904.31571,2000-05-01T14:41:31.643,15042.69111
146.21501,0.53877,-780.69154,395117.90742,3386250.77430,1.13345,0.01822,10418695.08377,2000-05-01T02:24:54.256,15036.80243
146.22500,0.58621,-775.67283,395119.28442,3386280.89007,1.13442,0.01728,10425663.96052,2000-05-01T04:21:00.751,15035.80673
146.23501,0.66930,-778.44006,395135.74804,3386281.37152,1.13234,0.01781,10388499.53374,2000-04-30T18:01:32.654,15030.78224
146.24500,0.19724,-754.50177,394966.01964,3386280.00959,1.12575,0.01800,10322062.19601,2000-04-29T23:34:11.608,15022.52942
146.25499,0.58296,-761.42999,395115.28717,3386290.97697,1.13410,0.01737,10421434.60993,2000-05-01T03:10:15.448,15040.25852
146.26501,0.79135,-774.96535,395193.34721,3386259.88729,1.13093,0.01921,10243558.94361,2000-04-29T01:45:41.649,15011.72418
146.27500,0.50170,-764.69010,395065.57759,3386290.93851,1.13045,0.01763,10394687.56076,2000-04-30T19:44:36.669,15036.36353
146.28498,0.90340,-777.90018,395275.73260,3386242.99803,1.12610,0.01565,10415589.53693,2000-05-01T01:33:09.058,15035.89960
146.29501,0.61028,-761.87947,395134.29188,3386268.98483,1.12713,0.01551,10349760.77677,2000-04-30T07:16:04.611,15022.79434
146.30500,0.50054,-762.11871,395093.76306,3386296.70046,1.12962,0.01579,10420910.60427,2000-05-01T03:01:43.566,15039.85215
146.31500,0.46972,-751.92145,395056.58731,3386302.44198,1.12854,0.01493,10341259.28497,2000-04-30T04:54:14.237,15024.10105
146.32501,1.11773,-775.14574,395346.11099,3386247.33076,1.12711,0.01498,10416464.71325,2000-05-01T01:47:34.319,15036.18534
146.33500,0.43956,-747.61120,395057.11773,3386301.04632,1.12817,0.01622,10315195.36440,2000-04-29T21:39:44.814,15019.46573
146.34498,0.62475,-752.40205,395144.90819,3386291.64100,1.12331,0.01392,10305272.82493,2000-04-29T18:54:30.024,15022.76578
146.35499,0.52351,-739.71178,395124.67221,3386290.49670,1.12737,0.01437,10334507.37351,2000-04-30T03:01:31.081,15026.22842
146.36501,0.67464,-745.04665,395131.15869,3386294.26294,1.12793,0.01517,10365100.90154,2000-04-30T11:31:26.508,15027.52460
146.37500,0.95822,-758.25194,395271.22271,3386265.62092,1.12358,0.01609,10314857.95024,2000-04-29T21:34:12.416,15024.69677
146.38501,0.55063,-743.31519,395107.54964,3386299.97523,1.12400,0.01430,10397866.83942,2000-04-30T20:37:33.838,15033.39860
146.39499,0.90453,-755.10859,395248.12423,3386277.46439,1.12248,0.01474,10314056.34675,2000-04-29T21:20:50.485,15026.50362
146.40499,0.73019,-747.34423,395135.14757,3386334.59768,1.13164,0.01198,10247889.84687,2000-04-29T02:58:00.702,15008.63629
146.41501,0.61955,-749.02683,395127.93706,3386287.72864,1.12675,0.01293,10405614.43774,2000-04-30T22:46:48.822,15033.69799
146.42499,0.63203,-739.55365,395131.07437,3386291.04660,1.12486,0.01381,10306934.41335,2000-04-29T19:22:07.107,15020.01168
146.43501,0.77409,-748.94766,395199.90368,3386274.00260,1.12679,0.01366,10451748.94719,2000-05-01T11:35:40.871,15040.70901
146.44501,0.85638,-739.50872,395210.38937,3386305.00473,1.12846,0.01254,10215298.92122,2000-04-28T17:54:53.302,15006.51287
146.45500,0.67836,-728.52037,395183.98466,3386268.60864,1.12551,0.01328,10456641.42376,2000-05-01T12:57:14.673,15038.97022
146.46501,0.88046,-733.13672,395185.24762,3386334.00850,1.12450,0.01271,10331001.09135,2000-04-30T02:03:12.202,15023.50073
146.47502,0.76990,-728.77876,395190.86642,3386280.46043,1.12539,0.01275,10353195.68961,2000-04-30T08:13:23.096,15025.28476
146.48502,0.46604,-720.81064,395082.27129,3386290.28313,1.12512,0.01361,10437224.83821,2000-05-01T07:33:43.409,15043.68088
146.49501,0.83012,-737.90259,395210.11148,3386293.77466,1.13268,0.01258,10332958.81483,2000-04-30T02:35:49.040,15025.31338
146.50500,0.82848,-742.01887,395210.67722,3386306.24347,1.12936,0.01308,10421698.08163,2000-05-01T03:14:51.335,15037.82125
146.51499,0.83355,-744.97883,395187.27501,3386323.77740,1.13013,0.01283,10385188.97278,2000-04-30T17:06:33.850,15028.68322
146.52498,0.72657,-731.62545,395129.40193,3386320.69026,1.12584,0.01329,10410350.45833,2000-05-01T00:05:54.279,15036.43135
146.53500,0.91033,-742.53285,395221.93183,3386299.62554,1.12846,0.01304,10472900.53397,2000-05-01T17:28:14.646,15042.30107
146.54501,0.48943,-728.58518,395083.63078,3386289.99695,1.12708,0.01369,10313276.24427,2000-04-29T21:07:56.551,15020.88089
146.55499,0.71914,-723.30570,395124.67795,3386329.83601,1.12810,0.01348,10467375.34625,2000-05-01T15:56:13.162,15043.44229
146.56500,0.73240,-727.97118,395164.36171,3386283.70237,1.12433,0.01397,10339933.16045,2000-04-30T04:32:12.111,15023.23754
146.57501,0.75964,-730.35822,395159.67045,3386316.30390,1.12271,0.01454,10405801.47066,2000-04-30T22:50:05.839,15035.03778
146.58501,0.75838,-721.60751,395178.57256,3386310.18239,1.12636,0.01538,10377509.98560,2000-04-30T14:58:34.214,15028.58761
146.59501,0.95322,-737.31942,395275.86223,3386266.72262,1.12058,0.01515,10332069.92004,2000-04-30T02:21:03.454,15026.82981
146.60501,0.92595,-726.26107,395156.28139,3386371.66117,1.12320,0.01522,10391406.13630,2000-04-30T18:50:11.763,15032.07773
146.61500,0.93317,-730.17365,395238.14714,3386303.73643,1.12186,0.01519,10448065.33781,2000-05-01T10:34:14.250,15040.60433
146.62501,0.69574,-724.58973,395157.74475,3386286.28426,1.11711,0.01415,10538008.02471,2000-05-02T11:33:27.934,15056.29930
146.63501,0.10254,-681.66279,394823.94265,3386395.50843,1.12105,0.01333,10739104.86500,2000-05-04T19:24:59.786,15080.10711
146.64500,0.62966,-711.12413,395105.10229,3386318.00991,1.12142,0.01326,10695427.16182,2000-05-04T07:17:03.075,15077.99019
146.65500,0.60362,-705.76856,395068.48218,3386330.08855,1.12207,0.01409,10481174.63656,2000-05-01T19:46:09.537,15041.20469
146.66500,0.68809,-708.50946,395086.51059,3386358.37965,1.11881,0.01278,10546655.99267,2000-05-02T13:57:27.174,15059.49845
146.67499,0.44182,-691.62932,395022.83005,3386343.68931,1.12011,0.01387,10582709.15069,2000-05-02T23:58:24.473,15059.57511
146.68499,0.94021,-712.17770,395235.13236,3386319.68605,1.11725,0.01321,10659975.92930,2000-05-03T21:26:06.935,15076.94395
146.69501,0.84861,-705.64082,395170.15984,3386341.10372,1.12498,0.01328,10596641.76548,2000-05-03T03:50:43.584,15059.83851
146.70500,0.46477,-682.51253,394987.08010,3386391.41524,1.12192,0.01361,10491401.32806,2000-05-01T22:36:37.023,15047.24907
146.71501,0.75581,-696.58541,395098.54735,3386362.83340,1.11825,0.01241,10550889.72962,2000-05-02T15:08:07.516,15055.09501
146.72499,0.74041,-707.43440,395121.38135,3386359.43490,1.12411,0.01400,10638975.69936,2000-05-03T15:36:08.852,15069.53771
146.73500,0.66718,-700.78341,395111.05262,3386333.41759,1.12121,0.01419,10626132.77862,2000-05-03T12:02:18.155,15064.02753
146.74500,0.58238,-689.60588,395038.58325,3386357.22982,1.12354,0.01362,10543079.29053,2000-05-02T12:57:54.594,15052.93227
146.75501,0.57955,-702.63967,395102.20399,3386291.37054,1.11859,0.01372,10588622.06410,2000-05-03T01:36:58.445,15061.52327
146.76499,0.64462,-696.54353,395045.58811,3386394.14301,1.12508,0.01337,10481141.71242,2000-05-01T19:45:37.594,15042.86064
146.77500,0.90975,-702.05517,395158.96381,3386356.65780,1.12214,0.01331,10472026.72328,2000-05-01T17:13:49.519,15042.54626
146.78497,0.43459,-683.55203,394994.31345,3386370.25549,1.12985,0.01349,10646721.15210,2000-05-03T17:45:16.464,15068.26522
146.79498,0.99034,-699.03540,395213.56065,3386342.68299,1.12204,0.01389,10438466.03150,2000-05-01T07:54:21.967,15039.93886
146.80499,0.56482,-683.57997,395064.36380,3386371.76633,1.13091,0.01326,10521558.54998,2000-05-02T06:59:15.537,15051.44261
146.81499,0.90861,-688.27079,395190.35229,3386356.62083,1.13716,0.01409,10528863.41037,2000-05-02T09:00:56.931,15048.60723
146.82499,0.63650,-669.64962,395044.08887,3386385.57407,1.12760,0.01372,10503323.75623,2000-05-02T01:55:24.347,15049.12339
146.83501,1.12099,-685.63861,395280.62153,3386329.66105,1.13022,0.01390,10611791.10753,2000-05-03T08:03:00.147,15064.32769
146.84502,0.45585,-653.58699,394968.16005,3386395.77263,1.11977,0.01314,10588253.83087,2000-05-03T01:30:58.093,15056.27623
146.85501,0.18030,-641.91601,394838.36668,3386408.49566,1.12146,0.01425,10526546.16546,2000-05-02T08:22:23.760,15048.40822
146.86500,0.81462,-653.20849,395110.29741,3386385.60287,1.12810,0.01311,10705847.60532,2000-05-04T10:10:50.488,15077.77335
146.87501,0.96041,-658.93104,395145.39505,3386425.44337,1.12471,0.01354,10454595.65714,2000-05-01T12:23:12.504,15043.76186
146.88499,0.69995,-646.31473,395060.58508,3386410.37991,1.12561,0.01327,10663215.22722,2000-05-03T22:20:07.493,15070.46099
146.89500,0.66868,-642.43050,395031.76875,3386415.58186,1.13052,0.01424,10548480.99023,2000-05-02T14:28:03.062,15056.71632
146.90500,0.64208,-636.52965,395029.64132,3386413.24836,1.12927,0.01407,10540219.59438,2000-05-02T12:10:16.232,15048.88961
146.91500,0.51754,-629.42484,395020.21760,3386387.95426,1.13136,0.01711,10573923.02560,2000-05-02T21:31:57.017,15060.10782
146.92498,0.87465,-648.23832,395166.00494,3386398.00901,1.12608,0.01648,10544350.57427,2000-05-02T13:19:20.351,15051.33765
146.93500,0.94156,-646.55821,395169.43419,3386392.49541,1.12976,0.01558,10524387.85692,2000-05-02T07:46:23.192,15050.62740
146.94500,0.88205,-640.99577,395159.85611,3386380.01206,1.12820,0.01766,10624468.32856,2000-05-03T11:34:28.099,15065.20596
146.95500,1.28003,-664.68639,395357.30596,3386359.52523,1.12283,0.01699,10733095.71632,2000-05-04T17:44:49.345,15080.97806
146.96501,0.88799,-644.54210,395195.30269,3386406.73883,1.12526,0.01745,10638407.42465,2000-05-03T15:26:48.759,15065.82632
146.97500,0.69702,-633.87379,395082.52332,3386420.44051,1.12154,0.02042,10652569.56854,2000-05-03T19:22:51.455,15068.07007
146.98499,0.80115,-635.41171,395192.57917,3386418.52034,1.12424,0.01711,10691232.96935,2000-05-04T06:07:21.364,15077.24472
146.99499,0.95385,-634.71393,395219.54561,3386369.41408,1.12879,0.01741,10537276.27589,2000-05-02T11:21:13.550,15052.21133
147.00500,0.69554,-616.37055,395020.24835,3386419.38451,1.12119,0.01475,10546185.60824,2000-05-02T13:49:42.696,15048.19595
147.01500,1.00938,-623.50282,395194.44038,3386362.00610,1.12202,0.01573,10619481.19368,2000-05-03T10:11:27.559,15068.49262
147.02500,1.01777,-623.82489,395184.37383,3386394.92345,1.11974,0.01521,10530209.85820,2000-05-02T09:23:24.666,15053.66847
147.03501,0.80312,-615.24251,395067.22733,3386414.38087,1.12496,0.01576,10461916.81735,2000-05-01T14:25:17.356,15036.78874
147.04501,0.84567,-613.50420,395067.44072,3386415.21954,1.12444,0.01512,10614381.59780,2000-05-03T08:46:22.527,15060.33185
147.05500,0.68739,-622.82425,395056.51852,3386396.85342,1.13156,0.01431,10639496.63932,2000-05-03T15:44:49.299,15071.95318
147.06500,0.59551,-618.70072,394974.50625,3386432.71635,1.13271,0.01479,10570166.01884,2000-05-02T20:29:23.275,15060.47315
147.07502,0.87696,-625.71262,395122.31099,3386405.96047,1.12874,0.01540,10547379.64596,2000-05-02T14:09:43.974,15056.06336
147.08500,1.17592,-644.96636,395265.11469,3386391.38434,1.12716,0.01527,10564768.63323,2000-05-02T18:59:28.698,15055.02032
147.09499,0.93685,-624.63596,395129.13998,3386406.04284,1.12509,0.01934,10576743.96089,2000-05-02T22:19:06.475,15057.77560
147.10499,0.86847,-635.60587,395122.16268,3386389.93127,1.13078,0.01783,10469735.92091,2000-05-01T16:35:38.703,15041.03134
147.11499,0.86921,-640.84707,395134.99213,3386371.80714,1.12583,0.01831,10575004.92242,2000-05-02T21:49:57.136,15057.28411
147.12500,0.72048,-630.97126,395051.39726,3386395.58464,1.13611,0.01737,10461491.50617,2000-05-01T14:18:12.104,15039.37699
147.13501,0.63257,-627.43623,395032.12660,3386396.10845,1.12079,0.01728,10530167.67922,2000-05-02T09:22:45.346,15055.67212
147.14500,1.00123,-644.52697,395190.96092,3386378.41264,1.12870,0.01815,10517673.83440,2000-05-02T05:54:42.860,15048.56274
147.15499,0.79513,-645.64365,395065.27607,3386423.75758,1.13250,0.01753,10510366.30049,2000-05-02T03:52:45.525,15045.41374
147.16500,0.90039,-651.94927,395172.53801,3386346.18255,1.12963,0.01612,10562391.34198,2000-05-02T18:19:53.190,15059.59560
147.17499,0.64261,-640.45551,395013.90841,3386400.80170,1.12808,0.01751,10530061.37684,2000-05-02T09:21:00.945,15052.72087
147.18500,1.19063,-663.56505,395259.38404,3386361.66986,1.12710,0.01772,10524433.62347,2000-05-02T07:47:15.107,15050.08245
147.19500,0.49426,-637.93494,394974.48376,3386403.31620,1.12408,0.01690,10555033.32250,2000-05-02T16:17:12.828,15055.42265
147.20501,0.78026,-648.85657,395103.88864,3386364.89064,1.12886,0.01794,10506714.66720,2000-05-02T02:51:46.850,15051.19292
147.21502,0.83115,-655.17077,395129.53965,3386388.91066,1.12522,0.01685,10525043.78354,2000-05-02T07:57:21.954,15050.90916
147.22500,0.78602,-648.11381,395097.29000,3386409.39989,1.13255,0.01876,10550735.68997,2000-05-02T15:05:43.796,15054.44521
147.23500,0.93494,-659.12248,395180.12555,3386357.46184,1.13141,0.01785,10527514.34110,2000-05-02T08:38:25.609,15053.96855
147.24499,0.78595,-657.54632,395099.64835,3386381.78359,1.13192,0.01878,10548374.39320,2000-05-02T14:26:08.907,15052.31409
147.25500,0.60079,-650.87854,395071.66196,3386360.99093,1.12581,0.01871,10663818.88754,2000-05-03T22:30:25.612,15068.00327
147.26500,1.09318,-674.86144,395256.61785,3386345.51021,1.13352,0.01683,10548456.50055,2000-05-02T14:27:33.798,15055.01220
147.27500,0.54239,-652.94975,395027.10017,3386371.51719,1.13274,0.01660,10503426.31694,2000-05-02T01:56:57.732,15049.93263
147.28498,0.85978,-665.46414,395155.24353,3386369.71204,1.13225,0.01655,10480350.02778,2000-05-01T19:32:19.569,15043.58489
147.29501,0.33594,-651.05091,394923.01497,3386378.29646,1.13228,0.01624,10515748.72258,2000-05-02T05:22:20.006,15047.61045
147.30502,1.35592,-687.44409,395371.26637,3386334.42957,1.12958,0.01688,10453679.48595,2000-05-01T12:07:53.301,15044.52590
147.31500,0.84188,-664.61322,395117.20369,3386389.29581,1.13535,0.01553,10579508.61301,2000-05-02T23:05:07.290,15062.57428
147.32500,0.64228,-657.74202,395085.63017,3386362.42815,1.13388,0.01596,10495803.91556,2000-05-01T23:50:01.708,15040.43891
147.33499,0.83406,-657.46843,395181.69597,3386336.68939,1.13496,0.01721,10460422.32737,2000-05-01T14:00:24.175,15039.60669
147.34500,0.94525,-664.89449,395197.67062,3386390.73504,1.12984,0.01626,10571850.12091,2000-05-02T20:57:25.936,15056.94860
147.35501,0.46491,-647.90720,394987.19827,3386381.93851,1.13285,0.01600,10561772.01950,2000-05-02T18:09:18.638,15053.60979
147.36499,1.20487,-674.28294,395322.85927,3386326.58632,1.12820,0.01607,10444154.77473,2000-05-01T09:29:13.702,15040.92799
147.37498,0.70124,-657.90053,395096.23696,3386410.25704,1.12608,0.01641,10569243.71518,2000-05-02T20:13:57.060,15059.48009
147.38501,0.97996,-671.30106,395214.97190,3386371.10159,1.12844,0.01735,10502124.06936,2000-05-02T01:35:16.642,15049.13867
147.39500,0.90242,-670.42209,395215.46921,3386333.14359,1.12662,0.01652,10500044.84496,2000-05-02T01:00:37.283,15045.52554
147.40499,0.80048,-663.22611,395252.45850,3386364.22983,1.12612,0.01550,10462254.72040,2000-05-01T14:30:50.054,15040.59239
147.41500,0.97912,-673.44945,395393.54678,3386327.85727,1.12048,0.01307,10449107.15432,2000-05-01T10:51:41.690,15041.75491
147.42501,0.98002,-671.92122,395338.66480,3386345.65707,1.12357,0.01429,10466464.92008,2000-05-01T15:40:58.538,15039.75696
147.43499,0.73677,-661.55622,395271.43041,3386339.15184,1.13172,0.01358,10529674.28182,2000-05-02T09:14:21.986,15049.84578
147.44502,1.06415,-670.68896,395335.05330,3386360.21974,1.12335,0.01372,10529822.81394,2000-05-02T09:16:59.211,15051.89903
147.45501,0.69661,-661.02890,395226.35878,3386354.82680,1.12592,0.01435,10435879.34452,2000-05-01T07:11:14.186,15037.84046
147.46502,0.71790,-661.45641,395206.69023,3386369.47981,1.12906,0.01366,10562552.08262,2000-05-02T18:22:25.351,15052.44810
147.47501,0.94741,-662.46768,395309.10624,3386355.16243,1.12555,0.01422,10466227.86311,2000-05-01T15:36:53.122,15041.17065
147.48502,0.82200,-663.12013,395281.71113,3386332.53293,1.12288,0.01270,10565012.68232,2000-05-02T19:03:20.177,15054.70200
147.49501,0.71351,-658.24310,395174.82921,3386393.32604,1.12644,0.01246,10520533.01821,2000-05-02T06:42:06.228,15047.36388
147.50499,1.06053,-672.62712,395303.53173,3386377.36260,1.12044,0.01104,10534566.51851,2000-05-02T10:35:51.336,15053.01572
147.51501,0.72921,-658.45691,395143.00638,3386430.25832,1.12330,0.01182,10506898.93197,2000-05-02T02:54:57.282,15044.12257
147.52500,0.95856,-655.93113,395264.42609,3386418.36947,1.12269,0.01298,10553130.85321,2000-05-02T15:45:12.170,15051.57541
147.53501,0.61704,-658.76285,395144.61506,3386377.01896,1.12508,0.01446,10579383.34877,2000-05-02T23:02:55.702,15058.15024
147.54499,0.74647,-672.62329,395179.91226,3386358.97119,1.11746,0.01489,10498707.10406,2000-05-02T00:38:20.962,15045.78532
147.55499,0.72397,-681.98788,395203.69203,3386331.52937,1.12030,0.01831,10619562.07948,2000-05-03T10:12:31.830,15064.83755
147.56498,0.84276,-683.33342,395248.12632,3386329.82696,1.11916,0.01942,10448758.98540,2000-05-01T10:45:51.590,15036.32805
147.57499,0.68251,-682.84656,395164.11010,3386356.95834,1.11823,0.01946,10521790.83648,2000-05-02T07:02:51.610,15054.53126
147.58499,0.75081,-694.63558,395203.34543,3386343.53514,1.12108,0.01983,10445682.88645,2000-05-01T09:54:31.597,15039.48469
147.59500,0.34877,-677.48163,395030.64934,3386341.13247,1.12084,0.01900,10664504.31780,2000-05-03T22:41:29.578,15070.94281
147.60500,0.77290,-691.60063,395176.88710,3386339.32312,1.12260,0.01996,10622141.65398,2000-05-03T10:55:33.812,15063.92824
147.61499,0.36106,-681.55020,395030.31269,3386323.07699,1.12489,0.01935,10559426.58430,2000-05-02T17:30:11.820,15055.05938
147.62500,0.20818,-675.62218,394981.13391,3386316.71351,1.12092,0.02109,10610823.27386,2000-05-03T07:46:42.974,15062.45897
147.63499,0.58935,-692.15133,395125.74646,3386339.56884,1.11799,0.02097,10608711.08519,2000-05-03T07:11:42.243,15062.11836
147.64499,0.62289,-695.26827,395156.69680,3386344.21371,1.12227,0.02059,10389124.08274,2000-04-30T18:11:54.361,15031.03606
147.65499,1.01453,-711.67956,395316.84316,3386305.41430,1.12530,0.01847,10369973.60239,2000-04-30T12:52:49.866,15025.02309
147.66500,0.53074,-691.14080,395058.99364,3386362.35087,1.12642,0.01755,10430139.07485,2000-05-01T05:35:30.376,15038.51076
147.67498,1.06732,-712.23063,395331.72431,3386310.63163,1.12650,0.01776,10412583.08111,2000-05-01T00:42:55.383,15029.96242
147.68500,0.72862,-704.50999,395194.15497,3386337.13224,1.12285,0.01691,10425391.25792,2000-05-01T04:16:24.873,15038.35407
147.69500,0.40244,-681.16610,395022.34163,3386375.10918,1.11987,0.02278,10498028.56133,2000-05-02T00:27:10.282,15045.72352
147.70500,0.79298,-702.51155,395176.05720,3386365.04800,1.12516,0.01994,10465625.29881,2000-05-01T15:27:05.524,15043.59139
147.71500,0.79512,-697.58286,395222.67565,3386325.14551,1.12718,0.01882,10506905.33654,2000-05-02T02:55:04.680,15048.35558
147.72501,0.55375,-688.81413,395093.77452,3386341.26830,1.12534,0.02050,10332437.75430,2000-04-30T02:27:14.257,15020.91644
147.73501,0.85658,-700.18590,395205.57088,3386371.67334,1.12784,0.01918,10454790.46906,2000-05-01T12:26:18.658,15042.18757
147.74500,0.66229,-691.53963,395084.73112,3386396.19157,1.12369,0.01993,10379086.52627,2000-04-30T15:24:45.808,15028.76331
147.75500,0.81825,-701.05369,395213.28615,3386336.18388,1.12257,0.01924,10457071.26768,2000-05-01T13:04:26.865,15042.54351
147.76501,0.77164,-696.35597,395140.25619,3386361.39330,1.12773,0.01974,10372528.72391,2000-04-30T13:35:21.042,15029.71000
147.77502,0.71387,-694.30923,395147.52506,3386363.51194,1.12860,0.02040,10295670.12630,2000-04-29T16:14:17.964,15021.14032
147.78500,0.82450,-698.32609,395189.74996,3386361.44454,1.13064,0.01931,10506819.55708,2000-05-02T02:53:30.398,15047.48363
147.79499,0.44795,-679.12711,395015.48216,3386368.77305,1.13006,0.01889,10455023.62034,2000-05-01T12:30:26.716,15040.43939
147.80499,0.46030,-685.58839,395048.39013,3386361.34590,1.12783,0.01685,10452839.49869,2000-05-01T11:53:50.890,15038.37323
147.81500,0.81454,-707.70020,395191.32598,3386354.38094,1.12603,0.01691,10420161.92680,2000-05-01T02:49:14.992,15034.88203
147.82500,0.75997,-695.37282,395142.17929,3386362.89959,1.12749,0.01760,10439021.21604,2000-05-01T08:03:41.331,15035.76408
147.83501,0.84460,-705.96593,395201.77830,3386365.77632,1.13114,0.01730,10381711.28219,2000-04-30T16:08:19.385,15028.82741
147.84500,1.11242,-720.15418,395325.32180,3386337.77051,1.13115,0.01745,10439331.89536,2000-05-01T08:08:43.783,15039.13315
147.85500,0.20013,-679.75758,394950.84937,3386360.93365,1.13686,0.01596,10452380.12526,2000-05-01T11:46:13.394,15040.71400
147.86499,0.86266,-711.15038,395205.53105,3386342.35102,1.12687,0.01793,10468340.72153,2000-05-01T16:12:20.667,15040.56322
147.87500,0.62174,-702.20754,395094.95679,3386386.29014,1.12306,0.01668,10451898.99327,2000-05-01T11:38:02.678,15044.18126
147.88501,0.62403,-701.37996,395096.16290,3386375.72875,1.12030,0.01446,10501470.28415,2000-05-02T01:24:25.405,15045.93648
147.89500,0.61736,-694.29201,395057.99917,3386401.93352,1.12539,0.01487,10410845.74624,2000-05-01T00:13:54.739,15035.83030
147.90500,1.10630,-703.97145,395301.96657,3386363.25904,1.12514,0.01627,10513687.20904,2000-05-02T04:48:01.397,15048.65973
147.91500,0.52321,-689.23142,395045.33964,3386394.28288,1.12769,0.01570,10415771.94834,2000-05-01T01:36:02.424,15035.45346
147.92499,0.65286,-692.53369,395089.94853,3386400.34239,1.12005,0.01186,10359173.15496,2000-04-30T09:52:44.535,15027.41168
147.93499,0.70117,-695.17200,395130.83431,3386373.74981,1.12576,0.01198,10572288.91993,2000-05-02T21:04:43.341,15055.07879
147.94500,0.63612,-690.55805,395095.33577,3386348.03769,1.12749,0.01143,10392047.52136,2000-04-30T19:00:44.589,15033.63659
147.95499,0.50659,-689.43409,395026.05147,3386401.12510,1.12605,0.01347,10422313.79112,2000-05-01T03:25:05.172,15033.56937
147.96501,0.69506,-698.71497,395158.99872,3386341.35282,1.12892,0.01511,10445285.13880,2000-05-01T09:47:57.217,15037.60740
147.97501,0.56453,-692.89541,395028.58575,3386411.25221,1.12487,0.01484,10463307.39019,2000-05-01T14:48:26.574,15043.10398
147.98500,0.79554,-708.00141,395165.63797,3386357.61671,1.12727,0.01436,10526466.97984,2000-05-02T08:21:11.522,15045.92673
147.99498,1.01637,-716.84034,395267.18709,3386354.71864,1.13043,0.01418,10368291.52477,2000-04-30T12:24:48.551,15028.09614
148.00500,0.64399,-695.85279,395126.19675,3386374.16862,1.12872,0.01446,10444242.83709,2000-05-01T09:30:47.786,15038.84380
148.01500,0.58321,-696.84178,395072.16387,3386381.63099,1.13594,0.01384,10531483.31474,2000-05-02T09:44:37.098,15055.59528
148.02499,0.90464,-707.54732,395218.01659,3386372.84400,1.13419,0.01419,10389702.39463,2000-04-30T18:21:36.060,15028.51859
148.03498,0.87192,-702.65283,395228.98557,3386332.46495,1.12724,0.01414,10455363.89476,2000-05-01T12:35:59.743,15045.20434
148.04501,0.91921,-707.31736,395235.23282,3386369.11196,1.13257,0.01420,10417180.76279,2000-05-01T01:59:35.115,15034.37787
148.05499,1.01694,-706.14036,395286.17854,3386342.21270,1.13107,0.01437,10471757.28575,2000-05-01T17:09:09.073,15045.16370
148.06500,0.48792,-690.36390,395052.46462,3386349.93343,1.12486,0.01742,10456948.88628,2000-05-01T13:02:25.157,15038.64421
148.07498,0.48920,-699.00641,395060.72586,3386380.54562,1.12318,0.01661,10415665.76244,2000-05-01T01:34:21.797,15033.92518
148.08499,0.78239,-705.19375,395169.08984,3386377.09301,1.12397,0.01691,10492768.58518,2000-05-01T22:59:28.780,15046.36375
148.09501,0.86445,-713.92516,395228.31103,3386357.58328,1.12889,0.01598,10427098.28115,2000-05-01T04:44:47.840,15036.64511
148.10498,0.72489,-706.92269,395160.33267,3386336.08165,1.12832,0.01661,10487453.53492,2000-05-01T21:31:01.068,15046.44302
148.11500,0.97452,-721.65010,395270.32674,3386336.78967,1.14183,0.01634,10423048.36750,2000-05-01T03:37:23.297,15036.10958
148.12501,0.75798,-711.80888,395215.81916,3386321.60473,1.13440,0.01666,10405785.56363,2000-04-30T22:49:37.660,15032.38066
148.13501,1.15136,-725.72932,395373.60926,3386297.87634,1.12979,0.01746,10466917.35853,2000-05-01T15:48:33.479,15040.49642
148.14502,0.49545,-698.96328,395057.09715,3386377.81564,1.12915,0.01684,10439986.85875,2000-05-01T08:19:41.752,15035.06491
148.15500,0.82990,-713.31242,395231.28845,3386337.47197,1.12600,0.01693,10470632.47767,2000-05-01T16:50:33.010,15043.47689
148.16500,0.52846,-708.92852,395124.19644,3386341.68333,1.12628,0.01677,10440618.53100,2000-05-01T08:30:06.996,15037.04667
148.17499,0.71687,-713.25013,395129.69531,3386396.46457,1.13034,0.01696,10420948.41427,2000-05-01T03:02:27.349,15035.89834
148.18498,0.65291,-707.71577,395181.26721,3386323.90117,1.12677,0.01685,10470734.55981,2000-05-01T16:52:11.832,15046.41696
148.19501,0.71050,-709.33646,395172.50517,3386362.84439,1.12475,0.01728,10444780.28661,2000-05-01T09:39:39.386,15037.36789
148.20501,0.94068,-722.30900,395285.45675,3386329.14116,1.12526,0.01756,10498237.79335,2000-05-02T00:30:35.941,15047.57434
148.21501,0.85255,-721.49709,395298.84778,3386320.72910,1.12240,0.01806,10515541.57812,2000-05-02T05:19:01.524,15051.76636
148.22500,0.82714,-726.53419,395237.73689,3386358.76011,1.12077,0.01666,10433111.54044,2000-05-01T06:25:03.931,15034.73240
148.23499,0.31184,-708.13508,395029.85259,3386407.68710,1.12555,0.01839,10625065.38786,2000-05-03T11:44:14.726,15061.79125
148.24498,0.66171,-729.60309,395219.31806,3386327.23492,1.11912,0.01882,10568989.54279,2000-05-02T20:09:46.549,15060.21972
148.25499,0.61770,-726.58933,395209.63230,3386359.01719,1.12333,0.01883,10587022.61700,2000-05-03T01:10:11.098,15063.42457
148.26499,0.54690,-722.92719,395174.45298,3386330.04946,1.12878,0.01899,10552204.84986,2000-05-02T15:29:55.217,15053.59140
148.27499,0.65158,-727.89330,395235.64822,3386376.54115,1.12513,0.01899,10755662.80679,2000-05-05T00:00:54.749,15087.45253
148.28501,0.21015,-715.01353,395319.33104,3386370.21681,1.12968,0.01909,10625013.04291,2000-05-03T11:43:09.418,15065.29777
148.29498,0.63099,-739.88962,395073.80892,3386322.98727,1.12517,0.01733,10418529.35993,2000-05-01T02:22:09.662,15030.84833
148.30500,0.70295,-740.45672,395142.65651,3386282.18078,1.11863,0.01876,10514863.27704,2000-05-02T05:07:41.453,15048.66519
148.31500,0.77871,-748.52417,395201.94581,3386335.83933,1.12583,0.01582,10454669.72948,2000-05-01T12:24:24.176,15040.43632
148.32498,0.75040,-748.18104,395202.78940,3386311.88732,1.11831,0.01639,10486146.49395,2000-05-01T21:09:02.550,15045.62116
148.33498,0.49978,-748.28030,395124.03056,3386300.85914,1.12191,0.01525,10460587.34002,2000-05-01T14:03:01.412,15041.25533
148.34499,0.32146,-737.99270,395026.18903,3386342.37973,1.12191,0.01616,10472368.27227,2000-05-01T17:19:26.921,15045.94540
148.35499,0.83077,-766.58197,395269.15410,3386297.24251,1.12744,0.01816,10495943.54148,2000-05-01T23:52:16.503,15044.92395
148.36498,0.56556,-750.58268,395148.93713,3386290.86022,1.12936,0.01579,10510461.38928,2000-05-02T03:54:18.414,15050.37024
148.37500,0.18184,-745.03052,394989.94828,3386309.14797,1.12435,0.01781,10587000.73727,2000-05-03T01:09:59.714,15062.62962
148.38502,0.89906,-770.96551,395310.52589,3386275.61440,1.12385,0.01761,10433146.79550,2000-05-01T06:25:39.070,15039.61838
148.39501,0.66759,-760.88232,395184.72644,3386300.28359,1.12275,0.01734,10396498.01841,2000-04-30T20:14:54.929,15030.20091
148.40499,0.54822,-763.03534,395171.45807,3386285.03462,1.12642,0.01859,10445470.31265,2000-05-01T09:51:11.806,15037.58158
148.41501,0.76463,-769.23339,395244.91828,3386265.30898,1.12020,0.01827,10419708.57572,2000-05-01T02:41:42.028,15035.02051
148.42500,0.45977,-760.29013,395097.97341,3386290.67823,1.12419,0.01587,10508189.77108,2000-05-02T03:16:32.261,15051.13909
148.43500,0.70948,-771.94161,395189.48339,3386299.37414,1.12199,0.01455,10397001.49660,2000-04-30T20:23:23.740,15028.56248
148.44501,0.29065,-755.77551,395038.24291,3386279.07122,1.12603,0.01463,10479929.74925,2000-05-01T19:25:35.449,15042.57583
148.45500,0.66671,-771.76469,395199.18374,3386278.12786,1.12930,0.01491,10540944.38973,2000-05-02T12:22:20.434,15054.52367
148.46499,0.51294,-760.72198,395103.63421,3386301.59780,1.11918,0.01451,10511141.41001,2000-05-02T04:05:40.425,15048.51427
148.47500,0.60497,-771.49703,395145.73167,3386287.52805,1.12857,0.01487,10524757.70006,2000-05-02T07:52:41.915,15049.47171
148.48501,0.34288,-759.25261,395040.50445,3386308.69714,1.12342,0.01460,10472381.67647,2000-05-01T17:19:43.467,15043.20398
148.49501,0.65200,-771.96339,395156.16074,3386278.36196,1.12501,0.01752,10545062.18605,2000-05-02T13:30:56.729,15056.40584
148.50500,0.18170,-751.49419,394968.94669,3386288.27202,1.12812,0.01734,10399417.70115,2000-04-30T21:03:38.253,15031.58372
148.51501,0.73773,-773.33080,395164.92608,3386337.47682,1.12895,0.01766,10554063.60294,2000-05-02T16:01:02.280,15053.90431
148.52499,0.50834,-759.33173,395098.99321,3386281.73639,1.12677,0.01814,10519864.33316,2000-05-02T06:31:01.302,15048.76720
148.53500,0.54608,-766.33536,395136.95934,3386264.14465,1.12290,0.01768,10546941.35288,2000-05-02T14:02:20.883,15052.27778
148.54501,0.56539,-763.26419,395126.87685,3386285.06122,1.12435,0.01481,10535634.87627,2000-05-02T10:53:54.892,15051.50012
148.55500,0.43609,-764.52484,395097.94672,3386295.74457,1.13325,0.01541,10549599.41623,2000-05-02T14:46:46.192,15053.17382
148.56499,0.55342,-773.51397,395137.33727,3386293.30867,1.12688,0.01509,10586550.33838,2000-05-03T01:02:22.531,15058.95587
148.57499,0.73508,-779.90034,395208.12412,3386272.57876,1.12438,0.01612,10548830.01199,2000-05-02T14:33:49.177,15056.34156
148.58499,0.61316,-773.69034,395160.50989,3386272.07717,1.12326,0.01561,10468218.23910,2000-05-01T16:10:16.165,15041.99532
148.59499,0.53859,-776.95887,395154.46557,3386245.92627,1.13016,0.01730,10619946.38706,2000-05-03T10:19:02.083,15059.86790
148.60499,0.55393,-784.02378,395183.59221,3386253.25156,1.12991,0.01544,10490909.42281,2000-05-01T22:28:18.294,15045.99485
148.61498,0.48335,-781.46446,395098.74197,3386291.51895,1.12528,0.01617,10690753.35121,2000-05-04T05:59:15.983,15076.99799
148.62499,0.89811,-803.66931,395302.97208,3386230.56397,1.12291,0.01853,10482470.81684,2000-05-01T20:07:53.424,15038.57151
148.63502,0.65172,-798.39300,395221.36470,3386237.53683,1.12255,0.01727,10529504.29157,2000-05-02T09:11:49.271,15050.39061
148.64501,0.39768,-789.24365,395076.96459,3386256.41844,1.11835,0.01869,10583380.46882,2000-05-03T00:09:38.043,15058.39649
148.65499,0.77156,-806.49025,395269.04292,3386244.88807,1.12715,0.01796,10549265.75584,2000-05-02T14:40:59.035,15054.91934
148.66500,0.31094,-792.11861,395042.45306,3386269.80872,1.12009,0.01795,10559502.15676,2000-05-02T17:31:44.042,15054.90209
148.67502,0.86681,-808.17460,395302.85486,3386225.71327,1.12873,0.01815,10476816.98569,2000-05-01T18:33:35.665,15041.08995
148.68501,0.69263,-805.05463,395258.49273,3386215.66590,1.12527,0.01807,10600392.50589,2000-05-03T04:53:10.758,15062.71646
148.69500,0.48049,-804.88045,395128.25397,3386238.86305,1.12734,0.01797,10465419.55116,2000-05-01T15:23:34.604,15041.48451
148.70501,0.17334,-785.15227,394981.26708,3386264.38829,1.12948,0.01610,10492728.23778,2000-05-01T22:58:54.322,15045.64606
148.71500,0.45921,-802.88293,395088.18193,3386285.35817,1.13263,0.01715,10490137.71399,2000-05-01T22:15:39.846,15041.11771
148.72501,0.73617,-807.69200,395222.80897,3386246.78326,1.13222,0.01571,10401994.49072,2000-04-30T21:46:36.776,15035.44927
148.73499,0.57727,-800.02816,395126.02760,3386267.06083,1.12969,0.01342,10613988.50181,2000-05-03T08:39:43.740,15065.09215
148.74500,0.12257,-788.57758,394961.31100,3386290.58602,1.13239,0.01252,10545439.74340,2000-05-02T13:37:17.540,15049.31904
148.75499,0.38690,-789.50210,395069.45653,3386256.51801,1.12980,0.01290,10660002.79364,2000-05-03T21:26:46.732,15070.79735
148.76499,0.51619,-806.11383,395131.92553,3386256.97903,1.13503,0.01352,10489241.69231,2000-05-01T22:00:42.742,15045.10529
148.77498,0.51139,-794.18776,395091.64126,3386267.88665,1.13238,0.01361,10521250.75024,2000-05-02T06:54:09.081,15044.80101
148.78500,0.54258,-805.53608,395149.76708,3386249.34086,1.13135,0.01331,10634361.47554,2000-05-03T14:19:15.780,15066.75216
148.79500,0.41984,-807.37949,395107.52652,3386232.84073,1.12866,0.01342,10534169.07722,2000-05-02T10:29:28.370,15053.71662
148.80500,0.68775,-820.75965,395177.79154,3386274.95805,1.13493,0.01348,10507313.85664,2000-05-02T03:01:51.597,15048.53145
148.81501,0.39661,-807.92499,395080.53429,3386277.23588,1.13662,0.01366,10631646.36067,2000-05-03T13:33:56.922,15067.00939
148.82499,0.34335,-810.59359,395098.68596,3386231.90227,1.12585,0.01318,10577339.08467,2000-05-02T22:28:54.663,15059.21018
148.83500,0.31805,-804.82232,395052.11966,3386251.26102,1.12641,0.01292,10498437.89667,2000-05-02T00:33:53.984,15042.84129
148.84499,0.53295,-822.67278,395138.18744,3386242.93039,1.12853,0.01306,10606656.81309,2000-05-03T06:37:31.361,15062.44465
148.85499,0.52934,-821.74112,395133.29157,3386264.31224,1.12224,0.01388,10668268.07205,2000-05-03T23:44:17.256,15077.32820
148.86499,0.40116,-820.80073,395099.95208,3386243.19676,1.12507,0.01384,10607487.67407,2000-05-03T06:51:18.506,15062.48394
148.87501,0.10225,-811.28991,394997.15304,3386217.24995,1.12929,0.01292,10665296.84368,2000-05-03T22:54:52.390,15065.85588
148.88501,0.81335,-845.72552,395304.46217,3386237.98473,1.13206,0.01278,10608728.91555,2000-05-03T07:11:56.084,15065.13429
148.89499,0.43500,-828.02841,395137.34372,3386245.08161,1.13311,0.01282,10560409.03607,2000-05-02T17:46:37.157,15052.88501
148.90500,0.73109,-842.58387,395244.52155,3386242.40242,1.13385,0.01317,10665513.71554,2000-05-03T22:58:34.934,15070.84786
148.91501,-0.07354,-805.77103,394868.87145,3386273.53525,1.13345,0.01277,10613501.02077,2000-05-03T08:31:34.863,15064.89341
148.92499,0.34165,-826.39033,395079.47796,3386257.99590,1.13158,0.01319,10688247.87715,2000-05-04T05:17:29.917,15076.43686
148.93500,0.34091,-826.45133,395078.84782,3386232.14244,1.13207,0.01386,10574902.05399,2000-05-02T21:48:13.171,15055.75332
148.94502,0.45411,-828.85070,395106.43755,3386252.39027,1.12057,0.01409,10583104.08398,2000-05-03T00:05:06.715,15054.61530
148.95498,0.38953,-823.03991,395069.01410,3386231.54941,1.12769,0.01373,10646204.33510,2000-05-03T17:36:38.091,15068.54389
148.96500,0.01270,-817.90965,394923.95287,3386247.10668,1.12485,0.01345,10592025.29068,2000-05-03T02:33:36.500,15059.50951
148.97503,0.02956,-815.73911,394919.93281,3386273.24040,1.12791,0.01392,10582427.34750,2000-05-02T23:53:36.978,15059.39982
148.98500,0.36566,-832.77070,395089.33870,3386209.40506,1.12211,0.01442,10650728.53072,2000-05-03T18:51:57.827,15069.39894
148.99497,0.66903,-782.50323,395194.72190,3386372.75974,1.13577,0.01342,10330257.54257,2000-04-30T01:50:31.153,15023.14042
149.00498,0.49957,-807.29127,395122.05543,3386317.84067,1.13413,0.01236,10422148.26363,2000-05-01T03:22:10.927,15037.58292
149.01498,0.28661,-816.79814,395098.34110,3386234.13896,1.12877,0.01307,10535283.88865,2000-05-02T10:47:49.973,15050.66356
149.02498,0.38861,-825.49708,395068.36290,3386278.27254,1.12772,0.01244,10647209.39174,2000-05-03T17:53:30.335,15065.83670
149.03499,0.47565,-832.99452,395134.78382,3386223.38568,1.13233,0.01305,10606362.20220,2000-05-03T06:32:32.355,15063.35802
149.04501,0.20235,-816.07982,395000.33155,3386260.57086,1.13105,0.01294,10550415.30434,2000-05-02T15:00:16.340,15052.91167
149.05499,0.43562,-838.41174,395097.46260,3386276.53376,1.13402,0.01242,10638012.99534,2000-05-03T15:19:59.585,15066.16919
149.06501,0.35673,-820.06896,395072.12676,3386261.52673,1.13595,0.01253,10704748.34933,2000-05-04T09:52:20.813,15073.66346
149.07500,0.30315,-819.25788,394999.14510,3386289.71633,1.12543,0.01331,10679182.63895,2000-05-04T02:46:18.174,15074.58544
149.08498,0.69430,-833.65763,395186.41118,3386274.73063,1.12833,0.01240,10559545.81794,2000-05-02T17:32:18.862,15054.21868
149.09499,0.31278,-818.13396,395067.09434,3386241.84304,1.12803,0.01342,10678840.06666,2000-05-04T02:40:34.701,15072.55629
149.10500,0.66422,-826.91167,395173.58796,3386253.43134,1.12231,0.01276,10697901.13872,2000-05-04T07:58:18.367,15075.78924
149.11500,0.23890,-808.64374,395013.02253,3386263.91737,1.13123,0.01300,10717567.36990,2000-05-04T13:25:52.306,15079.16356
149.12500,0.43633,-812.85355,395069.48322,3386276.83992,1.13342,0.01460,10653827.20732,2000-05-03T19:43:44.337,15068.20366
149.13500,0.07090,-794.81111,394947.28205,3386272.61835,1.13793,0.01693,10720270.94935,2000-05-04T14:11:02.919,15079.09138
149.14501,0.13673,-791.68041,394993.91001,3386261.41419,1.13948,0.01511,10765584.58555,2000-05-05T02:46:12.068,15085.31674
149.15501,0.61327,-816.69673,395149.43450,3386279.52176,1.13980,0.01518,10545267.66685,2000-05-02T13:34:16.175,15055.70299
149.16502,0.61033,-810.51269,395128.30701,3386288.53932,1.13498,0.01480,10599443.52014,2000-05-03T04:37:16.963,15056.94987
149.17500,0.50432,-805.23067,395114.18007,3386274.38883,1.13708,0.01480,10738890.29722,2000-05-04T19:21:20.632,15083.71772
149.18499,0.31664,-781.00803,394997.77404,3386293.33230,1.13606,0.01594,10647632.69475,2000-05-03T18:00:32.955,15064.66705
149.19502,0.33510,-782.93153,395051.85729,3386300.62445,1.14225,0.01773,10672100.34984,2000-05-04T00:48:08.705,15074.67741
149.20500,0.27889,-779.35904,394974.51349,3386312.82415,1.14111,0.01990,10715463.84666,2000-05-04T12:50:51.318,15077.98262
149.21501,0.63054,-790.72676,395158.99511,3386264.85235,1.13926,0.01803,10601685.62410,2000-05-03T05:14:36.259,15062.48770
149.22502,0.54914,-791.15596,395131.23640,3386288.65509,1.13863,0.01908,10604703.03519,2000-05-03T06:04:55.503,15061.00102
149.23502,0.54899,-788.46472,395114.71701,3386303.12007,1.13248,0.01897,10657705.41784,2000-05-03T20:48:16.009,15066.14031
149.24501,0.35094,-788.43149,395038.87606,3386273.13754,1.12564,0.01672,10630474.76605,2000-05-03T13:14:25.467,15067.21322
149.25502,0.32525,-784.69310,395010.01433,3386311.94542,1.13470,0.01803,10683049.40215,2000-05-04T03:50:32.462,15075.41354
149.26499,0.45502,-782.41440,395154.06587,3386268.36742,1.13249,0.01744,10656598.50339,2000-05-03T20:29:51.222,15067.91511
149.27501,0.07644,-767.80457,394923.06061,3386314.00613,1.13806,0.01750,10697817.96572,2000-05-04T07:56:41.259,15078.47466
149.28501,0.87614,-801.76083,395261.94432,3386301.55285,1.13375,0.01817,10581863.92912,2000-05-02T23:44:15.770,15054.98544
149.29499,0.65910,-795.24790,395313.69012,3386240.22347,1.13688,0.01814,10625322.98880,2000-05-03T11:48:30.538,15062.10203
149.30498,0.45807,-786.32241,395219.20401,3386286.75102,1.13672,0.01844,10527130.28814,2000-05-02T08:32:08.477,15050.50248
149.31499,0.65575,-798.52981,395281.18805,3386317.34949,1.13241,0.01906,10589923.72905,2000-05-03T01:58:26.586,15059.47689
149.32498,0.57939,-796.96359,395257.38862,3386300.82209,1.13623,0.01857,10604014.21318,2000-05-03T05:53:21.949,15063.23833
149.33498,0.36798,-779.60555,395185.00212,3386285.93100,1.13994,0.01907,10699094.47102,2000-05-04T08:18:03.530,15073.41726
149.34500,0.32901,-782.33962,395109.81425,3386304.22141,1.13773,0.01857,10634555.66880,2000-05-03T14:22:26.313,15066.63131
149.35500,0.78648,-799.47630,395299.28159,3386261.95842,1.13380,0.01655,10514379.81642,2000-05-02T04:59:32.631,15045.73420
149.36498,0.42766,-791.51166,395124.88288,3386294.45180,1.12996,0.01745,10618705.22972,2000-05-03T09:58:12.955,15063.20661
149.37501,0.52945,-792.30344,395175.20527,3386249.05129,1.13402,0.01782,10575193.44987,2000-05-02T21:53:06.101,15055.62098
149.38500,0.40112,-787.33595,395121.84747,3386265.07213,1.13709,0.01698,10621837.16088,2000-05-03T10:50:34.099,15065.40887
149.39499,0.42070,-790.63960,395068.48285,3386294.02981,1.13484,0.01634,10515021.40932,2000-05-02T05:10:18.804,15051.13760
149.40501,0.30346,-785.57146,395019.01638,3386293.32924,1.14164,0.01687,10562129.16799,2000-05-02T18:15:18.674,15054.24489
149.41501,0.55853,-796.66348,395093.79717,3386323.51423,1.14218,0.01660,10581397.28898,2000-05-02T23:36:31.475,15056.12450
149.42499,0.32776,-792.41962,395042.09944,3386271.83984,1.14117,0.01710,10552771.00998,2000-05-02T15:39:22.333,15055.13133
149.43500,0.01352,-782.02242,394923.96548,3386282.59945,1.13837,0.01649,10526100.94091,2000-05-02T08:14:57.982,15054.22273
149.44501,0.47180,-799.52927,395109.29604,3386263.44369,1.14094,0.01546,10619753.37873,2000-05-03T10:15:41.312,15058.36826
149.45500,0.87582,-822.36258,395260.55278,3386251.70545,1.14050,0.01515,10588569.77208,2000-05-03T01:36:06.042,15058.51058
149.46500,0.16839,-805.04251,394997.10552,3386260.76934,1.13934,0.01481,10694686.40758,2000-05-04T07:04:39.644,15075.93313
149.47499,0.55122,-818.59835,395169.55742,3386209.56693,1.13893,0.01575,10577989.14591,2000-05-02T22:39:39.432,15055.38577
149.48499,0.66879,-831.06251,395208.18282,3386236.09361,1.13558,0.01450,10544352.01301,2000-05-02T13:19:02.995,15053.52637
149.49500,0.23571,-816.13888,395024.10077,3386271.58323,1.14273,0.01383,10564625.18527,2000-05-02T18:57:00.979,15056.07801
149.50500,0.31041,-828.15987,395066.87959,3386246.65635,1.13851,0.01374,10613087.57626,2000-05-03T08:24:40.073,15064.28678
149.51500,0.56821,-836.56265,395210.80940,3386186.79573,1.14053,0.01407,10480882.08363,2000-05-01T19:41:09.754,15044.66788
149.52500,0.66842,-845.05944,395199.49581,3386253.54700,1.13767,0.01421,10538373.55534,2000-05-02T11:39:27.270,15054.88524
149.53501,0.31958,-827.23688,395102.52957,3386197.15045,1.13262,0.01407,10605839.23790,2000-05-03T06:23:50.807,15058.84936
149.54501,0.26376,-833.29992,395079.40032,3386218.85748,1.12975,0.01495,10418756.02556,2000-05-01T02:25:52.513,15031.22629
149.55500,0.62676,-847.23720,395220.64629,3386217.59400,1.13327,0.01504,10553107.65643,2000-05-02T15:44:56.107,15050.90746
149.56501,0.43081,-831.75559,395146.72638,3386239.59437,1.13731,0.01758,10522033.10337,2000-05-02T07:07:01.778,15048.75149
149.57501,0.51781,-835.38575,395182.10488,3386199.62427,1.13851,0.01609,10609079.03807,2000-05-03T07:17:46.294,15062.04197
149.58499,0.33282,-825.30731,395061.47548,3386258.95580,1.14543,0.01685,10468258.03196,2000-05-01T16:10:50.044,15043.35617
149.59499,0.36463,-823.04881,395066.51534,3386253.94435,1.15353,0.01615,10577775.49472,2000-05-02T22:36:08.230,15057.10423
149.60500,0.46929,-827.13364,395189.27493,3386202.02357,1.14233,0.01579,10511875.96402,2000-05-02T04:17:47.969,15050.13360
149.61500,0.42143,-823.90978,395071.26876,3386283.02205,1.14008,0.01608,10585716.12680,2000-05-03T00:48:29.612,15058.94520
149.62500,0.49075,-827.60217,395179.93663,3386213.87340,1.14001,0.01611,10587941.90378,2000-05-03T01:25:36.301,15061.59048
149.63502,0.51094,-827.87434,395172.85372,3386222.93574,1.13822,0.01632,10580813.06450,2000-05-02T23:26:46.904,15060.10559
149.64502,0.27526,-818.89307,395058.40985,3386260.73935,1.14001,0.01603,10544888.58566,2000-05-02T13:27:57.787,15051.45137
149.65500,0.42113,-824.29190,395115.80539,3386266.74680,1.14097,0.01665,10681305.04684,2000-05-04T03:21:45.575,15070.32531
149.66500,0.64924,-834.91782,395201.07792,3386236.50420,1.13698,0.01609,10549740.53555,2000-05-02T14:48:51.118,15047.51280
149.67499,0.35130,-827.81045,395165.49292,3386181.43082,1.14038,0.01595,10618509.85603,2000-05-03T09:54:56.424,15065.33566
149.68500,0.56630,-834.73570,395151.37324,3386281.37256,1.14476,0.01628,10469963.92449,2000-05-01T16:39:14.075,15043.94556
149.69500,0.27200,-822.85380,395087.97767,3386212.18633,1.14265,0.01610,10711687.99199,2000-05-04T11:48:04.292,15074.35995
149.70497,0.57597,-840.80478,395183.38031,3386249.62820,1.14370,0.01561,10632584.28644,2000-05-03T13:49:41.888,15066.15640
149.71499,0.70437,-842.69105,395268.15485,3386209.82000,1.14439,0.01630,10608924.53264,2000-05-03T07:15:18.751,15065.16860
149.72501,0.63763,-843.86171,395219.62833,3386241.47222,1.14545,0.01619,10594015.38403,2000-05-03T03:06:47.744,15057.68635
149.73501,0.12048,-821.01940,395035.75457,3386221.87915,1.14685,0.01582,10647277.81951,2000-05-03T17:54:27.844,15066.15380
149.74500,0.37860,-828.40693,395126.39105,3386245.62922,1.14730,0.01641,10594701.40106,2000-05-03T03:18:12.890,15057.41593
149.75500,0.76025,-850.50790,395295.04077,3386205.52357,1.14305,0.01687,10742645.82215,2000-05-04T20:23:50.260,15083.47338
149.76501,0.68426,-841.11847,395257.61845,3386202.14705,1.13931,0.01547,10561471.17242,2000-05-02T18:04:20.147,15051.95174
149.77501,0.35501,-832.98722,395094.33759,3386270.19905,1.13762,0.01685,10637606.55156,2000-05-03T15:13:14.976,15070.56329
149.78499,0.82800,-849.93819,395307.95103,3386215.51456,1.14316,0.01611,10609333.50825,2000-05-03T07:22:03.016,15061.79479
149.79500,0.54321,-829.67672,395185.28214,3386240.27259,1.14423,0.01759,10565847.98879,2000-05-02T19:17:09.991,15055.90459
149.80500,0.33064,-816.88230,395072.08933,3386262.88885,1.14027,0.01874,10604377.29229,2000-05-03T05:59:27.634,15063.13793
149.81500,0.60970,-830.19653,395236.29053,3386245.54021,1.14290,0.01776,10736669.73931,2000-05-04T18:44:19.907,15084.17728
149.82501,0.03649,-804.44610,394956.42913,3386274.69988,1.13796,0.01896,10604889.73446,2000-05-03T06:07:56.113,15061.70878
149.83500,0.57095,-836.32274,395175.22653,3386246.01046,1.14802,0.01855,10592883.03432,2000-05-03T02:47:53.231,15055.77491
149.84500,0.46702,-834.05467,395147.56043,3386251.22162,1.14798,0.01824,10710495.88253,2000-05-04T11:28:00.774,15076.79115
149.85500,0.36742,-830.88630,395096.74926,3386258.49293,1.14965,0.01779,10549139.00184,2000-05-02T14:38:49.051,15050.45664
149.86499,0.43347,-838.21312,395121.36827,3386254.30309,1.15145,0.01552,10610363.26961,2000-05-03T07:39:08.330,15064.01715
149.87500,0.55842,-855.27871,395185.83138,3386231.03479,1.14932,0.01563,10654264.68854,2000-05-03T19:50:52.181,15069.66112
149.88500,0.24114,-837.48205,395109.24353,3386200.26562,1.14624,0.01499,10540701.79989,2000-05-02T12:18:08.153,15051.33524
149.89500,0.52096,-854.09002,395145.87985,3386267.04462,1.15108,0.01265,10635996.17596,2000-05-03T14:46:19.971,15061.57024
149.90499,0.30748,-849.28041,395095.34154,3386220.17998,1.15428,0.01412,10602794.41668,2000-05-03T05:33:01.076,15064.93920
149.91502,0.66290,-866.37037,395233.06352,3386263.17293,1.15140,0.01284,10673826.82383,2000-05-04T01:16:53.917,15072.35553
149.92499,0.35589,-853.57519,395115.16559,3386252.45559,1.14363,0.01338,10543656.21227,2000-05-02T13:07:21.335,15050.94487
149.93500,0.39386,-851.88032,395152.27169,3386193.88032,1.14494,0.01395,10714668.67821,2000-05-04T12:37:32.645,15079.12914
149.94502,0.31939,-856.41125,395086.94667,3386240.73944,1.14361,0.01373,10602126.13963,2000-05-03T05:21:49.860,15061.28920
149.95500,0.72816,-873.93953,395289.87099,3386163.47846,1.13913,0.01352,10720763.51370,2000-05-04T14:19:10.008,15080.80332
149.96500,0.34548,-857.90834,395058.84696,3386231.25081,1.13739,0.01365,10650011.09456,2000-05-03T18:39:55.178,15075.20797
149.97499,0.27076,-857.99837,395042.00615,3386251.89539,1.14057,0.01322,10627398.22283,2000-05-03T12:22:53.657,15073.68029
149.98501,0.74174,-877.01917,395265.06035,3386191.59312,1.14505,0.01407,10526415.11873,2000-05-02T08:19:57.388,15060.22151
149.99500,0.22767,-854.16876,395058.73122,3386196.79010,1.14476,0.01366,10618781.13285,2000-05-03T09:59:24.330,15067.09449
150.00501,0.17180,-851.05340,394986.91651,3386263.61646,1.15118,0.01234,10686980.15273,2000-05-04T04:56:04.877,15078.44119
150.01500,0.49730,-860.61688,395114.91877,3386226.66389,1.15279,0.01355,10657363.65023,2000-05-03T20:42:23.985,15076.10353
150.02501,0.28956,-856.12030,395038.49680,3386242.20332,1.15099,0.01368,10578609.63299,2000-05-02T22:49:57.651,15064.41134
150.03500,0.68110,-870.84170,395279.09218,3386159.29611,1.15613,0.01347,10607991.65085,2000-05-03T06:59:44.599,15065.11133
150.04500,0.53728,-854.39335,395127.69106,3386219.66446,1.14845,0.01442,10593718.56195,2000-05-03T03:01:45.564,15064.80282
150.05500,0.31629,-848.85056,395039.75608,3386238.92549,1.15177,0.01338,10613910.28960,2000-05-03T08:38:20.834,15069.41577
150.06499,0.33547,-852.59392,395074.92412,3386256.01789,1.15131,0.01303,10737255.85890,2000-05-04T18:54:06.095,15087.30491
150.07498,0.45615,-857.57472,395098.18750,3386231.95850,1.15343,0.01391,10589909.93219,2000-05-03T01:58:15.028,15064.06160
150.08501,0.39345,-857.05676,395147.10511,3386182.49557,1.15393,0.01325,10624926.53544,2000-05-03T11:41:58.672,15071.41887
150.09501,0.22405,-847.86302,395002.38359,3386234.03901,1.15675,0.01367,10676630.61891,2000-05-04T02:03:38.175,15078.34451
150.10499,0.55004,-851.76160,395189.06216,3386218.91330,1.16177,0.01567,10553396.32633,2000-05-02T15:49:44.193,15060.48657
150.11497,0.50697,-853.30837,395157.98943,3386199.63482,1.15738,0.01640,10622861.34331,2000-05-03T11:07:42.824,15069.94630
150.12499,0.47236,-845.46035,395131.79126,3386234.29748,1.15324,0.01727,10730075.11527,2000-05-04T16:54:21.993,15084.95913
150.13499,0.31432,-834.00347,395089.68829,3386218.22751,1.15664,0.02034,10628658.82226,2000-05-03T12:44:09.206,15066.38599
150.14498,0.72775,-847.04491,395236.02395,3386228.42266,1.15705,0.01767,10776232.85792,2000-05-05T05:43:45.775,15093.82353
150.15500,0.25459,-828.84363,395034.12278,3386243.71274,1.15650,0.01856,10613945.07780,2000-05-03T08:38:59.650,15068.16894
150.16500,0.23625,-831.87196,395034.34979,3386230.00125,1.15279,0.01770,10709814.56972,2000-05-04T11:16:43.245,15082.34166
150.17500,0.22852,-831.37441,395034.54311,3386232.90692,1.15319,0.01711,10629665.41714,2000-05-03T13:01:06.654,15070.65922
150.18500,0.44469,-829.94902,395115.22930,3386223.42646,1.15644,0.01690,10637372.32428,2000-05-03T15:09:29.542,15075.21246
150.19500,0.41973,-833.99664,395088.80192,3386254.85899,1.14436,0.01791,10607837.78059,2000-05-03T06:57:13.509,15067.98324
150.20500,0.38767,-829.41317,395072.26528,3386233.60570,1.15123,0.01781,10577749.16184,2000-05-02T22:35:45.420,15059.22030
150.21501,0.29861,-830.83634,395063.52377,3386229.74043,1.14877,0.01727,10646357.31886,2000-05-03T17:39:09.259,15074.42292
150.22501,0.24423,-832.23363,395060.37396,3386219.81546,1.15374,0.01939,10701430.74722,2000-05-04T08:57:06.455,15083.39246
150.23500,0.48344,-843.23824,395109.38540,3386238.37805,1.14966,0.02286,10678802.40692,2000-05-04T02:39:53.167,15073.46051
150.24502,0.42723,-840.68696,395093.43189,3386247.60919,1.14722,0.02216,10739869.18896,2000-05-04T19:37:38.128,15085.51928
150.25501,0.17992,-818.12951,394998.50496,3386251.96113,1.14308,0.01873,10624732.16773,2000-05-03T11:38:47.400,15069.78424
150.26500,0.45634,-822.83165,395114.54387,3386243.14348,1.14039,0.01704,10676706.94995,2000-05-04T02:05:04.962,15077.57829
150.27500,0.10885,-806.36843,394950.45598,3386249.37847,1.14043,0.01780,10671899.03942,2000-05-04T00:44:45.199,15077.58418
150.28499,0.82025,-827.45981,395278.96569,3386229.32709,1.14107,0.01607,10620014.38226,2000-05-03T10:20:04.586,15072.70096
150.29501,0.31901,-802.62272,395030.71533,3386261.55686,1.14184,0.01693,10575192.00215,2000-05-02T21:53:04.456,15063.72017
150.30500,0.46593,-805.56516,395105.78486,3386246.13326,1.13675,0.01514,10600446.86496,2000-05-03T04:53:57.694,15065.74440
150.31500,0.57495,-820.43890,395081.17793,3386306.58392,1.13712,0.01478,10621286.52344,2000-05-03T10:41:13.880,15068.84569
150.32499,0.50964,-816.12147,395103.33610,3386279.60987,1.14265,0.01424,10628849.88321,2000-05-03T12:47:24.466,15071.76331
150.33499,0.53757,-819.42852,395182.05606,3386182.69003,1.13608,0.01527,10689005.85599,2000-05-04T05:29:53.371,15075.80010
150.34500,0.59110,-822.39232,395110.37859,3386299.18796,1.14116,0.01467,10631693.39056,2000-05-03T13:34:55.064,15069.23969
150.35498,0.42681,-816.86390,395092.90721,3386234.73958,1.14005,0.01460,10540134.06095,2000-05-02T12:08:46.545,15059.20464
150.36499,0.49708,-822.12381,395129.13559,3386247.23978,1.13624,0.01461,10722175.13483,2000-05-04T14:42:48.742,15088.43001
150.37499,0.75139,-839.15105,395250.72839,3386209.94644,1.13880,0.01389,10608742.03476,2000-05-03T07:12:14.646,15069.34039
150.38501,0.52010,-826.70389,395118.35990,3386260.52261,1.13886,0.01427,10619309.63362,2000-05-03T10:08:18.970,15071.76658
150.39500,0.61795,-834.39117,395192.20837,3386231.36570,1.13823,0.01488,10658667.29447,2000-05-03T21:04:25.225,15073.73492
150.40500,0.38699,-821.81763,395078.99687,3386243.18281,1.13561,0.01634,10742048.99918,2000-05-04T20:14:08.265,15088.80154
150.41501,0.62773,-822.88760,395160.81143,3386236.91694,1.13664,0.01448,10614205.38324,2000-05-03T08:43:11.947,15065.32891
150.42500,0.65434,-826.81848,395218.10738,3386215.51494,1.14166,0.01441,10582321.96691,2000-05-02T23:51:55.189,15066.75888
150.43500,0.28708,-819.32741,395026.26621,3386237.81221,1.14063,0.01408,10530817.78141,2000-05-02T09:33:23.350,15054.74762
150.44501,0.33096,-825.81354,395054.21870,3386239.99737,1.13350,0.01459,10614511.50430,2000-05-03T08:48:16.158,15068.31929
150.45499,0.39850,-829.91358,395082.55373,3386238.12389,1.14167,0.01478,10538106.93825,2000-05-02T11:35:00.072,15056.58259
150.46500,0.54284,-830.38661,395171.35346,3386204.56510,1.14206,0.01416,10688175.44298,2000-05-04T05:16:11.226,15080.80143
150.47502,0.64601,-836.75507,395184.38475,3386225.24598,1.13198,0.01440,10639526.93857,2000-05-03T15:45:10.627,15074.90857
150.48503,0.52993,-839.85039,395170.38789,3386216.28747,1.13810,0.01536,10602904.05133,2000-05-03T05:34:58.696,15066.88418
150.49500,0.34876,-835.67203,395097.50795,3386211.90144,1.13451,0.01537,10568316.54365,2000-05-02T19:58:32.023,15060.42651
150.50500,0.42995,-852.91358,395138.79817,3386203.24309,1.13271,0.01495,10666586.65206,2000-05-03T23:16:12.837,15078.66366
150.51499,0.50666,-856.38305,395148.70630,3386205.91695,1.13600,0.01453,10606253.48049,2000-05-03T06:30:33.031,15070.62654
150.52499,0.78153,-864.91255,395326.40918,3386146.60405,1.13448,0.01458,10616847.14131,2000-05-03T09:27:21.142,15065.68459
150.53498,0.59210,-854.08223,395212.47200,3386198.87272,1.13019,0.01455,10673867.68768,2000-05-04T01:17:40.268,15077.11024
150.54500,0.40372,-849.44813,395103.22972,3386225.04517,1.13013,0.01358,10636323.85845,2000-05-03T14:51:55.589,15069.42763
150.55499,0.32401,-845.69027,395070.93496,3386249.36620,1.13302,0.01283,10729696.85184,2000-05-04T16:48:06.454,15087.32466
150.56500,0.73279,-857.74291,395231.22671,3386195.43576,1.12788,0.01591,10628461.77187,2000-05-03T12:40:50.557,15071.60931
150.57498,0.27846,-847.69889,395075.01055,3386219.88280,1.13461,0.01562,10666544.44002,2000-05-03T23:15:32.608,15078.59654
150.58501,0.44102,-856.40474,395159.56303,3386168.99245,1.13057,0.01542,10608202.55443,2000-05-03T07:03:12.677,15070.76732
150.59501,0.76752,-865.18099,395240.42847,3386210.74199,1.12608,0.01700,10556916.39686,2000-05-02T16:48:19.292,15062.32044
150.60499,0.28518,-844.12185,395062.37494,3386236.20166,1.13151,0.01515,10602476.02959,2000-05-03T05:27:43.294,15063.46206
150.61500,0.85491,-867.09575,395327.32236,3386180.67966,1.13340,0.01339,10567678.84249,2000-05-02T19:47:46.654,15065.54996
150.62501,0.52344,-857.86144,395156.10053,3386217.87923,1.12420,0.01312,10602416.26170,2000-05-03T05:26:43.051,15062.79097
150.63502,0.53767,-850.59550,395148.25243,3386232.76168,1.12817,0.01245,10591525.03624,2000-05-03T02:25:02.425,15065.38885
150.64499,0.67847,-855.55997,395239.92592,3386213.89119,1.12960,0.01293,10606310.76425,2000-05-03T06:31:38.396,15070.49741
150.65498,0.56701,-850.14505,395234.45984,3386177.24726,1.12879,0.01371,10672832.44691,2000-05-04T01:00:17.625,15075.80618
150.66499,0.52302,-846.60537,395168.59219,3386199.57560,1.12366,0.01274,10622541.68830,2000-05-03T11:02:06.678,15071.37331
150.67498,0.57944,-844.69616,395227.72801,3386168.65427,1.12885,0.01481,10692063.41867,2000-05-04T06:20:40.822,15084.39465
150.68499,0.47218,-841.84905,395175.53675,3386188.96280,1.12248,0.01517,10700904.74022,2000-05-04T08:48:09.333,15082.16547
150.69500,0.50919,-850.09154,395195.85811,3386193.29174,1.12612,0.01341,10624342.27406,2000-05-03T11:32:04.135,15073.04745
150.70500,0.82290,-859.16373,395308.00563,3386187.11697,1.12229,0.01629,10708655.99592,2000-05-04T10:57:27.580,15080.01774
150.71499,0.50756,-842.72819,395178.73692,3386201.12734,1.12843,0.01734,10491243.37573,2000-05-01T22:33:44.755,15047.93012
150.72498,0.44534,-837.10025,395125.43405,3386238.99949,1.13031,0.01780,10618850.68384,2000-05-03T10:00:27.991,15067.15447
150.73498,0.45039,-829.80876,395156.35192,3386186.64839,1.12643,0.01964,10584984.04134,2000-05-03T00:36:07.715,15067.58202
150.74498,0.46673,-835.45027,395176.63933,3386200.61097,1.12816,0.01902,10616473.06762,2000-05-03T09:20:49.562,15072.13392
150.75500,0.43259,-843.10739,395168.96410,3386191.38303,1.12793,0.02078,10565202.84966,2000-05-02T19:06:28.833,15060.53450
150.76500,1.00133,-866.83737,395419.97553,3386134.09104,1.13166,0.01923,10697037.17245,2000-05-04T07:43:38.634,15083.91347
150.77499,0.41967,-842.77065,395210.81925,3386175.38342,1.13855,0.01882,10587253.77567,2000-05-03T01:13:48.656,15062.57632
150.78500,0.17848,-836.29677,395119.84790,3386193.96394,1.13019,0.01625,10688248.59634,2000-05-04T05:17:07.518,15081.34915
150.79499,0.83692,-861.62435,395333.23809,3386157.68368,1.12683,0.01539,10543526.69918,2000-05-02T13:05:03.431,15058.60443
150.80499,0.64748,-854.38534,395245.57292,3386197.18898,1.13303,0.01772,10579209.34669,2000-05-02T23:00:01.614,15058.14972
150.81500,0.82766,-864.71664,395337.70487,3386156.12025,1.13500,0.01574,10595046.02959,2000-05-03T03:23:43.515,15066.98690
150.82501,0.75732,-858.90136,395295.88651,3386158.85204,1.12923,0.01554,10585918.43118,2000-05-03T00:51:44.469,15062.98687
150.83502,0.59621,-859.04978,395241.50675,3386160.50100,1.12861,0.01487,10465280.64239,2000-05-01T15:20:56.509,15044.02872
150.84500,0.57102,-859.67105,395182.49925,3386186.73519,1.12622,0.01413,10544955.07000,2000-05-02T13:29:08.353,15058.94039
150.85498,0.97274,-879.40654,395395.12533,3386155.57062,1.12029,0.01488,10544219.00238,2000-05-02T13:16:41.265,15061.22201
150.86499,0.56061,-865.22793,395201.31819,3386175.10121,1.12431,0.01411,10598543.17799,2000-05-03T04:22:05.364,15066.68254
150.87499,0.55096,-867.74731,395216.97269,3386173.58656,1.12343,0.01518,10547358.53447,2000-05-02T14:09:04.732,15059.00036
150.88500,0.40672,-864.49345,395206.27205,3386164.56837,1.12610,0.01505,10590171.10288,2000-05-03T02:02:28.796,15067.95899
150.89500,0.44193,-868.23190,395191.72414,3386196.78705,1.12450,0.01428,10555989.06648,2000-05-02T16:32:48.775,15058.68593
150.90500,0.54856,-877.49932,395227.74514,3386142.67267,1.12204,0.01526,10554520.67857,2000-05-02T16:08:24.062,15057.27243
150.91501,0.94687,-899.26863,395369.39403,3386149.76063,1.13009,0.01447,10590558.72332,2000-05-03T02:08:59.173,15067.05215
150.92498,0.65484,-896.35216,395234.05801,3386172.99733,1.12280,0.01462,10513192.66211,2000-05-02T04:39:36.312,15054.02924
150.93499,0.63726,-901.64270,395279.83428,3386124.40285,1.12005,0.01612,10606837.35538,2000-05-03T06:40:30.984,15069.05558
150.94501,0.89578,-910.48957,395356.97687,3386136.24427,1.12607,0.01675,10560819.46913,2000-05-02T17:53:27.742,15063.08906
150.95499,0.87627,-913.42643,395364.66921,3386120.38599,1.12785,0.01800,10565087.96642,2000-05-02T19:04:27.193,15063.79291
150.96500,0.72254,-910.99855,395305.87779,3386111.05316,1.12094,0.01666,10623951.62662,2000-05-03T11:25:38.609,15071.48827
150.97501,0.27728,-898.36728,395119.14109,3386165.51249,1.12583,0.02195,10634173.55572,2000-05-03T14:15:56.978,15072.71808
150.98499,0.99917,-933.33160,395429.86000,3386110.39475,1.13039,0.01982,10580412.85947,2000-05-02T23:20:13.317,15063.65474
150.99498,0.69879,-920.50806,395288.96409,3386156.79101,1.13009,0.01771,10542380.43866,2000-05-02T12:46:02.761,15060.71943
151.00500,0.61961,-915.79453,395269.40526,3386112.45103,1.13117,0.01744,10546691.09261,2000-05-02T13:58:05.626,15055.24925
151.01500,0.85001,-931.40837,395361.75303,3386116.02094,1.12895,0.01750,10542501.36859,2000-05-02T12:48:14.676,15057.32326
151.02497,0.84118,-931.62344,395350.82048,3386142.18267,1.12766,0.01726,10529464.75788,2000-05-02T09:10:55.914,15056.20719
151.03500,0.83434,-926.23652,395384.67067,3386076.10943,1.12474,0.01347,10584635.05471,2000-05-03T00:30:24.292,15063.03014
151.04500,0.42178,-919.19063,395186.50501,3386127.21422,1.12769,0.01075,10562811.40366,2000-05-02T18:26:44.924,15060.99672
151.05498,0.87160,-941.48348,395363.91561,3386127.91732,1.12731,0.01178,10526386.10608,2000-05-02T08:19:34.523,15057.35651
151.06500,0.70799,-930.54583,395327.47100,3386091.67455,1.13213,0.01190,10686050.21332,2000-05-04T04:40:37.366,15079.86529
151.07499,0.79809,-941.23644,395397.28885,3386070.39589,1.13283,0.01244,10498569.55643,2000-05-02T00:35:53.841,15052.89132
151.08498,0.12876,-921.68466,395017.40383,3386168.34311,1.12903,0.01236,10645441.81348,2000-05-03T17:23:33.629,15077.90406
151.09500,0.48869,-929.10115,395214.62686,3386104.97501,1.12911,0.01259,10471207.07872,2000-05-01T16:59:53.117,15046.23883
151.10500,0.88553,-942.62955,395398.25204,3386078.62247,1.11995,0.01206,10635105.09430,2000-05-03T14:31:27.564,15073.37649
151.11500,0.41715,-925.02041,395184.53094,3386134.31136,1.12490,0.01289,10457885.47423,2000-05-01T13:17:51.104,15044.52708
151.12500,0.51174,-930.71859,395226.47091,3386113.70442,1.12934,0.01278,10523440.19050,2000-05-02T07:30:24.631,15058.53280
151.13500,0.80464,-943.11459,395343.33187,3386119.31945,1.12079,0.01152,10582440.50854,2000-05-02T23:53:56.106,15059.90400
151.14500,0.43909,-928.88854,395259.41280,3386075.17518,1.12203,0.01002,10617486.17605,2000-05-03T09:37:55.941,15069.74472
151.15500,0.71546,-944.09578,395294.16147,3386122.33182,1.12859,0.01050,10616141.13795,2000-05-03T09:15:31.433,15072.06430
151.16499,0.65426,-945.74442,395332.36028,3386076.05337,1.12356,0.01042,10512835.75879,2000-05-02T04:33:39.120,15058.65063
151.17500,0.45366,-937.23599,395219.69772,3386095.25500,1.12132,0.00950,10506842.66144,2000-05-02T02:54:02.394,15052.93952
151.18501,0.92058,-955.37151,395382.06365,3386125.59503,1.12297,0.01459,10475808.63809,2000-05-01T18:16:29.447,15051.81229
151.19501,0.61921,-947.93912,395264.52820,3386134.94555,1.12455,0.01600,10533572.65812,2000-05-02T10:19:33.022,15054.14681
151.20500,0.53511,-943.75329,395268.54083,3386105.13132,1.13058,0.01344,10530238.13753,2000-05-02T09:23:48.863,15054.99982
151.21500,0.48761,-939.57816,395242.02262,3386124.32057,1.13220,0.01297,10623298.76099,2000-05-03T11:14:57.613,15068.55562
151.22501,0.38383,-940.47869,395195.30054,3386106.89197,1.13881,0.01291,10625586.81071,2000-05-03T11:53:00.767,15067.37812
151.23499,0.34801,-939.59760,395179.83082,3386097.62670,1.13146,0.01296,10601683.97987,2000-05-03T05:14:41.423,15070.65347
151.24499,0.60042,-951.48512,395282.60081,3386115.37006,1.13480,0.01328,10617106.56032,2000-05-03T09:31:35.669,15071.08828
151.25500,0.43265,-946.44510,395212.68744,3386117.54747,1.12964,0.01255,10517297.38659,2000-05-02T05:48:09.765,15055.02720
151.26501,0.69368,-963.87309,395365.32635,3386045.39544,1.13122,0.01415,10598505.28635,2000-05-03T04:21:39.656,15065.67492
151.27499,0.56462,-963.68006,395263.17910,3386119.31516,1.13453,0.01505,10522433.52019,2000-05-02T07:13:44.016,15054.53542
151.28501,0.54289,-959.08213,395280.82113,3386082.37592,1.12933,0.01529,10560051.58973,2000-05-02T17:40:46.045,15053.72245
151.29500,0.81500,-969.53455,395408.21113,3386098.33297,1.13064,0.01731,10511561.85986,2000-05-02T04:12:34.853,15054.32141
151.30499,0.50166,-945.83151,395251.77161,3386090.84701,1.12987,0.01552,10604620.06304,2000-05-03T06:03:33.843,15066.73538
151.31497,0.25923,-936.49455,395172.40681,3386079.30690,1.13561,0.01528,10577783.03688,2000-05-02T22:36:06.027,15060.27632
151.32501,0.56838,-942.94627,395271.36737,3386095.05285,1.13485,0.01636,10547870.58720,2000-05-02T14:17:40.731,15060.90064
151.33500,0.48784,-947.34271,395260.43748,3386106.64951,1.13586,0.01637,10563175.41157,2000-05-02T18:32:52.527,15061.34452
151.34501,0.60084,-949.87409,395360.44903,3386046.10238,1.13830,0.01584,10563931.31126,2000-05-02T18:45:31.565,15060.20172
151.35501,0.67002,-952.04892,395336.45790,3386099.91368,1.13613,0.01772,10666268.56561,2000-05-03T23:11:00.422,15075.81500
151.36498,0.71791,-948.17151,395364.79149,3386057.59116,1.14000,0.01692,10457130.16050,2000-05-01T13:05:20.489,15049.04999
151.37502,0.62060,-941.92334,395283.24152,3386124.69920,1.13224,0.01645,10560085.67470,2000-05-02T17:41:18.051,15058.74637
151.38501,0.41169,-936.59478,395228.98376,3386095.15907,1.12582,0.01650,10577351.57499,2000-05-02T22:29:08.739,15065.48550
151.39499,0.41015,-941.13391,395200.27888,3386126.73197,1.12690,0.01564,10590301.49433,2000-05-03T02:04:55.007,15061.48542
151.40500,0.38306,-935.73837,395229.65610,3386074.70206,1.12050,0.01639,10457817.61407,2000-05-01T13:16:48.545,15049.10795
151.41502,0.66780,-952.70450,395340.48501,3386095.47974,1.12883,0.02067,10608699.40553,2000-05-03T07:11:34.733,15064.65110
151.42500,0.85681,-960.09045,395426.63393,3386073.57209,1.12541,0.01861,10560503.82531,2000-05-02T17:48:20.750,15060.61466
151.43500,0.47196,-942.01937,395248.44949,3386106.75765,1.11944,0.01921,10553208.29428,2000-05-02T15:46:43.849,15058.56875
151.44500,0.51105,-934.67735,395305.46512,3386057.31330,1.12465,0.01877,10604724.28303,2000-05-03T06:05:16.189,15065.24334
151.45500,0.77562,-955.26872,395377.88130,3386098.58963,1.12927,0.01854,10505974.61714,2000-05-02T02:39:24.806,15052.14472
151.46500,0.67427,-950.26053,395330.67352,3386077.43784,1.12201,0.01819,10539185.35837,2000-05-02T11:52:55.791,15061.12195
151.47501,0.76187,-952.45928,395385.35220,3386076.46105,1.12102,0.01879,10503707.75871,2000-05-02T02:01:40.462,15052.82332
151.48500,0.37758,-941.74535,395226.95651,3386096.77897,1.12613,0.02114,10441773.35818,2000-05-01T08:49:27.331,15043.54874
151.49499,0.72235,-954.46967,395395.09986,3386060.89757,1.11779,0.01808,10519145.95229,2000-05-02T06:18:55.659,15051.43469
151.50499,0.53160,-947.03062,395306.02816,3386081.62084,1.12000,0.02024,10501097.59599,2000-05-02T01:18:03.297,15051.67885
151.51499,0.70489,-952.68513,395409.04461,3386033.92747,1.12272,0.01720,10581770.11823,2000-05-02T23:42:50.951,15064.73718
151.52499,0.69363,-951.62427,395384.53632,3386053.52052,1.11904,0.01751,10512456.06202,2000-05-02T04:27:20.941,15055.83929
151.53502,0.53156,-950.62282,395324.99824,3386075.46333,1.11976,0.01667,10593601.70152,2000-05-03T02:59:54.843,15062.30928
151.54499,0.99393,-966.49276,395534.90605,3386034.97385,1.12236,0.01413,10543640.87040,2000-05-02T13:07:09.927,15060.29494
151.55499,0.97580,-964.59677,395476.20940,3386070.28709,1.12614,0.01507,10431037.20250,2000-05-01T05:50:22.002,15042.94133
151.56500,0.76531,-959.75727,395455.78593,3386050.84866,1.12754,0.01464,10709193.24515,2000-05-04T11:06:19.811,15080.91042
151.57498,0.82257,-969.57690,395429.35822,3386063.32952,1.12158,0.01465,10442721.56565,2000-05-01T09:05:05.555,15044.62212
151.58500,0.59420,-960.34807,395375.18916,3386078.04114,1.12170,0.01521,10570601.04444,2000-05-02T20:36:32.133,15059.59366
151.59500,0.61841,-961.78521,395329.53550,3386074.23044,1.12065,0.01600,10647109.46959,2000-05-03T17:51:35.877,15075.26920
151.60502,0.74900,-968.36733,395411.54462,3386067.47113,1.12173,0.01377,10550501.94433,2000-05-02T15:01:29.811,15057.68175
151.61500,1.18205,-980.62578,395580.27512,3386057.55823,1.11601,0.01542,10517344.14506,2000-05-02T05:48:57.010,15056.39811
151.62500,0.45908,-949.97325,395296.88347,3386058.92956,1.12396,0.01550,10484496.74298,2000-05-01T20:41:28.654,15049.81896
151.63502,0.67127,-959.93998,395360.11658,3386076.35007,1.12543,0.01444,10579484.42105,2000-05-02T23:04:42.175,15059.66288
151.64501,0.92170,-968.79951,395498.03876,3386047.56085,1.12952,0.01535,10596871.03144,2000-05-03T03:54:17.861,15069.04890
151.65500,0.77029,-964.07704,395413.50614,3386058.95412,1.13104,0.01486,10580967.02318,2000-05-02T23:29:20.012,15064.54855
151.66501,0.82572,-966.01418,395426.16350,3386078.86006,1.12401,0.01535,10634168.60762,2000-05-03T14:15:47.693,15070.35613
151.67501,0.47230,-963.54229,395309.08148,3386049.83764,1.12168,0.01451,10582658.17407,2000-05-02T23:57:32.411,15067.17660
151.68500,0.75623,-977.33295,395419.15934,3386053.60767,1.12035,0.01571,10564449.86310,2000-05-02T18:54:02.969,15061.97550
151.69501,0.88105,-984.93172,395507.82414,3386030.46735,1.11860,0.01482,10553343.76341,2000-05-02T15:48:52.271,15055.84827
151.70501,0.65724,-972.40328,395433.04452,3386034.19103,1.12061,0.01518,10604455.76271,2000-05-03T06:00:44.497,15067.58323
151.71500,0.92576,-985.81016,395495.35966,3386029.38023,1.11660,0.01478,10557359.08276,2000-05-02T16:55:57.612,15054.66739
151.72503,0.47579,-970.01997,395301.31272,3386070.85471,1.12032,0.01484,10594255.79898,2000-05-03T03:10:39.189,15070.01189
151.73499,0.96573,-982.30861,395541.16635,3386012.26790,1.12206,0.01514,10609048.26190,2000-05-03T07:17:19.750,15068.44886
151.74499,0.76899,-980.63972,395440.66094,3386035.12931,1.11431,0.01554,10567492.74327,2000-05-02T19:44:43.268,15061.87340
151.75499,0.94408,-990.78256,395498.40039,3386047.22559,1.11095,0.01496,10593897.23567,2000-05-03T03:04:58.144,15065.34096
151.76500,0.84773,-990.54077,395496.50022,3386033.20758,1.11463,0.01458,10645076.12085,2000-05-03T17:17:35.773,15071.21750
151.77500,0.67232,-984.15410,395395.97907,3386035.95924,1.11361,0.01405,10553975.85147,2000-05-02T15:59:32.845,15058.71753
151.78500,0.63258,-977.34220,395385.25831,3386040.33021,1.11727,0.01191,10568280.01621,2000-05-02T19:57:41.294,15060.61603
151.79500,0.88992,-990.22366,395514.83924,3386006.86726,1.11320,0.01172,10675379.92140,2000-05-04T01:42:45.803,15078.80840
151.80499,0.91252,-990.23517,395482.85998,3386041.41150,1.11446,0.01250,10528578.26444,2000-05-02T08:56:12.178,15054.64685
151.81499,0.65139,-988.69586,395427.11523,3386025.75165,1.11815,0.01324,10593013.41591,2000-05-03T02:50:00.369,15064.53678
151.82498,1.17499,-1007.27360,395618.65143,3386015.97659,1.11754,0.01665,10591613.27696,2000-05-03T02:26:46.019,15064.43236
151.83499,0.74736,-987.01543,395449.51051,3386010.58312,1.12047,0.01277,10585556.25226,2000-05-03T00:45:41.069,15063.31594
151.84501,0.94787,-996.15861,395514.41297,3386014.60214,1.11801,0.01366,10640350.69799,2000-05-03T15:59:03.331,15073.61337
151.85501,0.87246,-995.92951,395514.05514,3386004.67896,1.12641,0.01354,10537471.84948,2000-05-02T11:24:20.441,15057.20871
151.86500,0.56894,-990.85632,395394.55365,3386001.05085,1.11982,0.01459,10542307.23616,2000-05-02T12:44:49.081,15059.58977
151.87499,0.70049,-990.53426,395415.30396,3386035.83695,1.12023,0.01565,10575432.31048,2000-05-02T21:57:07.489,15063.87780
151.88500,0.60852,-995.37970,395414.70309,3386013.95430,1.11970,0.01305,10590466.19898,2000-05-03T02:07:32.541,15064.73359
151.89500,0.96693,-1009.14346,395504.75534,3386020.71206,1.11754,0.01285,10668603.91338,2000-05-03T23:49:52.271,15081.08600
151.90499,0.79743,-1008.21037,395500.08228,3385996.30040,1.11382,0.01229,10580855.35798,2000-05-02T23:27:32.312,15059.26064
151.91501,1.03832,-1018.19077,395595.99944,3385970.15023,1.11597,0.01352,10601300.62051,2000-05-03T05:08:16.284,15063.35783
151.92500,0.79034,-1007.46930,395447.04301,3386011.91488,1.11650,0.01251,10650402.44822,2000-05-03T18:46:38.666,15075.33380
151.93499,0.43634,-991.47010,395354.81114,3385991.33717,1.11736,0.01278,10582397.12755,2000-05-02T23:53:13.494,15064.31553
151.94500,1.05719,-1018.87980,395607.24592,3385964.01029,1.11778,0.01297,10646343.51182,2000-05-03T17:38:50.213,15072.27539
151.95499,0.86989,-1012.66223,395502.34254,3385994.31414,1.11471,0.01299,10589412.67589,2000-05-03T01:50:06.597,15063.58400
151.96500,0.84109,-1015.09951,395500.87056,3385996.94303,1.11371,0.01174,10627302.90721,2000-05-03T12:21:41.637,15071.89159
151.97500,0.68955,-1005.14988,395421.14324,3386002.18382,1.11800,0.01152,10595402.38728,2000-05-03T03:29:54.163,15064.17031
151.98501,1.03216,-1023.10383,395597.21658,3385976.08788,1.12520,0.01179,10583039.76560,2000-05-03T00:03:51.868,15065.70419
151.99500,1.00636,-1022.03457,395572.71088,3385974.36172,1.11947,0.01162,10557419.94522,2000-05-02T16:56:57.256,15059.95339
152.00499,0.75474,-1017.00924,395474.95278,3386017.83980,1.11348,0.01285,10676146.78266,2000-05-04T01:55:44.933,15080.11795
152.01502,0.89211,-1007.59243,395531.17325,3386042.06065,1.11910,0.01151,10759241.40856,2000-05-05T01:00:27.212,15085.95445
152.02499,0.31034,-977.36765,395547.45243,3385980.66338,1.11965,0.01321,10658413.44264,2000-05-03T20:59:53.740,15074.81484
152.03501,1.24879,-1022.88489,395792.66310,3385951.29664,1.11850,0.01002,10698426.83416,2000-05-04T08:06:51.099,15082.26205
152.04500,0.61146,-1000.05341,395500.16909,3386031.60115,1.11527,0.01045,10659484.39613,2000-05-03T21:17:50.308,15074.12938
152.05499,0.70121,-1002.00726,395542.72688,3386003.21481,1.11138,0.01072,10667111.04496,2000-05-03T23:24:54.820,15071.98642
152.06501,0.91268,-1005.05761,395647.98352,3386032.63604,1.11536,0.01054,10859832.89124,2000-05-06T04:56:47.921,15107.75833
152.07501,0.73493,-1015.93250,395540.94455,3385974.39236,1.11683,0.01006,10491494.89520,2000-05-01T22:37:56.342,15051.10599
152.08500,0.71758,-1015.34690,395457.69684,3386021.07735,1.11786,0.01032,10512254.07356,2000-05-02T04:24:03.914,15050.85347
152.09498,0.86595,-1024.40153,395545.34011,3386014.55835,1.11462,0.01067,10653909.89048,2000-05-03T19:45:01.823,15074.05466
152.10499,0.39516,-1003.34989,395510.34790,3385951.37656,1.11619,0.00993,10478406.22944,2000-05-01T18:59:57.496,15049.33767
152.11499,0.40635,-999.79585,395627.85358,3385935.07055,1.11646,0.01127,10422875.71605,2000-05-01T03:34:16.686,15043.24122
152.12500,0.22305,-990.67764,395557.29566,3385954.65117,1.12144,0.01025,10478736.87349,2000-05-01T19:05:27.176,15049.23638
152.13499,1.05516,-1027.05784,395701.11645,3385937.41607,1.11586,0.01353,10617959.40742,2000-05-03T09:45:51.914,15069.52620
152.14499,0.57861,-1012.82330,395435.90614,3386006.57785,1.11226,0.01158,10600133.89984,2000-05-03T04:48:46.579,15063.39320
152.15499,0.88964,-1022.18792,395504.93278,3386004.44725,1.11467,0.01487,10530580.24014,2000-05-02T09:29:31.602,15055.68934
152.16500,0.68590,-1014.96862,395488.31476,3385961.10386,1.11150,0.01462,10528750.84862,2000-05-02T08:59:03.491,15055.96185
152.17497,0.75306,-1017.33775,395470.86415,3386017.36087,1.11342,0.01468,10576487.43706,2000-05-02T22:14:39.304,15065.36721
152.18498,0.71900,-1017.76134,395480.06063,3385989.13436,1.11509,0.01636,10604756.64029,2000-05-03T06:05:40.410,15067.60614
152.19500,0.69491,-1016.41533,395481.90769,3385991.93560,1.11678,0.01462,10566079.78868,2000-05-02T19:21:16.828,15060.75994
152.20501,0.90026,-1023.28824,395576.31774,3385956.68574,1.11408,0.01512,10500464.20867,2000-05-02T01:07:40.154,15049.69671
152.21500,0.77460,-1020.68496,395533.97788,3385965.98286,1.10966,0.01513,10522139.45897,2000-05-02T07:08:52.681,15053.24628
152.22499,0.74440,-1019.31539,395528.47578,3385966.90143,1.10865,0.01629,10500395.06155,2000-05-02T01:06:21.260,15051.85338
152.23500,0.36470,-998.02045,395409.27396,3385978.85108,1.10729,0.01795,10537489.49831,2000-05-02T11:24:39.670,15056.69441
152.24498,0.70653,-1016.16110,395483.12382,3385979.24727,1.10374,0.01635,10591301.87800,2000-05-03T02:21:26.858,15067.21545
152.25498,0.61111,-1010.32041,395397.83934,3386022.68726,1.10904,0.01411,10617799.75761,2000-05-03T09:43:08.115,15063.85936
152.26501,0.84000,-1013.95946,395511.97079,3385975.89919,1.10896,0.01409,10549014.34348,2000-05-02T14:36:43.426,15057.24333
152.27499,0.95221,-1020.25082,395562.73358,3385972.04556,1.10379,0.01586,10665538.91093,2000-05-03T22:58:45.396,15078.49288
152.28500,0.42007,-1000.81817,395321.02491,3386003.45440,1.10539,0.01421,10486921.28203,2000-05-01T21:21:45.584,15048.37186
152.29501,0.57682,-1004.94764,395433.97659,3386000.29529,1.10399,0.01551,10609836.65519,2000-05-03T07:30:26.065,15068.04027
152.30501,0.67559,-1005.29550,395533.68162,3385962.32194,1.10881,0.01596,10552254.85268,2000-05-02T15:30:34.645,15058.86363
152.31501,0.36794,-995.35015,395319.70504,3386044.42036,1.10629,0.02025,10528371.38734,2000-05-02T08:52:44.075,15057.27861
152.32501,0.91807,-1009.23625,395599.46837,3385988.00086,1.10392,0.02132,10614357.93519,2000-05-03T08:45:42.765,15068.23937
152.33499,0.60341,-994.45451,395494.42028,3386002.76045,1.09808,0.01944,10424469.44939,2000-05-01T04:00:43.561,15037.46683
152.34500,0.72321,-997.69926,395440.15369,3386040.20354,1.09701,0.01926,10664079.97805,2000-05-03T22:34:23.094,15074.38955
152.35500,0.60967,-996.82055,395437.52727,3385995.01652,1.09520,0.02058,10621010.14858,2000-05-03T10:36:42.649,15068.02419
152.36499,0.19336,-979.22592,395361.26729,3386015.68077,1.09336,0.01871,10511582.71579,2000-05-02T04:12:39.977,15053.83486
152.37498,0.59171,-998.10444,395442.43740,3386006.01776,1.09473,0.02004,10562548.17716,2000-05-02T18:22:07.830,15063.23351
152.38500,0.26295,-987.70543,395293.84199,3386008.86021,1.09854,0.01924,10613860.72526,2000-05-03T08:37:25.450,15071.85076
152.39500,0.76223,-1001.20212,395535.18797,3385965.69747,1.09691,0.01993,10561211.57047,2000-05-02T18:00:03.841,15055.54420
152.40500,0.33049,-986.68804,395311.94010,3386022.14398,1.09863,0.02000,10454355.90531,2000-05-01T12:19:03.763,15044.57725
152.41501,0.80515,-1007.08150,395511.16741,3385988.52168,1.09234,0.02043,10522418.45055,2000-05-02T07:13:26.704,15055.41595
152.42499,0.24122,-982.61466,395335.78646,3385977.36856,1.09312,0.01952,10633123.66651,2000-05-03T13:58:27.485,15070.16977
152.43500,0.55915,-1000.34463,395402.03238,3386021.33526,1.09630,0.02142,10558619.77070,2000-05-02T17:16:53.436,15055.93822
152.44501,0.36439,-987.74612,395584.81030,3385933.78883,1.09705,0.01953,10555924.10604,2000-05-02T16:31:49.300,15062.95103
152.45501,0.23835,-982.76920,395487.00416,3385992.91118,1.10122,0.02014,10399271.06324,2000-04-30T21:00:49.813,15040.96704
152.46500,0.10614,-981.50003,395369.44883,3386006.44584,1.10038,0.02087,10524896.94982,2000-05-02T07:54:45.005,15052.72831
152.47499,0.45298,-998.31029,395561.64324,3385950.42597,1.10317,0.01937,10579653.97693,2000-05-02T23:07:24.090,15064.25344
152.48498,0.18064,-981.70206,395390.39147,3385996.91823,1.09956,0.01910,10411217.37571,2000-05-01T00:19:55.291,15040.75130
152.49498,0.32250,-983.96839,395427.84956,3385969.30533,1.09886,0.02013,10470371.10381,2000-05-01T16:46:01.253,15047.83711
152.50500,0.57901,-997.00432,395541.57508,3385977.39405,1.10009,0.02017,10572834.31433,2000-05-02T21:13:40.055,15061.66022
152.51500,0.57844,-992.73398,395515.25624,3385975.39688,1.09756,0.02036,10480615.00755,2000-05-01T19:36:44.506,15049.56097
152.52498,0.44201,-995.74874,395464.21156,3385985.02975,1.09904,0.01943,10566114.64839,2000-05-02T19:21:43.611,15060.35019
152.53501,-0.02379,-970.04426,395384.90041,3385971.48367,1.10333,0.02084,10463762.79663,2000-05-01T14:55:53.011,15046.91053
152.54500,0.77338,-1007.01082,395506.58948,3386004.46114,1.10670,0.02161,10576415.33729,2000-05-02T22:13:24.309,15064.46017
152.55500,0.35615,-984.91117,395415.90861,3385951.29238,1.10343,0.02206,10601207.99639,2000-05-03T05:06:34.681,15069.02920
152.56500,0.76406,-1006.08031,395496.28288,3385985.64049,1.10371,0.02194,10483281.24573,2000-05-01T20:21:13.964,15043.86296
152.57501,0.78653,-1003.85043,395480.14851,3385986.97093,1.09916,0.02152,10616687.41297,2000-05-03T09:24:41.167,15073.27523
152.58500,0.48227,-989.08285,395420.20501,3385959.11271,1.10397,0.02108,10498305.94540,2000-05-02T00:31:35.025,15055.80569
152.59500,0.73595,-1002.25617,395505.28835,3385967.43052,1.10132,0.02147,10530816.33525,2000-05-02T09:33:28.579,15058.31197
152.60499,0.33927,-983.98732,395298.74262,3385967.99295,1.09579,0.02079,10592248.71445,2000-05-03T02:37:25.332,15063.34366
152.61500,0.74760,-1001.72660,395472.85593,3385983.78177,1.09536,0.01882,10453229.04511,2000-05-01T12:00:25.078,15045.05428
152.62500,0.78800,-1009.50150,395477.55809,3385990.72295,1.09849,0.01788,10493206.27168,2000-05-01T23:06:36.709,15051.29293
152.63501,0.51776,-1001.81830,395449.84744,3385968.26265,1.09950,0.01828,10573312.41154,2000-05-02T21:21:42.697,15064.34660
152.64499,0.62923,-1008.95386,395512.84621,3385959.31945,1.10058,0.01629,10491728.00905,2000-05-01T22:41:55.048,15051.28882
152.65501,0.58123,-1004.91592,395530.88556,3385957.09763,1.10265,0.01727,10490911.50974,2000-05-01T22:28:29.203,15048.91810
152.66503,0.36366,-1001.73692,395426.85950,3385971.47444,1.10307,0.01516,10378998.71558,2000-04-30T15:23:04.134,15034.25253
152.67500,0.55034,-1013.60445,395454.16757,3385973.04913,1.10326,0.01615,10553642.68185,2000-05-02T15:54:00.490,15059.52108
152.68500,0.54787,-1014.16428,395426.48278,3385975.49702,1.09900,0.01799,10383848.99518,2000-04-30T16:44:01.355,15036.92724
152.69498,0.84718,-1017.78362,395557.89363,3385950.75018,1.09657,0.01650,10540511.24634,2000-05-02T12:15:03.919,15057.57718
152.70499,0.55747,-1010.07333,395480.69932,3385949.52468,1.09640,0.01625,10611180.53628,2000-05-03T07:52:55.561,15070.13936
152.71499,0.43278,-1008.62246,395385.45261,3386018.64883,1.10492,0.01575,10485977.56471,2000-05-01T21:06:07.462,15047.15903
152.72500,0.62974,-1015.86189,395494.77486,3385957.45905,1.10099,0.01639,10535724.18756,2000-05-02T10:55:21.246,15053.14194
152.73500,0.74499,-1014.51203,395528.28448,3385964.33643,1.10293,0.01568,10524166.42900,2000-05-02T07:42:33.873,15058.42885
152.74498,0.70448,-1014.86630,395500.26674,3385978.71479,1.09615,0.01625,10588834.41620,2000-05-03T01:40:30.015,15066.47726
152.75499,0.78209,-1016.70938,395553.29335,3385939.37963,1.09891,0.01666,10579419.55450,2000-05-02T23:03:31.059,15060.30980
152.76501,0.73944,-1024.70631,395551.30453,3385971.12171,1.09969,0.01590,10566762.89731,2000-05-02T19:32:36.468,15062.24788
152.77501,0.21611,-998.90783,395355.62505,3385960.37185,1.09916,0.01636,10544559.45966,2000-05-02T13:22:28.912,15060.56860
152.78502,0.43558,-1009.49442,395429.41421,3385956.80953,1.09297,0.01774,10590708.75551,2000-05-03T02:11:42.186,15066.06935
152.79500,0.78510,-1029.19699,395537.94108,3385976.48143,1.10045,0.01836,10576758.51791,2000-05-02T22:19:17.963,15062.23593
152.80498,0.35839,-1010.98230,395393.88598,3385957.28575,1.09938,0.02073,10597194.30094,2000-05-03T03:59:51.187,15065.78303
152.81501,0.73721,-1028.31237,395550.03807,3385955.83217,1.10544,0.01983,10671123.05154,2000-05-04T00:31:54.455,15078.75553
152.82501,0.81020,-1035.37840,395570.89146,3385956.90348,1.10564,0.01913,10501790.10316,2000-05-02T01:29:41.219,15051.15251
152.83500,0.82150,-1028.98026,395581.66655,3385933.29413,1.10418,0.01718,10712015.80089,2000-05-04T11:53:25.247,15083.14828
152.84503,0.77996,-1029.00244,395574.80086,3385951.74269,1.10098,0.01601,10578015.17979,2000-05-02T22:40:04.746,15060.25220
152.85499,0.63614,-1028.81689,395479.39926,3385972.74398,1.10435,0.01646,10608270.18893,2000-05-03T07:04:21.490,15070.06734
152.86499,0.36269,-1016.79758,395358.91278,3385977.04683,1.10575,0.01607,10557996.17059,2000-05-02T17:06:25.210,15058.72458
152.87499,0.66968,-1027.20319,395536.55300,3385933.75992,1.10094,0.01653,10553765.31333,2000-05-02T15:55:52.384,15059.89415
152.88500,0.45724,-1019.67133,395424.68325,3385984.73985,1.10390,0.01608,10705731.85717,2000-05-04T10:08:35.736,15081.44504
152.89500,0.56332,-1025.64178,395521.47687,3385892.39746,1.10366,0.01625,10553259.01444,2000-05-02T15:47:28.528,15058.56500
152.90499,0.83446,-1040.33727,395596.76609,3385944.36069,1.10553,0.01580,10566818.19464,2000-05-02T19:33:26.669,15057.69109
152.91502,0.88942,-1044.48130,395648.94111,3385938.70560,1.10905,0.01554,10656578.20101,2000-05-03T20:29:31.197,15075.12496
152.92500,0.58578,-1028.62185,395454.56502,3386006.84451,1.10589,0.01921,10642971.43695,2000-05-03T16:42:38.468,15074.84405
152.93498,0.49395,-1023.78855,395465.04565,3385950.30717,1.10038,0.01676,10664674.32130,2000-05-03T22:44:25.606,15072.01604
152.94500,0.36508,-1014.66633,395360.77919,3385991.15260,1.10387,0.01507,10632701.39420,2000-05-03T13:51:32.973,15068.38262
152.95499,0.64701,-1027.21753,395499.26586,3385968.88084,1.10272,0.01511,10577671.54746,2000-05-02T22:34:18.660,15063.83659
152.96498,0.60397,-1025.99864,395479.02411,3385987.43917,1.10149,0.01553,10641563.51904,2000-05-03T16:19:13.573,15072.27269
152.97499,0.55633,-1025.27310,395527.46635,3385899.97690,1.10454,0.01690,10536880.49869,2000-05-02T11:14:29.974,15055.31606
152.98501,0.61501,-1038.82553,395519.68691,3385921.66656,1.10546,0.01868,10612336.64158,2000-05-03T08:11:57.292,15068.66747
152.99499,0.53217,-1034.84883,395410.91573,3385954.21053,1.10281,0.01578,10609893.94109,2000-05-03T07:31:22.659,15066.00345
153.00498,0.54316,-1035.76841,395456.23978,3385940.72958,1.10523,0.01578,10618471.90738,2000-05-03T09:54:21.859,15070.92657
153.01500,0.53488,-1029.91939,395567.04536,3385926.25282,1.11133,0.01604,10506459.16083,2000-05-02T02:47:25.589,15046.93523
153.02499,0.26083,-1017.93992,395418.68254,3385928.74885,1.10723,0.01601,10501206.43268,2000-05-02T01:19:41.543,15052.84815
153.03500,0.63231,-1033.62918,395493.15876,3385949.37576,1.10347,0.01681,10482686.10014,2000-05-01T20:11:18.900,15044.28601
153.04499,0.70058,-1035.81820,395541.59564,3385923.31215,1.10114,0.01387,10663677.99114,2000-05-03T22:27:48.954,15076.37006
153.05500,0.61324,-1031.21216,395477.59239,3385947.28513,1.10574,0.01375,10530185.66132,2000-05-02T09:22:48.096,15053.84784
153.06501,0.28722,-1021.76646,395370.89690,3385926.33010,1.11000,0.01410,10513391.57002,2000-05-02T04:43:05.615,15053.56124
153.07500,0.52420,-1039.20756,395421.78073,3385947.52094,1.10580,0.01333,10512078.85522,2000-05-02T04:21:03.748,15053.37544
153.08501,0.43422,-1037.07474,395423.81444,3385941.85306,1.11203,0.01341,10544374.96443,2000-05-02T13:19:21.438,15059.22052
153.09501,0.53772,-1036.84713,395455.51073,3385920.78393,1.11094,0.01369,10537280.07536,2000-05-02T11:21:10.453,15058.31882
153.10500,0.96914,-1058.32431,395682.99745,3385899.81357,1.11041,0.01225,10552725.40654,2000-05-02T15:38:37.850,15062.03957
153.11501,0.56657,-1043.13090,395499.08749,3385950.38991,1.11005,0.01306,10522148.75151,2000-05-02T07:08:44.444,15052.97195
153.12500,0.23559,-1028.86812,395444.86307,3385936.09005,1.10716,0.01278,10458209.33365,2000-05-01T13:23:09.063,15047.15104
153.13501,0.77787,-1053.46409,395652.00466,3385904.66181,1.10099,0.01241,10478432.68511,2000-05-01T19:00:22.935,15046.55527
153.14501,0.85984,-1055.33620,395613.13071,3385895.16530,1.10054,0.01321,10530932.51857,2000-05-02T09:35:25.294,15058.06236
153.15502,0.30476,-1036.54346,395303.80845,3385987.10208,1.10078,0.01318,10677870.53246,2000-05-04T02:24:17.137,15078.53095
153.16501,0.54413,-1046.66836,395422.38784,3385952.93424,1.10347,0.01439,10542163.69886,2000-05-02T12:42:43.108,15054.68995
153.17500,0.71486,-1051.33341,395559.74944,3385919.22546,1.09894,0.01548,10568058.35691,2000-05-02T19:54:16.667,15060.27617
153.18501,0.58579,-1042.90105,395500.20458,3385903.25228,1.10256,0.01537,10498651.22388,2000-05-02T00:37:24.520,15051.23610
153.19500,0.90599,-1060.24718,395616.02158,3385911.87653,1.10191,0.01489,10751099.55065,2000-05-04T22:45:01.217,15088.26159
153.20500,0.41227,-1040.92157,395395.50044,3385943.35016,1.10845,0.01584,10552122.64839,2000-05-02T15:28:35.720,15056.99478
153.21501,1.03225,-1069.28682,395639.22846,3385918.87541,1.10699,0.01304,10469631.29783,2000-05-01T16:33:44.637,15044.22761
153.22502,0.39455,-1040.29223,395383.46471,3385945.38239,1.10144,0.01351,10653869.11619,2000-05-03T19:44:14.992,15076.38890
153.23500,0.60450,-1049.13111,395472.55098,3385918.87631,1.10391,0.01352,10775820.14042,2000-05-05T05:36:49.249,15091.06064
153.24501,0.61946,-1052.99075,395470.09579,3385919.16875,1.10947,0.01271,10524299.59460,2000-05-02T07:44:53.899,15052.65252
153.25501,0.92107,-1068.01267,395630.13040,3385896.63564,1.10887,0.01208,10595588.77097,2000-05-03T03:32:59.092,15062.55131
153.26501,0.12798,-1035.75821,395246.35121,3385946.73026,1.11079,0.01438,10586325.70479,2000-05-03T00:58:40.014,15064.59921
153.27499,0.65314,-1058.25357,395476.00691,3385955.01512,1.10515,0.01396,10659546.49698,2000-05-03T21:18:56.264,15077.61935
153.28497,0.45372,-1045.76790,395409.14271,3385914.59307,1.10881,0.01341,10565189.36241,2000-05-02T19:06:24.175,15061.03623
153.29498,0.83032,-1065.20614,395565.25736,3385923.91624,1.10879,0.01580,10542903.55458,2000-05-02T12:54:47.929,15058.76336
153.30499,0.76021,-1062.98237,395541.42080,3385919.16503,1.11318,0.01586,10534958.13636,2000-05-02T10:42:27.658,15052.47603
153.31499,0.31203,-1041.51920,395323.95339,3385955.08384,1.11312,0.01793,10581247.30669,2000-05-02T23:33:55.089,15062.67149
153.32499,0.29160,-1039.90223,395359.69394,3385937.49418,1.11303,0.01616,10686581.08879,2000-05-04T04:49:34.342,15076.48003
153.33501,0.44714,-1043.82337,395452.09906,3385908.85106,1.10799,0.01594,10575517.36843,2000-05-02T21:58:26.258,15064.92557
153.34501,0.68984,-1054.56261,395560.09294,3385920.80919,1.10568,0.01689,10619254.19258,2000-05-03T10:07:22.604,15067.70888
153.35501,0.39862,-1036.50189,395412.66033,3385940.09793,1.10894,0.01645,10622961.68583,2000-05-03T11:09:09.506,15068.51525
153.36502,0.18460,-1028.27718,395283.78199,3385964.22411,1.10601,0.01599,10644377.59904,2000-05-03T17:05:57.429,15071.89634
153.37502,0.57632,-1046.56489,395526.86889,3385887.60072,1.10195,0.01534,10574709.43777,2000-05-02T21:44:47.905,15064.30454
153.38501,0.20927,-1035.90635,395342.09695,3385979.40128,1.10882,0.01807,10543550.74195,2000-05-02T13:05:35.263,15057.48115
153.39500,0.48768,-1039.12915,395427.43391,3385898.33088,1.10499,0.02049,10626330.86137,2000-05-03T12:05:16.941,15074.38684
153.40501,0.61424,-1048.58217,395447.32090,3385934.58954,1.10411,0.01938,10571259.31810,2000-05-02T20:47:32.978,15058.46158
153.41498,0.35438,-1035.87460,395313.80306,3385962.35015,1.09907,0.01772,10699486.88790,2000-05-04T08:24:37.952,15078.00012
153.42498,0.47453,-1039.84913,395399.86505,3385953.40315,1.10714,0.01568,10522634.05926,2000-05-02T07:16:49.667,15056.41818
153.43500,0.62078,-1044.59212,395494.59064,3385895.85392,1.10576,0.01538,10563234.11321,2000-05-02T18:33:46.309,15058.81787
153.44500,0.51600,-1049.49947,395441.56177,3385940.62165,1.10727,0.01619,10596206.58764,2000-05-03T03:43:05.456,15063.96990
153.45499,0.27774,-1036.12895,395365.23338,3385916.03066,1.09988,0.01500,10514802.70368,2000-05-02T05:06:33.097,15053.88163
153.46499,0.37235,-1042.58832,395444.75523,3385893.90190,1.10089,0.01605,10599935.19314,2000-05-03T04:45:16.896,15064.60768
153.47501,0.39608,-1044.31592,395407.22624,3385919.14165,1.10592,0.01482,10529076.16800,2000-05-02T09:04:29.391,15054.88402
153.48500,0.41605,-1046.43473,395431.44815,3385931.94531,1.10264,0.01669,10575391.23756,2000-05-02T21:56:17.059,15064.62556
153.49501,0.54965,-1058.64029,395590.93424,3385878.96420,1.10407,0.01569,10499425.16472,2000-05-02T00:50:20.212,15050.37546
153.50501,0.50156,-1052.06924,395500.02506,3385924.37311,1.09733,0.01548,10521828.96092,2000-05-02T07:03:41.079,15052.88833
153.51500,0.52191,-1045.00290,395488.30768,3385878.56488,1.10044,0.01494,10538269.08650,2000-05-02T11:37:35.733,15056.06108
153.52499,0.35938,-1044.72119,395411.96746,3385921.86891,1.10590,0.01635,10586406.39994,2000-05-03T00:59:59.327,15063.57027
153.53500,0.70591,-1053.40627,395575.15749,3385894.14496,1.10281,0.01548,10407499.71336,2000-04-30T23:18:15.345,15038.05711
153.54499,0.28148,-1036.95574,395388.91378,3385912.01288,1.11535,0.01558,10535084.35138,2000-05-02T10:44:35.536,15055.02488
153.55500,0.33955,-1040.24437,395378.85417,3385935.05265,1.10753,0.01474,10587880.94702,2000-05-03T01:24:26.107,15060.10220
153.56500,0.29439,-1040.91748,395382.69886,3385913.49333,1.10756,0.01590,10588583.20194,2000-05-03T01:36:09.174,15062.34925
153.57499,0.46786,-1044.90208,395463.12190,3385902.99905,1.10314,0.01615,10588823.70422,2000-05-03T01:40:15.415,15062.99129
153.58499,0.82392,-1057.70561,395633.01967,3385880.01872,1.10527,0.01706,10547010.78795,2000-05-02T14:03:29.186,15059.87315
153.59500,0.44206,-1041.12115,395425.55567,3385923.39983,1.10781,0.01677,10556243.06426,2000-05-02T16:37:09.360,15059.96298
153.60500,0.52821,-1048.47647,395479.65978,3385890.09382,1.10662,0.01467,10561008.66588,2000-05-02T17:56:37.733,15059.22369
153.61500,0.29234,-1036.60576,395366.74746,3385900.98877,1.10952,0.01604,10565268.94266,2000-05-02T19:07:36.377,15056.77032
153.62501,0.94820,-1074.29886,395641.96662,3385921.00764,1.10835,0.01435,10632243.67387,2000-05-03T13:43:55.379,15069.03155
153.63502,0.38808,-1047.64416,395349.30849,3385913.40250,1.10796,0.01494,10470182.97137,2000-05-01T16:43:00.023,15046.04603
153.64502,0.55236,-1063.32132,395458.39526,3385903.30947,1.10394,0.01539,10640789.39008,2000-05-03T16:06:12.070,15073.55906
153.65501,0.53476,-1065.01031,395433.74250,3385888.74252,1.10259,0.01444,10508861.22885,2000-05-02T03:27:29.105,15053.14050
153.66501,0.38749,-1066.85063,395408.37749,3385889.09156,1.10375,0.01448,10552415.77693,2000-05-02T15:33:18.089,15058.54125
153.67499,0.53202,-1070.92531,395496.33953,3385891.37500,1.10750,0.01633,10603098.16761,2000-05-03T05:38:09.954,15067.01827
153.68498,0.63824,-1071.41788,395529.66815,3385850.55303,1.10414,0.01493,10486097.94431,2000-05-01T21:08:02.180,15051.72810
153.69500,0.44606,-1062.35343,395409.87873,3385901.07792,1.10285,0.01513,10500477.25810,2000-05-02T01:07:53.117,15047.77707
153.70499,0.44887,-1065.03469,395428.92421,3385875.45720,1.10335,0.01465,10548146.18858,2000-05-02T14:22:12.149,15054.50555
153.71499,0.69169,-1073.32907,395497.06532,3385905.19843,1.10353,0.01645,10474063.59295,2000-05-01T17:47:29.017,15049.07919
153.72501,0.55427,-1059.49975,395487.58428,3385855.64483,1.10431,0.01422,10583408.48466,2000-05-03T00:09:54.210,15059.92864
153.73498,0.66046,-1055.62134,395529.48548,3385893.11069,1.10462,0.01379,10479592.76526,2000-05-01T19:19:39.306,15048.55116
153.74498,0.37626,-1047.37272,395360.70269,3385921.37258,1.10945,0.01178,10523816.73636,2000-05-02T07:36:46.626,15052.40411
153.75499,0.49403,-1045.75653,395447.64019,3385870.29528,1.10128,0.01153,10591583.14818,2000-05-03T02:26:08.892,15064.55301
153.76501,0.69344,-1061.04922,395511.63211,3385908.36555,1.10558,0.01276,10548202.48989,2000-05-02T14:23:03.667,15058.67772
153.77501,0.45816,-1052.32991,395404.57668,3385933.22118,1.11050,0.01085,10567836.10548,2000-05-02T19:50:29.577,15060.82795
153.78500,0.38839,-1049.76053,395368.97598,3385915.27956,1.11054,0.01081,10517341.97448,2000-05-02T05:48:54.926,15053.53227
153.79500,0.74177,-1065.84266,395567.35161,3385852.85157,1.10392,0.01010,10709802.79629,2000-05-04T11:16:30.325,15083.20159
153.80499,0.53348,-1066.10798,395459.65886,3385909.30788,1.10972,0.00992,10560828.92949,2000-05-02T17:53:40.081,15056.07317
153.81499,0.65399,-1071.57716,395476.05835,3385918.80887,1.10922,0.00993,10673764.31845,2000-05-04T01:15:59.636,15077.49362
153.82497,0.90370,-1081.96914,395620.60746,3385890.41609,1.11128,0.01028,10549135.54450,2000-05-02T14:38:40.176,15055.46419
153.83499,0.13905,-1050.36437,395347.96309,3385881.26787,1.10988,0.00998,10477190.32695,2000-05-01T18:39:44.217,15048.77786
153.84500,0.60556,-1063.39795,395451.54150,3385930.86334,1.11722,0.01064,10588005.86088,2000-05-03T01:26:33.615,15062.93387
153.85501,0.67016,-1064.64864,395523.93725,3385900.71346,1.10957,0.01011,10623770.61574,2000-05-03T11:22:40.254,15068.86478
153.86500,0.58835,-1059.12625,395455.15852,3385924.51258,1.10532,0.00995,10600607.63419,2000-05-03T04:56:33.585,15064.45795
153.87500,0.46854,-1053.31921,395415.34290,3385901.49920,1.10853,0.01043,10667084.59547,2000-05-03T23:24:36.461,15074.36689
153.88501,0.77330,-1075.18456,395554.81720,3385895.09294,1.10397,0.01174,10502963.01803,2000-05-02T01:49:13.307,15054.75870
153.89498,0.08841,-1047.60092,395296.73023,3385882.72670,1.10674,0.01542,10531595.41470,2000-05-02T09:46:38.693,15052.12426
153.90499,0.40153,-1054.88722,395383.86358,3385897.22007,1.10994,0.01215,10630408.92871,2000-05-03T13:13:22.126,15069.33664
153.91500,0.76508,-1083.11969,395553.90712,3385916.22604,1.10610,0.01172,10635071.78567,2000-05-03T14:31:00.979,15069.60682
153.92500,0.40048,-1065.50355,395383.11691,3385895.31807,1.10951,0.01102,10429550.84828,2000-05-01T05:25:38.027,15037.35663
153.93500,0.49998,-1072.67387,395455.01701,3385904.01445,1.11327,0.01027,10605658.97245,2000-05-03T06:20:45.382,15068.01574
153.94500,0.43094,-1069.66318,395452.48495,3385909.33938,1.10978,0.01100,10646828.05824,2000-05-03T17:46:50.527,15071.80339
153.95499,0.63280,-1074.59061,395515.80750,3385896.30328,1.10908,0.01067,10617582.72769,2000-05-03T09:39:36.254,15070.40583
153.96499,0.77185,-1079.40522,395564.18432,3385873.78791,1.10843,0.01002,10567035.91824,2000-05-02T19:36:57.098,15064.61764
153.97500,0.41298,-1063.54899,395414.59218,3385873.15377,1.11302,0.01061,10660406.16943,2000-05-03T21:33:14.984,15079.94780
153.98501,0.46203,-1062.54072,395434.50660,3385880.34513,1.10658,0.00956,10626490.16162,2000-05-03T12:07:59.788,15075.38976
153.99500,0.64764,-1076.75955,395479.85414,3385905.12174,1.11072,0.00995,10679896.38995,2000-05-04T02:57:55.336,15082.68556
154.00501,0.61813,-1072.18467,395479.97397,3385898.99357,1.11096,0.01005,10693084.75948,2000-05-04T06:37:48.021,15085.72162
154.01498,0.63138,-1069.02661,395456.83092,3385927.90309,1.10939,0.01024,10812896.72823,2000-05-05T15:54:33.878,15104.06260
154.02499,0.42559,-1066.22486,395437.52335,3385909.27512,1.11531,0.01002,10737042.04284,2000-05-04T18:50:24.511,15087.21070
154.03500,0.58537,-1076.44474,395451.22147,3385911.03156,1.10868,0.01041,10697706.80004,2000-05-04T07:54:44.411,15088.32753
154.04501,0.82050,-1084.11541,395565.69054,3385926.69119,1.11022,0.01116,10744252.98745,2000-05-04T20:50:40.141,15093.71325
154.05499,0.67374,-1072.11225,395514.50124,3385908.92692,1.10814,0.00986,10788030.39741,2000-05-05T09:00:15.179,15097.27829
154.06500,0.72365,-1078.92851,395525.54423,3385933.21117,1.10760,0.00986,10901711.91789,2000-05-06T16:34:50.129,15114.32431
154.07498,0.63635,-1066.83618,395529.99388,3385887.97655,1.10721,0.00984,10736663.37811,2000-05-04T18:44:15.362,15092.64910
154.08499,0.66159,-1076.89823,395507.71126,3385872.84711,1.10739,0.00954,10717752.35894,2000-05-04T13:28:51.178,15089.42962
154.09500,0.53767,-1069.83656,395461.72757,3385894.34652,1.10946,0.01040,10652883.17791,2000-05-03T19:27:47.637,15078.58182
154.10499,0.52907,-1067.87229,395423.34877,3385910.29089,1.10127,0.01083,10650575.65611,2000-05-03T18:49:25.669,15078.26588
154.11500,0.97926,-1088.83000,395609.30744,3385904.08723,1.10621,0.00999,10613267.91988,2000-05-03T08:27:35.909,15076.93624
154.12499,0.18401,-1062.17821,395329.37416,3385887.20748,1.10775,0.01109,10662093.21940,2000-05-03T22:01:21.847,15078.64522
154.13502,0.81945,-1091.72027,395559.36176,3385875.56725,1.10551,0.01386,10575162.86258,2000-05-02T21:52:30.597,15071.92709
154.14501,0.66358,-1085.45939,395508.84678,3385887.85974,1.10816,0.01215,10728470.14252,2000-05-04T16:27:38.747,15090.90936
154.15499,0.63730,-1082.93600,395549.19967,3385840.42645,1.11050,0.01218,10658011.85969,2000-05-03T20:53:26.087,15079.97833
154.16500,0.73577,-1085.84842,395486.59568,3385933.97690,1.10617,0.01253,10637944.10607,2000-05-03T15:19:01.883,15076.93372
154.17497,0.60616,-1085.13526,395485.29421,3385863.37963,1.10844,0.01568,10652326.43488,2000-05-03T19:18:36.171,15080.27189
154.18498,0.60355,-1087.48425,395486.77880,3385858.15908,1.11274,0.01296,10703771.01433,2000-05-04T09:36:06.992,15087.13281
154.19499,0.75836,-1090.32234,395544.96975,3385866.89683,1.10528,0.01274,10608043.47695,2000-05-03T07:00:35.463,15075.30213
154.20500,0.49223,-1086.71240,395493.70936,3385857.05117,1.10907,0.01285,10697048.18645,2000-05-04T07:43:57.840,15083.95171
154.21500,0.36145,-1086.18835,395369.53104,3385893.57441,1.10030,0.01401,10658405.76828,2000-05-03T21:00:01.725,15079.03478
154.22500,0.40554,-1084.44263,395421.77745,3385852.39676,1.10943,0.01410,10523604.54238,2000-05-02T07:33:15.217,15063.46634
154.23501,0.42467,-1092.61916,395402.52101,3385883.87175,1.10654,0.01308,10716430.10052,2000-05-04T13:07:02.714,15087.37263
154.24500,0.28457,-1082.08560,395312.92485,3385914.47289,1.11051,0.01277,10622599.00368,2000-05-03T11:03:04.900,15073.68112
154.25500,0.62129,-1098.03962,395532.69065,3385845.89239,1.11056,0.01325,10564928.42784,2000-05-02T19:02:02.020,15066.87732
154.26499,0.55779,-1088.49202,395420.31520,3385873.57422,1.10490,0.01275,10621896.48806,2000-05-03T10:51:26.832,15072.79908
154.27499,0.22450,-1080.63307,395265.55075,3385904.21279,1.10563,0.01291,10615518.30843,2000-05-03T09:05:16.815,15075.92019
154.28501,0.74848,-1101.60593,395536.33543,3385850.50317,1.10391,0.01276,10650176.69936,2000-05-03T18:42:44.435,15081.98801
154.29501,0.65871,-1096.12393,395484.90300,3385885.77105,1.10321,0.01329,10563851.87243,2000-05-02T18:44:10.918,15071.61496
154.30500,0.20936,-1080.82564,395314.20750,3385877.71398,1.10018,0.01335,10659560.76638,2000-05-03T21:19:16.474,15079.04648
154.31500,0.81051,-1109.63176,395683.51680,3385863.39461,1.10627,0.01359,10624312.77889,2000-05-03T11:31:42.866,15077.22088
154.32499,0.02435,-1072.18366,395286.45415,3385869.82372,1.10696,0.01245,10695839.80585,2000-05-04T07:23:47.353,15089.19487
154.33500,0.64216,-1100.51777,395494.52609,3385884.25941,1.09869,0.01345,10605635.58837,2000-05-03T06:20:23.304,15074.65858
154.34500,0.65567,-1097.35253,395502.55397,3385863.34996,1.10132,0.01306,10572525.73027,2000-05-02T21:08:31.507,15070.17616
154.35501,0.77372,-1105.88874,395564.11945,3385886.18164,1.10240,0.01165,10638869.11153,2000-05-03T15:34:29.152,15075.82586
154.36499,0.26822,-1076.72244,395321.62100,3385909.05936,1.10545,0.01308,10600274.31681,2000-05-03T04:51:01.184,15074.98500
154.37501,0.70091,-1097.48704,395538.18850,3385881.47766,1.10342,0.01257,10685704.89586,2000-05-04T04:34:55.257,15083.75914
154.38500,0.62179,-1094.27768,395516.01691,3385862.81112,1.10142,0.01244,10678606.32936,2000-05-04T02:36:41.950,15083.26368
154.39499,0.40888,-1082.76731,395393.24244,3385876.49857,1.09673,0.01427,10540109.56548,2000-05-02T12:08:17.027,15067.04749
154.40501,0.07642,-1069.20822,395213.22377,3385927.51970,1.10163,0.01392,10504937.46452,2000-05-02T02:22:05.001,15057.44180
154.41500,0.41079,-1078.94053,395411.21688,3385884.21399,1.10311,0.01409,10638817.36942,2000-05-03T15:33:33.965,15080.98892
154.42500,0.70125,-1094.86440,395522.09091,3385887.33363,1.10631,0.01178,10690796.99781,2000-05-04T05:59:43.115,15087.11458
154.43501,0.38305,-1081.70756,395376.72175,3385903.80271,1.09761,0.01012,10705686.15862,2000-05-04T10:07:52.733,15093.43016
154.44500,0.59449,-1085.79683,395482.97597,3385851.62681,1.10376,0.01199,10651761.99750,2000-05-03T19:09:10.034,15082.69364
154.45501,0.33249,-1080.85087,395378.26297,3385926.77524,1.09777,0.01092,10619404.91591,2000-05-03T10:09:58.091,15072.55175
154.46499,0.40819,-1081.65134,395476.96676,3385839.80874,1.10535,0.01128,10634696.39331,2000-05-03T14:24:44.065,15081.11048
154.47502,0.41669,-1078.71046,395392.60508,3385904.96744,1.10566,0.01104,10584286.79104,2000-05-03T00:24:27.896,15066.57026
154.48500,0.12314,-1066.92492,395271.38393,3385892.10749,1.10427,0.01159,10526607.11318,2000-05-02T08:23:13.787,15066.84932
154.49500,0.51627,-1083.87400,395486.53695,3385850.79939,1.10970,0.01500,10665913.42827,2000-05-03T23:04:53.387,15082.11552
154.50500,0.64432,-1089.21015,395507.55558,3385870.63213,1.10722,0.01340,10703894.65711,2000-05-04T09:37:59.589,15091.36735
154.51500,0.20449,-1067.01625,395330.04716,3385886.38427,1.10973,0.01411,10607914.86250,2000-05-03T06:58:16.948,15075.33033
154.52501,0.03036,-1064.54998,395224.88562,3385926.36743,1.11048,0.01417,10710980.75540,2000-05-04T11:36:10.557,15087.59534
154.53501,0.45245,-1074.40167,395425.61162,3385881.91256,1.10478,0.01438,10672689.81651,2000-05-04T00:57:46.847,15085.38520
154.54499,0.66147,-1082.77558,395535.66848,3385842.36907,1.10705,0.01481,10714297.55502,2000-05-04T12:31:26.402,15091.20266
154.55500,0.47926,-1071.91464,395457.73120,3385881.58292,1.10018,0.01464,10525303.30011,2000-05-02T08:01:21.983,15061.88307
154.56501,0.51755,-1072.85219,395462.51409,3385887.80742,1.10622,0.01456,10580502.12686,2000-05-02T23:21:30.210,15073.13768
154.57502,0.25777,-1060.49901,395314.69896,3385893.07642,1.11070,0.01371,10737382.66583,2000-05-04T18:56:10.288,15092.07793
154.58501,0.52113,-1068.94377,395433.29432,3385885.21252,1.10690,0.01462,10513414.28482,2000-05-02T04:43:13.414,15061.31384
154.59501,0.32575,-1054.28686,395358.90024,3385904.06023,1.10731,0.01475,10625039.03509,2000-05-03T11:43:35.136,15078.90126
154.60501,0.35513,-1058.41793,395318.73629,3385949.13875,1.10819,0.01469,10609711.36759,2000-05-03T07:28:21.580,15073.06763
154.61498,0.55836,-1066.17870,395447.52506,3385906.85703,1.10782,0.01498,10692717.83099,2000-05-04T06:31:35.885,15088.69771
154.62500,0.38968,-1056.33765,395389.54334,3385900.96671,1.10547,0.01398,10653670.68148,2000-05-03T19:40:45.577,15082.21554
154.63500,0.40861,-1056.71365,395359.12307,3385953.99872,1.10060,0.01393,10608470.07141,2000-05-03T07:07:34.521,15077.58483
154.64500,0.13213,-1043.53488,395249.84802,3385931.84069,1.10324,0.01594,10670193.41736,2000-05-04T00:16:19.118,15082.01588
154.65501,0.63049,-1055.04383,395476.74169,3385885.53539,1.10433,0.01757,10589773.85193,2000-05-03T01:55:54.266,15071.18344
154.66502,0.43877,-1046.39110,395373.42560,3385904.70683,1.11087,0.01938,10610149.33204,2000-05-03T07:35:29.856,15073.23650
154.67501,0.49766,-1054.45454,395387.74910,3385935.04564,1.10850,0.02076,10648873.20890,2000-05-03T18:20:55.528,15081.97780
154.68500,0.13039,-1043.68519,395274.63845,3385904.20653,1.09955,0.02052,10692254.02286,2000-05-04T06:23:57.579,15085.35362
154.69500,0.36347,-1052.99291,395346.10081,3385913.45465,1.10008,0.01963,10623657.53920,2000-05-03T11:20:38.885,15078.59248
154.70499,0.07604,-1041.54146,395222.71226,3385945.47501,1.10374,0.02275,10629446.69550,2000-05-03T12:57:10.098,15075.72488
154.71501,0.66872,-1058.53041,395476.99446,3385916.15226,1.10673,0.02102,10602260.47207,2000-05-03T05:23:59.747,15074.52655
154.72499,0.34031,-1043.58200,395372.82572,3385880.34363,1.10220,0.02201,10622556.53672,2000-05-03T11:02:22.301,15076.01763
154.73499,0.83923,-1068.77057,395548.43108,3385919.60730,1.10359,0.02116,10679421.98958,2000-05-04T02:50:17.425,15088.65577
154.74500,0.36603,-1049.72629,395396.69103,3385877.05406,1.10389,0.02408,10673620.00253,2000-05-04T01:13:29.011,15083.57172
154.75499,0.46777,-1058.99872,395410.89960,3385898.26895,1.10374,0.02272,10612088.87860,2000-05-03T08:07:53.453,15077.85815
154.76499,0.43154,-1060.25288,395428.48720,3385893.33582,1.10630,0.02428,10657764.12717,2000-05-03T20:49:14.599,15084.35212
154.77500,0.23012,-1049.89718,395317.08026,3385886.92525,1.10418,0.02429,10641182.51488,2000-05-03T16:12:55.702,15079.84071
154.78499,0.36801,-1054.42454,395359.06838,3385900.68741,1.10266,0.02454,10628251.82215,2000-05-03T12:37:14.333,15078.10068
154.79499,0.29098,-1052.58788,395355.39687,3385884.78340,1.10691,0.02319,10670173.78157,2000-05-04T00:15:58.282,15082.83149
154.80499,0.63665,-1062.38765,395483.35828,3385908.04241,1.10274,0.02329,10609415.23065,2000-05-03T07:23:26.355,15077.69383
154.81500,0.53119,-1054.71097,395452.07397,3385910.97830,1.10202,0.02349,10618417.70491,2000-05-03T09:53:22.159,15076.09353
154.82500,0.18628,-1038.28240,395298.40567,3385891.94433,1.10019,0.02283,10575668.35671,2000-05-02T22:00:59.043,15069.51401
154.83498,0.55557,-1058.50285,395449.67498,3385914.04472,1.09688,0.01977,10588450.66164,2000-05-03T01:33:54.584,15071.77327
154.84499,0.58438,-1051.62290,395505.87164,3385863.41794,1.09818,0.01869,10563483.01653,2000-05-02T18:37:46.421,15067.24885
154.85500,0.33387,-1045.08589,395341.34907,3385943.23982,1.10112,0.01885,10606630.03942,2000-05-03T06:36:55.145,15075.69459
154.86499,0.72699,-1061.75328,395546.76691,3385870.83568,1.10368,0.01775,10451748.07295,2000-05-01T11:35:30.392,15054.05464
154.87501,0.75914,-1059.64105,395571.05059,3385850.23853,1.10289,0.01945,10629971.78926,2000-05-03T13:05:59.685,15078.99916
154.88502,0.30171,-1046.77338,395388.47223,3385895.65177,1.10317,0.01891,10542635.73602,2000-05-02T12:50:16.146,15068.36331
154.89500,0.32156,-1050.84113,395368.11298,3385912.41809,1.10581,0.01835,10529242.04781,2000-05-02T09:07:07.815,15063.06268
154.90500,0.78307,-1069.03422,395581.01102,3385845.57414,1.10490,0.02098,10600976.21704,2000-05-03T05:02:34.759,15076.00174
154.91500,0.27556,-1045.89863,395347.05024,3385907.88232,1.10578,0.02046,10534016.98936,2000-05-02T10:26:39.391,15063.94396
154.92501,0.46964,-1050.25688,395441.64043,3385886.48650,1.11823,0.02087,10605022.77451,2000-05-03T06:10:05.210,15074.31651
154.93501,0.88808,-1067.76170,395592.05381,3385888.25902,1.12039,0.02099,10603436.50924,2000-05-03T05:43:47.623,15076.36317
154.94501,0.78888,-1066.42660,395576.17485,3385847.39936,1.11172,0.02015,10613154.62587,2000-05-03T08:25:38.870,15071.21258
154.95500,0.08499,-1049.75913,395248.18034,3385945.39875,1.11860,0.02075,10530592.65336,2000-05-02T09:29:37.395,15063.32563
154.96501,0.74104,-1075.11081,395606.28670,3385828.27893,1.11200,0.01802,10586325.99882,2000-05-03T00:58:25.773,15073.28549
154.97500,0.14285,-1048.89396,395308.30408,3385866.17023,1.11798,0.01940,10589141.02584,2000-05-03T01:45:28.959,15073.66096
154.98500,0.22556,-1056.07152,395379.11157,3385895.65333,1.11850,0.01893,10523062.14270,2000-05-02T07:24:02.664,15063.77779
154.99501,0.49379,-1064.87377,395502.23592,3385861.08052,1.11225,0.01616,10603780.05913,2000-05-03T05:49:33.096,15073.75557
155.00499,0.43895,-1063.74925,395359.02927,3385920.13717,1.10866,0.01593,10599656.53429,2000-05-03T04:40:52.730,15073.30281
155.01499,0.78814,-1074.76596,395532.34869,3385870.22562,1.11066,0.01533,10683117.94155,2000-05-04T03:51:51.931,15084.56581
155.02498,0.39949,-1061.83586,395361.58055,3385914.73198,1.11228,0.01483,10533787.73962,2000-05-02T10:23:04.630,15064.01176
155.03501,0.52430,-1068.86206,395486.26010,3385868.94804,1.11182,0.01570,10570789.02602,2000-05-02T20:39:46.628,15068.95639
155.04500,0.37340,-1057.86237,395440.28334,3385879.35615,1.11235,0.01278,10653829.08404,2000-05-03T19:43:37.834,15082.89677
155.05500,0.23770,-1055.07334,395352.68871,3385867.42522,1.10852,0.01204,10515225.57248,2000-05-02T05:13:41.550,15063.04327
155.06499,0.42766,-1057.45829,395400.60484,3385890.64100,1.10380,0.01248,10605141.64393,2000-05-03T06:12:19.597,15071.13919
155.07497,0.48212,-1072.66173,395485.17089,3385857.31543,1.10689,0.01282,10542735.95898,2000-05-02T12:51:56.568,15066.29545
155.08498,0.58716,-1066.12815,395512.69014,3385870.60318,1.11030,0.01188,10683371.25884,2000-05-04T03:56:03.285,15083.14083
155.09502,0.48107,-1062.11207,395444.64504,3385893.00727,1.10945,0.01180,10521683.17603,2000-05-02T07:01:12.598,15063.43275
155.10502,0.55957,-1071.42403,395600.70753,3385923.01403,1.11426,0.01086,10600724.27123,2000-05-03T04:58:29.198,15079.37632
155.11500,0.71297,-1075.46092,395611.41912,3385910.22332,1.11169,0.01212,10590161.47569,2000-05-03T02:02:24.547,15073.99831
155.12500,0.28197,-1052.96422,395445.36423,3385869.09002,1.10930,0.01194,10611593.26452,2000-05-03T07:59:34.503,15075.95537
155.13501,0.77602,-1076.79188,395629.77372,3385868.58182,1.11035,0.01091,10577485.99566,2000-05-02T22:31:13.475,15070.70761
155.14498,0.05527,-1049.96698,395291.04289,3385926.39212,1.10560,0.01210,10535262.22567,2000-05-02T10:47:33.381,15059.84708
155.15499,0.55746,-1070.47159,395512.09530,3385880.40413,1.10590,0.01197,10616108.02759,2000-05-03T09:14:56.233,15075.39599
155.16500,0.63260,-1075.35966,395569.26271,3385840.47437,1.10053,0.01429,10596837.16444,2000-05-03T03:53:41.479,15075.77504
155.17500,0.26559,-1063.40749,395424.63117,3385899.67423,1.10533,0.01368,10577836.22638,2000-05-02T22:37:05.621,15074.82574
155.18501,0.64116,-1076.00723,395551.08069,3385890.38120,1.10813,0.01370,10590882.95570,2000-05-03T02:14:24.476,15070.90292
155.19500,0.13529,-1053.07492,395333.52325,3385891.85381,1.10732,0.01186,10635339.72313,2000-05-03T14:35:21.750,15083.92975
155.20499,0.63740,-1077.28656,395534.64326,3385899.62712,1.10274,0.01170,10556540.61899,2000-05-02T16:42:10.845,15068.74724
155.21500,0.59701,-1074.39891,395538.41936,3385897.45948,1.10570,0.01224,10592327.60651,2000-05-03T02:38:24.980,15072.18102
155.22500,0.20876,-1059.22496,395414.21539,3385860.21857,1.10606,0.01287,10545380.79538,2000-05-02T13:36:05.019,15064.76544
155.23501,0.77365,-1082.76855,395553.12428,3385897.40644,1.11085,0.01116,10711225.35564,2000-05-04T11:40:15.450,15091.64019
155.24499,0.15419,-1063.27397,395333.83693,3385904.15616,1.10530,0.01119,10622596.80114,2000-05-03T11:02:55.340,15081.30894
155.25501,0.41101,-1072.81015,395417.59373,3385914.18304,1.10347,0.01209,10556183.91963,2000-05-02T16:36:15.176,15070.37863
155.26500,0.41301,-1070.91183,395469.49802,3385862.13991,1.10220,0.01182,10664508.76403,2000-05-03T22:41:41.870,15083.95808
155.27501,0.37816,-1067.42654,395453.75606,3385869.16576,1.10317,0.01167,10578646.25853,2000-05-02T22:50:37.151,15072.47388
155.28500,0.33680,-1069.21475,395405.74563,3385927.21379,1.10303,0.01082,10695709.17872,2000-05-04T07:21:28.851,15089.20149
155.29499,0.03368,-1058.87844,395299.28792,3385885.10202,1.10361,0.01119,10496358.50169,2000-05-01T23:58:59.130,15056.92748
155.30500,0.44984,-1079.45715,395471.81007,3385882.00894,1.10809,0.01132,10619785.22220,2000-05-03T10:16:20.366,15078.30507
155.31500,0.46327,-1079.78115,395467.27191,3385860.82643,1.10735,0.01244,10684967.87813,2000-05-04T04:22:29.398,15088.72720
155.32502,0.31377,-1078.49750,395374.74475,3385917.22033,1.11032,0.01388,10582574.44768,2000-05-02T23:56:08.234,15071.51358
155.33497,0.28169,-1075.92914,395388.51303,3385889.47558,1.11234,0.01495,10617515.67257,2000-05-03T09:38:25.540,15079.38634
155.34498,0.31066,-1075.26570,395447.41695,3385837.84398,1.11512,0.01330,10606068.74237,2000-05-03T06:27:36.094,15075.28955
155.35501,0.29075,-1076.70590,395422.93503,3385865.59213,1.11285,0.01172,10684645.70888,2000-05-04T04:17:18.993,15085.66416
155.36501,0.20773,-1075.24533,395387.45371,3385848.35287,1.10536,0.01065,10662452.89575,2000-05-03T22:07:25.971,15082.91082
155.37501,0.20223,-1077.05240,395378.59274,3385881.77918,1.10534,0.01338,10609642.21101,2000-05-03T07:27:15.879,15075.81174
155.38501,0.50637,-1087.65362,395497.66388,3385860.28410,1.11084,0.01193,10721052.59162,2000-05-04T14:24:04.458,15096.09529
155.39498,0.65586,-1095.09756,395588.99563,3385837.10725,1.11048,0.01225,10603766.92029,2000-05-03T05:49:21.460,15071.27171
155.40501,0.45760,-1093.91930,395524.00736,3385863.84217,1.11614,0.01194,10645900.22641,2000-05-03T17:31:26.913,15079.38931
155.41502,0.18999,-1075.60709,395375.48141,3385883.05896,1.10785,0.01083,10661341.01327,2000-05-03T21:48:52.366,15085.24543
155.42501,0.51811,-1091.09564,395532.66577,3385866.79760,1.10607,0.01103,10659634.59939,2000-05-03T21:20:28.157,15080.33876
155.43503,0.64576,-1095.16273,395595.56831,3385831.82363,1.10216,0.01098,10660003.11594,2000-05-03T21:26:35.258,15084.25960
155.44502,0.46320,-1087.88908,395491.00835,3385862.31578,1.10973,0.01178,10662484.48424,2000-05-03T22:07:58.451,15083.58937
155.45501,0.56743,-1089.36086,395550.54872,3385858.78655,1.10129,0.01083,10842407.05621,2000-05-06T00:06:48.668,15110.88715
155.46498,0.09009,-1071.54412,395364.82928,3385868.34643,1.10400,0.01110,10600223.20958,2000-05-03T04:50:14.804,15072.86061
155.47501,0.48310,-1082.22874,395519.44723,3385852.53646,1.09881,0.01085,10616401.87714,2000-05-03T09:19:45.756,15075.67532
155.48501,0.59850,-1091.85510,395527.58936,3385907.42116,1.10220,0.01011,10687570.29165,2000-05-04T05:06:01.399,15084.96222
155.49499,0.26486,-1074.90066,395392.49746,3385882.38740,1.10481,0.00975,10717425.82651,2000-05-04T13:23:37.340,15091.16314
155.50499,0.51671,-1082.64376,395507.94790,3385882.65796,1.10799,0.00987,10652179.68275,2000-05-03T19:16:09.311,15082.42924
155.51500,0.48828,-1079.02378,395442.04487,3385886.96148,1.10599,0.01165,10625020.90529,2000-05-03T11:43:33.791,15073.77818
155.52499,0.30841,-1073.74284,395383.76948,3385868.34763,1.10277,0.01142,10688067.80566,2000-05-04T05:14:17.422,15087.63766
155.53500,0.79154,-1099.32759,395585.24535,3385895.10058,1.10534,0.01135,10767880.30609,2000-05-05T03:24:35.958,15099.59245
155.54499,0.15805,-1068.33733,395319.52040,3385886.83439,1.10950,0.01142,10751632.01457,2000-05-04T22:53:39.035,15093.14129
155.55499,0.54605,-1088.53601,395499.40624,3385896.73853,1.11077,0.01048,10728843.86787,2000-05-04T16:33:51.508,15093.73744
155.56499,0.48800,-1080.38377,395449.43012,3385882.98989,1.10790,0.01061,10735204.05931,2000-05-04T18:19:50.444,15087.53705
155.57498,0.22007,-1072.95799,395372.56406,3385899.35960,1.11301,0.01067,10650057.61362,2000-05-03T18:40:41.669,15078.52007
155.58499,0.66102,-1092.51653,395530.88370,3385897.58377,1.11430,0.01028,10783155.03687,2000-05-05T07:39:01.793,15102.06728
155.59500,0.50464,-1080.97136,395490.87214,3385868.96674,1.10456,0.01107,10666427.38051,2000-05-03T23:13:32.681,15082.90711
155.60500,0.55871,-1084.26455,395489.92777,3385901.06639,1.10518,0.00848,10741915.56978,2000-05-04T20:11:39.980,15095.16969
155.61500,0.22093,-1066.37706,395378.17660,3385854.16108,1.10231,0.00991,10781385.49264,2000-05-05T07:09:26.871,15099.88435
155.62499,0.42048,-1078.34330,395419.63930,3385901.80836,1.10595,0.00951,10816206.40861,2000-05-05T16:49:53.371,15109.66191
155.63500,0.57360,-1083.42118,395554.87209,3385883.79212,1.11189,0.00955,10565076.41775,2000-05-02T19:04:16.723,15066.73170
155.64500,0.23580,-1070.95554,395406.62153,3385885.34992,1.11214,0.00936,10680043.47187,2000-05-04T03:00:34.870,15085.13650
155.65500,0.59109,-1084.84386,395530.39118,3385841.58527,1.11164,0.00969,10651242.31117,2000-05-03T19:00:31.583,15080.83329
155.66500,0.26897,-1079.16519,395405.83560,3385893.75505,1.11248,0.00879,10700607.22163,2000-05-04T08:43:18.574,15089.80459
155.67501,0.50462,-1083.09399,395504.88988,3385855.54988,1.11102,0.01044,10639355.43564,2000-05-03T15:42:18.825,15080.40065
155.68499,0.66229,-1096.06649,395563.00923,3385890.81653,1.10529,0.00905,10726168.31602,2000-05-04T15:49:22.601,15090.75915
155.69499,0.73359,-1099.60348,395633.11131,3385845.82106,1.10677,0.00927,10724741.16657,2000-05-04T15:25:24.543,15092.75155
155.70502,0.71248,-1101.84907,395591.07609,3385854.00307,1.11151,0.00972,10720935.71671,2000-05-04T14:22:00.794,15093.39863
155.71499,0.75498,-1110.06931,395564.27607,3385905.36305,1.11188,0.00907,10836138.95291,2000-05-05T22:22:01.190,15111.67475
155.72502,0.80149,-1113.31699,395670.92493,3385856.21738,1.10935,0.01039,10636935.88744,2000-05-03T15:02:11.184,15079.41601
155.73502,0.14802,-1086.09405,395351.45436,3385876.44778,1.10450,0.00957,10779382.58867,2000-05-05T06:36:07.742,15100.94335
155.74500,0.62657,-1101.89627,395594.46832,3385839.09923,1.10792,0.00878,10654044.28654,2000-05-03T19:47:10.771,15079.33636
155.75501,0.71483,-1106.95354,395560.55384,3385883.06001,1.11133,0.01043,10622914.50454,2000-05-03T11:08:28.507,15075.62240
155.76502,0.17485,-1078.85998,395367.56671,3385876.84966,1.11190,0.01027,10683153.75650,2000-05-04T03:52:14.403,15087.48946
155.77499,0.64511,-1096.85873,395546.24038,3385864.99031,1.11260,0.00887,10671645.25769,2000-05-04T00:40:33.615,15082.02171
155.78500,0.74526,-1107.49244,395622.95944,3385860.98939,1.10798,0.00985,10651553.08113,2000-05-03T19:05:39.557,15082.52576
155.79501,0.21976,-1087.36039,395399.10672,3385869.39776,1.11088,0.00903,10681933.93197,2000-05-04T03:32:02.798,15084.09107
155.80501,0.74775,-1114.14762,395607.39874,3385845.56489,1.11537,0.01013,10641810.88126,2000-05-03T16:23:14.245,15081.81002
155.81499,0.50916,-1105.76519,395509.39953,3385871.27463,1.11167,0.00886,10565582.10254,2000-05-02T19:12:54.358,15064.50904
155.82501,0.44783,-1098.06767,395490.58063,3385834.30516,1.11222,0.01058,10659020.07448,2000-05-03T21:10:07.706,15083.47059
155.83499,0.72254,-1109.47933,395631.13914,3385846.04038,1.11223,0.01139,10864377.67672,2000-05-06T06:12:43.543,15112.88223
155.84499,0.38209,-1092.73573,395455.91731,3385849.08040,1.11052,0.01245,10614207.85831,2000-05-03T08:43:13.291,15075.03219
155.85498,0.40068,-1092.46745,395438.83147,3385914.08273,1.11337,0.01336,10663757.21743,2000-05-03T22:29:03.096,15085.22547
155.86499,0.56508,-1097.44355,395522.54511,3385865.62151,1.11426,0.01206,10781848.40388,2000-05-05T07:17:17.266,15098.08409
155.87500,0.53596,-1096.25830,395517.68217,3385885.44562,1.10930,0.01212,10656396.18139,2000-05-03T20:26:23.142,15086.92103
155.88501,0.59909,-1094.07495,395574.39349,3385862.44729,1.11962,0.01181,10664641.89188,2000-05-03T22:43:48.193,15081.54848
155.89499,0.74798,-1097.12169,395576.15987,3385881.11948,1.11596,0.01120,10674943.83016,2000-05-04T01:35:30.103,15083.58946
155.90500,0.49330,-1084.58563,395488.39584,3385874.46478,1.12502,0.01184,10832739.31462,2000-05-05T21:25:23.081,15111.48346
155.91500,0.66939,-1091.13656,395575.06200,3385873.98323,1.11368,0.01261,10620664.03026,2000-05-03T10:31:01.464,15075.76709
155.92500,0.38402,-1077.02613,395447.81421,3385878.14927,1.11754,0.01172,10657986.16111,2000-05-03T20:52:50.603,15082.84891
155.93499,0.39476,-1077.99932,395475.63978,3385923.20840,1.12541,0.01112,10687742.03301,2000-05-04T05:08:56.571,15084.56469
155.94501,0.46309,-1076.39420,395558.17135,3385841.72250,1.12351,0.01196,10649032.98562,2000-05-03T18:23:49.780,15083.02098
155.95502,0.62138,-1087.18165,395608.25175,3385883.85462,1.12267,0.01002,10602914.20382,2000-05-03T05:34:56.688,15075.18251
155.96500,0.80488,-1097.31592,395673.45028,3385882.47440,1.11398,0.01128,10653906.51980,2000-05-03T19:44:58.415,15080.44364
155.97499,0.50892,-1086.03659,395521.30511,3385886.00858,1.11551,0.00949,10638340.20611,2000-05-03T15:25:33.082,15078.67495
155.98499,0.77681,-1101.48253,395700.32264,3385843.94985,1.11845,0.01105,10697348.83972,2000-05-04T07:49:02.320,15087.49441
155.99499,0.30861,-1083.56602,395471.41389,3385886.65279,1.12105,0.01011,10601741.59664,2000-05-03T05:15:30.189,15072.82143
156.00500,0.65609,-1094.88073,395616.01143,3385869.50666,1.12390,0.01011,10640111.70859,2000-05-03T15:55:04.426,15078.74064
156.01500,0.70630,-1090.45990,395624.63746,3385840.07391,1.12071,0.01127,10693753.92556,2000-05-04T06:49:02.844,15087.62331
156.02500,0.32696,-1081.73579,395473.98762,3385883.72901,1.11962,0.01044,10718796.00242,2000-05-04T13:46:33.729,15093.12994
156.03501,0.66915,-1089.75386,395604.31960,3385873.61254,1.11806,0.01080,10620912.64960,2000-05-03T10:34:52.808,15077.27193
156.04500,0.58638,-1087.75869,395603.25292,3385851.25913,1.11826,0.00954,10610777.03679,2000-05-03T07:46:06.736,15075.78143
156.05500,0.63181,-1094.69314,395622.04436,3385857.70719,1.11589,0.01027,10720126.88498,2000-05-04T14:08:34.103,15092.20234
156.06501,0.72137,-1091.69582,395650.56842,3385849.15203,1.11495,0.01058,10727955.46945,2000-05-04T16:19:06.949,15090.72718
156.07500,0.69339,-1091.66408,395626.49116,3385886.39111,1.11444,0.01030,10770838.17208,2000-05-05T04:13:35.187,15100.18407
156.08498,0.59324,-1081.41890,395603.44297,3385847.97560,1.11029,0.00986,10601266.81033,2000-05-03T05:07:40.195,15074.31718
156.09499,0.61040,-1086.80705,395565.34351,3385877.40059,1.11874,0.01349,10587741.99986,2000-05-03T01:22:06.457,15067.49967
156.10501,0.52798,-1085.06611,395570.14695,3385860.37124,1.11171,0.01299,10667704.80113,2000-05-03T23:34:46.429,15087.22515
156.11500,0.46311,-1077.67589,395521.21728,3385885.17309,1.11515,0.01565,10674800.67980,2000-05-04T01:33:10.517,15080.97302
156.12500,0.39991,-1075.73428,395498.64065,3385880.98754,1.10845,0.01460,10663271.83454,2000-05-03T22:21:00.583,15082.95661
156.13501,0.59580,-1089.02237,395561.08818,3385869.04068,1.10796,0.01461,10689169.10120,2000-05-04T05:32:24.900,15088.73591
156.14500,0.40669,-1083.22241,395514.88053,3385880.10034,1.10844,0.01458,10619201.97810,2000-05-03T10:06:34.899,15077.00282
156.15500,0.63366,-1096.57224,395623.56660,3385843.16522,1.10665,0.01400,10755888.64708,2000-05-05T00:04:38.153,15100.10342
156.16500,0.50741,-1088.68221,395544.31769,3385858.30296,1.10605,0.01160,10705268.22290,2000-05-04T10:00:52.347,15090.09115
156.17499,0.30608,-1076.65672,395501.02385,3385830.87628,1.11043,0.01364,10708388.74328,2000-05-04T10:53:00.984,15087.39513
156.18499,0.92754,-1102.10161,395684.90134,3385887.31125,1.10858,0.01120,10641758.63924,2000-05-03T16:22:31.474,15080.91183
156.19500,0.23652,-1072.43305,395422.77784,3385865.83652,1.10697,0.01149,10694784.22474,2000-05-04T07:05:59.978,15092.88483
156.20500,0.75976,-1093.56999,395745.50527,3385793.12859,1.11007,0.01237,10647365.96234,2000-05-03T17:55:58.067,15078.34520
156.21501,0.26343,-1074.39139,395427.38475,3385874.08459,1.10477,0.01211,10671624.71871,2000-05-04T00:40:13.670,15085.11422
156.22499,0.39340,-1081.01811,395534.94921,3385831.40246,1.10710,0.01253,10714643.24275,2000-05-04T12:37:16.122,15091.07700
156.23501,0.76486,-1103.51937,395665.34229,3385841.03985,1.11032,0.01138,10703464.59085,2000-05-04T09:30:51.035,15094.20584
156.24500,0.47402,-1091.23971,395592.16354,3385837.04715,1.11204,0.01119,10638266.17730,2000-05-03T15:24:14.675,15081.02796
156.25500,0.61337,-1096.78915,395655.64256,3385804.43779,1.10873,0.01237,10765940.57738,2000-05-05T02:52:16.576,15100.08189
156.26500,0.74098,-1105.38368,395693.82502,3385826.48018,1.10481,0.01148,10788851.91604,2000-05-05T09:14:05.211,15099.90817
156.27498,0.60891,-1105.27463,395638.64461,3385835.97367,1.10756,0.01206,10656052.09355,2000-05-03T20:20:41.859,15083.19472
156.28500,0.50387,-1107.22183,395576.89843,3385845.51343,1.10694,0.01204,10642173.68409,2000-05-03T16:29:31.829,15078.39318
156.29501,0.24801,-1097.69891,395474.91448,3385868.08570,1.11194,0.01115,10726191.97187,2000-05-04T15:49:43.631,15093.29809
156.30500,0.52795,-1107.42287,395601.14419,3385804.94084,1.11262,0.01312,10674191.27870,2000-05-04T01:23:04.312,15080.44591
156.31499,0.72028,-1120.40244,395657.42004,3385834.77081,1.11173,0.01210,10748510.08148,2000-05-04T22:01:48.964,15095.55879
156.32500,0.74386,-1118.49555,395680.73847,3385824.90457,1.10904,0.01187,10552052.60478,2000-05-02T15:27:26.543,15065.08039
156.33498,0.44600,-1105.95579,395576.41664,3385847.05893,1.11439,0.01252,10596347.59447,2000-05-03T03:45:27.058,15076.86829
156.34499,0.60800,-1109.17064,395651.12062,3385798.85224,1.11662,0.01421,10665543.45772,2000-05-03T22:58:47.419,15083.82460
156.35501,0.65523,-1110.69935,395654.87823,3385827.51367,1.11250,0.01460,10622156.33485,2000-05-03T10:55:51.902,15076.84564
156.36499,0.29129,-1092.36034,395464.04773,3385876.79057,1.11470,0.01367,10642940.15440,2000-05-03T16:42:06.861,15081.05669
156.37500,0.96539,-1122.60357,395763.82114,3385825.83029,1.11292,0.01498,10650662.46575,2000-05-03T18:50:56.684,15080.05430
156.38502,0.33205,-1095.69708,395497.37630,3385852.67893,1.11098,0.01633,10667631.50311,2000-05-03T23:33:39.492,15083.30195
156.39501,0.58219,-1107.68207,395597.25600,3385839.19239,1.10516,0.01644,10554130.42975,2000-05-02T16:01:58.147,15069.30750
156.40500,0.41005,-1104.74237,395519.26855,3385844.02599,1.10700,0.01800,10622929.22285,2000-05-03T11:08:41.139,15079.51767
156.41499,0.73134,-1117.35117,395679.61107,3385836.97826,1.10673,0.01682,10647516.36539,2000-05-03T17:58:19.391,15081.43594
156.42500,0.76844,-1120.13788,395696.52074,3385820.23919,1.10601,0.01710,10601994.81215,2000-05-03T05:19:41.168,15074.08183
156.43499,0.24868,-1096.10733,395459.89139,3385861.81393,1.11063,0.01758,10664367.45331,2000-05-03T22:39:17.048,15081.91877
156.44502,0.72404,-1117.88135,395715.13126,3385808.39924,1.10635,0.01786,10627112.39782,2000-05-03T12:18:16.458,15077.74344
156.45501,0.57528,-1115.50607,395594.88269,3385855.99427,1.10430,0.01648,10699884.28663,2000-05-04T08:31:10.412,15087.73997
156.46500,0.98758,-1131.27552,395821.97735,3385811.55501,1.10505,0.01496,10591175.04354,2000-05-03T02:19:18.386,15073.40664
156.47500,0.76293,-1116.26378,395700.26270,3385809.97183,1.10601,0.01411,10654388.89593,2000-05-03T19:52:51.389,15082.95762
156.48499,0.57045,-1110.77246,395631.69463,3385832.15316,1.10976,0.01283,10697613.06527,2000-05-04T07:53:23.025,15089.79988
156.49501,0.67229,-1106.89093,395682.98922,3385832.17509,1.11343,0.01273,10580729.92114,2000-05-02T23:25:21.510,15071.49793
156.50499,0.23920,-1088.25495,395520.12438,3385810.25045,1.11153,0.01213,10604144.41289,2000-05-03T05:55:28.877,15073.80030
156.51501,0.61723,-1109.86034,395635.15175,3385841.75819,1.11255,0.01236,10598039.22808,2000-05-03T04:13:53.958,15073.59765
156.52500,1.10457,-1129.68125,395866.14543,3385791.44586,1.10770,0.01306,10642537.65099,2000-05-03T16:35:27.759,15082.09741
156.53500,0.34741,-1092.49074,395548.00928,3385838.91661,1.10867,0.01305,10587159.06525,2000-05-03T01:12:22.013,15074.13657
156.54499,0.60498,-1107.14927,395655.15366,3385835.47197,1.11168,0.01322,10688497.25445,2000-05-04T05:21:17.261,15087.22750
156.55498,0.80281,-1111.89543,395722.85180,3385813.89497,1.11473,0.01390,10663626.43631,2000-05-03T22:26:58.402,15085.91253
156.56500,0.61424,-1101.18423,395683.59899,3385794.90816,1.10298,0.01682,10763234.29992,2000-05-05T02:07:00.348,15095.42308
156.57500,0.85135,-1118.48583,395705.94229,3385858.20173,1.09875,0.01667,10629847.95532,2000-05-03T13:03:54.215,15080.00012
156.58499,0.51760,-1106.15495,395631.15335,3385850.37296,1.10936,0.01530,10590621.67635,2000-05-03T02:10:14.542,15069.61461
156.59500,0.50372,-1096.84209,395603.71080,3385820.35150,1.10585,0.01654,10588700.89673,2000-05-03T01:38:22.236,15077.26163
156.60500,0.83998,-1103.06186,395744.04702,3385816.30836,1.10547,0.01584,10690341.59369,2000-05-04T05:52:21.124,15085.09641
156.61500,0.67279,-1094.60035,395681.59064,3385820.69079,1.10442,0.01368,10651885.39435,2000-05-03T19:11:09.941,15082.30831
156.62499,0.42805,-1088.78846,395532.44795,3385831.85614,1.10374,0.01084,10615708.82186,2000-05-03T09:08:09.965,15075.68944
156.63500,0.55530,-1092.31190,395623.63405,3385800.61752,1.10116,0.01052,10577744.85461,2000-05-02T22:35:32.675,15070.99681
156.64500,0.54901,-1095.73256,395616.63998,3385841.39362,1.10382,0.01068,10677530.96855,2000-05-04T02:18:33.431,15088.80835
156.65500,0.72266,-1100.58044,395695.70276,3385823.32002,1.09842,0.00970,10616713.18974,2000-05-03T09:25:04.142,15075.78680
156.66500,0.59627,-1088.54699,395623.96824,3385841.40261,1.10611,0.01042,10636021.35844,2000-05-03T14:46:39.017,15079.59729
156.67499,0.64794,-1091.59112,395664.81313,3385797.49053,1.10642,0.00954,10573652.00195,2000-05-02T21:27:21.447,15073.07049
156.68502,0.73052,-1096.52440,395678.90028,3385832.00360,1.10971,0.01000,10636388.12526,2000-05-03T14:52:59.432,15077.66004
156.69500,0.40803,-1085.67683,395559.01366,3385856.69188,1.10277,0.00789,10539188.38879,2000-05-02T11:52:53.476,15065.90554
156.70499,0.68866,-1100.33439,395682.12743,3385854.62789,1.10451,0.00815,10632424.96594,2000-05-03T13:46:42.296,15080.39208
156.71499,0.39373,-1081.72904,395593.39831,3385815.39394,1.11242,0.00921,10615999.29038,2000-05-03T09:13:05.623,15073.84279
156.72500,0.86731,-1103.61585,395763.34878,3385821.96587,1.10591,0.00922,10554341.21320,2000-05-02T16:05:23.466,15070.96299
156.73500,0.57164,-1088.46336,395633.21117,3385789.18215,1.10719,0.00915,10632456.47215,2000-05-03T13:47:32.483,15077.59623
156.74499,0.70684,-1097.25451,395695.74429,3385820.63034,1.11337,0.00795,10604252.28546,2000-05-03T05:57:18.125,15072.56837
156.75500,0.35100,-1073.52257,395558.98492,3385826.32196,1.11306,0.00981,10546700.34275,2000-05-02T13:58:01.646,15071.52383
156.76500,0.96056,-1100.83659,395778.75051,3385822.94004,1.11277,0.00848,10747378.58934,2000-05-04T21:42:39.124,15094.87748
156.77499,0.67189,-1084.17672,395699.72908,3385804.54711,1.11771,0.00849,10604739.73531,2000-05-03T06:05:33.828,15075.72612
156.78500,0.37242,-1072.16151,395544.55639,3385824.01206,1.11990,0.01134,10533427.77728,2000-05-02T10:16:55.342,15064.94753
156.79500,0.62359,-1085.73533,395660.75501,3385824.17784,1.11725,0.01142,10630387.98623,2000-05-03T13:12:51.352,15076.54896
156.80497,0.66092,-1081.09835,395708.13275,3385789.39234,1.11951,0.01219,10608021.34159,2000-05-03T07:00:19.784,15072.85641
156.81501,0.46338,-1074.49871,395587.81059,3385830.07801,1.11603,0.01270,10634159.22694,2000-05-03T14:15:45.360,15082.25093
156.82499,0.78238,-1088.05912,395752.00880,3385808.49277,1.11043,0.01568,10690213.68061,2000-05-04T05:50:01.387,15085.64954
156.83497,0.54874,-1082.98150,395651.10023,3385804.37049,1.10857,0.01496,10632749.52139,2000-05-03T13:52:30.085,15078.31815
156.84499,1.08045,-1103.98182,395883.53523,3385780.17048,1.11320,0.01357,10593225.69835,2000-05-03T02:53:37.020,15074.42751
156.85499,0.51969,-1088.59308,395590.50058,3385854.02763,1.10885,0.01227,10636148.30556,2000-05-03T14:48:57.354,15081.34165
156.86498,0.69403,-1093.61546,395712.64682,3385792.11364,1.10753,0.01247,10534705.21690,2000-05-02T10:38:11.490,15062.21645
156.87499,0.54403,-1089.63326,395643.52977,3385794.66915,1.10450,0.01335,10519417.42491,2000-05-02T06:23:28.435,15062.71320
156.88501,0.55524,-1082.19796,395622.51963,3385822.48850,1.10487,0.01140,10617011.48977,2000-05-03T09:30:06.426,15078.80751
156.89499,0.56549,-1089.59749,395678.67306,3385810.05396,1.10949,0.01268,10670896.77495,2000-05-04T00:28:07.060,15083.35317
156.90500,0.65125,-1092.13015,395711.03946,3385772.83167,1.10800,0.01116,10587297.27271,2000-05-03T01:14:41.543,15071.49781
156.91501,0.66583,-1100.54001,395735.29635,3385800.52912,1.10622,0.01195,10589283.82617,2000-05-03T01:47:42.152,15071.30628
156.92501,0.97992,-1108.00005,395857.04665,3385781.39863,1.10423,0.01303,10650012.85671,2000-05-03T18:39:58.108,15080.45111
156.93501,0.39345,-1082.56693,395604.58806,3385798.29625,1.10671,0.01282,10625821.50896,2000-05-03T11:56:43.403,15077.70424
156.94501,0.83558,-1097.50733,395763.88714,3385789.19381,1.10857,0.01304,10623323.02330,2000-05-03T11:15:14.602,15076.62885
156.95501,0.89580,-1097.47280,395809.93699,3385785.11188,1.11019,0.01264,10667642.25188,2000-05-03T23:33:57.287,15082.63144
156.96500,0.18349,-1073.50516,395495.57080,3385827.99811,1.10529,0.01302,10651925.44496,2000-05-03T19:11:55.066,15083.80329
156.97500,0.52848,-1089.17839,395662.11019,3385777.43993,1.10748,0.01298,10664471.22556,2000-05-03T22:41:05.256,15085.27653
156.98501,0.62536,-1095.47327,395691.33125,3385808.23432,1.10960,0.01285,10691993.97757,2000-05-04T06:19:54.212,15085.39683
156.99499,1.04901,-1116.57140,395938.92153,3385772.86182,1.10796,0.01173,10603351.97965,2000-05-03T05:42:13.841,15073.07476
157.00502,0.30445,-1079.99656,395557.12672,3385781.53950,1.10438,0.01316,10703891.75110,2000-05-04T09:38:01.866,15090.38585
157.01500,0.47131,-1090.48177,395613.22401,3385816.22245,1.10717,0.01237,10624642.33517,2000-05-03T11:37:15.761,15076.96236
157.02499,0.81612,-1102.93478,395756.42063,3385768.11150,1.10397,0.01373,10556696.58692,2000-05-02T16:44:41.701,15067.84158
157.03500,0.17397,-1072.54868,395507.18471,3385794.67898,1.10340,0.01260,10674867.02112,2000-05-04T01:34:20.806,15083.38022
157.04501,0.87153,-1108.67789,395775.74268,3385802.42963,1.10634,0.01306,10659152.61731,2000-05-03T21:12:29.804,15084.07508
157.05498,0.28976,-1084.42576,395553.68999,3385801.82957,1.10343,0.01493,10765940.79122,2000-05-05T02:52:18.882,15095.01866
157.06498,0.67671,-1103.74175,395730.15009,3385779.60245,1.10221,0.01509,10592850.40093,2000-05-03T02:47:23.143,15078.11099
157.07500,0.40154,-1093.66731,395582.84983,3385808.02282,1.10657,0.01467,10789896.35714,2000-05-05T09:31:27.673,15103.19309
157.08499,0.98855,-1110.39198,395831.26694,3385776.56710,1.10454,0.01554,10562448.03480,2000-05-02T18:20:41.227,15067.17319
157.09498,0.47267,-1093.76328,395634.90442,3385815.98493,1.09978,0.01354,10706116.20548,2000-05-04T10:15:15.574,15090.07740
157.10499,0.52341,-1092.04949,395656.52313,3385757.27483,1.10491,0.01220,10648932.13997,2000-05-03T18:22:05.349,15080.60512
157.11500,0.73155,-1108.94961,395725.43529,3385798.08565,1.09699,0.01412,10611248.69919,2000-05-03T07:53:58.491,15077.57426
157.12501,0.44208,-1092.42546,395639.77734,3385774.77141,1.09519,0.01304,10572196.21153,2000-05-02T21:03:05.537,15070.22127
157.13501,0.78465,-1110.88508,395770.08873,3385782.76644,1.10431,0.01165,10666485.07856,2000-05-03T23:14:32.832,15084.72389
157.14501,0.60586,-1110.56974,395674.33540,3385793.25496,1.09873,0.01231,10557933.38994,2000-05-02T17:05:25.679,15067.46795
157.15499,0.36408,-1096.03138,395620.03014,3385766.41197,1.10049,0.01198,10763721.14824,2000-05-05T02:15:17.546,15099.61768
157.16501,0.71360,-1112.64803,395702.46734,3385781.78082,1.09674,0.01448,10576276.76209,2000-05-02T22:11:08.886,15070.50573
157.17499,0.56539,-1107.73073,395669.08837,3385775.90539,1.09889,0.01294,10573913.78867,2000-05-02T21:31:52.443,15069.33568
157.18501,0.25303,-1092.68663,395527.11412,3385784.65559,1.09189,0.01346,10758600.12852,2000-05-05T00:49:58.324,15099.12218
157.19502,1.26234,-1142.12616,395971.31373,3385757.08790,1.09673,0.01359,10577499.41329,2000-05-02T22:31:30.922,15066.93820
157.20501,0.51399,-1105.44049,395629.06527,3385793.65497,1.10100,0.01440,10590747.62941,2000-05-03T02:12:06.762,15075.63125
157.21501,0.69317,-1117.16197,395722.49989,3385775.73206,1.09750,0.01444,10666981.65013,2000-05-03T23:22:49.969,15085.53382
157.22501,0.93613,-1124.92653,395782.57395,3385761.44260,1.09523,0.01412,10669610.40626,2000-05-04T00:06:35.467,15083.68105
157.23501,0.14094,-1095.03107,395500.53470,3385777.01358,1.09836,0.01460,10665861.64014,2000-05-03T23:04:19.391,15086.50562
157.24501,0.55482,-1111.30726,395620.04216,3385799.69506,1.09889,0.01468,10582355.67950,2000-05-02T23:52:28.255,15072.25106
157.25499,0.52757,-1108.06601,395702.81376,3385737.96723,1.09967,0.01513,10587909.27582,2000-05-03T01:24:59.850,15071.52032
157.26501,0.92192,-1126.24118,395961.18902,3385750.00507,1.09720,0.01333,10537263.12993,2000-05-02T11:20:45.340,15067.85237
157.27499,0.38316,-1107.04132,395703.22388,3385813.47960,1.10571,0.01409,10528446.41830,2000-05-02T08:53:53.164,15065.88785
157.28499,0.57692,-1112.75608,395787.20066,3385774.69080,1.10637,0.01297,10463267.76565,2000-05-01T14:47:38.902,15053.88487
157.29499,0.63398,-1117.45200,395798.42583,3385792.41439,1.10998,0.01249,10521585.35812,2000-05-02T06:59:25.840,15065.25290
157.30500,0.58356,-1113.33015,395751.91119,3385765.58954,1.10902,0.01283,10552544.63601,2000-05-02T15:35:34.879,15064.74877
157.31501,0.68534,-1111.37314,395857.65143,3385734.47105,1.11740,0.01334,10628976.17067,2000-05-03T12:49:31.207,15079.24784
157.32501,0.31035,-1098.22679,395688.16514,3385741.81754,1.11050,0.01374,10493720.27738,2000-05-01T23:15:14.333,15056.25040
157.33499,0.48678,-1114.15143,395740.32080,3385783.11565,1.11754,0.01334,10658789.14617,2000-05-03T21:06:17.627,15083.12732
157.34498,0.67105,-1116.56808,395790.57237,3385743.87279,1.11600,0.01391,10611283.77152,2000-05-03T07:54:36.661,15077.91261
157.35498,0.39777,-1112.35882,395727.86651,3385755.65895,1.11600,0.01388,10668678.73772,2000-05-03T23:51:09.958,15081.53660
157.36498,0.37114,-1108.49366,395684.77139,3385728.23054,1.11215,0.01286,10593380.08146,2000-05-03T02:56:14.935,15073.25812
157.37500,0.37207,-1119.29983,395693.01726,3385773.84165,1.10977,0.01299,10590755.74422,2000-05-03T02:12:28.723,15074.28401
157.38500,0.76253,-1131.12383,395817.59479,3385771.60552,1.11093,0.01300,10575252.81649,2000-05-02T21:54:09.087,15070.03022
157.39501,0.65848,-1125.68479,395811.39790,3385708.75196,1.10545,0.01281,10582537.06550,2000-05-02T23:55:23.022,15074.65370
157.40502,0.33563,-1108.43527,395634.54209,3385765.90822,1.10047,0.01368,10572999.53206,2000-05-02T21:16:41.246,15067.44707
157.41501,0.63384,-1127.16227,395761.63661,3385762.84603,1.10223,0.01319,10622378.65693,2000-05-03T10:59:31.839,15079.68650
157.42498,0.31162,-1114.88842,395610.34336,3385780.91001,1.09979,0.01358,10736668.93321,2000-05-04T18:44:23.140,15095.16174
157.43499,0.18090,-1107.22147,395588.45596,3385772.17769,1.09929,0.01492,10636900.55497,2000-05-03T15:01:47.631,15075.63105
157.44500,0.98571,-1136.30051,395894.47077,3385755.79300,1.10194,0.01371,10632097.55068,2000-05-03T13:41:35.434,15082.64473
157.45500,0.60988,-1123.51131,395779.05450,3385747.67565,1.09891,0.01062,10643233.78621,2000-05-03T16:47:01.860,15082.92766
157.46501,0.69178,-1130.34807,395794.24140,3385746.32674,1.10492,0.01222,10565146.46754,2000-05-02T19:05:49.764,15070.99551
157.47502,0.34667,-1117.96596,395716.12940,3385768.12361,1.10335,0.01374,10658540.94644,2000-05-03T21:02:17.691,15087.05107
157.48500,0.79241,-1133.52859,395861.72294,3385746.96573,1.10351,0.01371,10606783.21783,2000-05-03T06:39:34.143,15077.60002
157.49499,0.89930,-1143.06255,395930.47883,3385721.30916,1.10672,0.01242,10551332.51253,2000-05-02T15:15:29.516,15062.91662
157.50499,0.46942,-1129.73559,395774.70126,3385756.80714,1.10727,0.01279,10566333.56150,2000-05-02T19:25:25.131,15072.47476
157.51501,0.56361,-1131.48690,395780.83111,3385728.01785,1.10384,0.01245,10585433.40158,2000-05-03T00:43:48.384,15072.55306
157.52499,0.53794,-1135.98963,395797.35106,3385734.66104,1.10485,0.01336,10645433.29922,2000-05-03T17:23:51.444,15078.47355
157.53500,0.80516,-1135.03809,395896.33784,3385721.94989,1.10737,0.01202,10625480.69541,2000-05-03T11:51:19.461,15077.64212
157.54501,0.85773,-1141.04711,395907.03459,3385751.57790,1.10470,0.01266,10682196.95725,2000-05-04T03:36:37.796,15093.08812
157.55499,0.67752,-1133.57157,395807.35840,3385766.48072,1.10508,0.01335,10590273.09779,2000-05-03T02:04:19.581,15072.21310
157.56500,0.67098,-1138.37639,395785.77486,3385777.26646,1.10817,0.01265,10529587.86952,2000-05-02T09:13:00.638,15067.01608
157.57500,0.60987,-1130.73432,395796.09352,3385732.51615,1.11136,0.01183,10630443.28673,2000-05-03T13:14:05.737,15081.55415
157.58501,0.63010,-1125.17111,395787.21159,3385763.91755,1.11544,0.01565,10581864.88517,2000-05-02T23:44:21.513,15064.96214
157.59500,0.61911,-1120.46284,395738.08561,3385771.93501,1.11495,0.01535,10587314.03053,2000-05-03T01:15:15.168,15071.70374
157.60499,0.97741,-1138.55745,395896.45808,3385748.47090,1.11535,0.01511,10691435.89797,2000-05-04T06:10:34.467,15091.66133
157.61499,0.49634,-1117.90316,395772.46344,3385744.56852,1.11645,0.01477,10578442.32611,2000-05-02T22:47:11.255,15070.16071
157.62500,0.82765,-1133.13085,395885.70994,3385734.93332,1.11274,0.01483,10608512.57776,2000-05-03T07:08:31.117,15077.61633
157.63499,0.54791,-1118.27701,395771.70714,3385765.97163,1.11751,0.01467,10634063.94957,2000-05-03T14:14:22.557,15077.64071
157.64499,0.74302,-1129.29956,395938.34340,3385701.20306,1.11511,0.01530,10612724.00057,2000-05-03T08:18:30.995,15079.10389
157.65499,0.94340,-1138.61955,395991.63522,3385683.79461,1.11575,0.01291,10577169.91494,2000-05-02T22:25:56.931,15070.87791
157.66501,0.68212,-1130.16395,395789.78689,3385775.01248,1.11459,0.01156,10611273.44449,2000-05-03T07:54:28.512,15074.09749
157.67500,0.94612,-1137.49376,395932.77558,3385735.08542,1.11176,0.01195,10630118.21347,2000-05-03T13:08:28.196,15079.09486
157.68499,0.75921,-1128.92522,395823.04175,3385765.20163,1.10925,0.01226,10587440.00456,2000-05-03T01:17:07.740,15073.38261
157.69501,0.53647,-1114.07920,395728.91998,3385743.65142,1.10992,0.01258,10566621.62103,2000-05-02T19:30:15.086,15067.69786
157.70501,0.50937,-1115.37032,395685.29360,3385793.07621,1.11063,0.01178,10719939.29290,2000-05-04T14:05:37.141,15094.27616
157.71500,0.69915,-1124.51344,395814.41120,3385792.68519,1.11320,0.01193,10636214.79050,2000-05-03T14:50:13.535,15079.04774
157.72497,0.56665,-1115.74899,395731.87027,3385774.34982,1.11086,0.01115,10606381.62420,2000-05-03T06:33:00.969,15077.74783
157.73498,1.00638,-1131.65683,395895.77451,3385760.23458,1.10920,0.01135,10690023.88068,2000-05-04T05:47:01.792,15086.99580
157.74501,0.47224,-1109.13065,395700.33539,3385774.06292,1.11566,0.01380,10687818.07513,2000-05-04T05:10:07.765,15090.69366
157.75501,0.56326,-1116.85066,395742.62260,3385778.02752,1.11451,0.01315,10602689.70515,2000-05-03T05:31:27.055,15072.61138
157.76500,0.57580,-1114.23546,395725.52519,3385779.80436,1.11732,0.01377,10643988.79763,2000-05-03T16:59:43.841,15080.47297
157.77500,0.89775,-1131.99654,395882.45179,3385743.56166,1.11598,0.01295,10672627.33299,2000-05-04T00:56:57.190,15085.12047
157.78500,0.69949,-1124.12544,395834.19286,3385739.89735,1.11483,0.01326,10662336.57156,2000-05-03T22:05:23.981,15081.50752
157.79499,0.56333,-1122.87715,396030.84439,3385706.00771,1.11835,0.01365,10577339.45053,2000-05-02T22:28:47.682,15072.61522
157.80500,0.70330,-1140.57573,395997.81124,3385753.48570,1.11901,0.01762,10690257.18544,2000-05-04T05:50:49.883,15087.67040
157.81500,0.78328,-1136.95718,395986.33266,3385735.31721,1.12294,0.01598,10711211.30632,2000-05-04T11:40:03.502,15092.23109
157.82501,0.28578,-1121.33109,395705.90174,3385769.68735,1.11784,0.01602,10662674.07128,2000-05-03T22:11:08.353,15085.15943
157.83500,1.23142,-1155.11581,396158.14517,3385707.90018,1.11856,0.01424,10689357.43991,2000-05-04T05:35:51.373,15087.32292
157.84502,0.58791,-1132.69043,395944.31072,3385743.14660,1.11512,0.01470,10577073.67877,2000-05-02T22:24:24.147,15072.34110
157.85501,1.09829,-1157.92146,396140.34056,3385705.53495,1.11648,0.01445,10518054.75031,2000-05-02T06:00:44.596,15063.92325
157.86500,0.73400,-1145.35916,395982.96555,3385725.09406,1.12174,0.01452,10757772.07593,2000-05-05T00:36:11.758,15097.63105
157.87500,0.92779,-1156.50030,396052.14560,3385724.70345,1.11804,0.01594,10602623.65246,2000-05-03T05:30:16.762,15074.98160
157.88501,0.87138,-1154.97700,396028.04406,3385697.63763,1.12035,0.01320,10666924.71150,2000-05-03T23:22:07.182,15084.13140
157.89500,0.71818,-1155.47218,395948.09427,3385740.19365,1.11786,0.01341,10641267.48738,2000-05-03T16:14:22.455,15080.09164
157.90499,0.88622,-1163.14169,396123.72516,3385688.59658,1.11745,0.01437,10519853.50388,2000-05-02T06:30:40.322,15065.60784
157.91499,1.15371,-1176.80673,396181.78762,3385711.96191,1.11450,0.01351,10617469.14512,2000-05-03T09:37:46.420,15075.70579
157.92501,0.71513,-1156.24936,395971.19316,3385717.00193,1.11462,0.01373,10684730.51345,2000-05-04T04:18:47.228,15086.02143
157.93501,0.72831,-1159.92900,395920.26184,3385717.12266,1.11746,0.01387,10578636.30905,2000-05-02T22:50:26.676,15073.19019
157.94501,0.80648,-1163.69651,396020.83798,3385707.59617,1.11780,0.01557,10648625.08926,2000-05-03T18:17:03.212,15082.32124
157.95501,1.09569,-1178.81552,396084.67044,3385709.46465,1.11658,0.01752,10571051.91752,2000-05-02T20:44:03.733,15069.89950
157.96500,0.75381,-1167.71449,395995.37088,3385689.73615,1.11762,0.01534,10666536.62833,2000-05-03T23:15:32.725,15086.50186
157.97500,0.79064,-1168.49200,395983.26012,3385698.03359,1.11825,0.01582,10688593.03086,2000-05-04T05:23:06.140,15086.46487
157.98499,0.80596,-1171.96843,395980.29771,3385704.57881,1.11069,0.01686,10496269.10943,2000-05-01T23:57:40.683,15058.02538
157.99499,0.81132,-1168.37130,395968.73429,3385717.82455,1.11338,0.01678,10677662.57247,2000-05-04T02:21:04.289,15085.09071
158.00499,0.84063,-1170.33357,396009.93383,3385684.85291,1.11206,0.01386,10564892.90900,2000-05-02T19:01:33.367,15070.33233
158.01501,0.41764,-1154.38512,395777.85113,3385721.75949,1.11397,0.01355,10736448.92536,2000-05-04T18:40:45.315,15100.32106
158.02498,0.83900,-1171.19913,396028.70121,3385658.85188,1.11154,0.01454,10515808.36314,2000-05-02T05:23:24.997,15063.07881
158.03500,0.95911,-1178.23021,395992.91404,3385712.79224,1.12149,0.01370,10452892.45832,2000-05-01T11:54:46.532,15054.83981
158.04499,0.80887,-1176.49316,395977.26471,3385664.36110,1.12198,0.01298,10548297.56053,2000-05-02T14:24:45.870,15065.84900
158.05500,0.44592,-1166.13356,395792.91723,3385739.05173,1.11628,0.01398,10640353.77684,2000-05-03T15:59:05.888,15084.33335
158.06500,0.67940,-1166.06206,395937.52555,3385675.98141,1.11715,0.01382,10564342.26013,2000-05-02T18:52:19.644,15067.63659
158.07500,1.11922,-1184.76667,396112.02648,3385682.59979,1.11845,0.01529,10528867.12298,2000-05-02T09:01:06.210,15069.46828
158.08500,0.63792,-1169.19373,395935.53194,3385658.27440,1.10994,0.01565,10610103.93746,2000-05-03T07:34:58.123,15075.75055
158.09501,0.90369,-1180.94385,396022.93727,3385698.33383,1.11650,0.01732,10463926.26615,2000-05-01T14:58:40.259,15055.61179
158.10502,0.81235,-1177.86240,395970.14381,3385699.19222,1.11696,0.01649,10536788.63176,2000-05-02T11:13:06.138,15064.57145
158.11499,0.94026,-1181.62078,396035.13632,3385677.21321,1.11703,0.01522,10638527.90795,2000-05-03T15:28:47.622,15081.52485
158.12500,0.95000,-1183.20437,396044.60090,3385673.28993,1.11928,0.01370,10509214.45182,2000-05-02T03:33:30.709,15056.69283
158.13503,0.77626,-1180.26296,395950.65260,3385699.21739,1.11561,0.01074,10499497.39863,2000-05-02T00:51:25.492,15062.61311
158.14502,0.70339,-1172.52161,395954.93411,3385644.61344,1.11741,0.01028,10574415.91783,2000-05-02T21:40:06.823,15071.54789
158.15500,0.75664,-1178.43733,395959.66101,3385685.24242,1.11813,0.00767,10488540.71347,2000-05-01T21:48:52.550,15059.99016
158.16502,1.24308,-1205.22214,396161.04005,3385658.21942,1.11343,0.00880,10578337.72607,2000-05-02T22:45:37.011,15072.90518
158.17499,0.81325,-1185.60429,395966.22794,3385682.33433,1.11653,0.00834,10520313.43843,2000-05-02T06:38:20.992,15061.37268
158.18500,0.83908,-1188.82498,396051.67941,3385605.02827,1.11970,0.00825,10485977.90275,2000-05-01T21:06:21.130,15059.45162
158.19500,1.19061,-1209.25702,396128.85323,3385674.38091,1.11674,0.00766,10453126.86176,2000-05-01T11:58:37.952,15054.99137
158.20499,0.68567,-1178.56666,395932.39442,3385681.21995,1.11313,0.00877,10486891.36805,2000-05-01T21:21:27.260,15057.65494
158.21500,0.77154,-1183.56385,395965.67634,3385649.30912,1.11659,0.00963,10439187.28112,2000-05-01T08:06:24.818,15053.30704
158.22503,1.11936,-1201.22990,396113.97286,3385639.49274,1.11425,0.01115,10510988.30845,2000-05-02T04:03:09.452,15060.79797
158.23501,0.53564,-1177.43918,395815.68357,3385690.69827,1.11707,0.01161,10578046.39727,2000-05-02T22:40:44.183,15075.58674
158.24499,0.68192,-1189.43342,395956.09396,3385669.30960,1.11782,0.01409,10496934.69097,2000-05-02T00:08:46.125,15060.24397
158.25500,0.79967,-1190.80647,395974.98479,3385638.93005,1.11976,0.01270,10534082.13471,2000-05-02T10:27:54.742,15065.67516
158.26500,0.86912,-1193.01420,395985.56858,3385662.34442,1.11616,0.01050,10445990.51560,2000-05-01T09:59:44.550,15053.02390
158.27499,0.73633,-1190.11708,395915.58205,3385665.69241,1.12074,0.01097,10438556.61865,2000-05-01T07:55:52.619,15052.55489
158.28500,0.71813,-1185.75668,395977.53451,3385651.63798,1.12206,0.01206,10393815.35788,2000-04-30T19:30:06.942,15043.71495
158.29499,0.69887,-1176.78610,395927.75556,3385653.16777,1.12563,0.01101,10520856.84512,2000-05-02T06:47:36.343,15065.86306
158.30500,0.97603,-1195.90609,396081.30234,3385639.10327,1.12161,0.00832,10441716.06072,2000-05-01T08:48:28.629,15051.94293
158.31501,0.67372,-1177.57711,395949.38997,3385648.11203,1.12228,0.00847,10478850.91032,2000-05-01T19:07:22.897,15061.51406
158.32499,0.46697,-1166.72370,395839.74621,3385677.44670,1.12634,0.00795,10477418.08013,2000-05-01T18:43:34.481,15058.10447
158.33500,0.67319,-1180.69165,395983.96700,3385658.48040,1.12376,0.00860,10399678.13327,2000-04-30T21:07:58.720,15045.77646
158.34501,1.05369,-1192.45096,396075.82491,3385658.08995,1.12465,0.01250,10450649.66055,2000-05-01T11:17:28.020,15044.07519
158.35499,0.82197,-1180.11144,395978.19216,3385639.26306,1.11810,0.01173,10489698.02935,2000-05-01T22:08:06.376,15060.49441
158.36500,1.05788,-1190.31353,396092.41231,3385652.66303,1.12097,0.01303,10437461.33193,2000-05-01T07:37:38.690,15050.82406
158.37501,0.55110,-1171.89292,395829.44930,3385691.69496,1.11520,0.01206,10424573.12025,2000-05-01T04:02:51.541,15048.52678
158.38500,1.19197,-1196.99794,396147.55551,3385641.92182,1.11265,0.01299,10428096.57956,2000-05-01T05:01:39.223,15047.40046
158.39499,0.75253,-1172.93827,395959.24270,3385643.21062,1.11716,0.01359,10488593.23473,2000-05-01T21:49:50.294,15059.36183
158.40499,0.96724,-1184.34943,396035.27461,3385661.98611,1.11638,0.01274,10410240.04035,2000-05-01T00:04:00.996,15049.26444
158.41501,0.71122,-1180.79323,395935.20200,3385680.95425,1.11533,0.01348,10516457.02047,2000-05-02T05:34:16.583,15063.24738
158.42501,1.05868,-1190.37830,396071.25348,3385619.96932,1.11582,0.01324,10402391.39505,2000-04-30T21:53:08.467,15045.03841
158.43500,0.42473,-1169.36563,395846.97262,3385640.42255,1.11765,0.01330,10480128.81601,2000-05-01T19:28:50.058,15055.07492
158.44499,0.90002,-1189.44178,395966.57552,3385681.82818,1.11460,0.01209,10401539.54469,2000-04-30T21:39:04.553,15044.59148
158.45499,0.64508,-1166.53838,395857.77817,3385677.52169,1.11860,0.01028,10701751.97248,2000-05-04T09:02:17.689,15090.03185
158.46499,0.54927,-1174.53155,395782.31887,3385714.32119,1.11644,0.00929,10622957.20473,2000-05-03T11:09:17.238,15079.63702
158.47501,0.54699,-1177.47438,395820.11380,3385685.33070,1.10760,0.01039,10557142.28147,2000-05-02T16:52:19.415,15070.66086
158.48500,1.00017,-1190.42084,396038.44523,3385670.16139,1.11369,0.01068,10626101.55131,2000-05-03T12:01:38.015,15078.45594
158.49498,0.66267,-1179.88876,395913.42704,3385671.12850,1.11591,0.01751,10503408.63305,2000-05-02T01:56:39.335,15065.37488
158.50499,0.82050,-1190.87138,395976.82075,3385667.22556,1.11341,0.01452,10524247.91682,2000-05-02T07:44:03.678,15060.71274
158.51499,0.63922,-1187.58467,395893.26810,3385644.98767,1.11459,0.01506,10603149.35533,2000-05-03T05:39:10.829,15078.23986
158.52498,0.41161,-1180.73153,395797.58544,3385675.20791,1.11202,0.01256,10398197.44162,2000-04-30T20:43:09.202,15041.17187
158.53499,0.81443,-1195.35456,396015.06050,3385603.49410,1.11421,0.01158,10635113.06198,2000-05-03T14:31:38.113,15079.28715
158.54500,0.37807,-1179.45541,395844.74175,3385660.95995,1.11189,0.01195,10574613.01829,2000-05-02T21:43:23.753,15073.11862
158.55500,0.97752,-1209.05986,396043.39374,3385644.07149,1.11302,0.01252,10550979.70529,2000-05-02T15:09:21.258,15071.07256
158.56501,0.45897,-1189.68573,395849.29478,3385648.03364,1.11215,0.01160,10598341.55814,2000-05-03T04:18:49.011,15076.42460
158.57501,0.85498,-1199.65843,396040.82898,3385603.69443,1.11406,0.01175,10398861.15892,2000-04-30T20:54:06.914,15045.84493
158.58501,0.92774,-1200.64878,396049.23824,3385622.23486,1.10983,0.01087,10535976.19262,2000-05-02T10:59:30.160,15066.15715
158.59501,0.43827,-1185.67607,395814.81734,3385669.17555,1.10823,0.01109,10550058.89777,2000-05-02T14:54:11.946,15068.83340
158.60498,0.83543,-1195.99644,395951.17418,3385657.39286,1.10973,0.00977,10510890.71081,2000-05-02T04:01:18.068,15060.73548
158.61500,0.46794,-1185.06425,395870.22388,3385637.29026,1.11301,0.00988,10504690.40661,2000-05-02T02:17:54.590,15059.93676
158.62500,0.60812,-1195.52204,395868.74798,3385661.09177,1.10701,0.00976,10572920.66292,2000-05-02T21:15:06.728,15072.12267
158.63500,0.55776,-1188.40450,395859.25801,3385642.62514,1.11320,0.00991,10569165.18923,2000-05-02T20:12:31.233,15070.85197
158.64501,0.98725,-1201.57610,396090.00969,3385617.77715,1.11697,0.01169,10433197.08264,2000-05-01T06:26:27.332,15050.76690
158.65500,0.36412,-1175.22583,395749.02640,3385707.16986,1.11486,0.01191,10550904.95960,2000-05-02T15:08:10.351,15066.15431
158.66500,0.69690,-1188.88087,395972.20911,3385632.19968,1.11452,0.01217,10556759.17311,2000-05-02T16:45:41.943,15067.64014
158.67500,0.46259,-1182.94282,395843.76467,3385677.78864,1.11042,0.01170,10617126.06980,2000-05-03T09:31:57.262,15078.70043
158.68500,0.63718,-1192.32218,395852.35263,3385690.25172,1.10964,0.01243,10547121.53357,2000-05-02T14:05:10.886,15067.23898
158.69501,0.93306,-1204.72000,395986.61019,3385690.07680,1.10836,0.01207,10682142.43077,2000-05-04T03:35:30.909,15086.87675
158.70499,0.59138,-1190.40269,395853.81872,3385688.59185,1.10869,0.01204,10685984.10257,2000-05-04T04:39:24.786,15087.57181
158.71501,0.59919,-1193.43568,395849.07845,3385649.31981,1.11130,0.01168,10525180.49778,2000-05-02T07:59:22.965,15061.83084
158.72502,0.88266,-1203.92541,395960.08568,3385665.25290,1.11440,0.00902,10707470.57781,2000-05-04T10:37:45.473,15092.86168
158.73501,0.36896,-1184.37820,395863.97938,3385618.71087,1.11345,0.00988,10480426.79336,2000-05-01T19:33:36.808,15059.47850
158.74500,0.86222,-1206.36892,395980.62754,3385674.41292,1.11455,0.00971,10634012.83631,2000-05-03T14:13:27.035,15079.22686
158.75500,0.36254,-1188.67178,395789.33920,3385669.35457,1.12184,0.01005,10429267.31040,2000-05-01T05:20:50.017,15048.82892
158.76501,0.63467,-1196.98422,395895.52463,3385669.32135,1.12211,0.00974,10623044.19971,2000-05-03T11:10:35.854,15082.41389
158.77499,0.83185,-1203.16954,395998.50150,3385628.36946,1.11820,0.00967,10581530.47905,2000-05-02T23:38:41.475,15074.13171
158.78500,0.55691,-1194.87382,395847.49297,3385678.49316,1.11503,0.01046,10496942.15513,2000-05-02T00:08:53.024,15058.52528
158.79498,0.70352,-1202.30208,395948.83984,3385632.54086,1.12252,0.01040,10528968.72824,2000-05-02T09:02:40.453,15066.07749
158.80500,0.78589,-1206.48525,395943.69048,3385647.09405,1.11880,0.00897,10432981.05637,2000-05-01T06:22:49.979,15053.86055
158.81500,0.19966,-1182.98336,395726.38099,3385676.29827,1.11729,0.00994,10545984.63816,2000-05-02T13:46:18.674,15066.28484
158.82500,0.66231,-1198.29751,395906.55406,3385633.49204,1.11351,0.01003,10541348.90997,2000-05-02T12:28:59.785,15062.91430
158.83499,0.58924,-1201.13356,395900.86701,3385637.71721,1.11316,0.00860,10546114.53838,2000-05-02T13:48:25.437,15071.95181
158.84500,0.65424,-1206.30564,395888.72620,3385657.70235,1.10807,0.01139,10476772.00874,2000-05-01T18:32:40.451,15055.51789
158.85500,0.59935,-1194.43401,395900.69515,3385645.67841,1.12215,0.01003,10587637.23472,2000-05-03T01:20:28.929,15069.93030
158.86502,0.78919,-1200.87663,395931.89602,3385657.77914,1.11366,0.00771,10623391.84870,2000-05-03T11:16:26.428,15080.80322
158.87498,0.60852,-1194.49215,395843.44434,3385680.39302,1.12173,0.00776,10523499.23268,2000-05-02T07:31:24.774,15064.76610
158.88501,0.79515,-1202.64676,395938.33980,3385680.27101,1.11908,0.00864,10595863.81389,2000-05-03T03:37:36.976,15075.66717
158.89500,0.71947,-1198.94449,395941.38315,3385633.40492,1.12683,0.00768,10503121.32780,2000-05-02T01:51:40.823,15061.61160
158.90500,0.87500,-1207.86046,395980.19802,3385681.52402,1.12286,0.00872,10658992.90574,2000-05-03T21:09:42.797,15082.42603
158.91502,0.74235,-1203.74485,395968.63139,3385677.23336,1.12010,0.00814,10730581.12079,2000-05-04T17:02:41.458,15094.98767
158.92501,0.56130,-1197.57289,395831.28841,3385695.59452,1.12127,0.00888,10709763.78756,2000-05-04T11:15:54.040,15091.82616
158.93499,0.89554,-1215.30101,396008.79296,3385637.59228,1.12160,0.00764,10524459.36605,2000-05-02T07:47:29.551,15065.48699
158.94502,0.85734,-1217.02118,395975.97041,3385658.15215,1.12369,0.00903,10612857.17632,2000-05-03T08:20:42.349,15077.39583
158.95501,0.72390,-1219.25597,395893.68903,3385714.75373,1.12298,0.00828,10613219.37754,2000-05-03T08:26:53.931,15080.11548
158.96499,0.63761,-1207.64209,395899.75570,3385648.36762,1.12493,0.00799,10718079.44542,2000-05-04T13:34:25.016,15092.96349
158.97500,0.86952,-1221.91979,395974.87724,3385700.18662,1.12270,0.00801,10561133.33631,2000-05-02T17:58:47.124,15069.47003
158.98500,0.57411,-1206.19331,395891.37699,3385659.47536,1.12092,0.00925,10665001.48455,2000-05-03T22:49:49.850,15086.40079
158.99499,0.78667,-1219.84600,395920.97184,3385705.90950,1.12464,0.00845,10595605.89181,2000-05-03T03:33:09.316,15070.14034
159.00500,0.59016,-1210.97391,395933.93477,3385643.71928,1.12510,0.00949,10597209.99984,2000-05-03T03:59:51.151,15076.30009
159.01501,0.80448,-1216.53160,395929.25609,3385681.31122,1.12480,0.00992,10687488.44030,2000-05-04T05:04:40.911,15089.99266
159.02499,0.61890,-1200.53292,395911.82348,3385672.89202,1.12419,0.00857,10602091.48339,2000-05-03T05:21:21.818,15073.67346
159.03501,1.13733,-1227.99656,396099.56368,3385669.38661,1.12157,0.00889,10647715.48219,2000-05-03T18:01:40.934,15083.49589
159.04499,0.62166,-1201.04957,395869.06292,3385688.66901,1.12479,0.00880,10660548.68559,2000-05-03T21:35:39.770,15081.48619
159.05498,0.74752,-1205.44080,395951.14901,3385681.05553,1.12498,0.01126,10650909.68159,2000-05-03T18:55:01.216,15084.11018
159.06500,0.49851,-1197.29371,395872.39878,3385719.62296,1.12190,0.01049,10592996.42237,2000-05-03T02:49:55.237,15072.39572
159.07500,0.88305,-1207.89325,396034.16627,3385689.56186,1.12194,0.00787,10621859.93927,2000-05-03T10:50:43.282,15080.75413
159.08500,0.32445,-1176.68148,395879.92214,3385756.01075,1.12562,0.00864,10570975.21936,2000-05-02T20:42:39.772,15069.19527
159.09502,0.70061,-1197.55284,395857.77989,3385675.56351,1.12071,0.00737,10590925.70435,2000-05-03T02:15:24.239,15076.58170
159.10499,0.96981,-1212.95157,395988.27493,3385687.73833,1.11916,0.00833,10673706.83067,2000-05-04T01:14:55.018,15087.25902
159.11500,0.54817,-1189.08416,395796.35628,3385663.48291,1.12041,0.00768,10722273.66801,2000-05-04T14:44:21.507,15090.66601
159.12498,0.69315,-1199.35130,395915.11506,3385677.19585,1.12174,0.00848,10618430.68126,2000-05-03T09:53:35.940,15078.20361
159.13500,0.65423,-1196.99376,395944.54752,3385653.45972,1.12276,0.00976,10753124.08938,2000-05-04T23:18:22.495,15095.18530
159.14500,0.84883,-1198.41566,395902.02260,3385662.62854,1.12303,0.01097,10628370.75838,2000-05-03T12:39:28.756,15076.49558
159.15501,0.46712,-1182.34176,395728.35873,3385709.98986,1.12100,0.01118,10701286.58649,2000-05-04T08:54:36.146,15094.58840
159.16501,0.64855,-1184.91769,395859.20036,3385642.88743,1.12105,0.01107,10614687.10938,2000-05-03T08:51:17.913,15075.68994
159.17501,0.38061,-1172.86956,395700.78520,3385702.93715,1.12539,0.01012,10659802.01810,2000-05-03T21:23:11.259,15084.01738
159.18499,0.80522,-1197.85041,395927.76466,3385652.20977,1.11607,0.00893,10723956.21389,2000-05-04T15:12:42.068,15091.37530
159.19500,0.77111,-1204.51522,395898.78928,3385658.74269,1.12027,0.00757,10792706.65633,2000-05-05T10:18:17.120,15098.32411
159.20502,0.82933,-1210.34406,395950.47029,3385650.29954,1.12225,0.00733,10685757.60653,2000-05-04T04:35:39.341,15090.24370
159.21501,0.82682,-1201.55815,395922.07579,3385639.63345,1.11834,0.01084,10660756.49363,2000-05-03T21:39:12.873,15084.59974
159.22500,0.47535,-1193.34359,395801.07137,3385668.38589,1.11953,0.00932,10813377.12211,2000-05-05T16:02:45.708,15106.88586
159.23500,0.78990,-1205.50599,395931.61661,3385624.40377,1.11631,0.00916,10645966.12407,2000-05-03T17:32:32.897,15080.99223
159.24498,0.84489,-1211.37021,395944.56352,3385665.65665,1.12435,0.00871,10720431.79030,2000-05-04T14:13:43.754,15093.26508
159.25500,0.44202,-1196.46174,395784.90642,3385659.08400,1.11547,0.00976,10696825.57782,2000-05-04T07:40:12.596,15090.15922
159.26498,0.69142,-1205.27345,395913.21725,3385645.76022,1.12072,0.00936,10724986.04432,2000-05-04T15:29:38.240,15093.48687
159.27499,1.00206,-1213.45997,395996.05732,3385649.80808,1.12116,0.00887,10812259.81314,2000-05-05T15:44:05.131,15103.94379
159.28501,0.66117,-1196.15154,395905.96773,3385641.97350,1.11584,0.00974,10834483.81171,2000-05-05T21:54:36.931,15109.31852
159.29498,0.79136,-1204.96647,395907.44496,3385679.56503,1.12114,0.00964,10650779.34496,2000-05-03T18:52:50.645,15081.19270
159.30499,0.76323,-1204.29849,395971.05380,3385642.63877,1.11714,0.00850,10798383.83646,2000-05-05T11:53:03.461,15102.01019
159.31499,0.71277,-1200.88913,395969.12124,3385630.08603,1.10989,0.00898,10817866.30641,2000-05-05T17:17:44.395,15110.32615
159.32499,0.71900,-1201.80327,395863.99504,3385655.39618,1.10638,0.00990,10829288.20739,2000-05-05T20:28:00.534,15101.75162
159.33500,0.74067,-1202.34340,395870.98315,3385655.55379,1.10640,0.00871,10638155.99389,2000-05-03T15:22:25.233,15085.08559
159.34498,0.42526,-1183.00920,395739.72346,3385684.72797,1.11161,0.00943,10802369.15229,2000-05-05T12:59:26.099,15106.41026
159.35499,0.67270,-1193.85155,395854.47625,3385639.40737,1.11287,0.00942,10715754.87657,2000-05-04T12:55:39.463,15089.66683
159.36498,0.89552,-1201.62538,395923.69486,3385659.24394,1.11854,0.00943,10696077.40133,2000-05-04T07:27:49.461,15088.27185
159.37499,0.92414,-1208.08545,395977.92640,3385640.64744,1.11135,0.00881,10800662.19629,2000-05-05T12:30:47.957,15109.31216
159.38502,0.55018,-1193.63330,395787.07061,3385674.65754,1.10821,0.00923,10700017.82406,2000-05-04T08:33:35.453,15090.04675
159.39501,0.51445,-1190.21755,395751.93595,3385686.04194,1.11386,0.00907,10626483.23130,2000-05-03T12:07:43.937,15078.47187
159.40502,0.84042,-1207.44488,395908.41367,3385683.10608,1.11433,0.00946,10770267.64157,2000-05-05T04:04:25.290,15097.08117
159.41500,0.45308,-1189.21660,395781.98394,3385654.90688,1.10626,0.00933,10817626.94870,2000-05-05T17:13:34.170,15107.33816
159.42500,0.76705,-1205.96165,395874.51692,3385690.94163,1.10441,0.00873,10769744.72944,2000-05-05T03:55:35.593,15098.54824
159.43500,0.62818,-1190.16268,395824.30329,3385665.32239,1.10598,0.00954,10718662.42092,2000-05-04T13:44:14.015,15091.13351
159.44499,0.67943,-1197.53689,395830.86107,3385690.27686,1.11030,0.00995,10810729.84819,2000-05-05T15:18:44.209,15104.73851
159.45502,0.38146,-1182.84311,395718.52749,3385684.32668,1.10807,0.00904,10683723.28475,2000-05-04T04:01:46.982,15085.79163
159.46501,0.97605,-1211.53995,395957.85768,3385696.44387,1.10980,0.00869,10815715.39531,2000-05-05T16:41:46.813,15107.91795
159.47500,0.61661,-1204.35369,395816.04310,3385683.36623,1.10573,0.00966,10564745.89731,2000-05-02T18:58:57.400,15067.83851
159.48500,0.70100,-1214.08010,395880.61727,3385643.29442,1.10676,0.00912,10753046.93164,2000-05-04T23:17:13.644,15099.43278
159.49500,0.58433,-1210.04003,395809.32780,3385662.66701,1.10395,0.01018,10692086.56306,2000-05-04T06:21:18.202,15085.99126
159.50501,0.78710,-1216.22924,395904.86908,3385629.86407,1.10799,0.01183,10746784.74273,2000-05-04T21:32:46.155,15098.54301
159.51501,0.33533,-1195.87501,395709.98555,3385666.79172,1.10910,0.01020,10715171.08527,2000-05-04T12:46:03.195,15093.12051
159.52501,0.43364,-1200.29715,395771.68235,3385646.48775,1.11267,0.01274,10783535.95234,2000-05-05T07:45:27.268,15102.80002
159.53499,0.90132,-1222.02577,395937.83881,3385666.83763,1.11357,0.01113,10662002.67423,2000-05-03T21:59:50.739,15080.43372
159.54499,0.66539,-1205.53414,395877.50883,3385624.72161,1.10879,0.01286,10682610.21711,2000-05-04T03:43:21.826,15087.40037
159.55501,0.51126,-1197.33013,395826.48620,3385634.37278,1.10627,0.01179,10672423.64495,2000-05-04T00:53:30.269,15086.36284
159.56502,0.58429,-1203.50453,395849.17189,3385649.67951,1.10127,0.01221,10689810.64036,2000-05-04T05:43:18.300,15090.78922
159.57501,0.73413,-1212.71991,395886.22708,3385662.45724,1.10237,0.01201,10627910.21218,2000-05-03T12:31:31.510,15075.87677
159.58500,0.60663,-1205.74748,395864.98067,3385627.27763,1.09996,0.01228,10749592.09786,2000-05-04T22:19:36.225,15097.24415
159.59501,0.71125,-1206.58455,395895.43092,3385623.34378,1.10545,0.01335,10754334.78624,2000-05-04T23:38:38.146,15096.99110
159.60501,0.78645,-1211.24882,395923.33145,3385641.48890,1.10140,0.01265,10746594.25932,2000-05-04T21:29:32.950,15096.22613
159.61499,0.88949,-1222.51794,395945.02206,3385634.79585,1.10602,0.01232,10699507.43200,2000-05-04T08:24:59.107,15089.89658
159.62500,0.45489,-1203.46465,395789.59371,3385645.95821,1.10215,0.01353,10758616.03312,2000-05-05T00:49:58.960,15098.10004
159.63500,0.77600,-1216.78762,395910.72432,3385637.04519,1.10409,0.01244,10808376.83307,2000-05-05T14:39:14.983,15103.67222
159.64500,0.45098,-1201.32195,395774.15292,3385648.17418,1.10524,0.01223,10748422.60561,2000-05-04T22:00:09.872,15093.86394
159.65500,0.87493,-1219.28646,395940.99869,3385652.85690,1.10566,0.01244,10714301.81980,2000-05-04T12:31:28.699,15090.84151
159.66499,0.70921,-1218.56355,395857.00133,3385669.67602,1.10837,0.01190,10717073.82443,2000-05-04T13:17:43.300,15094.23422
159.67500,0.51779,-1210.00125,395792.33645,3385646.93142,1.10754,0.01222,10749695.28760,2000-05-04T22:21:10.624,15096.64922
159.68501,0.51698,-1215.43281,395807.74537,3385647.27007,1.10733,0.01203,10768729.32777,2000-05-05T03:38:26.448,15097.37761
159.69501,0.33349,-1206.71509,395693.24790,3385693.35542,1.11026,0.01208,10750837.24000,2000-05-04T22:40:25.474,15096.04266
159.70499,0.89403,-1232.22262,395935.68563,3385641.00959,1.11174,0.00991,10802489.28796,2000-05-05T13:01:17.268,15103.41501
159.71500,0.68607,-1223.60195,395918.95443,3385634.26771,1.10789,0.01109,10728336.19143,2000-05-04T16:25:22.651,15091.99595
159.72499,0.51139,-1212.77586,395777.88811,3385674.32298,1.11225,0.01058,10736404.73800,2000-05-04T18:39:50.884,15084.99471
159.73501,0.64271,-1221.07427,395865.49507,3385624.66676,1.11211,0.01224,10750550.48163,2000-05-04T22:35:39.162,15090.55952
159.74501,0.68089,-1226.23639,395864.89149,3385659.24879,1.10938,0.01066,10649028.66158,2000-05-03T18:23:36.848,15073.94181
159.75500,0.72010,-1230.28015,395886.55065,3385641.20677,1.11435,0.01036,10755090.80601,2000-05-04T23:51:24.918,15094.39547
159.76500,0.71249,-1231.46540,395898.61242,3385646.74811,1.11399,0.01051,10730135.74922,2000-05-04T16:55:20.571,15092.14654
159.77498,0.64111,-1230.29130,395865.36344,3385674.23722,1.11219,0.00943,10808910.74837,2000-05-05T14:48:25.623,15097.76029
159.78501,0.57142,-1222.85722,395854.06079,3385650.73258,1.10809,0.00905,10770946.50602,2000-05-05T04:15:37.282,15098.07344
159.79503,1.20057,-1248.62683,396080.77076,3385647.00635,1.11677,0.01273,10715512.93936,2000-05-04T12:51:44.735,15077.11509
159.80499,0.71763,-1222.00265,395879.31932,3385668.06480,1.11268,0.00903,10765841.38497,2000-05-05T02:50:36.339,15098.03325
159.81500,0.53919,-1218.23666,395828.78389,3385672.21518,1.11524,0.00987,10787832.81205,2000-05-05T08:57:04.999,15095.17720
159.82500,0.58808,-1214.72977,395790.45176,3385689.28072,1.11527,0.00905,10656223.66187,2000-05-03T20:23:32.176,15076.88796
159.83500,0.65129,-1218.76057,395814.04129,3385676.47556,1.11364,0.01064,10898946.08519,2000-05-06T15:49:04.957,15115.43418
159.84500,0.73757,-1218.73130,395837.03499,3385685.54272,1.12046,0.01017,10805210.10590,2000-05-05T13:46:38.844,15101.57591
159.85500,0.48211,-1211.91427,395766.09208,3385668.10661,1.11712,0.00895,10883536.48326,2000-05-06T11:32:12.256,15112.37524
159.86499,0.76982,-1223.84362,395822.21020,3385714.94466,1.12140,0.00847,10716906.63121,2000-05-04T13:15:02.349,15086.25530
159.87499,0.72720,-1225.00892,395846.88394,3385678.52391,1.12302,0.00803,10857042.66863,2000-05-06T04:10:36.630,15107.34919
159.88499,0.73614,-1219.85265,395845.64717,3385690.37929,1.12679,0.00845,10848223.58800,2000-05-06T01:43:35.057,15105.56792
159.89500,0.95445,-1225.06035,395941.39652,3385679.13213,1.12514,0.00808,10685620.23111,2000-05-04T04:33:17.864,15080.60134
159.90500,0.75110,-1211.54379,395829.54269,3385710.08898,1.12223,0.00882,10753935.00740,2000-05-04T23:32:10.445,15092.09187
159.91502,0.48310,-1199.55821,395740.67337,3385665.83690,1.12184,0.00710,10892565.35561,2000-05-06T14:02:35.586,15111.21175
159.92501,0.52675,-1202.95004,395735.90728,3385712.60147,1.11288,0.00722,10765814.98036,2000-05-05T02:50:10.395,15096.00855
159.93501,0.56302,-1206.48180,395805.76799,3385680.64549,1.11064,0.00736,10686597.59524,2000-05-04T04:49:49.460,15086.31685
159.94500,0.78263,-1212.77888,395867.90005,3385671.94465,1.10794,0.00701,10798573.98105,2000-05-05T11:56:09.419,15095.02583
159.95497,0.51898,-1205.76793,395733.64331,3385732.07656,1.10932,0.00705,10617923.51458,2000-05-03T09:45:11.947,15074.01831
159.96501,1.06146,-1230.83305,396058.15463,3385658.46437,1.11116,0.00700,10766611.06249,2000-05-05T03:03:16.103,15093.18185
159.97500,0.62052,-1217.58177,395815.80075,3385708.34716,1.11669,0.00723,10671992.74564,2000-05-04T00:46:20.584,15084.70556
159.98499,0.77497,-1219.86153,395939.71562,3385673.47903,1.11731,0.00755,10784199.59657,2000-05-05T07:56:28.158,15097.54512
159.99499,0.95177,-1225.41521,396026.49900,3385640.32062,1.11869,0.00657,10685212.34448,2000-05-04T04:26:41.447,15082.69328
160.00500,0.51435,-1214.57496,395860.25969,3385655.93205,1.11527,0.00796,10790201.31330,2000-05-05T09:36:34.555,15094.50494
160.01501,0.86707,-1220.70979,396015.15639,3385661.61232,1.11641,0.01130,10787952.55426,2000-05-05T08:58:57.586,15098.70704
160.02499,0.50984,-1207.35890,395801.28683,3385683.56059,1.11993,0.00956,10578046.68178,2000-05-02T22:40:31.433,15064.48334
160.03499,0.75464,-1212.60520,395958.53876,3385654.85271,1.12663,0.01004,10751817.55216,2000-05-04T22:56:48.396,15092.09859
160.04500,0.76356,-1210.60867,395969.16016,3385657.94173,1.12705,0.00719,10777444.86910,2000-05-05T06:04:00.544,15096.49074
160.05499,0.50903,-1204.93908,395877.09032,3385668.74453,1.12282,0.00702,10744623.63115,2000-05-04T20:56:53.809,15092.77337
160.06500,0.72489,-1211.35494,395933.53651,3385680.52228,1.12046,0.00733,10684540.59915,2000-05-04T04:15:29.576,15081.11764
160.07500,0.62817,-1208.44903,395927.78340,3385641.42359,1.11902,0.00744,10743346.41633,2000-05-04T20:35:39.995,15090.57512
160.08499,0.83363,-1220.27683,395981.66399,3385692.84086,1.12462,0.00796,10769676.33928,2000-05-05T03:54:28.181,15093.88165
160.09498,0.81067,-1216.63225,396099.42764,3385641.82421,1.12174,0.00722,10709831.59190,2000-05-04T11:17:05.656,15086.26419
160.10501,0.62555,-1215.63814,395988.85994,3385659.41911,1.12372,0.00662,10764754.27657,2000-05-05T02:32:22.733,15091.59206
160.11499,0.53752,-1212.60523,395907.19591,3385633.03149,1.11920,0.00809,10676006.50037,2000-05-04T01:53:18.380,15079.71117
160.12501,0.87833,-1232.42819,395917.16523,3385641.49271,1.11627,0.00720,10652196.05624,2000-05-03T19:16:27.781,15076.74558
160.13500,0.73338,-1222.96234,395876.38950,3385628.00502,1.11264,0.00690,10766318.67058,2000-05-05T02:58:29.938,15095.83346
160.14499,0.57205,-1218.31443,395807.85555,3385609.45029,1.10981,0.00636,10667010.95846,2000-05-03T23:23:22.939,15082.77744
160.15500,0.79434,-1224.34305,395899.92574,3385628.83476,1.11400,0.00810,10756720.58577,2000-05-05T00:18:34.607,15095.95017
160.16500,0.79930,-1224.56307,395866.90211,3385640.28411,1.11733,0.00685,10632388.94230,2000-05-03T13:46:25.212,15070.82929
160.17499,0.92453,-1225.75202,395958.00703,3385624.70516,1.11672,0.00667,10878742.23217,2000-05-06T10:12:12.544,15111.18003
160.18500,0.52138,-1203.87261,395789.76139,3385622.11011,1.11823,0.00735,10720646.63182,2000-05-04T14:17:15.239,15087.70717
160.19501,0.85025,-1228.66331,395879.84784,3385650.73734,1.12516,0.00724,10656323.03638,2000-05-03T20:25:26.488,15077.79120
160.20500,0.40143,-1211.41013,395749.81804,3385625.26912,1.11899,0.00722,10712285.14163,2000-05-04T11:57:56.585,15085.53012
160.21499,0.64139,-1225.47013,395842.57161,3385610.31488,1.12005,0.00786,10661603.17539,2000-05-03T21:53:17.706,15077.58026
160.22500,0.69753,-1223.03892,395857.64235,3385611.17125,1.12362,0.00685,10678269.80580,2000-05-04T02:31:11.498,15079.20636
160.23499,0.58180,-1225.14834,395822.49849,3385655.91413,1.11684,0.00724,10627984.23910,2000-05-03T12:32:56.252,15075.27888
160.24499,0.75098,-1232.65628,395890.87094,3385605.43653,1.11128,0.00740,10682034.12857,2000-05-04T03:33:54.223,15080.15630
160.25500,0.84578,-1232.77729,395864.42716,3385624.99963,1.11611,0.00756,10727794.71327,2000-05-04T16:16:21.894,15088.35168
160.26500,0.49139,-1223.93640,395751.79778,3385646.78248,1.11061,0.00757,10760072.24583,2000-05-05T01:14:19.567,15091.81310
160.27500,0.65775,-1224.52237,395776.53080,3385659.24798,1.11751,0.00668,10768133.74940,2000-05-05T03:28:42.633,15095.88129
160.28501,0.81277,-1226.04081,395913.59536,3385624.44383,1.12275,0.00826,10912217.50468,2000-05-06T19:30:16.304,15113.74056
160.29500,0.59014,-1216.38864,395791.23732,3385643.49333,1.12365,0.00676,10684328.89473,2000-05-04T04:12:02.137,15081.00227
160.30502,0.69401,-1221.06778,395830.90776,3385642.29029,1.12481,0.00729,10793223.42689,2000-05-05T10:26:53.801,15095.54242
160.31499,0.75041,-1230.86670,395828.06471,3385671.75170,1.12594,0.00721,10547146.26232,2000-05-02T14:05:32.117,15061.69543
160.32501,0.46836,-1214.60700,395771.20469,3385614.25451,1.11536,0.00805,10807875.62382,2000-05-05T14:31:04.024,15098.78859
160.33499,0.88656,-1240.07303,395906.45784,3385650.07257,1.12292,0.00740,10591513.40631,2000-05-03T02:25:04.859,15067.40712
160.34501,0.75193,-1228.04573,395874.20100,3385632.12400,1.11865,0.00773,10658791.97665,2000-05-03T21:06:24.846,15079.18826
160.35501,0.62616,-1223.95631,395833.96043,3385622.02560,1.12090,0.00993,10656838.13502,2000-05-03T20:33:48.652,15079.09560
160.36500,0.77318,-1234.31260,395886.51888,3385645.84501,1.11745,0.01017,10697065.17040,2000-05-04T07:44:18.423,15085.28042
160.37499,0.34708,-1215.31309,395723.39775,3385640.92619,1.11778,0.00911,10681206.76583,2000-05-04T03:19:59.765,15081.38608
160.38501,0.81830,-1232.77773,395902.22751,3385602.64295,1.11118,0.00790,10653848.48066,2000-05-03T19:44:04.145,15076.61226
160.39500,0.77946,-1239.46302,395856.07683,3385651.02170,1.11478,0.00740,10721145.72060,2000-05-04T14:25:40.410,15087.78475
160.40501,0.73109,-1234.27089,395853.07072,3385635.22254,1.11058,0.00684,10635034.87694,2000-05-03T14:30:26.923,15073.76732
160.41500,0.41961,-1223.27898,395734.47373,3385646.66137,1.11651,0.00702,10693362.67831,2000-05-04T06:42:36.637,15084.57016
160.42498,0.90242,-1238.97964,395921.83371,3385625.65975,1.11915,0.00775,10715824.60487,2000-05-04T12:57:06.899,15085.08754
160.43498,0.61015,-1234.03223,395836.45644,3385633.61212,1.11780,0.00649,10707927.89005,2000-05-04T10:45:21.432,15086.40150
160.44500,0.85035,-1246.69384,395937.07437,3385614.02317,1.12092,0.00760,10674773.80100,2000-05-04T01:32:51.825,15082.08075
160.45501,0.91522,-1248.53763,395995.04049,3385601.28215,1.12201,0.00681,10829227.83988,2000-05-05T20:27:04.741,15103.11866
160.46500,0.73550,-1243.41150,395875.35284,3385623.21101,1.11964,0.00719,10735374.56881,2000-05-04T18:22:53.145,15092.09448
160.47501,0.57405,-1239.69304,395838.95016,3385601.31279,1.11820,0.00790,10660986.84080,2000-05-03T21:43:05.209,15077.16027
160.48499,0.87686,-1250.26321,395924.81057,3385618.65386,1.12621,0.00629,10532472.42325,2000-05-02T10:01:13.220,15060.87307
160.49501,0.59127,-1244.21261,395842.78193,3385642.07612,1.12439,0.00775,10766124.21882,2000-05-05T02:55:25.367,15092.20293
160.50499,0.64401,-1234.93209,395806.56298,3385646.66484,1.14076,0.00647,10624950.61994,2000-05-03T11:42:26.716,15072.02137
160.51501,0.45292,-1230.70100,395758.27699,3385625.48379,1.13272,0.00780,10640916.98054,2000-05-03T16:08:35.939,15077.09828
160.52499,0.83649,-1249.23639,395904.51930,3385638.55999,1.12525,0.00666,10574280.65643,2000-05-02T21:37:55.209,15071.67033
160.53499,0.62501,-1240.45227,395814.07263,3385637.47542,1.13391,0.00725,10665280.27194,2000-05-03T22:54:27.445,15079.13061
160.54501,0.24178,-1233.44795,395637.71033,3385655.63276,1.13402,0.00797,10678270.78261,2000-05-04T02:31:14.809,15081.41172
160.55500,0.56812,-1243.94580,395826.89959,3385632.35587,1.12957,0.00683,10562958.91070,2000-05-02T18:29:04.349,15069.13694
160.56500,1.06292,-1253.20611,396023.30599,3385605.18935,1.13273,0.00785,10697083.75170,2000-05-04T07:44:39.729,15085.68895
160.57500,0.26208,-1223.89981,395684.96376,3385624.50700,1.12988,0.00804,10548596.19728,2000-05-02T14:29:51.980,15061.03689
160.58499,0.85867,-1251.95040,395902.69745,3385647.34764,1.12532,0.00939,10672437.08399,2000-05-04T00:53:48.759,15081.25635
160.59498,0.70180,-1246.56853,395876.50130,3385619.31467,1.12449,0.00839,10595433.86560,2000-05-03T03:30:20.795,15067.78762
160.60499,0.58691,-1242.38413,395861.42362,3385605.75613,1.12559,0.00809,10618311.90586,2000-05-03T09:51:44.453,15075.99634
160.61500,0.59905,-1240.24524,395841.89306,3385620.32728,1.12834,0.00805,10686957.64355,2000-05-04T04:55:50.681,15086.03736
160.62499,0.42894,-1239.43752,395748.17350,3385632.44181,1.13590,0.00802,10541397.99381,2000-05-02T12:29:47.764,15063.17715
160.63501,0.69024,-1254.40508,395884.85087,3385642.31524,1.13198,0.00843,10641355.12592,2000-05-03T16:15:39.421,15076.86706
160.64500,0.80464,-1255.95724,395935.30844,3385617.62719,1.12559,0.00765,10590676.47948,2000-05-03T02:11:15.255,15066.14300
160.65498,0.58561,-1250.68347,395828.41127,3385627.43652,1.12490,0.00915,10712629.64464,2000-05-04T12:03:34.338,15090.02665
160.66501,0.45701,-1245.65771,395825.38202,3385582.40383,1.12380,0.00916,10677606.58692,2000-05-04T02:20:00.851,15083.01275
160.67500,0.85458,-1260.57112,395952.37135,3385602.23110,1.12835,0.00884,10710387.52659,2000-05-04T11:26:18.340,15085.72904
160.68501,0.82565,-1259.74912,395919.73484,3385625.22745,1.12399,0.00955,10660987.09374,2000-05-03T21:42:59.784,15077.84135
160.69500,0.70369,-1255.28733,395915.05608,3385587.52536,1.12115,0.00897,10518947.87714,2000-05-02T06:15:26.942,15061.13036
160.70500,0.36024,-1245.50953,395736.53127,3385625.59287,1.11700,0.00933,10828148.22719,2000-05-05T20:08:54.120,15103.90607
160.71500,0.25977,-1243.09691,395695.41590,3385642.47314,1.12057,0.00853,10711273.01943,2000-05-04T11:40:43.986,15084.04940
160.72501,0.54920,-1251.19464,395817.51604,3385658.64705,1.12300,0.00832,10783740.75812,2000-05-05T07:48:40.182,15101.46447
160.73499,0.44466,-1240.78925,395761.55916,3385634.82907,1.11894,0.00719,10672157.90206,2000-05-04T00:49:00.576,15077.67767
160.74499,0.88880,-1263.81065,395983.74655,3385626.20234,1.13069,0.00894,10785476.15573,2000-05-05T08:17:42.445,15100.55724
160.75500,0.25488,-1236.55726,395684.09295,3385645.73642,1.12844,0.01012,10765130.25878,2000-05-05T02:38:33.953,15096.80368
160.76499,0.45182,-1237.71208,395795.20574,3385592.41178,1.12762,0.01027,10666840.03810,2000-05-03T23:20:23.702,15080.19740
160.77499,0.82730,-1260.95315,395967.59840,3385618.07556,1.13125,0.01032,10676324.72190,2000-05-04T01:58:25.187,15081.08648
160.78501,0.65428,-1254.98598,395821.32606,3385675.37621,1.12761,0.00841,10688352.65739,2000-05-04T05:18:53.820,15084.69817
160.79500,0.54424,-1248.49860,395822.17334,3385636.36771,1.12688,0.00793,10680061.71970,2000-05-04T03:00:45.353,15081.98936
160.80499,0.34495,-1242.50264,395735.59291,3385648.29028,1.12414,0.00812,10631173.06761,2000-05-03T13:25:51.158,15076.54491
160.81500,0.64662,-1252.85110,395850.90773,3385644.12323,1.12871,0.00786,10626131.98161,2000-05-03T12:01:47.202,15076.44783
160.82498,0.86943,-1260.77402,396009.63617,3385583.17760,1.13065,0.00805,10735453.99802,2000-05-04T18:23:52.911,15091.94016
160.83499,0.48797,-1258.02797,395813.27361,3385639.52171,1.12443,0.00775,10633694.09851,2000-05-03T14:07:55.935,15073.41044
160.84500,0.90238,-1271.24705,395956.51437,3385650.37124,1.12680,0.00785,10714648.72859,2000-05-04T12:37:03.499,15087.17687
160.85500,0.91725,-1264.41764,395962.72801,3385629.29667,1.13669,0.00737,10672318.68296,2000-05-04T00:51:42.320,15077.64829
160.86500,0.50945,-1245.00326,395828.24531,3385633.04891,1.12499,0.00791,10624524.50269,2000-05-03T11:35:02.218,15077.90405
160.87499,0.67896,-1252.44071,395892.83331,3385629.56910,1.12843,0.00791,10816384.07384,2000-05-05T16:52:50.590,15101.53842
160.88501,0.99220,-1269.32147,396029.48849,3385618.46052,1.13472,0.00836,10630999.75258,2000-05-03T13:23:06.160,15074.98442
160.89498,0.62505,-1250.70416,395813.17376,3385656.22926,1.13301,0.00926,10683330.88816,2000-05-04T03:55:14.522,15080.45384
160.90500,0.39771,-1241.69552,395773.31057,3385638.32234,1.13655,0.00899,10699290.22760,2000-05-04T08:21:12.081,15086.42729
160.91501,0.61659,-1249.71972,395840.74903,3385646.22885,1.14279,0.01093,10689329.30648,2000-05-04T05:35:17.362,15081.38327
160.92499,0.53527,-1245.52850,395783.05628,3385667.93281,1.14058,0.00992,10715247.43466,2000-05-04T12:47:12.583,15086.97247
160.93500,0.55192,-1241.49413,395758.41988,3385672.46670,1.13712,0.00992,10570695.98901,2000-05-02T20:37:53.878,15064.44834
160.94500,0.65540,-1243.26830,395890.83897,3385610.46259,1.14072,0.01042,10711054.87346,2000-05-04T11:37:23.022,15085.65908
160.95499,0.72595,-1252.17670,395866.92840,3385659.35089,1.13703,0.01085,10599197.44875,2000-05-03T04:32:59.852,15071.28701
160.96498,0.48688,-1236.96166,395781.52014,3385631.85369,1.14209,0.01037,10704877.06364,2000-05-04T09:54:19.282,15084.71757
160.97500,0.78652,-1253.91114,395894.39631,3385651.11626,1.14378,0.00883,10572781.54673,2000-05-02T21:12:48.840,15069.82192
160.98500,0.66656,-1239.04325,395858.78991,3385622.87694,1.13972,0.00859,10618000.39251,2000-05-03T09:46:31.157,15068.71769
160.99498,0.57766,-1237.24132,395821.64265,3385632.66433,1.13478,0.00775,10595178.26639,2000-05-03T03:25:57.490,15069.48618
161.00501,0.44005,-1222.76780,395746.67948,3385658.04797,1.13901,0.00521,10565587.16521,2000-05-02T19:12:49.441,15066.63754
161.01501,0.77068,-1236.98726,395848.52712,3385658.59199,1.14362,0.00754,10601430.18839,2000-05-03T05:10:22.898,15068.54349
161.02501,0.43007,-1221.08651,395723.44309,3385648.13291,1.14663,0.00748,10469257.14591,2000-05-01T16:27:19.878,15052.45180
161.03503,0.36539,-1220.29911,395705.20859,3385653.42927,1.14644,0.00786,10623211.16830,2000-05-03T11:13:18.219,15074.62815
161.04500,0.62484,-1239.73150,395797.54482,3385681.27487,1.14757,0.00500,10521144.88735,2000-05-02T06:52:07.215,15057.22690
161.05500,0.81558,-1251.20132,395933.33843,3385621.21511,1.14143,0.00575,10676523.34442,2000-05-04T02:01:51.324,15082.79816
161.06501,0.71902,-1250.32882,395844.56508,3385637.49309,1.13888,0.00558,10690698.10066,2000-05-04T05:58:03.085,15087.64551
161.07500,0.47633,-1241.48118,395772.84096,3385645.05414,1.13258,0.00665,10631962.76481,2000-05-03T13:39:17.199,15074.90961
161.08500,0.60105,-1244.71389,395919.20998,3385641.42131,1.13395,0.00448,10519863.66429,2000-05-02T06:30:42.247,15058.22861
161.09503,0.48512,-1241.29740,395927.79603,3385661.20011,1.13260,0.00592,10658306.76130,2000-05-03T20:58:11.411,15078.39273
161.10501,0.72413,-1246.75649,395903.09254,3385691.72795,1.13185,0.00506,10575374.00173,2000-05-02T21:56:00.170,15069.91481
161.11500,0.09433,-1217.22220,395717.95123,3385652.73253,1.13204,0.00613,10622847.84447,2000-05-03T11:07:15.116,15073.65690
161.12499,0.63279,-1245.08526,395905.40132,3385665.26523,1.14184,0.00539,10646525.48369,2000-05-03T17:41:47.445,15081.01114
161.13501,0.23457,-1223.95779,395713.45649,3385696.62490,1.13829,0.00592,10635720.72479,2000-05-03T14:41:52.169,15075.61311
161.14499,0.93296,-1256.57612,396009.81225,3385644.56155,1.13554,0.00575,10612216.58261,2000-05-03T08:10:07.956,15069.68022
161.15501,0.37103,-1238.32780,395782.64645,3385663.56175,1.13224,0.00484,10583436.40402,2000-05-03T00:10:24.543,15071.19565
161.16500,0.43714,-1246.24472,395818.12312,3385647.74647,1.13514,0.00634,10690275.01185,2000-05-04T05:51:03.544,15080.91967
161.17502,0.92724,-1265.36461,395973.54749,3385632.37993,1.12308,0.00611,10602186.38198,2000-05-03T05:22:58.878,15071.78927
161.18499,0.36072,-1238.30162,395777.44277,3385669.30755,1.13380,0.00783,10583524.93738,2000-05-03T00:11:52.478,15068.75901
161.19501,0.52696,-1254.21092,395864.01107,3385624.95721,1.12974,0.00807,10460945.62232,2000-05-01T14:08:50.009,15049.90075
161.20501,0.29860,-1238.80237,395764.02423,3385640.96685,1.12816,0.00686,10514375.57507,2000-05-02T04:59:17.809,15056.11193
161.21501,0.48827,-1254.35556,395855.51978,3385635.06151,1.12760,0.00826,10542288.25875,2000-05-02T12:44:33.511,15065.27593
161.22502,0.69715,-1261.42747,395906.72348,3385625.70752,1.12778,0.00743,10575429.50774,2000-05-02T21:57:01.658,15067.97713
161.23500,0.72400,-1256.92303,395907.97028,3385621.50711,1.12631,0.00663,10529211.21703,2000-05-02T09:06:29.621,15061.61080
161.24500,0.43046,-1245.67686,395826.45699,3385627.36883,1.13644,0.00639,10510185.68968,2000-05-02T03:49:22.580,15057.93710
161.25502,0.57841,-1246.81783,395893.27224,3385624.27730,1.13408,0.00556,10479898.48395,2000-05-01T19:24:46.735,15054.08966
161.26501,0.60578,-1253.53759,395847.03047,3385642.45790,1.13431,0.00649,10608947.93434,2000-05-03T07:15:31.077,15072.88926
161.27502,0.68364,-1254.84114,395904.76010,3385635.55970,1.13286,0.00713,10567229.32047,2000-05-02T19:40:17.009,15067.20649
161.28501,0.36305,-1245.45372,395809.37361,3385618.32549,1.12377,0.00540,10501622.50697,2000-05-02T01:26:51.501,15054.40897
161.29500,0.50698,-1249.34836,395826.58191,3385658.03198,1.12369,0.00522,10590014.88530,2000-05-03T01:59:58.018,15071.84762
161.30499,0.43573,-1244.38283,395846.21734,3385615.19198,1.12374,0.00555,10566531.64082,2000-05-02T19:28:38.837,15065.56569
161.31502,0.51961,-1251.75375,395822.86572,3385622.12571,1.12908,0.00663,10547652.79333,2000-05-02T14:14:01.952,15064.55439
161.32499,0.31722,-1244.61192,395749.80064,3385642.60568,1.12737,0.00489,10554949.02981,2000-05-02T16:15:37.387,15067.99385
161.33500,0.99258,-1263.63818,396080.13728,3385582.52445,1.13129,0.00604,10623630.68465,2000-05-03T11:20:10.641,15071.90783
161.34501,0.82181,-1262.74390,395985.79053,3385628.35038,1.13495,0.00735,10575862.39320,2000-05-02T22:04:05.873,15067.99144
161.35500,0.26487,-1235.62329,395731.90662,3385617.85820,1.12815,0.00843,10452358.85444,2000-05-01T11:45:54.777,15046.71524
161.36502,0.49939,-1249.29749,395841.27936,3385624.90506,1.12973,0.00809,10568996.26840,2000-05-02T20:09:41.218,15071.45681
161.37500,0.11808,-1237.79606,395691.07708,3385666.28226,1.13308,0.00838,10678209.08915,2000-05-04T02:29:48.960,15082.02198
161.38499,0.81184,-1268.40481,395969.47867,3385591.92715,1.12768,0.00916,10572613.68885,2000-05-02T21:09:51.166,15067.60535
161.39500,0.19168,-1239.77855,395733.95053,3385629.24327,1.13081,0.00689,10551624.46746,2000-05-02T15:20:12.391,15064.58517
161.40498,0.26684,-1244.15191,395699.18723,3385641.91765,1.13588,0.00684,10628434.68217,2000-05-03T12:40:23.000,15075.79600
161.41500,0.93784,-1260.87892,396020.05754,3385608.18141,1.14127,0.00862,10491547.78573,2000-05-01T22:38:56.131,15055.09390
161.42500,0.21663,-1233.95225,395741.16244,3385638.98227,1.13528,0.00853,10498236.69328,2000-05-02T00:30:17.364,15055.74441
161.43499,0.36822,-1245.53879,395792.30336,3385613.52704,1.13354,0.00666,10506590.57576,2000-05-02T02:49:42.255,15058.57100
161.44501,0.76810,-1259.05761,395942.41344,3385605.84680,1.12850,0.00541,10543444.39089,2000-05-02T13:03:49.274,15064.09675
161.45501,0.55978,-1250.65286,395915.85895,3385587.50729,1.12813,0.00678,10500243.51498,2000-05-02T01:03:54.085,15059.21351
161.46499,0.47846,-1247.68712,395824.68308,3385631.19865,1.13318,0.00594,10606602.26643,2000-05-03T06:36:22.766,15071.77766
161.47501,0.35432,-1248.46409,395751.11521,3385638.46022,1.13075,0.00649,10509828.82194,2000-05-02T03:43:29.827,15056.94036
161.48502,0.44350,-1252.98155,395808.97247,3385624.25690,1.12900,0.00523,10467950.89773,2000-05-01T16:05:30.912,15049.97032
161.49500,0.68703,-1255.36250,395918.71654,3385607.58288,1.13098,0.00431,10615300.97485,2000-05-03T09:01:33.731,15073.18460
161.50501,0.24187,-1232.84550,395724.60037,3385625.15186,1.12814,0.00610,10554952.26453,2000-05-02T16:15:40.076,15064.73584
161.51501,0.52153,-1250.39430,395841.06177,3385600.78636,1.12958,0.00570,10503482.13334,2000-05-02T01:57:52.134,15055.05524
161.52499,0.43258,-1246.48640,395809.39717,3385641.15893,1.13530,0.00522,10597224.23515,2000-05-03T04:00:14.243,15069.93397
161.53500,0.81811,-1262.06296,395981.72621,3385625.64644,1.13780,0.00612,10635061.95297,2000-05-03T14:30:46.982,15077.68662
161.54499,0.66172,-1255.43196,395878.41124,3385629.02417,1.13432,0.00521,10639495.14672,2000-05-03T15:44:38.626,15076.50977
161.55501,0.44315,-1242.53391,395833.46022,3385609.24417,1.12776,0.00591,10627171.78497,2000-05-03T12:19:21.214,15073.02383
161.56500,0.54128,-1253.05457,395834.41071,3385656.49007,1.13077,0.00690,10635300.23193,2000-05-03T14:34:50.155,15073.35286
161.57501,0.69052,-1259.71410,395936.99806,3385611.55935,1.13721,0.00788,10543370.86913,2000-05-02T13:02:39.728,15066.12108
161.58500,0.48519,-1253.93756,395819.34484,3385648.81313,1.13707,0.00788,10552422.43032,2000-05-02T15:33:32.640,15063.88572
161.59498,0.46003,-1256.32544,395795.36944,3385629.58981,1.13633,0.00851,10578628.54901,2000-05-02T22:50:12.278,15066.33399
161.60500,0.54789,-1257.27468,395875.58149,3385605.81348,1.14305,0.00917,10527533.89264,2000-05-02T08:38:47.097,15060.62310
161.61498,0.69889,-1260.89480,395880.60407,3385637.24607,1.14276,0.00818,10555491.54629,2000-05-02T16:24:49.829,15062.83271
161.62498,0.63546,-1251.41970,395877.54863,3385587.02539,1.13672,0.00849,10532911.80412,2000-05-02T10:08:15.304,15060.13570
161.63499,0.23602,-1248.04251,395735.39628,3385640.18837,1.13463,0.00890,10574055.81023,2000-05-02T21:34:09.926,15068.44044
161.64499,0.81576,-1263.17537,395984.00573,3385587.16491,1.13496,0.00759,10594055.44359,2000-05-03T03:07:23.714,15069.23208
161.65498,0.34753,-1248.65510,395770.50006,3385619.58483,1.13645,0.00880,10619083.55456,2000-05-03T10:04:42.139,15072.21138
161.66499,0.69389,-1261.74516,395938.33841,3385622.21622,1.13774,0.00755,10645036.17137,2000-05-03T17:17:01.235,15076.29207
161.67499,0.90062,-1270.86511,395983.56815,3385621.66258,1.13680,0.01010,10472089.78888,2000-05-01T17:14:44.197,15054.48821
161.68499,0.60711,-1261.92539,395913.40783,3385604.05143,1.13776,0.01590,10645040.66551,2000-05-03T17:17:15.302,15079.76367
161.69501,0.39633,-1253.25650,395818.26510,3385617.00317,1.14281,0.01422,10660204.21609,2000-05-03T21:30:02.148,15076.85107
161.70501,0.87282,-1274.25427,396083.33213,3385569.16672,1.13702,0.01228,10538765.65735,2000-05-02T11:45:49.335,15061.27440
161.71501,0.43333,-1253.67575,395786.19160,3385628.97709,1.13203,0.01212,10624972.14929,2000-05-03T11:42:46.874,15072.31249
161.72499,0.45202,-1252.37954,395799.30250,3385626.14420,1.13334,0.01273,10534445.86148,2000-05-02T10:33:58.401,15063.91531
161.73500,0.99003,-1270.21970,396066.00852,3385570.68842,1.13226,0.01025,10530997.50397,2000-05-02T09:36:37.968,15061.11668
161.74499,0.83186,-1263.09612,396018.34364,3385574.42492,1.13486,0.01133,10626148.80374,2000-05-03T12:02:12.326,15078.53133
161.75501,0.36206,-1245.78056,395796.95540,3385599.28234,1.13607,0.01114,10554113.45211,2000-05-02T16:01:42.594,15065.93699
161.76501,0.27456,-1240.35052,395731.73188,3385629.05557,1.13335,0.01097,10490551.49792,2000-05-01T22:22:18.289,15054.93263
161.77500,0.43033,-1246.44709,395828.33201,3385623.82782,1.13324,0.01149,10590535.31539,2000-05-03T02:08:38.484,15071.73773
161.78500,0.67638,-1251.89985,395913.60976,3385585.59805,1.14238,0.00922,10605118.64796,2000-05-03T06:11:52.253,15071.15795
161.79500,0.66104,-1245.53600,395950.03102,3385570.55701,1.14410,0.00890,10542001.01629,2000-05-02T12:39:54.401,15060.94372
161.80501,0.48139,-1235.28497,395800.72983,3385611.37708,1.13389,0.00810,10656600.88470,2000-05-03T20:29:58.892,15078.33207
161.81499,0.40223,-1231.42955,395784.57872,3385620.96994,1.13245,0.00827,10584884.02131,2000-05-03T00:34:43.873,15069.70494
161.82499,0.28761,-1221.56098,395737.54861,3385636.81193,1.14190,0.00829,10498404.36395,2000-05-02T00:33:06.175,15056.79021
161.83499,0.91082,-1253.65300,396036.31578,3385569.50512,1.13506,0.00829,10492997.29247,2000-05-01T23:03:08.957,15057.05945
161.84500,0.26176,-1227.72535,395737.13730,3385633.02198,1.13573,0.00885,10547565.17662,2000-05-02T14:12:32.082,15063.55998
161.85500,0.77125,-1252.55399,395994.59542,3385585.16031,1.13465,0.00884,10590141.13838,2000-05-03T02:02:10.813,15071.66621
161.86501,0.54541,-1243.47715,395845.20703,3385587.07184,1.13011,0.00796,10584985.83641,2000-05-03T00:36:18.374,15070.76673
161.87500,0.33809,-1238.57867,395772.32735,3385628.09312,1.14129,0.00882,10429658.04444,2000-05-01T05:27:37.457,15045.63904
161.88500,0.75666,-1252.37232,395939.39262,3385612.82810,1.14289,0.01141,10489453.76483,2000-05-01T22:04:12.460,15051.60658
161.89500,0.55790,-1253.31574,395871.11801,3385618.24376,1.13636,0.00599,10477247.09303,2000-05-01T18:40:33.653,15050.19843
161.90501,0.46244,-1249.30514,395857.67790,3385565.32646,1.12930,0.00504,10535536.29504,2000-05-02T10:52:08.462,15063.19425
161.91500,0.49824,-1252.18163,395822.54048,3385616.98056,1.13346,0.00632,10492764.12366,2000-05-01T22:59:12.697,15053.28282
161.92501,0.96922,-1268.55753,396050.33912,3385550.07610,1.13791,0.00540,10375470.70667,2000-04-30T14:24:16.450,15034.93636
161.93498,0.45035,-1254.83625,395806.82550,3385634.30439,1.13286,0.00598,10538211.85695,2000-05-02T11:36:35.959,15066.48341
161.94500,0.54845,-1260.08456,395891.42631,3385573.11914,1.13401,0.00612,10487941.44717,2000-05-01T21:38:52.017,15053.47871
161.95500,0.63487,-1262.83216,395888.09777,3385613.52956,1.13851,0.00614,10486809.97482,2000-05-01T21:19:57.003,15050.98363
161.96500,0.71504,-1269.12539,395921.44309,3385620.20155,1.13811,0.00581,10460712.87910,2000-05-01T14:04:54.338,15051.91800
161.97501,0.47079,-1263.58651,395864.52541,3385595.33709,1.12746,0.00648,10465536.83027,2000-05-01T15:25:26.125,15049.27801
161.98498,0.92071,-1283.50821,396034.07835,3385583.48941,1.12872,0.00633,10528639.18254,2000-05-02T08:56:56.475,15065.25685
161.99498,0.65303,-1262.04992,395977.20672,3385560.26523,1.13222,0.00485,10576465.05505,2000-05-02T22:14:05.690,15064.66900
162.00499,0.66158,-1260.37750,395904.90020,3385599.81266,1.13339,0.00631,10408347.13660,2000-04-30T23:32:10.920,15040.48738
162.01501,0.79814,-1266.24797,395983.74971,3385585.06138,1.13234,0.00522,10566192.44795,2000-05-02T19:22:52.681,15065.51521
162.02499,0.62080,-1262.92350,395895.39257,3385626.24915,1.13095,0.00654,10559105.16324,2000-05-02T17:24:57.254,15066.29947
162.03499,0.82140,-1270.87249,396015.89691,3385590.87991,1.13252,0.00650,10571299.76816,2000-05-02T20:48:12.950,15065.93257
162.04499,0.36549,-1252.35250,395789.30791,3385614.57080,1.12743,0.00539,10490690.10979,2000-05-01T22:24:30.735,15051.90308
162.05500,0.59974,-1264.49968,395906.28799,3385588.66594,1.13184,0.00612,10498114.98886,2000-05-02T00:28:27.738,15057.88190
162.06501,0.85782,-1274.59865,396019.36815,3385598.30522,1.13247,0.00560,10604770.90306,2000-05-03T06:05:59.514,15068.70141
162.07500,0.35092,-1252.07307,395791.57905,3385605.03649,1.12961,0.00612,10489360.27645,2000-05-01T22:02:23.542,15052.11976
162.08499,0.68994,-1264.71905,395934.87987,3385574.13921,1.13309,0.00576,10523227.46192,2000-05-02T07:26:49.772,15055.45739
162.09501,0.92116,-1276.36060,396014.15685,3385588.79265,1.13563,0.00595,10518075.75687,2000-05-02T06:01:04.452,15062.52525
162.10502,0.24781,-1244.75835,395725.47085,3385616.33713,1.13161,0.00506,10492498.67027,2000-05-01T22:54:44.964,15053.81326
162.11498,0.53175,-1253.23047,395884.69925,3385622.53063,1.13798,0.00579,10596566.60038,2000-05-03T03:49:11.750,15071.41787
162.12500,0.66769,-1251.69372,395922.31245,3385578.88738,1.13466,0.00503,10526124.26709,2000-05-02T08:15:13.109,15056.51362
162.13500,0.69763,-1262.91890,395913.31889,3385626.40012,1.13554,0.00597,10526937.78742,2000-05-02T08:28:49.099,15062.54079
162.14498,0.19993,-1235.76930,395695.52550,3385619.65346,1.13818,0.00595,10570530.32792,2000-05-02T20:35:12.788,15065.01466
162.15500,0.55794,-1252.33839,395848.34766,3385610.25644,1.13837,0.00560,10573602.06118,2000-05-02T21:26:35.006,15062.79037
162.16499,0.42218,-1255.72383,395833.83781,3385586.72385,1.13847,0.00577,10507828.31284,2000-05-02T03:10:14.221,15061.53155
162.17501,0.37993,-1255.01040,395846.67091,3385575.82960,1.13405,0.00559,10499173.01912,2000-05-02T00:45:59.258,15053.35281
162.18500,0.40695,-1254.48106,395840.97289,3385580.43765,1.13100,0.00485,10522715.54824,2000-05-02T07:18:23.331,15058.98814
162.19502,0.87569,-1280.13697,396016.44869,3385588.72826,1.12155,0.00577,10599772.12485,2000-05-03T04:42:44.826,15069.14564
162.20500,0.69979,-1272.09145,395916.53593,3385617.17690,1.12501,0.00544,10631164.31809,2000-05-03T13:25:56.079,15076.17030
162.21500,0.17753,-1250.10128,395759.18584,3385569.01810,1.12740,0.00536,10499395.05507,2000-05-02T00:49:40.091,15055.70830
162.22502,0.76825,-1272.40956,396013.35369,3385567.12949,1.13480,0.00593,10625200.95889,2000-05-03T11:46:38.025,15075.48400
162.23500,0.68542,-1271.35458,395979.06888,3385586.95727,1.13289,0.00504,10633565.74231,2000-05-03T14:06:01.169,15073.55658
162.24500,0.48608,-1263.30284,395862.32736,3385608.30598,1.13071,0.00620,10485013.05157,2000-05-01T20:50:10.906,15055.02039
162.25502,0.85239,-1283.55523,395991.91077,3385608.89139,1.13248,0.00537,10554524.79387,2000-05-02T16:08:35.415,15068.34403
162.26500,0.59210,-1269.09622,395901.81253,3385614.26978,1.13695,0.00570,10614363.42136,2000-05-03T08:45:57.282,15073.30889
162.27499,0.57583,-1265.63088,395909.95461,3385602.43124,1.13537,0.00575,10495504.46405,2000-05-01T23:44:50.692,15056.70521
162.28499,0.55268,-1264.77212,395898.72713,3385600.51524,1.14289,0.00538,10507121.48887,2000-05-02T02:58:36.518,15053.42120
162.29500,0.60748,-1269.45899,395966.34631,3385583.48973,1.13803,0.00503,10514563.80956,2000-05-02T05:02:38.072,15054.33297
162.30500,0.56860,-1266.16194,395902.50007,3385613.07526,1.14399,0.00725,10568696.71661,2000-05-02T20:04:50.558,15068.46354
162.31500,0.86462,-1280.50636,396070.76717,3385569.58955,1.13863,0.00699,10602411.38626,2000-05-03T05:26:45.212,15074.45372
162.32499,0.43220,-1263.29461,395882.84379,3385595.09553,1.13741,0.00875,10469109.45425,2000-05-01T16:24:54.940,15050.89427
162.33500,0.52684,-1271.62223,395881.77859,3385639.90250,1.13091,0.00505,10531271.53624,2000-05-02T09:41:00.268,15060.45413
162.34499,0.66995,-1277.07509,396048.68923,3385582.18364,1.14226,0.00574,10491476.38512,2000-05-01T22:37:43.177,15051.79453
162.35499,0.81721,-1278.86000,396079.22138,3385590.54045,1.13374,0.00567,10559465.01426,2000-05-02T17:30:55.808,15064.92617
162.36500,0.77675,-1281.56868,396169.89648,3385623.28371,1.13970,0.00592,10405190.97493,2000-04-30T22:39:32.679,15045.03549
162.37499,0.64167,-1275.24566,395888.13098,3385613.50565,1.12771,0.00553,10592931.19901,2000-05-03T02:48:39.348,15070.07826
162.38501,0.43208,-1266.71727,395825.53729,3385585.93768,1.13142,0.00520,10580008.92768,2000-05-02T23:13:21.828,15068.79071
162.39502,0.29317,-1264.56780,395751.27091,3385597.03415,1.12190,0.00515,10526678.82704,2000-05-02T08:24:26.254,15056.06002
162.40501,0.60070,-1273.27343,395892.87572,3385593.28684,1.12300,0.00613,10644106.68225,2000-05-03T17:01:31.146,15075.95940
162.41500,0.65842,-1271.04968,395897.99355,3385599.15953,1.12920,0.00481,10528040.26121,2000-05-02T08:47:05.737,15062.39405
162.42500,0.51959,-1271.40661,395844.94172,3385607.10444,1.12108,0.00633,10571710.19960,2000-05-02T20:54:51.001,15068.41677
162.43500,0.64442,-1267.90305,395963.31031,3385569.33943,1.11714,0.00479,10564140.51274,2000-05-02T18:48:45.699,15062.38400
162.44500,0.57222,-1269.76790,395865.23078,3385578.62816,1.12145,0.00744,10536245.57393,2000-05-02T11:03:49.729,15058.72036
162.45501,0.55891,-1268.09498,395880.12788,3385576.42873,1.11529,0.00649,10431422.04689,2000-05-01T05:56:48.860,15045.76383
162.46502,0.60203,-1276.77441,395886.80795,3385620.01102,1.12259,0.00778,10488228.07443,2000-05-01T21:43:45.497,15054.50766
162.47500,0.74876,-1283.62996,395927.02631,3385580.30244,1.11723,0.00732,10496805.15101,2000-05-02T00:06:38.157,15055.64400
162.48499,0.58274,-1278.22980,395887.73961,3385603.52185,1.11925,0.00761,10566736.27555,2000-05-02T19:32:06.458,15066.01764
162.49500,0.36559,-1258.83304,395840.92554,3385549.99727,1.11501,0.00837,10579921.17435,2000-05-02T23:11:59.789,15064.73331
162.50499,0.61899,-1272.78324,395888.68188,3385579.34188,1.11986,0.00667,10554473.45042,2000-05-02T16:07:47.621,15063.19133
162.51499,0.49844,-1270.00999,395806.27273,3385603.06052,1.11467,0.00677,10627775.90931,2000-05-03T12:29:33.914,15080.33443
162.52499,0.75798,-1287.89392,395970.15656,3385575.54032,1.11765,0.00720,10614704.67412,2000-05-03T08:51:40.490,15071.34520
162.53499,0.46069,-1270.90759,395841.42091,3385593.42875,1.12090,0.00668,10632817.41132,2000-05-03T13:53:41.326,15073.91091
162.54501,0.56173,-1283.39486,395897.41380,3385605.38456,1.12532,0.00859,10769618.14424,2000-05-05T03:53:46.991,15095.21202
162.55501,0.08575,-1265.22645,395661.92348,3385624.39074,1.12670,0.00826,10574153.79999,2000-05-02T21:35:58.201,15065.35639
162.56499,0.47481,-1276.01694,395868.96329,3385566.12584,1.12573,0.00804,10510150.70529,2000-05-02T03:49:06.510,15057.55236
162.57500,0.35703,-1276.10567,395807.95511,3385599.98603,1.12110,0.00892,10680274.95327,2000-05-04T03:04:34.702,15081.85944
162.58501,0.56771,-1279.60229,395877.29236,3385576.59454,1.11737,0.00785,10580034.54019,2000-05-02T23:13:51.499,15068.54250
162.59500,0.31951,-1271.82762,395789.43545,3385592.24662,1.11923,0.00803,10636403.73096,2000-05-03T14:53:15.727,15075.52847
162.60500,0.69458,-1287.71115,395910.10701,3385599.64875,1.11835,0.00996,10630704.47125,2000-05-03T13:18:21.140,15077.62210
162.61500,0.21024,-1273.27733,395742.82503,3385578.63848,1.11873,0.00541,10595164.10612,2000-05-03T03:25:58.657,15068.53456
162.62501,0.43042,-1283.76226,395835.04697,3385597.34736,1.11793,0.00584,10598783.78310,2000-05-03T04:26:10.670,15069.84764
162.63502,0.74391,-1292.18091,395938.91838,3385574.75490,1.12482,0.00594,10628088.40375,2000-05-03T12:34:33.283,15073.22190
162.64501,0.31204,-1271.31403,395808.56800,3385568.71494,1.12273,0.00510,10489804.21227,2000-05-01T22:10:00.482,15053.62730
162.65501,0.25841,-1276.37951,395759.72457,3385599.81515,1.11923,0.00695,10497387.17791,2000-05-02T00:16:11.594,15056.38218
162.66500,0.40621,-1287.07555,395868.79641,3385551.50915,1.12204,0.00540,10441433.21865,2000-05-01T08:43:48.245,15045.30212
162.67502,0.38042,-1286.81304,395855.21292,3385568.63051,1.12269,0.00535,10578689.34384,2000-05-02T22:51:16.712,15066.66058
162.68501,0.79209,-1304.39135,396013.89773,3385557.45261,1.12607,0.00576,10551607.04205,2000-05-02T15:20:01.756,15063.93490
162.69501,0.51165,-1294.01732,395911.56300,3385556.88674,1.12480,0.00590,10534447.31228,2000-05-02T10:34:01.069,15062.22733
162.70499,0.54498,-1296.69684,395926.61267,3385555.40556,1.11971,0.00591,10681498.24188,2000-05-04T03:24:54.296,15083.37879
162.71499,0.38842,-1295.82066,395951.87160,3385543.85709,1.12715,0.00610,10638841.93801,2000-05-03T15:33:54.664,15073.08534
162.72499,0.50667,-1299.08840,395907.14918,3385546.07801,1.12826,0.00645,10469092.52964,2000-05-01T16:24:48.692,15050.83382
162.73500,0.93673,-1318.21541,396085.14750,3385510.34260,1.13043,0.00651,10562156.65732,2000-05-02T18:15:39.753,15063.58883
162.74501,0.27868,-1300.95535,395786.25694,3385587.46089,1.12796,0.00608,10476346.00524,2000-05-01T18:25:39.383,15050.01709
162.75501,0.29934,-1289.69593,395850.01543,3385550.02124,1.13216,0.00641,10482157.95339,2000-05-01T20:02:24.836,15053.19156
162.76500,0.16471,-1282.56453,395741.08868,3385581.28312,1.13294,0.00557,10596661.37927,2000-05-03T03:51:03.837,15069.45734
162.77499,0.23490,-1285.33840,395711.71565,3385609.99772,1.13092,0.00607,10529145.69859,2000-05-02T09:05:34.676,15060.10670
162.78500,0.29534,-1282.79135,395769.64811,3385581.89663,1.13152,0.00591,10569904.94355,2000-05-02T20:25:08.428,15067.48604
162.79501,0.59219,-1296.47704,395875.07341,3385577.36927,1.12973,0.00799,10622351.28961,2000-05-03T10:59:03.338,15074.98623
162.80501,0.21817,-1281.07833,395710.15027,3385621.96362,1.13042,0.00854,10563574.07753,2000-05-02T18:39:29.700,15067.06912
162.81499,0.19093,-1279.27869,395736.57189,3385597.85421,1.13568,0.01014,10546501.92286,2000-05-02T13:54:54.131,15061.74260
162.82500,0.18785,-1277.51026,395788.45602,3385592.99323,1.13934,0.00872,10561902.24859,2000-05-02T18:11:37.838,15060.31661
162.83500,0.31373,-1280.96144,395767.23415,3385586.05739,1.13914,0.00897,10623975.60084,2000-05-03T11:26:07.360,15074.51443
162.84501,0.43641,-1283.69045,395815.11876,3385580.30481,1.13119,0.00834,10501638.36322,2000-05-02T01:27:04.795,15056.95746
162.85501,0.45136,-1282.83831,395856.66069,3385597.83869,1.13222,0.00784,10586388.62209,2000-05-03T00:59:46.107,15066.62082
162.86499,0.18630,-1274.70303,395687.56121,3385638.87284,1.13470,0.00960,10546664.85469,2000-05-02T13:57:37.117,15064.74291
162.87500,0.56482,-1289.33582,395880.96481,3385570.56728,1.12761,0.00929,10644317.77406,2000-05-03T17:05:15.755,15075.72419
162.88499,0.45511,-1281.58771,395801.09224,3385596.70725,1.12828,0.01036,10609493.23759,2000-05-03T07:24:48.126,15072.29596
162.89498,0.58724,-1289.39396,395869.73004,3385605.77042,1.13267,0.01057,10585797.65731,2000-05-03T00:49:49.957,15064.68329
162.90499,0.43413,-1283.08497,395841.90792,3385602.10945,1.13336,0.00946,10564740.53232,2000-05-02T18:58:54.592,15066.02593
162.91502,0.31459,-1276.09716,395827.02186,3385591.17192,1.12787,0.01073,10579912.19997,2000-05-02T23:11:41.570,15071.49926
162.92501,0.71390,-1294.02383,395923.28771,3385588.25193,1.12875,0.01170,10547254.48075,2000-05-02T14:07:22.564,15063.82889
162.93499,0.20897,-1273.44304,395753.34797,3385589.49286,1.14115,0.01075,10553619.14306,2000-05-02T15:53:43.814,15063.14032
162.94499,-0.05723,-1259.91132,395561.10620,3385611.96693,1.12582,0.01109,10525394.38920,2000-05-02T08:03:15.764,15059.77361
162.95500,0.21670,-1275.88487,395705.27087,3385559.86909,1.12586,0.00979,10613717.61376,2000-05-03T08:35:14.489,15071.13589
162.96501,0.28710,-1277.93305,395761.33696,3385555.08216,1.12460,0.00866,10561080.87080,2000-05-02T17:58:05.391,15065.69851
162.97501,0.47893,-1287.67732,395764.05484,3385593.98450,1.13150,0.00844,10577006.95468,2000-05-02T22:23:23.519,15066.16266
162.98500,0.03231,-1270.64944,395548.82903,3385592.67762,1.12081,0.00835,10560436.16237,2000-05-02T17:47:14.509,15064.04622
162.99500,0.39838,-1286.11083,395733.73430,3385558.50204,1.12544,0.00851,10571165.69647,2000-05-02T20:46:03.250,15060.77640
163.00500,0.56384,-1297.61025,395873.77014,3385537.91706,1.12910,0.00855,10506091.72280,2000-05-02T02:41:36.239,15056.24551
163.01499,0.40319,-1291.95498,395785.81854,3385582.82844,1.12495,0.00928,10639925.22747,2000-05-03T15:51:55.292,15076.56209
163.02500,0.10742,-1281.02263,395653.89741,3385557.12960,1.13309,0.00870,10501035.16563,2000-05-02T01:17:08.227,15055.27207
163.03499,0.06293,-1277.18999,395718.55784,3385543.90495,1.13046,0.01106,10590501.79877,2000-05-03T02:08:18.238,15066.26324
163.04500,0.33039,-1294.43904,395787.20692,3385590.68362,1.13114,0.01227,10624300.09514,2000-05-03T11:31:35.683,15076.51651
163.05499,-0.00673,-1277.05117,395615.10704,3385587.75425,1.13262,0.01377,10638395.62078,2000-05-03T15:26:34.879,15074.02851
163.06501,0.32133,-1291.64279,395774.74131,3385542.94848,1.13110,0.01171,10576707.09606,2000-05-02T22:18:20.349,15066.41577
163.07499,0.50338,-1303.31897,395836.24126,3385553.15978,1.13042,0.01292,10429423.39995,2000-05-01T05:23:42.823,15047.86838
163.08501,-0.24682,-1271.50265,395520.74458,3385569.73697,1.13346,0.01259,10552185.00709,2000-05-02T15:29:40.682,15063.08825
163.09501,0.35839,-1299.97287,395765.73596,3385563.83744,1.13765,0.01205,10512287.91361,2000-05-02T04:24:46.103,15057.93879
163.10501,0.21725,-1291.43896,395695.27064,3385580.52732,1.13277,0.00995,10449416.77134,2000-05-01T10:56:42.825,15049.51795
163.11501,0.23775,-1289.72555,395813.92177,3385569.21234,1.13672,0.00974,10458867.30143,2000-05-01T13:34:25.162,15049.13557
163.12501,0.15588,-1279.47923,395771.36354,3385573.43331,1.13615,0.00828,10546204.87378,2000-05-02T13:49:53.830,15064.16442
163.13502,0.12339,-1280.66341,395765.49372,3385571.13308,1.13723,0.00791,10459652.22882,2000-05-01T13:47:35.167,15049.48705
163.14502,0.46570,-1289.27155,395941.84452,3385562.45117,1.13829,0.00648,10511550.77631,2000-05-02T04:12:25.965,15055.20536
163.15500,0.53077,-1295.96893,395916.62063,3385565.93332,1.13645,0.00774,10585592.96867,2000-05-03T00:46:27.802,15069.28513
163.16502,-0.00582,-1271.70618,396085.15780,3385632.00445,1.14585,0.00911,10660460.51858,2000-05-03T21:34:12.412,15078.02679
163.17501,0.37477,-1290.85146,395892.85076,3385565.29886,1.13246,0.00679,10654988.86285,2000-05-03T20:03:08.175,15075.68788
163.18501,-0.04478,-1278.33088,395493.25084,3385605.90995,1.13043,0.00806,10431402.31070,2000-05-01T05:56:36.460,15048.79928
163.19502,0.26191,-1283.96244,395597.20885,3385609.78146,1.13035,0.00775,10511882.58276,2000-05-02T04:18:06.302,15056.22274
163.20500,0.17422,-1275.69977,395621.70675,3385577.23694,1.12877,0.00736,10522164.12300,2000-05-02T07:09:22.049,15061.49599
163.21499,0.53318,-1288.96231,395767.94016,3385570.21613,1.13135,0.00806,10535073.99540,2000-05-02T10:44:31.811,15060.48483
163.22501,0.22632,-1275.92795,395660.48132,3385562.49131,1.14287,0.00717,10531845.93792,2000-05-02T09:50:40.936,15060.45678
163.23500,0.20302,-1276.05662,395618.40556,3385576.30872,1.13481,0.00754,10491773.28853,2000-05-01T22:43:01.986,15054.20434
163.24499,0.33284,-1284.08772,395680.41466,3385589.19922,1.13757,0.00738,10536211.99227,2000-05-02T11:03:27.948,15060.73723
163.25498,0.48705,-1289.79174,395720.15639,3385583.62383,1.12926,0.00774,10412392.20481,2000-05-01T00:40:00.680,15041.21711
163.26501,0.01868,-1272.85875,395605.96277,3385565.63887,1.13156,0.00735,10502859.99929,2000-05-02T01:47:35.922,15054.37203
163.27499,0.43136,-1288.18368,395683.07805,3385601.67592,1.13294,0.00935,10591638.99189,2000-05-03T02:27:22.273,15070.20043
163.28500,-0.03620,-1266.60103,395525.70264,3385598.81402,1.13415,0.00771,10434826.56305,2000-05-01T06:53:50.460,15043.72583
163.29500,0.20493,-1274.17105,395655.87860,3385568.94973,1.12765,0.00756,10514512.40311,2000-05-02T05:01:51.448,15060.66945
163.30500,0.15723,-1272.90756,395627.71178,3385592.10490,1.13348,0.00829,10517021.87017,2000-05-02T05:43:43.976,15057.98601
163.31500,0.39337,-1281.12384,395706.83347,3385574.97667,1.13228,0.00881,10420118.80722,2000-05-01T02:48:38.087,15044.37273
163.32500,-0.09667,-1263.17632,395610.91006,3385549.40047,1.13603,0.00798,10406124.85395,2000-04-30T22:55:30.135,15044.45310
163.33499,0.23787,-1279.51085,395716.31663,3385558.47230,1.12732,0.00827,10453412.19606,2000-05-01T12:03:31.669,15048.12264
163.34500,0.37364,-1282.70046,395728.88567,3385600.47781,1.13151,0.00855,10471995.04666,2000-05-01T17:13:16.600,15052.93840
163.35499,0.12742,-1263.81518,395629.04095,3385556.15398,1.12655,0.00880,10462434.63897,2000-05-01T14:33:49.259,15051.54730
163.36499,-0.04962,-1253.90545,395525.56646,3385612.48115,1.13089,0.00822,10510299.28382,2000-05-02T03:51:36.211,15058.61604
163.37499,0.34760,-1268.16800,395753.35492,3385545.43172,1.13116,0.00651,10432192.30624,2000-05-01T06:09:44.930,15046.95296
163.38499,0.18883,-1264.70371,395637.97174,3385589.78498,1.12834,0.00775,10409610.16134,2000-04-30T23:53:28.171,15037.25980
163.39498,0.17222,-1268.47909,395647.98299,3385562.61390,1.11796,0.00867,10433708.20343,2000-05-01T06:35:08.040,15047.95074
163.40500,0.02111,-1264.69096,395625.84736,3385547.39694,1.12027,0.00861,10469044.93312,2000-05-01T16:23:54.645,15053.01908
163.41502,0.53030,-1279.33816,395828.73027,3385538.19227,1.12627,0.00851,10440016.41045,2000-05-01T08:20:07.844,15050.68839
163.42500,-0.06026,-1255.98039,395604.40970,3385553.76849,1.12842,0.00756,10497493.95454,2000-05-02T00:18:18.325,15054.76998
163.43501,0.02036,-1259.73846,395632.09376,3385548.75288,1.12443,0.00941,10381972.06544,2000-04-30T16:12:50.384,15039.00707
163.44502,0.49145,-1278.40356,395834.26678,3385579.77135,1.12517,0.00783,10456827.77099,2000-05-01T13:00:25.212,15049.73390
163.45501,0.20292,-1260.82167,395763.46467,3385569.25800,1.12717,0.00684,10456768.00156,2000-05-01T12:59:27.422,15049.57207
163.46500,0.05029,-1257.21450,395573.19632,3385579.09597,1.12612,0.00545,10420168.59510,2000-05-01T02:49:29.363,15040.42235
163.47500,0.21259,-1269.34453,395697.12514,3385543.07911,1.12010,0.00557,10449429.25474,2000-05-01T10:57:10.448,15045.17123
163.48500,-0.18672,-1254.23296,395570.00007,3385593.56537,1.12021,0.00560,10423448.54653,2000-05-01T03:44:09.045,15046.48181
163.49500,0.39886,-1272.28051,395831.30187,3385543.40342,1.12718,0.00487,10551992.41395,2000-05-02T15:26:36.210,15062.39781
163.50502,-0.04944,-1260.61021,395608.45718,3385559.37993,1.12280,0.00628,10391881.01976,2000-04-30T18:57:53.725,15039.63239
163.51501,0.45127,-1281.05756,395796.98084,3385561.43033,1.12260,0.00596,10514758.53122,2000-05-02T05:05:50.736,15059.88879
163.52500,0.03761,-1262.17529,395697.08083,3385546.02784,1.12916,0.00558,10441379.32748,2000-05-01T08:43:00.078,15045.35161
163.53500,0.13960,-1273.33743,395796.66933,3385549.95909,1.12726,0.00594,10408513.43065,2000-04-30T23:35:10.445,15043.18078
163.54501,0.58895,-1292.77835,396004.85660,3385537.70873,1.13466,0.00522,10455466.76032,2000-05-01T12:37:46.261,15047.78249
163.55498,-0.00947,-1270.39539,395830.77541,3385533.81795,1.12625,0.00521,10399657.27835,2000-04-30T21:07:41.298,15042.57459
163.56499,-0.33323,-1257.40466,395717.55714,3385577.35718,1.13332,0.00539,10402180.59852,2000-04-30T21:49:47.167,15038.40943
163.57501,0.25357,-1271.77514,396085.17488,3385504.20639,1.13098,0.00556,10385762.03531,2000-04-30T17:16:16.118,15041.67622
163.58499,0.03078,-1265.63381,395780.81473,3385553.62163,1.13097,0.00581,10453087.09558,2000-05-01T11:58:21.890,15047.08170
163.59501,-0.42479,-1238.91898,396055.22809,3385527.85981,1.13617,0.00792,10369052.85699,2000-04-30T12:37:50.374,15037.70342
163.60499,-0.26515,-1251.33984,395973.75861,3385547.61658,1.13355,0.00692,10417116.00008,2000-05-01T01:58:44.855,15046.34407
163.61498,0.41480,-1287.88257,395852.12066,3385535.35905,1.12337,0.00776,10375913.88450,2000-04-30T14:32:02.493,15043.81808
163.62501,0.26693,-1280.89644,395749.98682,3385542.94111,1.12561,0.00793,10488705.59397,2000-05-01T21:51:55.405,15053.48004
163.63502,0.17328,-1277.55484,395672.51875,3385566.46012,1.12588,0.00707,10492830.47232,2000-05-01T23:00:31.593,15054.55877
163.64500,0.12964,-1272.68483,395633.57818,3385564.79418,1.12942,0.00739,10532552.28398,2000-05-02T10:02:29.819,15065.62615
163.65500,0.29282,-1277.50490,395723.49588,3385542.76556,1.12627,0.00790,10445280.80401,2000-05-01T09:48:02.154,15046.65193
163.66501,0.10716,-1267.31379,395651.90323,3385581.46294,1.12515,0.00793,10559884.02184,2000-05-02T17:38:05.631,15063.04534
163.67500,0.16558,-1266.87066,395652.57593,3385545.44704,1.12138,0.00776,10424575.41341,2000-05-01T04:02:56.228,15045.28887
163.68499,0.23870,-1268.01271,395703.55785,3385512.42962,1.12507,0.00825,10530938.57354,2000-05-02T09:35:45.953,15057.79053
163.69502,-0.11225,-1257.69757,395526.76321,3385589.03862,1.12773,0.00831,10608971.77808,2000-05-03T07:16:10.207,15072.72308
163.70501,0.41603,-1274.60823,395695.52549,3385580.03473,1.11964,0.00827,10469510.61630,2000-05-01T16:31:56.131,15053.89426
163.71500,-0.27644,-1247.11044,395393.34937,3385582.20572,1.12541,0.00836,10517705.48957,2000-05-02T05:55:06.164,15055.97733
163.72502,0.40981,-1273.23480,395842.83559,3385551.34627,1.12642,0.00775,10431429.80722,2000-05-01T05:57:05.655,15044.34665
163.73499,0.31990,-1266.10704,395746.54404,3385556.60071,1.12340,0.00810,10533433.80629,2000-05-02T10:17:11.317,15063.37801
163.74501,0.30048,-1260.80761,395716.37932,3385562.07720,1.13009,0.00773,10524815.70318,2000-05-02T07:53:33.935,15057.76522
163.75499,0.04669,-1255.80855,395627.70102,3385589.01542,1.12878,0.00757,10540446.82094,2000-05-02T12:14:12.410,15057.77451
163.76500,-0.05349,-1247.52572,395567.03474,3385568.26813,1.13269,0.00772,10572180.84223,2000-05-02T21:02:59.933,15064.57751
163.77499,0.28703,-1260.54289,395632.22561,3385587.76782,1.13150,0.00831,10516986.37031,2000-05-02T05:43:02.760,15057.71092
163.78501,0.44323,-1268.94324,395769.13128,3385567.42151,1.12516,0.00719,10461795.90029,2000-05-01T14:23:19.412,15051.37873
163.79501,-0.13407,-1243.68546,395596.52311,3385569.22792,1.13199,0.00810,10431074.53712,2000-05-01T05:51:08.192,15045.34358
163.80499,0.24931,-1256.24956,395788.54457,3385533.03629,1.13439,0.00791,10600192.14230,2000-05-03T04:50:02.949,15070.44536
163.81501,0.01847,-1248.11082,395643.27154,3385567.67119,1.13527,0.00738,10456405.62538,2000-05-01T12:53:21.311,15050.40958
163.82500,0.28908,-1262.90098,395724.16340,3385572.87099,1.13154,0.00777,10443005.98215,2000-05-01T09:10:03.305,15048.24435
163.83500,0.48286,-1265.91244,395794.65544,3385551.64559,1.13227,0.00938,10506276.17308,2000-05-02T02:44:39.878,15056.35490
163.84500,0.19009,-1257.11350,395737.98779,3385559.69479,1.12588,0.00960,10473563.84408,2000-05-01T17:39:26.866,15051.35728
163.85499,-0.14536,-1235.68524,395542.39484,3385561.85007,1.11865,0.01008,10373317.05238,2000-04-30T13:48:32.284,15033.67909
163.86498,0.24780,-1248.43253,395687.20442,3385581.59323,1.12016,0.00990,10501591.99250,2000-05-02T01:26:33.391,15057.37501
163.87499,0.15855,-1242.94927,395671.79806,3385574.02969,1.12876,0.01026,10494125.69461,2000-05-01T23:22:10.168,15053.34593
163.88502,0.00426,-1236.30769,395570.95236,3385585.20360,1.12513,0.00970,10531684.87806,2000-05-02T09:48:02.009,15057.77501
163.89500,0.56648,-1263.24472,395888.26743,3385539.31021,1.13034,0.00991,10532388.91114,2000-05-02T09:59:44.478,15059.13881
163.90499,0.03205,-1239.46783,395761.44395,3385588.08230,1.13658,0.00948,10529720.81026,2000-05-02T09:15:32.100,15054.43788
163.91500,0.37657,-1251.74861,396016.45437,3385522.60596,1.13213,0.01070,10450707.40596,2000-05-01T11:18:24.420,15050.92861
163.92500,0.04004,-1244.41646,395821.24308,3385564.27111,1.12888,0.00988,10388653.64854,2000-04-30T18:04:20.432,15039.56662
163.93500,-0.28453,-1223.39506,395768.86343,3385584.10335,1.13517,0.00982,10510791.70146,2000-05-02T04:00:08.441,15052.39599
163.94500,0.19585,-1241.16825,395964.36638,3385568.69245,1.12641,0.00824,10439315.13814,2000-05-01T08:08:47.839,15045.46086
163.95501,-0.00746,-1229.03881,395846.18064,3385573.33679,1.12705,0.00914,10465283.71236,2000-05-01T15:21:42.783,15048.07727
163.96500,0.27435,-1241.81540,395703.77052,3385564.36136,1.12470,0.00504,10438016.48424,2000-05-01T07:46:59.854,15046.92662
163.97499,0.02428,-1232.29928,395613.34336,3385577.91181,1.12137,0.00468,10521745.85924,2000-05-02T07:02:24.783,15052.77878
163.98500,0.17845,-1241.96286,395757.63211,3385594.05087,1.12549,0.00629,10454884.09184,2000-05-01T12:28:08.694,15049.38946
163.99501,0.28294,-1240.55718,395729.88018,3385589.07542,1.12557,0.00558,10608624.57055,2000-05-03T07:10:31.839,15071.99004
164.00501,0.29077,-1242.05006,395799.45919,3385561.48673,1.12860,0.00574,10387553.11047,2000-04-30T17:45:51.314,15038.05719
164.01500,0.36330,-1243.82831,395800.12952,3385572.36534,1.12794,0.00574,10476004.39131,2000-05-01T18:20:09.010,15053.52882
164.02500,-0.11131,-1222.30160,395623.81482,3385576.59400,1.13206,0.00521,10534767.92161,2000-05-02T10:39:27.571,15060.78997
164.03501,0.31841,-1247.08210,395815.24377,3385560.29211,1.13375,0.00626,10531601.31709,2000-05-02T09:46:45.927,15054.63921
164.04500,0.26281,-1242.30754,395710.33439,3385591.19021,1.12529,0.00522,10552539.14916,2000-05-02T15:35:47.687,15067.06786
164.05499,0.38646,-1246.96020,395794.33313,3385555.34282,1.12370,0.00503,10463796.08427,2000-05-01T14:56:30.487,15046.15252
164.06499,0.35553,-1240.02425,395832.58811,3385551.19382,1.12244,0.00554,10564966.63815,2000-05-02T19:02:49.017,15063.44328
164.07501,0.19143,-1240.76278,395726.53129,3385608.16954,1.12080,0.00593,10492567.62697,2000-05-01T22:56:15.921,15051.20463
164.08501,0.03710,-1229.09603,395700.05407,3385581.75351,1.11858,0.00538,10547897.46455,2000-05-02T14:18:20.377,15063.78465
164.09500,0.03511,-1225.09908,395812.81860,3385572.01087,1.12909,0.00624,10584969.58875,2000-05-03T00:36:15.653,15068.47034
164.10500,0.23043,-1242.47244,395804.98111,3385591.17671,1.12466,0.00683,10516267.61269,2000-05-02T05:31:10.350,15058.07739
164.11499,0.33022,-1253.75803,395801.34388,3385562.98928,1.12300,0.00611,10485873.39595,2000-05-01T21:04:28.037,15056.32370
164.12500,0.12038,-1244.98488,395673.86164,3385583.33171,1.12017,0.00521,10562198.82865,2000-05-02T18:16:33.847,15064.12376
164.13500,0.50194,-1256.13755,395829.71170,3385562.23931,1.11995,0.00557,10470956.77133,2000-05-01T16:55:55.067,15050.64164
164.14500,0.13129,-1234.45570,395668.20033,3385585.53017,1.12570,0.00610,10557759.15935,2000-05-02T17:02:38.310,15062.14573
164.15500,-0.16006,-1217.19570,395582.04446,3385582.22582,1.12994,0.00501,10486825.33043,2000-05-01T21:20:29.057,15049.82068
164.16499,0.35900,-1235.74988,395775.64462,3385569.98267,1.12115,0.00581,10565107.24361,2000-05-02T19:05:08.303,15068.92477
164.17500,0.11096,-1221.80156,395643.44462,3385587.35714,1.12649,0.00702,10626631.86905,2000-05-03T12:10:37.345,15070.53176
164.18500,0.29797,-1233.87614,395718.04036,3385580.29990,1.12978,0.00783,10517622.78247,2000-05-02T05:53:36.103,15056.98644
164.19500,0.30439,-1237.23666,395802.13384,3385586.15776,1.13102,0.00782,10544389.74109,2000-05-02T13:19:55.500,15060.82783
164.20500,0.43563,-1246.16296,395859.58946,3385606.66387,1.13622,0.00742,10478283.23806,2000-05-01T18:58:11.491,15050.81005
164.21499,-0.35063,-1209.32493,395558.33985,3385601.20946,1.13580,0.00644,10626054.00858,2000-05-03T12:00:59.389,15076.47611
164.22500,0.04871,-1222.93557,395662.68385,3385622.65279,1.13292,0.00664,10581231.24402,2000-05-02T23:34:00.170,15065.36429
164.23500,0.38925,-1233.28301,395851.77057,3385575.60439,1.13558,0.00681,10550429.35839,2000-05-02T15:00:39.784,15062.66332
164.24500,0.17599,-1227.49107,395671.40462,3385627.06901,1.13478,0.00629,10591011.69446,2000-05-03T02:17:04.999,15069.16197
164.25499,0.23823,-1231.49849,395726.85198,3385577.73939,1.13118,0.00501,10499745.67870,2000-05-02T00:55:54.228,15056.16431
164.26499,0.18242,-1232.38930,395739.48214,3385616.81569,1.13717,0.00538,10567334.65708,2000-05-02T19:42:17.290,15062.55054
164.27498,0.02302,-1223.52529,395765.61506,3385623.12817,1.14215,0.00555,10582729.43783,2000-05-02T23:59:08.468,15063.90996
164.28499,-0.18091,-1219.26175,395574.84949,3385632.31017,1.13429,0.00882,10476653.43153,2000-05-01T18:31:04.175,15051.92844
164.29501,0.25703,-1232.02176,395804.23044,3385589.47049,1.13944,0.00845,10575489.28762,2000-05-02T21:58:17.125,15068.96167
164.30498,-0.15336,-1212.01562,395676.65181,3385627.86585,1.13822,0.00863,10534315.58648,2000-05-02T10:32:06.065,15059.08410
164.31499,-0.08850,-1210.50880,395634.44638,3385586.80512,1.14140,0.01107,10437906.94069,2000-05-01T07:45:18.060,15046.00595
164.32500,0.37532,-1233.52158,395852.48567,3385598.10063,1.13866,0.01044,10467556.73674,2000-05-01T15:59:24.233,15049.08174
164.33499,0.32144,-1217.50691,395792.71079,3385598.15105,1.14032,0.01164,10555546.39197,2000-05-02T16:25:56.867,15060.43713
164.34500,-0.09594,-1203.38903,395573.97821,3385612.31222,1.12923,0.00787,10507939.80579,2000-05-02T03:12:28.761,15058.75990
164.35500,0.36800,-1227.57006,395799.31812,3385611.78186,1.12917,0.00830,10541520.84373,2000-05-02T12:32:11.235,15057.28667
164.36499,-0.18063,-1196.57205,395606.36287,3385595.87521,1.13691,0.00824,10513377.13397,2000-05-02T04:43:04.170,15058.43760
164.37500,-0.26511,-1192.03253,395581.74617,3385571.05084,1.13670,0.00642,10391955.92949,2000-04-30T18:59:24.701,15037.58780
164.38501,0.21675,-1214.59807,395779.62808,3385591.80400,1.13375,0.00593,10466430.28533,2000-05-01T15:40:36.283,15050.98987
164.39501,0.20153,-1211.28063,395823.28609,3385558.10190,1.13544,0.00518,10562016.55910,2000-05-02T18:13:43.782,15067.58780
164.40500,0.26827,-1218.01225,395734.88795,3385611.57255,1.13640,0.00575,10490418.26962,2000-05-01T22:20:22.948,15053.42135
164.41500,0.40001,-1226.15456,395742.93025,3385601.34858,1.13087,0.00541,10437282.34021,2000-05-01T07:34:44.966,15046.16793
164.42499,0.05172,-1208.20901,395678.69112,3385568.74219,1.12897,0.00574,10569822.35529,2000-05-02T20:23:46.189,15065.82027
164.43499,0.50625,-1228.31862,395866.72974,3385557.89234,1.12209,0.00537,10551212.13953,2000-05-02T15:13:41.854,15062.85237
164.44499,0.16299,-1224.24293,395734.60658,3385572.41277,1.12762,0.00496,10478160.41785,2000-05-01T18:56:02.111,15053.31725
164.45499,-0.34766,-1206.97863,395520.31859,3385609.68135,1.12566,0.00681,10551862.23181,2000-05-02T15:24:31.022,15060.59770
164.46499,0.44400,-1237.62979,395857.72523,3385591.69493,1.13445,0.00534,10493592.93073,2000-05-01T23:13:15.385,15055.26729
164.47500,0.53331,-1242.61080,395952.37280,3385507.99426,1.13285,0.00567,10484736.55211,2000-05-01T20:45:35.578,15054.94774
164.48501,-0.00375,-1219.34445,395759.38550,3385593.71757,1.12281,0.00619,10472919.74085,2000-05-01T17:28:56.665,15047.55429
164.49500,0.16877,-1228.98324,395808.19355,3385572.65855,1.12736,0.00549,10555710.32195,2000-05-02T16:28:41.442,15064.43474
164.50499,-0.00944,-1225.36770,395965.58125,3385569.99881,1.13468,0.00659,10470200.68461,2000-05-01T16:43:32.319,15051.29513
164.51501,0.53656,-1238.16066,395935.01159,3385539.12935,1.13379,0.00691,10546755.76863,2000-05-02T13:59:26.285,15062.36558
164.52500,0.41010,-1238.45812,395833.83726,3385594.47316,1.13204,0.00802,10475710.13154,2000-05-01T18:15:26.718,15051.85927
164.53500,0.06514,-1221.50161,395719.31810,3385596.23108,1.13522,0.00799,10567242.14117,2000-05-02T19:40:38.171,15063.25089
164.54501,0.31914,-1232.75320,395828.82981,3385546.57019,1.13967,0.00729,10479693.06043,2000-05-01T19:21:45.185,15053.58564
164.55502,0.34422,-1229.77243,395848.70689,3385581.20451,1.13605,0.00657,10499096.30778,2000-05-02T00:45:09.418,15054.36508
164.56500,-0.00918,-1217.03160,395726.25103,3385587.27280,1.13687,0.00479,10501135.16732,2000-05-02T01:19:07.652,15057.04068
164.57499,0.12077,-1219.34254,395752.10493,3385606.29315,1.13920,0.00532,10481157.90445,2000-05-01T19:46:12.902,15051.80013
164.58500,0.77935,-1250.48749,396097.55666,3385518.40807,1.13213,0.00695,10484419.45263,2000-05-01T20:40:31.052,15051.78369
164.59500,0.12528,-1227.89381,395720.09979,3385621.90886,1.13385,0.00544,10557010.15200,2000-05-02T16:50:06.677,15065.08159
164.60499,0.36920,-1232.49386,395863.28012,3385564.46995,1.13262,0.00622,10575566.50706,2000-05-02T21:59:37.192,15065.09930
164.61499,-0.12819,-1212.12830,395711.80582,3385578.06506,1.13100,0.00596,10456771.70780,2000-05-01T12:59:40.977,15050.07206
164.62499,0.03117,-1222.59957,395883.84156,3385572.28046,1.13403,0.00654,10364561.71323,2000-04-30T11:23:04.328,15035.76256
164.63500,0.62376,-1239.52188,395984.19122,3385550.51901,1.13257,0.00641,10526476.63049,2000-05-02T08:21:20.582,15061.22379
164.64501,0.20309,-1225.32238,395711.71531,3385608.95080,1.13316,0.00672,10579068.14864,2000-05-02T22:57:58.069,15062.40740
164.65501,0.12654,-1222.08054,395807.83654,3385557.72573,1.13376,0.00816,10462458.22913,2000-05-01T14:34:21.795,15049.45608
164.66501,0.30516,-1227.83399,395790.55295,3385548.68391,1.12990,0.00681,10545285.60434,2000-05-02T13:34:49.619,15061.48218
164.67500,0.35714,-1238.25339,395834.38041,3385574.77969,1.12809,0.00786,10413800.88148,2000-05-01T01:03:22.315,15039.89718
164.68498,0.10927,-1221.88218,395746.01210,3385537.23199,1.12960,0.00761,10486978.41186,2000-05-01T21:22:56.079,15050.61025
164.69504,-0.21637,-1218.00698,396146.03129,3385499.25298,1.13640,0.00842,10409495.29061,2000-04-30T23:51:55.722,15043.79421
164.70498,-0.85954,-1189.77568,395984.20141,3385554.23019,1.13660,0.00932,10331211.47575,2000-04-30T02:07:26.353,15031.60251
164.71499,-0.50730,-1198.57655,396243.54595,3385512.35167,1.14715,0.01298,10304821.32268,2000-04-29T18:47:38.525,15030.37985
164.72500,0.09356,-1221.22079,395996.20980,3385538.58127,1.13900,0.01108,10374845.64927,2000-04-30T14:14:12.217,15038.03895
164.73501,-0.54852,-1196.72464,395801.55455,3385556.24174,1.12871,0.00966,10399190.28062,2000-04-30T21:00:10.369,15038.92369
164.74500,-0.22317,-1212.75973,395688.82805,3385569.50963,1.13885,0.00898,10581014.88500,2000-05-02T23:30:25.638,15067.79158
164.75500,-0.22614,-1208.11762,395854.40784,3385555.02926,1.14067,0.00951,10313590.70986,2000-04-29T21:13:22.150,15027.53246
164.76501,-0.02681,-1221.01544,395773.20604,3385566.67668,1.12859,0.01106,10528003.07089,2000-05-02T08:46:51.374,15056.88894
164.77500,-0.38336,-1202.92721,395644.29739,3385588.24028,1.13467,0.01407,10461519.26972,2000-05-01T14:18:51.149,15052.87963
164.78500,-0.05988,-1218.03933,395857.61727,3385544.28404,1.13627,0.01345,10479083.56184,2000-05-01T19:11:39.129,15053.00245
164.79501,-0.86524,-1188.60707,395893.49667,3385538.02790,1.14595,0.01415,10284805.57633,2000-04-29T13:13:40.150,15019.99596
164.80497,-0.06988,-1221.64147,395883.94128,3385546.83963,1.13925,0.01292,10467482.01865,2000-05-01T15:58:17.365,15048.80309
164.81500,0.17219,-1228.64429,395876.12730,3385551.47648,1.14126,0.01087,10388576.65533,2000-04-30T18:02:47.295,15038.80345
164.82501,0.25884,-1227.84353,395935.37603,3385503.98955,1.14139,0.01170,10425947.21092,2000-05-01T04:25:48.989,15046.08624
164.83500,0.09532,-1228.43801,395693.49405,3385569.56472,1.13997,0.01243,10492799.38530,2000-05-01T22:59:49.818,15052.05452
164.84500,0.64711,-1251.38333,396023.86315,3385518.61360,1.13194,0.01241,10280790.00863,2000-04-29T12:06:17.288,15024.08786
164.85499,0.13800,-1234.50095,395758.89575,3385536.82859,1.12739,0.01265,10450464.17076,2000-05-01T11:14:20.774,15048.69354
164.86499,0.02181,-1227.90417,395709.23449,3385596.67629,1.13583,0.01336,10579566.87380,2000-05-02T23:06:09.492,15066.15058
164.87499,-0.28496,-1212.48445,395614.64783,3385580.02959,1.13638,0.01135,10484956.52947,2000-05-01T20:49:20.417,15052.42055
164.88500,0.17254,-1224.26427,395804.19579,3385573.86087,1.13960,0.01221,10493580.24304,2000-05-01T23:13:02.966,15056.52249
164.89501,0.75218,-1240.68131,396244.59532,3385497.76169,1.14524,0.01038,10482244.50372,2000-05-01T20:04:01.758,15050.59959
164.90499,-0.16015,-1216.28821,395670.67239,3385603.28991,1.13406,0.01224,10416373.15245,2000-05-01T01:46:15.834,15043.81790
164.91500,0.16242,-1234.16949,395765.29947,3385585.71308,1.13816,0.01172,10500656.73205,2000-05-02T01:10:53.294,15056.55865
164.92501,0.28997,-1232.28268,395873.33531,3385548.27098,1.14152,0.01150,10537843.46821,2000-05-02T11:30:53.196,15057.12804
164.93500,0.41115,-1242.05016,395920.03806,3385580.07066,1.14117,0.01182,10476094.22369,2000-05-01T18:21:36.897,15048.17849
164.94500,0.24291,-1232.97449,395827.24575,3385572.03601,1.14440,0.01113,10418875.08395,2000-05-01T02:27:54.885,15045.35913
164.95498,0.05608,-1228.13482,395788.74123,3385608.40592,1.14095,0.01193,10457309.05532,2000-05-01T13:08:35.561,15048.25822
164.96502,0.17278,-1227.50054,395868.31496,3385533.82692,1.14068,0.01144,10476732.48052,2000-05-01T18:32:12.790,15048.46511
164.97503,-0.12039,-1216.54183,395706.98408,3385585.30291,1.14170,0.01205,10570007.66902,2000-05-02T20:26:51.674,15067.62890
164.98500,-0.09531,-1221.49827,395745.09789,3385567.09496,1.13370,0.01151,10438825.82733,2000-05-01T08:00:22.484,15044.57419
164.99501,0.32572,-1237.39114,395879.23914,3385567.39724,1.13081,0.01184,10443998.73229,2000-05-01T09:26:37.679,15045.52066
165.00499,0.36106,-1235.29369,395970.40715,3385565.62118,1.13672,0.01040,10450131.96827,2000-05-01T11:08:50.526,15046.92656
165.01499,0.27231,-1234.80531,395920.79937,3385543.90444,1.13403,0.01157,10394560.35613,2000-04-30T19:42:37.202,15039.74374
165.02498,0.45129,-1235.55751,396151.73799,3385539.34153,1.14889,0.00954,10387987.55064,2000-04-30T17:53:06.810,15037.84431
165.03501,0.29531,-1238.76291,395953.39390,3385549.77248,1.14053,0.00929,10403195.65924,2000-04-30T22:06:32.879,15045.00471
165.04499,0.04835,-1231.70172,395900.52164,3385562.29893,1.14124,0.00882,10490142.91274,2000-05-01T22:15:53.849,15055.27049
165.05500,0.11874,-1231.55695,395800.79196,3385550.86493,1.13814,0.00993,10462352.05865,2000-05-01T14:32:34.828,15049.58558
165.06500,0.30541,-1246.99555,395815.87462,3385552.90254,1.13225,0.01003,10579756.74504,2000-05-02T23:09:14.795,15064.39992
165.07500,0.14332,-1234.29846,395813.41703,3385570.26870,1.13440,0.00996,10458044.31310,2000-05-01T13:20:40.798,15052.22124
165.08499,0.07538,-1223.84545,395909.54119,3385537.96794,1.13637,0.00934,10354230.35772,2000-04-30T08:30:30.477,15030.28078
165.09500,0.82619,-1257.29069,396250.70432,3385539.79272,1.14078,0.00966,10431096.10196,2000-05-01T05:51:25.604,15047.35165
165.10499,0.39643,-1237.26438,395949.44422,3385532.26972,1.13805,0.01001,10417971.60372,2000-05-01T02:12:48.578,15042.57654
165.11500,0.31193,-1240.39896,395938.47576,3385568.63767,1.13447,0.00898,10421816.80452,2000-05-01T03:16:59.937,15044.24080
165.12498,0.13041,-1237.94670,395891.00547,3385572.15080,1.13260,0.00969,10507852.21278,2000-05-02T03:10:54.057,15055.02297
165.13500,-0.07081,-1235.91382,395838.77459,3385556.40883,1.13032,0.00930,10475428.46327,2000-05-01T18:10:38.894,15050.21235
165.14502,-0.88243,-1207.30113,396143.36297,3385535.70926,1.14910,0.00958,10414627.15564,2000-05-01T01:17:40.487,15042.28720
165.15503,-2.89887,-1114.95941,396866.49360,3385418.37295,1.17643,0.00841,10207197.14291,2000-04-28T15:41:41.737,15018.99823
165.16499,-0.66602,-1215.10100,396021.72994,3385550.09814,1.15147,0.00875,10504777.10525,2000-05-02T02:20:12.296,15054.05473
165.17498,-1.17908,-1193.37733,396240.39032,3385509.16359,1.15384,0.00620,10440892.21034,2000-05-01T08:35:33.716,15050.09923
165.18501,-0.49297,-1230.10350,395985.69706,3385570.09362,1.13884,0.00660,10338611.53888,2000-04-30T04:10:31.585,15029.53887
165.19500,-0.57216,-1225.28519,396388.95328,3385517.40979,1.14356,0.00621,10448655.23481,2000-05-01T10:44:55.222,15051.48920
165.20498,-0.52484,-1232.82397,396051.78012,3385530.48583,1.14111,0.00661,10439458.10544,2000-05-01T08:11:26.261,15046.75320
165.21500,0.05408,-1248.28684,396219.26582,3385496.11078,1.13378,0.00692,10479455.06822,2000-05-01T19:17:52.250,15049.53890
165.22501,-0.08974,-1246.83456,395852.68959,3385577.38845,1.12732,0.00574,10535498.79795,2000-05-02T10:51:52.477,15060.02091
165.23500,-0.04032,-1243.50803,395828.82461,3385560.13506,1.13915,0.00754,10463405.50026,2000-05-01T14:50:18.408,15049.63076
165.24499,-0.20165,-1238.70023,395895.62738,3385582.04640,1.13413,0.00664,10628323.57505,2000-05-03T12:39:07.012,15073.59084
165.25499,0.19686,-1251.18891,395946.97750,3385565.01642,1.13329,0.00630,10477880.98342,2000-05-01T18:51:29.864,15054.01086
165.26501,-0.49151,-1203.05849,395651.76079,3385593.65572,1.13561,0.00623,10624476.47673,2000-05-03T11:34:39.976,15071.67981
165.27500,0.13749,-1228.74621,396096.64601,3385547.83532,1.13491,0.00644,10453286.71830,2000-05-01T12:01:39.406,15047.11388
165.28500,-0.66523,-1202.12164,395697.73399,3385594.29513,1.13045,0.00660,10520328.66501,2000-05-02T06:39:09.782,15055.77479
165.29502,-0.30410,-1220.86017,395955.60862,3385599.06958,1.13383,0.00681,10691587.47112,2000-05-04T06:13:32.470,15083.69830
165.30499,-0.00463,-1227.03512,395916.85812,3385549.28196,1.14041,0.00804,10526225.73424,2000-05-02T08:17:19.474,15055.56717
165.31501,-0.19047,-1216.39525,395908.90253,3385559.17397,1.13945,0.00586,10627710.66541,2000-05-03T12:28:52.424,15078.24317
165.32499,-0.40531,-1215.71782,395816.44151,3385569.75700,1.13244,0.00589,10554975.06717,2000-05-02T16:16:34.134,15065.61076
165.33499,0.19717,-1250.13281,395891.73322,3385575.84812,1.12881,0.00628,10511426.99534,2000-05-02T04:10:28.316,15056.95517
165.34501,-0.06670,-1249.39894,395779.70743,3385611.96862,1.13545,0.00647,10531694.46221,2000-05-02T09:48:23.427,15057.30030
165.35499,-0.24620,-1233.97552,395656.32462,3385576.69605,1.13617,0.00754,10581693.02628,2000-05-02T23:41:35.309,15066.37431
165.36499,0.03041,-1249.58270,395811.46159,3385558.83964,1.13960,0.00953,10516629.81579,2000-05-02T05:37:12.624,15054.60993
165.37500,0.39164,-1269.17457,395954.42903,3385530.58137,1.14136,0.01091,10483070.80429,2000-05-01T20:17:56.261,15051.74615
165.38500,-0.10962,-1255.05379,395721.00262,3385586.65375,1.14370,0.00935,10549421.23649,2000-05-02T14:43:32.228,15064.19597
165.39503,0.32740,-1270.31636,395895.81047,3385539.76408,1.14225,0.00842,10510306.34402,2000-05-02T03:51:45.536,15054.46469
165.40502,0.09860,-1260.67507,395811.50194,3385560.45514,1.14073,0.00790,10467546.82054,2000-05-01T15:59:11.134,15049.27386
165.41502,0.18347,-1257.42883,395801.86877,3385590.53610,1.13997,0.00826,10436643.30795,2000-05-01T07:23:53.555,15045.38370
165.42500,0.43314,-1269.06433,395929.96470,3385551.77344,1.13630,0.00772,10622131.96134,2000-05-03T10:55:32.711,15074.12109
165.43499,-0.25161,-1247.53308,395632.53657,3385594.89203,1.12930,0.00827,10537003.90302,2000-05-02T11:16:46.041,15058.45540
165.44501,0.05956,-1260.95113,395791.05128,3385539.58867,1.14341,0.00735,10571090.87176,2000-05-02T20:44:45.892,15068.06570
165.45500,0.07634,-1257.98793,395799.84019,3385563.68960,1.14409,0.00826,10510911.03472,2000-05-02T04:01:58.655,15052.92562
165.46499,0.30847,-1267.27495,395891.55501,3385568.47054,1.14288,0.00843,10504617.08116,2000-05-02T02:16:52.681,15057.04904
165.47500,0.11211,-1256.70360,395964.41267,3385565.24066,1.14733,0.00787,10568360.97716,2000-05-02T19:59:25.221,15064.31739
165.48501,-0.08098,-1243.98579,395821.43674,3385575.30139,1.14451,0.00771,10549882.71568,2000-05-02T14:51:21.383,15059.50900
165.49501,0.23062,-1259.30112,395950.89402,3385583.72922,1.14513,0.00826,10609273.04904,2000-05-03T07:21:10.771,15071.31965
165.50502,0.08447,-1242.87509,395823.63519,3385562.49671,1.14044,0.00838,10647557.39092,2000-05-03T17:59:21.529,15075.35148
165.51501,0.14460,-1253.19334,396001.31511,3385569.96430,1.14046,0.00772,10440531.98936,2000-05-01T08:29:00.167,15043.97206
165.52497,-0.47895,-1233.14425,395697.53055,3385621.64668,1.14277,0.00774,10638645.56548,2000-05-03T15:30:53.480,15075.81981
165.53498,0.41925,-1269.56573,395907.15360,3385589.61220,1.13145,0.00790,10550915.30771,2000-05-02T15:08:41.661,15059.05734
165.54500,0.06111,-1246.81129,395742.33724,3385560.34290,1.14199,0.00859,10661780.91467,2000-05-03T21:56:18.630,15078.56503
165.55499,0.29669,-1252.88432,395835.21368,3385571.70730,1.13318,0.01005,10551993.99228,2000-05-02T15:26:31.810,15060.78633
165.56500,0.22765,-1251.92977,395800.10942,3385574.50322,1.13436,0.01006,10525090.84909,2000-05-02T07:58:08.627,15059.82113
165.57499,0.10125,-1249.54506,395739.84995,3385573.28162,1.13138,0.01043,10597437.96344,2000-05-03T04:04:00.382,15071.01648
165.58500,-0.12061,-1237.53998,395610.17484,3385592.52904,1.12838,0.01060,10596999.95196,2000-05-03T03:56:43.528,15064.55928
165.59501,0.18101,-1248.24107,395758.40204,3385569.96010,1.12848,0.01093,10611193.97687,2000-05-03T07:53:12.867,15068.78252
165.60500,0.46109,-1265.27776,395936.13339,3385563.46167,1.12412,0.01023,10545757.53168,2000-05-02T13:42:36.547,15064.31731
165.61500,0.25165,-1257.30599,395754.97860,3385585.80136,1.12675,0.01066,10686727.03305,2000-05-04T04:52:06.360,15083.28601
165.62500,0.12596,-1253.12789,395702.32467,3385588.81490,1.12654,0.01024,10633980.60269,2000-05-03T14:13:03.468,15073.27339
165.63500,0.00655,-1246.64935,395744.66165,3385586.63731,1.12226,0.01081,10564684.15482,2000-05-02T18:58:08.066,15060.73092
165.64499,0.23849,-1257.94193,395801.78154,3385569.34583,1.12489,0.00931,10591922.01385,2000-05-03T02:31:57.647,15069.07797
165.65499,-0.32993,-1224.96988,395528.97036,3385602.64449,1.12836,0.01008,10494916.15773,2000-05-01T23:35:12.578,15052.94548
165.66501,0.25201,-1248.08352,395806.33247,3385576.72322,1.13333,0.01079,10732563.79151,2000-05-04T17:36:02.337,15088.14795
165.67499,0.29813,-1248.03639,395810.00021,3385570.97295,1.13276,0.01059,10443020.33516,2000-05-01T09:10:22.773,15045.81472
165.68500,0.24164,-1251.24255,395795.00335,3385572.15765,1.12413,0.01057,10665656.24728,2000-05-03T23:00:45.797,15076.52881
165.69501,-0.13702,-1242.24791,395624.68640,3385609.43675,1.12569,0.01023,10523402.12386,2000-05-02T07:29:55.612,15056.17100
165.70500,0.49459,-1276.23729,395852.41268,3385584.18145,1.12957,0.00993,10563151.54487,2000-05-02T18:32:37.515,15063.78325
165.71501,0.07196,-1254.07823,395739.37833,3385582.04522,1.12955,0.01003,10590329.89341,2000-05-03T02:05:23.193,15069.30540
165.72501,0.12065,-1254.69880,395743.06583,3385564.46701,1.13256,0.01005,10425732.22130,2000-05-01T04:22:15.700,15047.39315
165.73501,0.12509,-1259.77401,395788.87928,3385548.71735,1.13114,0.01060,10619087.06390,2000-05-03T10:04:44.173,15068.68545
165.74501,0.11388,-1260.84225,395704.06739,3385594.27227,1.12947,0.00953,10521593.93401,2000-05-02T06:59:50.483,15057.24550
165.75500,0.27814,-1271.46937,395830.40499,3385544.14900,1.13155,0.01058,10479511.31566,2000-05-01T19:18:27.691,15049.53731
165.76501,0.08534,-1272.41171,395756.25412,3385543.09903,1.12616,0.01127,10555596.45092,2000-05-02T16:26:32.610,15063.00614
165.77497,0.10511,-1288.09737,395768.65491,3385562.29870,1.12689,0.00990,10539887.60340,2000-05-02T12:04:47.350,15060.79014
165.78500,0.04556,-1281.48281,395777.68490,3385538.55490,1.13231,0.01011,10601195.93017,2000-05-03T05:06:23.408,15069.73307
165.79499,0.40779,-1297.83775,395921.15175,3385556.90309,1.13479,0.01024,10515967.19890,2000-05-02T05:26:03.327,15057.03019
165.80500,-0.25511,-1274.71830,395620.27591,3385566.12386,1.13235,0.01077,10549783.29739,2000-05-02T14:49:45.887,15061.42655
165.81501,0.24704,-1298.31153,395883.15645,3385529.35872,1.13219,0.01177,10595362.58331,2000-05-03T03:29:21.334,15064.54835
165.82500,0.04795,-1286.91766,395749.69332,3385549.31282,1.12711,0.01047,10476295.38567,2000-05-01T18:24:55.662,15048.55943
165.83498,0.06999,-1291.71964,395807.55855,3385532.45054,1.12919,0.01058,10538265.14896,2000-05-02T11:37:41.298,15061.85413
165.84499,0.10678,-1292.51637,395805.01359,3385520.79391,1.12847,0.01144,10573521.70246,2000-05-02T21:25:25.734,15062.16583
165.85500,0.22522,-1302.06476,395821.54880,3385534.03769,1.12727,0.01326,10434581.59965,2000-05-01T06:49:33.414,15046.21690
165.86501,0.07208,-1296.74637,395812.82722,3385527.00253,1.12752,0.01341,10491496.35356,2000-05-01T22:38:15.195,15049.51323
165.87500,0.05114,-1300.89206,395835.42811,3385557.49490,1.12883,0.01168,10543335.21680,2000-05-02T13:02:11.259,15061.42379
165.88500,-0.03563,-1293.78749,395707.73691,3385562.20718,1.11784,0.01123,10524616.49006,2000-05-02T07:50:19.566,15059.46609
165.89500,0.47775,-1311.37923,395933.15983,3385488.66402,1.11984,0.00862,10594461.77407,2000-05-03T03:14:19.119,15067.75781
165.90500,0.14144,-1295.51900,395839.81540,3385510.02891,1.12004,0.00752,10542296.81204,2000-05-02T12:44:53.971,15061.52123
165.91498,0.11276,-1299.64069,395789.90519,3385512.10279,1.11546,0.00789,10529239.17885,2000-05-02T09:07:25.886,15060.56063
165.92500,-0.11185,-1292.13906,395730.94263,3385531.91727,1.11707,0.00789,10548499.61809,2000-05-02T14:28:20.223,15057.82188
165.93501,0.15308,-1308.31661,395831.56957,3385545.24488,1.11618,0.00790,10439347.42228,2000-05-01T08:09:05.942,15043.75777
165.94501,0.06486,-1300.47294,395801.44378,3385534.04460,1.11963,0.00880,10473843.91420,2000-05-01T17:44:00.010,15055.09364
165.95501,0.35533,-1311.23058,395999.49005,3385510.66839,1.11823,0.00771,10457061.83085,2000-05-01T13:04:17.722,15047.92724
165.96500,0.11076,-1303.05045,395935.96571,3385545.88569,1.11904,0.00790,10520535.33912,2000-05-02T06:42:09.258,15058.74916
165.97501,0.01897,-1289.78121,395893.12088,3385507.23488,1.11688,0.00823,10508844.48965,2000-05-02T03:27:29.036,15055.37540
165.98501,-0.26506,-1277.76736,395776.88969,3385514.84592,1.11401,0.00716,10501563.43423,2000-05-02T01:26:08.840,15057.32319
165.99499,0.36956,-1304.65881,396026.04196,3385501.21047,1.11846,0.00844,10514223.57772,2000-05-02T04:57:05.876,15055.89619
166.00500,-0.27341,-1286.69860,395756.16549,3385527.65578,1.11871,0.00789,10526746.59422,2000-05-02T08:25:49.870,15055.71545
166.01501,0.31812,-1312.88762,395995.57052,3385511.16075,1.12094,0.00774,10488866.18642,2000-05-01T21:54:28.233,15055.06347
166.02500,0.31540,-1315.14341,395982.42331,3385477.66445,1.11690,0.00843,10543862.81292,2000-05-02T13:11:03.749,15062.17278
166.03500,0.12241,-1312.61505,395851.64255,3385539.20861,1.11635,0.00773,10464005.25682,2000-05-01T15:00:12.359,15049.61521
166.04499,0.01523,-1301.87036,395791.08150,3385521.88328,1.11939,0.00790,10553358.58372,2000-05-02T15:49:22.730,15057.88570
166.05501,0.51466,-1318.69992,396058.17390,3385487.96790,1.12370,0.00734,10430356.80308,2000-05-01T05:39:11.309,15045.27234
166.06502,0.12557,-1305.41909,395890.69160,3385470.79852,1.12666,0.00838,10517237.09612,2000-05-02T05:47:20.782,15054.94879
166.07501,0.60574,-1329.35653,396088.38175,3385474.91543,1.12535,0.00831,10503626.46436,2000-05-02T02:00:29.525,15058.40919
166.08498,-0.10675,-1310.88026,395730.28743,3385523.19999,1.12774,0.00802,10514056.71834,2000-05-02T04:54:23.325,15049.89889
166.09500,0.34910,-1329.74940,395966.09140,3385483.06092,1.12329,0.00854,10519630.56084,2000-05-02T06:27:17.306,15059.32390
166.10499,-0.04126,-1324.21650,395750.43057,3385542.19684,1.11877,0.00878,10475091.88053,2000-05-01T18:04:54.631,15051.45501
166.11499,0.18150,-1331.72637,395950.81855,3385487.30455,1.11559,0.00829,10551408.13251,2000-05-02T15:16:52.908,15061.97007
166.12501,0.19124,-1335.00796,395874.35322,3385498.63898,1.11892,0.00854,10545750.32995,2000-05-02T13:42:30.691,15061.54540
166.13500,0.29392,-1335.32605,395932.27467,3385474.37388,1.11705,0.00870,10560767.05517,2000-05-02T17:52:48.779,15062.36558
166.14500,-0.12526,-1323.58639,395706.53416,3385499.52230,1.11405,0.00783,10494622.57458,2000-05-01T23:30:25.459,15052.70016
166.15499,0.34267,-1348.61550,395915.46829,3385485.50893,1.11334,0.00848,10608127.14260,2000-05-03T07:02:14.975,15070.84964
166.16499,0.33870,-1350.84813,395940.29173,3385452.69324,1.11718,0.00942,10577750.54219,2000-05-02T22:35:55.166,15065.21541
166.17501,-0.19853,-1326.83803,395698.70172,3385487.61415,1.11085,0.00834,10409252.18256,2000-04-30T23:47:29.714,15039.87569
166.18500,0.29188,-1342.07582,395882.89217,3385494.98123,1.11714,0.00834,10691416.76948,2000-05-04T06:10:17.293,15079.85456
166.19499,-0.12327,-1328.63715,395712.10594,3385517.30596,1.11671,0.00888,10566558.97219,2000-05-02T19:29:15.442,15068.58908
166.20501,0.14145,-1336.19522,395779.61999,3385511.98581,1.10895,0.00779,10662954.59234,2000-05-03T22:15:53.513,15077.86655
166.21500,0.04704,-1335.75398,395760.35462,3385476.26921,1.11146,0.00800,10528069.73331,2000-05-02T08:47:44.045,15062.55782
166.22500,0.09472,-1338.01594,395739.18608,3385517.18320,1.11476,0.00890,10634833.92362,2000-05-03T14:27:24.578,15070.62867
166.23500,0.21325,-1336.57588,395800.55228,3385493.92714,1.12430,0.00808,10524268.19304,2000-05-02T07:44:29.578,15054.80023
166.24500,-0.44140,-1306.32827,395519.38674,3385523.08715,1.11521,0.00860,10518186.66154,2000-05-02T06:03:06.517,15055.66112
166.25500,0.16552,-1324.76959,395737.79127,3385509.03092,1.11535,0.00841,10542443.98328,2000-05-02T12:47:18.414,15062.14606
166.26500,0.53201,-1344.13769,395906.85001,3385476.46196,1.11708,0.00880,10610869.99885,2000-05-03T07:47:54.552,15070.54528
166.27499,0.07863,-1326.26412,395737.31232,3385487.58854,1.11672,0.00769,10528149.10963,2000-05-02T08:49:00.105,15060.12262
166.28500,0.38595,-1340.35285,395822.64612,3385507.97469,1.11316,0.00792,10550598.08112,2000-05-02T15:03:18.592,15063.83700
166.29499,-0.16239,-1317.20627,395678.91507,3385526.42329,1.11594,0.00844,10513683.24564,2000-05-02T04:48:03.308,15051.25201
166.30500,0.11477,-1324.96494,395705.74282,3385522.16615,1.11309,0.00790,10472817.12215,2000-05-01T17:26:52.496,15051.46764
166.31500,0.10743,-1322.44381,395736.34285,3385496.36295,1.11373,0.00787,10557389.76468,2000-05-02T16:56:25.623,15065.75817
166.32502,0.11542,-1328.25651,395698.61102,3385511.59888,1.11300,0.00683,10460514.16484,2000-05-01T14:01:50.304,15047.66567
166.33500,0.08057,-1331.16112,395706.47014,3385509.82282,1.10995,0.00612,10443492.45614,2000-05-01T09:18:03.739,15047.19808
166.34501,0.62896,-1347.70012,395927.96960,3385478.11853,1.11648,0.00611,10493301.40305,2000-05-01T23:08:19.085,15049.76872
166.35500,0.15919,-1328.39184,395748.72468,3385485.07269,1.11271,0.00609,10518505.84516,2000-05-02T06:08:14.816,15059.17354
166.36500,0.24128,-1333.84972,395836.18358,3385465.67572,1.11572,0.00553,10538350.13999,2000-05-02T11:39:07.712,15064.24637
166.37502,-0.02776,-1329.01098,395649.38768,3385531.35756,1.11384,0.00666,10603241.79147,2000-05-03T05:40:32.165,15067.28761
166.38499,0.13846,-1334.16295,395757.23109,3385495.39385,1.11950,0.00665,10523627.90796,2000-05-02T07:33:40.466,15057.57983
166.39500,0.36798,-1342.19524,395805.20740,3385477.93165,1.11620,0.00666,10478624.57065,2000-05-01T19:03:47.444,15049.17148
166.40499,-0.06360,-1323.93549,395607.00636,3385519.76090,1.11749,0.00665,10503797.65938,2000-05-02T02:03:09.840,15061.27548
166.41502,0.33677,-1339.33239,395783.81283,3385497.43091,1.11699,0.00594,10659931.74823,2000-05-03T21:25:34.086,15080.78738
166.42501,0.26460,-1342.22655,395757.69747,3385502.00867,1.12416,0.00665,10492871.84837,2000-05-01T23:01:01.974,15056.80310
166.43501,0.18610,-1340.69760,395744.48385,3385470.12910,1.12017,0.00574,10538873.04507,2000-05-02T11:47:52.539,15065.45381
166.44500,0.34635,-1353.11669,395801.75537,3385477.72613,1.11769,0.00630,10640972.92577,2000-05-03T16:09:27.682,15081.02918
166.45499,0.08986,-1341.45933,395685.05942,3385469.26385,1.11945,0.00612,10564119.60730,2000-05-02T18:48:41.909,15073.24693
166.46500,0.34269,-1351.63646,395801.15931,3385451.17772,1.12251,0.00628,10573186.47059,2000-05-02T21:19:38.636,15069.73261
166.47501,0.14258,-1349.91131,395743.01772,3385472.42393,1.12373,0.00647,10661359.79387,2000-05-03T21:49:16.224,15084.58188
166.48501,0.20977,-1354.53763,395762.78171,3385463.18392,1.12445,0.00665,10578495.36861,2000-05-02T22:48:07.454,15069.89574
166.49501,0.09784,-1354.06577,395697.89932,3385489.67312,1.11665,0.00631,10563463.23781,2000-05-02T18:37:38.837,15073.48341
166.50501,0.51909,-1374.10406,395848.36129,3385473.08704,1.11400,0.00664,10619959.29180,2000-05-03T10:19:12.199,15074.33447
166.51500,0.59131,-1378.20111,395838.26421,3385504.64074,1.11239,0.00524,10481356.52866,2000-05-01T19:49:10.630,15058.63583
166.52499,0.19785,-1354.16457,395722.24284,3385460.02134,1.12026,0.00589,10523234.93437,2000-05-02T07:27:10.760,15064.52902
166.53500,-0.08565,-1346.23178,395624.06613,3385500.24567,1.11896,0.00647,10534868.04467,2000-05-02T10:41:06.609,15064.70021
166.54501,0.16754,-1349.37434,395722.37274,3385449.91813,1.11973,0.00606,10564312.92070,2000-05-02T18:51:44.212,15070.99263
166.55501,0.63234,-1377.82717,395865.63251,3385490.58157,1.12045,0.00702,10545974.30086,2000-05-02T13:46:11.660,15064.16046
166.56501,-0.03786,-1350.99853,395602.91324,3385495.96519,1.12134,0.00645,10608825.18816,2000-05-03T07:13:40.090,15077.94497
166.57501,0.46760,-1371.85344,395843.84263,3385459.35143,1.11994,0.00700,10616783.20112,2000-05-03T09:26:23.369,15077.35797
166.58500,0.32244,-1366.47883,395793.77975,3385481.23460,1.11738,0.00611,10540435.42588,2000-05-02T12:13:52.029,15065.42018
166.59501,0.07828,-1355.98396,395650.99173,3385484.24440,1.11975,0.00555,10439990.51682,2000-05-01T08:19:46.794,15052.52337
166.60500,0.49606,-1369.01780,395825.64851,3385470.30720,1.12242,0.00663,10471246.53328,2000-05-01T17:00:41.424,15056.39228
166.61499,-0.11829,-1342.78897,395579.81321,3385523.88057,1.12241,0.00556,10552088.78345,2000-05-02T15:28:08.067,15067.72951
166.62500,0.35021,-1353.72322,395809.69564,3385464.62337,1.12150,0.00607,10495207.98457,2000-05-01T23:40:02.664,15058.08918
166.63500,0.22526,-1349.21374,395761.72961,3385491.45846,1.12431,0.00593,10646081.13427,2000-05-03T17:34:35.441,15082.96749
166.64500,0.06911,-1339.73719,395670.35635,3385484.16121,1.12874,0.00610,10590020.84741,2000-05-03T02:00:22.895,15070.15924
166.65500,0.13260,-1340.39260,395667.22833,3385481.67215,1.13448,0.00644,10600060.68282,2000-05-03T04:47:33.055,15077.32884
166.66502,0.09826,-1341.87142,395630.42457,3385525.35828,1.13558,0.00753,10528939.96678,2000-05-02T09:02:09.154,15064.01847
166.67501,0.28092,-1351.61312,395759.73582,3385484.82908,1.13608,0.00818,10527989.75179,2000-05-02T08:46:26.803,15064.01349
166.68501,0.23776,-1351.38279,395723.02354,3385486.66281,1.13203,0.00697,10683973.91301,2000-05-04T04:06:11.885,15087.20349
166.69501,0.18575,-1355.98245,395665.06433,3385535.21931,1.12300,0.00827,10496831.97858,2000-05-02T00:07:01.787,15058.79282
166.70500,0.00306,-1345.46857,395585.39813,3385521.17699,1.12539,0.00592,10601322.36115,2000-05-03T05:08:46.916,15074.25454
166.71501,0.45253,-1357.34226,395829.79821,3385467.53353,1.12831,0.00610,10514140.18415,2000-05-02T04:55:37.387,15059.45987
166.72500,0.05289,-1344.81964,395621.36713,3385515.63515,1.12431,0.00611,10582111.99236,2000-05-02T23:48:29.317,15073.40820
166.73500,-0.04123,-1338.91751,395609.74319,3385497.85915,1.12739,0.00663,10626529.88359,2000-05-03T12:08:48.235,15074.97606
166.74499,0.19368,-1345.24766,395721.33406,3385470.94904,1.11901,0.00758,10579002.25782,2000-05-02T22:56:48.940,15070.70640
166.75502,0.50885,-1362.35199,395804.80840,3385492.82417,1.12212,0.00568,10522985.57187,2000-05-02T07:22:55.301,15065.20905
166.76500,-0.16640,-1331.18730,395566.55663,3385483.63050,1.11961,0.00661,10590426.99579,2000-05-03T02:07:04.910,15070.79745
166.77500,0.10526,-1345.37655,395635.24465,3385529.41256,1.12244,0.00623,10492205.98945,2000-05-01T22:50:04.804,15060.11033
166.78499,0.03462,-1341.02615,395625.87471,3385489.73104,1.12569,0.00604,10613248.20151,2000-05-03T08:27:18.288,15074.90733
166.79500,0.17204,-1350.31681,395700.48463,3385480.23669,1.13103,0.00658,10597276.57849,2000-05-03T04:01:08.969,15073.13534
166.80501,0.18452,-1342.02018,395666.55782,3385492.07559,1.12555,0.00662,10533758.51875,2000-05-02T10:22:33.586,15066.62377
166.81501,0.09836,-1343.87994,395649.07268,3385494.18665,1.12282,0.00586,10540721.63961,2000-05-02T12:18:34.140,15066.16683
166.82500,0.25699,-1350.40702,395730.78583,3385468.65773,1.12626,0.00731,10503287.74293,2000-05-02T01:54:43.601,15062.18768
166.83500,0.12016,-1345.77514,395687.45915,3385466.75434,1.13043,0.00652,10426290.55924,2000-05-01T04:31:23.716,15047.45847
166.84501,-0.10977,-1336.07738,395596.61904,3385485.54073,1.12599,0.00622,10497221.04397,2000-05-02T00:13:32.373,15055.56291
166.85500,-0.19597,-1329.42611,395537.20414,3385500.58651,1.12053,0.00786,10531323.74632,2000-05-02T09:42:01.159,15066.10422
166.86500,0.06211,-1340.32604,395665.87890,3385483.22328,1.11910,0.00821,10508894.41930,2000-05-02T03:28:11.303,15064.45388
166.87500,-0.07425,-1334.18718,395604.68451,3385486.91463,1.11796,0.01151,10522327.87608,2000-05-02T07:11:54.138,15063.32738
166.88501,0.18979,-1347.91753,395717.19617,3385457.97018,1.12143,0.00872,10504840.49508,2000-05-02T02:20:26.242,15061.70885
166.89501,-0.18553,-1330.85976,395546.19198,3385505.26740,1.12674,0.00858,10461090.79214,2000-05-01T14:11:14.040,15054.13922
166.90500,0.16459,-1345.70478,395790.30681,3385462.96322,1.13021,0.00801,10429017.62403,2000-05-01T05:16:51.621,15050.85407
166.91501,-0.01005,-1340.37513,395630.99014,3385493.62469,1.12506,0.00874,10570221.60962,2000-05-02T20:30:11.304,15072.24084
166.92502,0.03107,-1341.69649,395666.84374,3385476.96744,1.12213,0.00879,10493402.80113,2000-05-01T23:09:57.584,15056.99498
166.93501,0.36228,-1354.32873,395779.61456,3385459.46376,1.12401,0.00843,10485074.41076,2000-05-01T20:51:04.589,15059.31359
166.94500,-0.06206,-1331.49949,395633.87244,3385491.39540,1.12611,0.00877,10558802.35540,2000-05-02T17:19:57.043,15067.38454
166.95499,0.11598,-1339.44450,395702.69240,3385485.62545,1.12511,0.00700,10476547.75909,2000-05-01T18:28:54.026,15055.06991
166.96500,0.20124,-1337.86969,395736.56312,3385485.49671,1.12546,0.00732,10622321.68242,2000-05-03T10:58:40.347,15078.58808
166.97500,0.28209,-1344.86012,395739.74149,3385518.60916,1.12584,0.00866,10530155.37558,2000-05-02T09:22:29.126,15066.21355
166.98501,-0.04231,-1325.08913,395635.78134,3385480.34726,1.12767,0.00857,10597925.78092,2000-05-03T04:11:46.522,15077.60354
166.99500,0.54505,-1350.22159,395878.22272,3385487.74355,1.13092,0.00932,10502860.63526,2000-05-02T01:47:32.355,15061.38828
167.00499,0.23018,-1339.28271,395747.82005,3385493.39524,1.12600,0.00859,10541122.43702,2000-05-02T12:25:18.746,15064.41737
167.01501,-0.07395,-1325.66579,395632.15555,3385469.22573,1.12800,0.00894,10593200.75007,2000-05-03T02:53:17.134,15072.38359
167.02499,0.33544,-1345.85959,395766.91208,3385491.45731,1.12779,0.00881,10565209.81891,2000-05-02T19:06:38.502,15071.93041
167.03500,0.32200,-1339.75532,395818.72971,3385447.95161,1.12933,0.00889,10546773.74317,2000-05-02T13:59:29.046,15066.69740
167.04499,-0.16334,-1318.71455,395617.71339,3385474.46961,1.13171,0.00897,10526387.35430,2000-05-02T08:19:39.800,15064.11179
167.05501,0.16421,-1339.03254,395706.80797,3385488.03141,1.12701,0.00824,10550558.70253,2000-05-02T15:02:30.122,15066.17776
167.06500,0.29865,-1346.93331,395787.59231,3385475.10787,1.12442,0.00808,10541995.86091,2000-05-02T12:39:43.719,15065.81336
167.07498,0.38570,-1348.68482,395758.14425,3385495.86055,1.12386,0.00611,10574124.87182,2000-05-02T21:35:25.051,15072.30039
167.08500,0.56500,-1348.82942,395900.43898,3385461.92236,1.13392,0.00571,10558361.52649,2000-05-02T17:12:25.268,15070.01667
167.09501,0.19754,-1338.31498,395745.99706,3385467.86446,1.13433,0.00716,10541997.88868,2000-05-02T12:39:45.981,15069.48040
167.10501,0.23205,-1349.33016,395717.67119,3385516.07812,1.13468,0.00630,10563741.36187,2000-05-02T18:42:07.210,15070.66303
167.11498,0.66635,-1354.05418,395957.29242,3385448.94774,1.13812,0.00657,10558512.96108,2000-05-02T17:14:55.078,15065.56474
167.12502,0.00355,-1325.30857,395650.65259,3385471.52060,1.13299,0.00677,10652905.08703,2000-05-03T19:28:11.627,15083.11719
167.13502,0.37831,-1342.56266,395806.29771,3385518.67770,1.13224,0.00557,10595455.31448,2000-05-03T03:30:46.302,15075.81561
167.14500,0.04634,-1322.67723,395670.77549,3385504.96942,1.12873,0.00688,10548248.64192,2000-05-02T14:23:56.163,15068.15901
167.15500,0.53444,-1343.02437,395883.09823,3385474.78666,1.13693,0.00883,10520749.42477,2000-05-02T06:45:38.077,15063.50999
167.16501,-0.18838,-1311.85327,395622.89235,3385507.32667,1.13861,0.00947,10598802.27338,2000-05-03T04:26:34.606,15075.22471
167.17500,0.38566,-1336.61905,395872.11486,3385497.07349,1.14046,0.01181,10579729.18584,2000-05-02T23:08:41.544,15072.38691
167.18501,0.40306,-1332.15021,396021.72539,3385463.39451,1.14116,0.00891,10506692.52064,2000-05-02T02:51:28.507,15061.36068
167.19500,0.50413,-1336.97871,395843.33771,3385486.33144,1.13320,0.00751,10637817.23573,2000-05-03T15:16:36.656,15079.22672
167.20499,0.13258,-1331.39799,395645.61281,3385521.37782,1.13268,0.00844,10612278.56152,2000-05-03T08:11:06.373,15075.23227
167.21501,0.50363,-1353.95778,395786.85472,3385498.08760,1.12870,0.00862,10493498.10499,2000-05-01T23:11:24.923,15061.87160
167.22501,0.44808,-1348.97353,395796.10567,3385464.92225,1.12289,0.00912,10596497.91431,2000-05-03T03:48:03.506,15074.32380
167.23500,0.33315,-1344.59933,395692.37765,3385509.24520,1.12886,0.00969,10560576.32237,2000-05-02T17:49:13.755,15066.98368
167.24499,0.60659,-1361.12811,395834.51451,3385493.35202,1.12656,0.00898,10493331.93608,2000-05-01T23:08:37.659,15065.85907
167.25500,0.46460,-1362.40849,395797.44965,3385485.48139,1.12325,0.00877,10625030.39201,2000-05-03T11:43:37.821,15077.29732
167.26500,0.53488,-1359.26581,395824.06183,3385443.55279,1.11735,0.00732,10551098.82234,2000-05-02T15:11:15.219,15066.48738
167.27501,0.57344,-1368.08356,395846.59342,3385470.74015,1.12393,0.00847,10460263.54181,2000-05-01T13:57:32.801,15055.35647
167.28501,0.49706,-1362.50582,395778.29627,3385477.54725,1.12694,0.00861,10539562.95355,2000-05-02T11:59:03.780,15065.46339
167.29499,0.79646,-1382.25448,395934.31162,3385460.16998,1.12349,0.00774,10380867.76644,2000-04-30T15:54:09.810,15045.73417
167.30498,0.13263,-1347.62977,395673.66223,3385469.84073,1.12995,0.00821,10586960.32422,2000-05-03T01:09:02.500,15073.07096
167.31501,0.39903,-1355.93688,395715.30447,3385507.23230,1.12676,0.00839,10379414.18720,2000-04-30T15:29:56.115,15044.22200
167.32501,0.41064,-1358.75551,395740.82080,3385481.71703,1.12137,0.00822,10432310.65739,2000-05-01T06:11:29.087,15053.07019
167.33498,0.30874,-1355.08377,395764.54652,3385478.88721,1.12431,0.00789,10561492.76824,2000-05-02T18:04:39.860,15070.14397
167.34500,0.37929,-1353.15404,395780.04172,3385455.10538,1.12723,0.00789,10534266.29423,2000-05-02T10:30:44.439,15066.25392
167.35501,0.67100,-1365.56604,395854.40354,3385462.04057,1.12288,0.00877,10565388.17298,2000-05-02T19:09:30.324,15071.29697
167.36501,0.75850,-1365.64715,395929.51962,3385456.00061,1.12107,0.00755,10543899.56961,2000-05-02T13:11:22.062,15065.92724
167.37501,0.26405,-1353.73866,395699.93859,3385505.08016,1.11618,0.00828,10585562.16149,2000-05-03T00:45:48.649,15073.26332
167.38500,0.52537,-1363.05035,395794.19995,3385472.22937,1.12117,0.00809,10503831.21824,2000-05-02T02:03:21.208,15057.22765
167.39498,0.09816,-1338.90462,395658.71636,3385472.84468,1.11920,0.00751,10633607.71581,2000-05-03T14:06:28.182,15081.52171
167.40499,0.46078,-1357.63818,395759.71112,3385501.14816,1.12427,0.00862,10607820.36414,2000-05-03T06:56:36.280,15076.03857
167.41500,0.35359,-1354.50594,395755.96918,3385447.55650,1.12034,0.00803,10501572.35390,2000-05-02T01:25:58.565,15058.55487
167.42501,0.61021,-1366.89966,395831.29990,3385467.88940,1.12304,0.00935,10604740.78159,2000-05-03T06:05:20.037,15077.03902
167.43500,0.34608,-1363.92022,395713.71944,3385492.10751,1.12286,0.00720,10483913.30987,2000-05-01T20:31:33.036,15059.35423
167.44500,0.53942,-1363.45882,395835.72642,3385447.85288,1.12299,0.00913,10537974.49020,2000-05-02T11:32:48.984,15067.38104
167.45499,0.26472,-1355.08887,395756.62545,3385457.32804,1.12372,0.00848,10507179.72314,2000-05-02T02:59:23.619,15061.02639
167.46500,0.62264,-1373.99338,395848.38427,3385485.89269,1.12175,0.00840,10481485.27023,2000-05-01T19:51:09.642,15059.44930
167.47499,0.39868,-1360.37227,395807.76188,3385453.80582,1.11909,0.00820,10409297.22781,2000-04-30T23:47:59.578,15047.48043
167.48500,0.37612,-1356.01659,395757.81573,3385467.69824,1.12248,0.00791,10524758.38190,2000-05-02T07:52:21.081,15063.73286
167.49500,0.50628,-1369.06955,395825.20110,3385474.71755,1.12494,0.00950,10514087.72581,2000-05-02T04:54:36.741,15065.91747
167.50502,0.56342,-1370.16520,395868.51911,3385444.60574,1.12299,0.00925,10421692.07026,2000-05-01T03:14:33.982,15048.01276
167.51502,0.28978,-1363.25325,395757.94275,3385458.30973,1.12241,0.01123,10530872.45922,2000-05-02T09:34:28.934,15062.45242
167.52502,0.67401,-1374.13899,395926.90465,3385417.87765,1.12297,0.01590,10519939.99700,2000-05-02T06:32:10.475,15065.23087
167.53501,0.42511,-1366.16367,395804.49388,3385447.52668,1.11639,0.01144,10525431.28885,2000-05-02T08:03:32.081,15063.39456
167.54500,0.48418,-1372.25503,395820.61465,3385469.40140,1.12019,0.01262,10476041.91258,2000-05-01T18:20:25.177,15060.75901
167.55497,0.45226,-1364.53993,395826.50209,3385413.34652,1.12051,0.01028,10508435.90152,2000-05-02T03:20:26.996,15058.67408
167.56500,0.12123,-1361.53476,395681.59007,3385488.53722,1.12191,0.01210,10392308.71144,2000-04-30T19:04:46.152,15046.48604
167.57499,0.69180,-1382.18432,395921.54975,3385432.91791,1.12181,0.01086,10483424.10741,2000-05-01T20:23:19.508,15056.80459
167.58500,0.75724,-1380.23647,395964.85491,3385447.65808,1.12393,0.00969,10537874.99224,2000-05-02T11:31:01.409,15067.23243
167.59499,0.31419,-1368.24084,395734.34385,3385485.87367,1.12311,0.00831,10432964.35260,2000-05-01T06:22:24.243,15050.86977
167.60501,0.64988,-1379.11457,395895.96577,3385436.32049,1.12764,0.00968,10508238.01606,2000-05-02T03:16:51.674,15063.14520
167.61500,0.12397,-1358.85734,395695.23645,3385476.57927,1.12190,0.01136,10403785.91134,2000-04-30T22:16:07.235,15048.23645
167.62500,0.43904,-1373.78852,395803.56039,3385483.93605,1.12416,0.01231,10446097.24117,2000-05-01T10:01:07.920,15052.28390
167.63499,0.59175,-1375.63451,395893.90944,3385430.47205,1.11995,0.01292,10535190.11787,2000-05-02T10:46:04.170,15069.16141
167.64502,0.39712,-1371.50304,395810.48335,3385432.49479,1.12380,0.01262,10498495.32219,2000-05-02T00:34:36.637,15061.16416
167.65500,-0.20728,-1351.62245,395521.51547,3385511.77313,1.12124,0.01317,10334159.00081,2000-04-30T02:55:36.775,15037.30463
167.66501,0.77486,-1392.23833,395990.13648,3385421.17921,1.12189,0.01220,10497446.23405,2000-05-02T00:17:07.193,15061.00927
167.67500,0.61998,-1386.69620,395879.75745,3385434.94138,1.11123,0.01263,10426920.63410,2000-05-01T04:41:30.286,15046.96576
167.68500,0.47759,-1382.63437,395858.63088,3385438.64719,1.12096,0.01231,10514588.75344,2000-05-02T05:02:51.757,15064.99283
167.69500,0.31984,-1371.80016,395776.43611,3385441.95541,1.12540,0.01538,10511446.69723,2000-05-02T04:10:24.531,15063.93182
167.70500,0.73838,-1385.38543,395980.84420,3385449.91963,1.12217,0.01617,10475745.00656,2000-05-01T18:15:22.290,15053.13620
167.71500,0.41217,-1367.61084,395811.21138,3385471.28240,1.11797,0.01618,10350718.14420,2000-04-30T07:31:36.873,15039.87307
167.72498,0.54291,-1378.33133,395870.04146,3385454.16888,1.12314,0.01497,10505427.61268,2000-05-02T02:30:05.237,15060.85163
167.73500,0.31000,-1363.65436,395811.64630,3385418.07510,1.11939,0.01459,10418719.77633,2000-05-01T02:24:59.396,15053.66909
167.74501,0.14201,-1355.91889,395707.26772,3385476.26095,1.12646,0.01321,10453118.03293,2000-05-01T11:58:21.203,15048.78858
167.75499,0.49695,-1365.02828,395841.90341,3385471.77154,1.12428,0.01343,10410696.53739,2000-05-01T00:11:12.281,15047.03687
167.76498,0.29116,-1357.42664,395772.66376,3385476.91413,1.13169,0.01243,10714731.88509,2000-05-04T12:38:30.022,15091.33182
167.77500,0.30985,-1368.38534,395777.41468,3385479.87389,1.13426,0.01330,10392419.42315,2000-04-30T19:06:41.392,15044.50563
167.78500,0.13402,-1366.17021,395709.30103,3385510.90822,1.12454,0.01282,10471288.13599,2000-05-01T17:01:12.112,15057.18498
167.79500,0.86930,-1392.62471,396048.50751,3385419.45916,1.12331,0.01283,10486734.51963,2000-05-01T21:18:32.245,15056.07781
167.80501,0.17409,-1362.26676,395763.70035,3385456.65008,1.12313,0.01282,10447978.81009,2000-05-01T10:32:28.470,15058.21036
167.81502,0.27306,-1374.85665,395785.04473,3385497.77785,1.12027,0.01312,10441935.62360,2000-05-01T08:51:59.617,15051.00318
167.82498,0.06921,-1366.00048,395762.83394,3385455.70151,1.11900,0.01276,10479984.29053,2000-05-01T19:26:08.474,15057.43283
167.83499,0.48268,-1385.53351,395941.63544,3385434.54359,1.12265,0.01359,10461554.50358,2000-05-01T14:18:56.588,15056.70405
167.84500,0.45133,-1383.18467,395952.44176,3385441.75504,1.11983,0.01269,10464526.89687,2000-05-01T15:08:24.114,15056.14259
167.85500,0.36748,-1389.90714,395818.21252,3385469.47849,1.11347,0.01255,10453618.05602,2000-05-01T12:06:36.451,15055.99766
167.86500,0.05729,-1377.27531,395800.22510,3385437.99288,1.11584,0.01362,10443804.73856,2000-05-01T09:22:58.766,15050.01822
167.87500,-0.03971,-1367.78472,395941.60635,3385466.40632,1.12287,0.01383,10416705.84609,2000-05-01T01:51:33.039,15048.98689
167.88499,0.37761,-1383.86088,395933.48992,3385430.76131,1.11612,0.01366,10438492.31834,2000-05-01T07:54:33.790,15050.02600
167.89500,0.38875,-1378.70968,395902.60942,3385452.14392,1.12552,0.01427,10316656.20372,2000-04-29T22:04:03.189,15034.19180
167.90501,0.13287,-1370.40187,395733.07493,3385468.12524,1.12269,0.01439,10463564.82345,2000-05-01T14:52:25.934,15056.69984
167.91500,0.21940,-1367.62568,395789.75290,3385413.82203,1.12016,0.01364,10417710.08249,2000-05-01T02:08:06.809,15050.70925
167.92500,0.15459,-1367.72401,395721.74980,3385431.85295,1.12232,0.01368,10509655.47381,2000-05-02T03:40:29.444,15061.50141
167.93501,0.63581,-1392.00582,395926.43125,3385399.20679,1.11434,0.01294,10423000.32295,2000-05-01T03:36:22.234,15047.32157
167.94501,0.43255,-1389.77339,395832.76718,3385435.08531,1.11823,0.01442,10457876.70767,2000-05-01T13:17:36.171,15054.23085
167.95501,0.11832,-1375.92777,395673.54712,3385473.07447,1.11919,0.01860,10570375.64687,2000-05-02T20:32:32.037,15068.79622
167.96501,0.37863,-1381.22562,395800.29229,3385442.42932,1.12446,0.01498,10414798.45228,2000-05-01T01:19:42.271,15049.35383
167.97499,0.03320,-1363.83596,395691.17001,3385439.92482,1.11912,0.01536,10426186.64814,2000-05-01T04:29:40.350,15049.87564
167.98502,0.20842,-1371.55874,395757.76664,3385419.22404,1.11695,0.01583,10441784.06640,2000-05-01T08:49:17.017,15051.91628
167.99499,0.42662,-1382.40595,395834.93205,3385425.89853,1.11879,0.01449,10444216.79658,2000-05-01T09:30:10.079,15049.69859
168.00499,0.24516,-1378.51187,395722.62004,3385453.72810,1.11852,0.01438,10384287.64455,2000-04-30T16:51:15.728,15042.02148
168.01500,0.20487,-1379.23593,395743.39774,3385410.48303,1.11881,0.00906,10449991.03585,2000-05-01T11:06:12.203,15056.56816
168.02499,0.39549,-1390.62532,395847.05210,3385403.29499,1.11160,0.00763,10401476.42427,2000-04-30T21:37:47.359,15043.46762
168.03499,0.33446,-1388.52438,395828.96222,3385377.47930,1.11678,0.00758,10412237.90937,2000-05-01T00:37:01.352,15048.01299
168.04500,0.10257,-1379.10274,395703.27441,3385414.66500,1.11764,0.00764,10330125.11907,2000-04-30T01:48:24.400,15035.17110
168.05499,0.11427,-1387.38960,395685.72064,3385439.92351,1.12093,0.01187,10493762.27528,2000-05-01T23:15:44.653,15059.91089
168.06501,0.31753,-1389.34200,395764.99972,3385410.65602,1.11983,0.01298,10275213.93378,2000-04-29T10:33:10.062,15029.65709
168.07501,0.23157,-1387.14309,395733.65759,3385441.29825,1.11868,0.01036,10408208.25497,2000-04-30T23:29:55.931,15051.85580
168.08500,0.25503,-1386.95886,395749.50923,3385418.36616,1.11678,0.00942,10333536.04777,2000-04-30T02:45:27.702,15031.56099
168.09501,0.41947,-1388.80599,395835.76086,3385388.11983,1.12015,0.01046,10447531.86765,2000-05-01T10:25:06.488,15054.55184
168.10500,0.30180,-1389.01742,395778.77054,3385428.01684,1.11991,0.00934,10314418.46088,2000-04-29T21:26:39.179,15034.00325
168.11498,-0.02222,-1373.63393,395614.17766,3385435.84991,1.10906,0.00870,10441398.74219,2000-05-01T08:43:07.677,15054.32339
168.12499,0.16731,-1371.22418,395824.45402,3385377.90260,1.11496,0.00736,10335177.61830,2000-04-30T03:12:37.360,15035.53723
168.13500,0.10236,-1378.04891,395684.90130,3385434.19320,1.11234,0.00689,10451124.85735,2000-05-01T11:25:06.358,15053.13579
168.14501,0.14790,-1383.47937,395747.13002,3385440.84318,1.11676,0.00763,10341330.50403,2000-04-30T04:55:15.081,15039.93526
168.15502,-0.27909,-1367.66204,395573.12293,3385430.90637,1.11483,0.00733,10378599.16212,2000-04-30T15:16:26.850,15043.27067
168.16500,0.33961,-1393.26762,395857.08765,3385412.87798,1.11924,0.00778,10478499.57604,2000-05-01T19:01:25.886,15060.21425
168.17499,0.09217,-1383.95039,395719.40764,3385430.41418,1.12144,0.00926,10394709.34535,2000-04-30T19:44:56.093,15044.05591
168.18500,0.62739,-1410.13351,395980.96005,3385401.21819,1.12294,0.01051,10385211.63503,2000-04-30T17:06:36.580,15041.32999
168.19500,0.13719,-1392.61170,395789.82578,3385389.67439,1.11759,0.01001,10361875.00012,2000-04-30T10:37:31.451,15037.16026
168.20501,0.40073,-1400.45342,395894.43250,3385373.53760,1.11856,0.00947,10406863.85382,2000-04-30T23:07:29.085,15050.00462
168.21499,0.25713,-1398.93418,395832.35486,3385426.55523,1.11162,0.00885,10508196.46429,2000-05-02T03:16:18.976,15066.98506
168.22501,-0.02433,-1381.33725,395707.70819,3385398.59084,1.11259,0.00952,10436010.46282,2000-05-01T07:13:16.081,15049.72021
168.23503,0.48037,-1402.66128,395914.82749,3385389.60271,1.11396,0.00922,10324570.85288,2000-04-30T00:15:48.444,15032.96748
168.24500,0.37647,-1394.18185,395848.89143,3385397.72442,1.11991,0.00922,10423806.81112,2000-05-01T03:49:54.036,15052.50374
168.25500,-0.25823,-1371.51385,395609.84421,3385427.10536,1.11441,0.01074,10570135.07437,2000-05-02T20:28:39.005,15070.03163
168.26501,0.51797,-1399.30953,395923.81533,3385388.21058,1.11629,0.00956,10446080.26333,2000-05-01T10:00:52.497,15050.36094
168.27500,0.38185,-1395.49955,395821.99561,3385436.02620,1.11802,0.00936,10429937.30624,2000-05-01T05:32:06.807,15053.73769
168.28500,0.30121,-1390.11772,395802.75209,3385383.71128,1.11679,0.00960,10428254.01904,2000-05-01T05:03:56.910,15045.49745
168.29501,0.19446,-1391.63592,395801.79382,3385409.96579,1.10714,0.00972,10542568.36164,2000-05-02T12:49:08.187,15066.62611
168.30500,-0.00474,-1378.50095,395747.18321,3385372.35907,1.10993,0.00892,10493418.74470,2000-05-01T23:10:09.527,15059.85929
168.31500,0.28344,-1403.52342,395780.23892,3385449.05042,1.10725,0.00988,10419507.88549,2000-05-01T02:38:02.313,15046.38268
168.32501,0.40994,-1408.10573,395884.10149,3385403.29162,1.11064,0.01004,10488468.92466,2000-05-01T21:47:25.291,15057.82142
168.33499,0.11311,-1395.20631,395729.51529,3385433.51031,1.11163,0.01009,10373762.14083,2000-04-30T13:55:41.573,15042.64272
168.34498,0.07389,-1394.45569,395743.94809,3385422.04750,1.10899,0.00938,10518494.54223,2000-05-02T06:07:58.909,15065.09060
168.35500,-0.04800,-1375.41567,395701.33468,3385403.81035,1.11044,0.00873,10466424.29161,2000-05-01T15:40:07.777,15055.60275
168.36499,0.36508,-1392.61514,395815.39842,3385412.54247,1.11196,0.00886,10379111.08412,2000-04-30T15:24:43.417,15043.15818
168.37501,0.48397,-1396.62115,395865.55025,3385423.15016,1.11423,0.01031,10495506.18114,2000-05-01T23:44:53.425,15054.60862
168.38501,-0.06011,-1371.29842,395661.18266,3385413.55679,1.11696,0.01077,10441506.03299,2000-05-01T08:44:52.533,15048.58917
168.39501,0.42391,-1397.57272,395867.31026,3385436.91535,1.10685,0.01080,10511013.49456,2000-05-02T04:03:09.288,15063.64506
168.40499,0.24921,-1388.81458,395840.64758,3385409.12050,1.10807,0.00997,10392028.76621,2000-04-30T19:00:11.273,15044.76523
168.41500,0.14073,-1381.54325,395830.49625,3385423.44375,1.11096,0.00862,10435111.21301,2000-05-01T06:58:20.992,15052.58707
168.42499,-0.00820,-1379.64819,395698.06592,3385426.78891,1.10911,0.00934,10458506.64961,2000-05-01T13:28:09.033,15054.89681
168.43499,0.17160,-1387.99174,395773.20938,3385420.99132,1.10754,0.01337,10440849.09002,2000-05-01T08:33:46.870,15050.19031
168.44501,0.24238,-1395.22606,395774.84100,3385454.51326,1.11465,0.01138,10622881.28255,2000-05-03T11:07:53.749,15077.74426
168.45500,0.32069,-1387.29900,395802.85338,3385426.52204,1.11794,0.01123,10521383.52055,2000-05-02T06:56:03.860,15066.96875
168.46499,0.40521,-1392.59657,395937.47469,3385424.61254,1.12049,0.01022,10408138.83630,2000-04-30T23:28:46.648,15046.43037
168.47501,0.25153,-1383.29758,395788.79231,3385435.80365,1.12266,0.00915,10574407.25514,2000-05-02T21:39:59.595,15070.46608
168.48500,0.20836,-1377.57146,395772.31351,3385429.27265,1.12416,0.00953,10430675.08446,2000-05-01T05:44:24.641,15048.87356
168.49500,-0.04952,-1366.53379,395668.46952,3385416.69652,1.11143,0.00931,10491871.47484,2000-05-01T22:44:10.692,15058.40030
168.50500,0.33693,-1387.69604,395881.13361,3385426.64485,1.11752,0.00911,10517565.24411,2000-05-02T05:52:28.044,15064.65733
168.51499,-0.06443,-1376.74323,395640.77098,3385474.89687,1.11457,0.00777,10517978.46140,2000-05-02T05:59:23.982,15064.40211
168.52497,0.21643,-1385.72945,395781.14685,3385438.32567,1.11140,0.00882,10476347.42702,2000-05-01T18:25:34.355,15055.78439
168.53499,0.14229,-1382.76125,395744.90469,3385423.21704,1.11744,0.00861,10494705.16581,2000-05-01T23:31:38.958,15062.13352
168.54500,0.60467,-1403.27078,395928.34211,3385430.08028,1.11382,0.00792,10538954.09129,2000-05-02T11:49:01.893,15062.13981
168.55499,-0.01230,-1370.33745,395668.55121,3385424.35964,1.11742,0.00808,10461019.98723,2000-05-01T14:09:57.650,15053.35363
168.56500,0.30043,-1384.55519,395755.48605,3385419.13691,1.11330,0.00700,10433028.33320,2000-05-01T06:23:32.289,15055.89250
168.57502,0.31307,-1382.98039,395741.90961,3385464.30477,1.11668,0.00791,10491518.99979,2000-05-01T22:38:15.453,15056.42527
168.58499,0.05275,-1371.62622,395689.51172,3385450.79712,1.11584,0.00812,10450751.81515,2000-05-01T11:18:55.674,15050.99381
168.59500,0.56275,-1389.49502,395946.39029,3385382.18390,1.11729,0.00713,10372941.37274,2000-04-30T13:42:06.238,15039.71993
168.60500,-0.11331,-1365.91223,395605.34993,3385487.55078,1.12128,0.00636,10440635.38571,2000-05-01T08:30:09.273,15054.51217
168.61498,-0.00884,-1365.12083,395713.11029,3385427.01818,1.11982,0.00612,10375460.85901,2000-04-30T14:24:06.068,15043.47774
168.62500,0.38434,-1384.74428,395848.24868,3385420.50638,1.11700,0.00647,10465405.95533,2000-05-01T15:23:15.643,15055.80580
168.63501,-0.05851,-1365.79915,395665.70751,3385428.91949,1.12204,0.00596,10463123.39534,2000-05-01T14:45:08.341,15055.62448
168.64499,0.13502,-1376.39917,395723.38888,3385446.33645,1.11740,0.00674,10423337.59898,2000-05-01T03:41:57.894,15051.03959
168.65499,0.25296,-1378.83390,395784.81389,3385439.24431,1.11350,0.00888,10433231.31670,2000-05-01T06:26:49.316,15050.18278
168.66501,0.13151,-1376.69061,395734.76993,3385426.27957,1.11317,0.00919,10445539.71409,2000-05-01T09:52:03.679,15046.32580
168.67499,0.30207,-1390.95421,395930.03680,3385401.89958,1.11568,0.00917,10551571.19348,2000-05-02T15:19:08.233,15069.53334
168.68501,0.13619,-1383.31027,395687.71916,3385472.78025,1.11374,0.00880,10546459.35820,2000-05-02T13:53:59.115,15069.41662
168.69501,0.17873,-1384.75335,395732.89063,3385458.50424,1.11164,0.00863,10572301.24709,2000-05-02T21:04:38.650,15069.42307
168.70499,0.31094,-1393.76118,395835.26846,3385426.27745,1.12017,0.00900,10398188.47956,2000-04-30T20:42:52.793,15049.19754
168.71500,0.44340,-1395.40729,395873.06394,3385431.76027,1.11932,0.00949,10475338.61257,2000-05-01T18:08:43.969,15057.08674
168.72500,0.46769,-1401.41904,395878.74361,3385441.29786,1.11629,0.01005,10591783.51374,2000-05-03T02:29:35.248,15076.84860
168.73500,-0.03266,-1378.30247,395668.21440,3385435.05761,1.11554,0.00967,10612833.97321,2000-05-03T08:20:22.953,15073.51493
168.74499,0.32161,-1392.85825,395810.91148,3385425.09104,1.11842,0.00971,10521141.03852,2000-05-02T06:52:03.887,15062.70982
168.75498,0.26660,-1387.22743,395761.27403,3385448.90362,1.12177,0.00933,10588370.10886,2000-05-03T01:32:40.372,15073.93036
168.76500,-0.01878,-1373.25505,395725.90167,3385428.55956,1.11892,0.01003,10468870.02719,2000-05-01T16:20:57.091,15055.57789
168.77500,0.58294,-1399.53115,395970.18324,3385417.43964,1.11821,0.01028,10632397.08324,2000-05-03T13:46:19.702,15082.24820
168.78500,0.06963,-1369.97203,395693.68064,3385448.46767,1.12282,0.01206,10559086.19440,2000-05-02T17:24:27.866,15068.87981
168.79501,0.32198,-1385.61672,395867.20718,3385419.75984,1.12078,0.01056,10495925.94743,2000-05-01T23:51:53.582,15061.01050
168.80499,0.30957,-1397.23235,395881.21051,3385469.68904,1.11786,0.01109,10507268.10812,2000-05-02T03:01:09.310,15059.68040
168.81500,0.32902,-1389.67037,395881.19375,3385424.40913,1.11748,0.01035,10580234.25589,2000-05-02T23:17:03.465,15069.69532
168.82502,0.41946,-1404.16829,395910.71844,3385453.58110,1.12615,0.01611,10595016.13637,2000-05-03T03:23:27.376,15073.52035
168.83500,0.57569,-1416.95176,396038.44833,3385404.58179,1.11957,0.01253,10813737.78789,2000-05-05T16:08:28.158,15107.86077
168.84500,0.25055,-1397.85975,395866.37283,3385436.24517,1.12589,0.01162,10580199.47591,2000-05-02T23:16:31.869,15072.00638
168.85498,0.53864,-1404.93688,395961.99624,3385424.86440,1.12660,0.01165,10463779.73094,2000-05-01T14:56:10.535,15051.85160
168.86498,0.35192,-1389.27308,395878.09747,3385435.36388,1.11650,0.00964,10688248.35074,2000-05-04T05:17:16.098,15092.86297
168.87498,0.47548,-1395.18546,395939.30788,3385442.83179,1.12030,0.01090,10633478.34060,2000-05-03T14:04:29.900,15079.61634
168.88499,0.31738,-1384.06480,395903.42603,3385412.22120,1.11712,0.00872,10569957.78158,2000-05-02T20:25:38.642,15070.46759
168.89501,0.15761,-1379.94533,395829.02162,3385462.55044,1.12298,0.00878,10620226.10153,2000-05-03T10:23:40.401,15077.51508
168.90500,0.24780,-1380.24208,395882.12061,3385419.57499,1.11871,0.00804,10493414.71482,2000-05-01T23:10:04.494,15058.28411
168.91500,0.12509,-1374.77265,395794.19821,3385456.82607,1.12065,0.01163,10504739.90290,2000-05-02T02:18:44.262,15060.71855
168.92500,-0.01097,-1371.40027,395774.73119,3385471.60637,1.11955,0.01369,10588510.79020,2000-05-03T01:35:03.017,15074.80083
168.93502,0.73220,-1400.18267,396150.66812,3385424.49853,1.12327,0.01432,10455666.98781,2000-05-01T12:41:00.609,15055.91975
168.94501,0.21617,-1382.64003,395859.89601,3385454.99216,1.12051,0.01336,10419868.05039,2000-05-01T02:44:24.145,15050.71567
168.95500,0.32682,-1389.49186,395817.60054,3385465.36321,1.12433,0.01285,10504567.94490,2000-05-02T02:15:41.973,15057.63341
168.96500,0.32243,-1393.15359,395861.72620,3385424.09363,1.12277,0.01200,10542897.59816,2000-05-02T12:54:50.352,15068.60591
168.97500,0.84000,-1414.08386,396074.66111,3385395.69386,1.12822,0.01463,10570445.64166,2000-05-02T20:33:47.701,15070.31008
168.98500,0.24201,-1396.02939,395810.75656,3385433.19835,1.12673,0.00875,10442862.58664,2000-05-01T09:07:27.967,15052.09915
168.99500,0.29583,-1402.94499,395879.60512,3385414.95369,1.12561,0.00855,10532955.72166,2000-05-02T10:08:55.538,15068.51866
169.00500,0.21909,-1394.02076,395851.92474,3385400.42348,1.12168,0.00837,10475997.16279,2000-05-01T18:19:42.990,15056.99701
169.01500,0.20994,-1402.13704,395778.17554,3385449.16962,1.12174,0.01348,10483584.33521,2000-05-01T20:26:02.281,15058.91325
169.02498,0.49210,-1412.81561,395960.12256,3385397.49372,1.12410,0.01006,10509032.90405,2000-05-02T03:30:21.359,15062.53604
169.03498,0.47433,-1420.39227,395920.55155,3385424.47898,1.12673,0.00876,10477991.60459,2000-05-01T18:53:04.926,15058.03455
169.04501,0.50873,-1421.42879,396000.56398,3385382.62867,1.12675,0.00886,10480201.51220,2000-05-01T19:29:48.818,15060.01352
169.05500,0.37597,-1417.44441,395930.15796,3385386.95173,1.12687,0.00940,10457376.73099,2000-05-01T13:09:19.894,15050.27338
169.06499,0.43152,-1420.94011,395936.79902,3385394.21846,1.12510,0.01124,10500540.72848,2000-05-02T01:08:40.172,15063.95168
169.07501,0.36056,-1417.61725,395915.52917,3385380.07794,1.13060,0.01099,10426322.37251,2000-05-01T04:31:45.864,15047.54158
169.08500,0.09604,-1411.87549,395785.68623,3385440.18473,1.12722,0.01035,10449979.92879,2000-05-01T11:06:04.538,15051.83862
169.09500,0.72004,-1434.86661,396047.90220,3385383.80736,1.13630,0.00858,10431567.15817,2000-05-01T05:59:06.653,15052.46756
169.10502,0.25871,-1410.80447,395893.16311,3385379.05711,1.13213,0.00867,10626749.45179,2000-05-03T12:12:15.775,15081.84252
169.11500,0.40642,-1422.10168,395925.60616,3385409.60693,1.13045,0.00763,10490756.10979,2000-05-01T22:25:41.607,15057.69445
169.12500,0.62808,-1433.93049,396005.21176,3385408.93248,1.13124,0.00829,10580036.52419,2000-05-02T23:13:46.639,15071.33532
169.13500,0.49028,-1426.42105,395987.27737,3385407.39371,1.13321,0.00671,10630114.07177,2000-05-03T13:08:26.694,15080.15053
169.14499,0.29974,-1413.92975,395926.97264,3385372.76117,1.12615,0.00693,10503613.85393,2000-05-02T02:00:02.208,15060.99516
169.15500,0.41819,-1418.01940,395922.87401,3385408.28316,1.12638,0.00690,10486812.58654,2000-05-01T21:19:55.403,15062.27225
169.16501,0.44499,-1411.82630,395970.24687,3385381.64237,1.12283,0.00664,10500906.28387,2000-05-02T01:14:56.351,15060.51531
169.17500,0.09360,-1399.22527,395767.02224,3385431.19266,1.12523,0.00715,10652009.56572,2000-05-03T19:13:19.943,15082.56934
169.18501,0.46007,-1405.77395,395928.97015,3385435.85715,1.13146,0.00684,10524733.76380,2000-05-02T07:52:00.965,15066.15713
169.19500,0.49732,-1400.77305,395969.97258,3385401.04742,1.13672,0.00674,10489791.32591,2000-05-01T22:09:35.674,15061.12366
169.20499,0.71115,-1409.82752,396043.11974,3385394.28680,1.12905,0.00731,10609167.44633,2000-05-03T07:19:19.026,15073.24762
169.21500,0.25851,-1398.82843,395847.04945,3385444.04070,1.12478,0.00665,10644653.26674,2000-05-03T17:10:45.653,15079.74901
169.22500,0.36559,-1405.68348,395930.53745,3385409.68935,1.12699,0.00695,10599181.26923,2000-05-03T04:32:53.827,15078.75099
169.23499,0.43636,-1409.05998,395929.19248,3385403.22537,1.13419,0.00753,10571142.58515,2000-05-02T20:45:25.548,15072.95288
169.24499,0.18179,-1401.19877,395838.40951,3385412.22613,1.12619,0.00657,10609662.22990,2000-05-03T07:27:32.894,15072.01643
169.25502,0.51130,-1411.66747,395963.25738,3385404.04723,1.12227,0.00629,10541009.40644,2000-05-02T12:23:14.536,15064.06488
169.26500,0.03141,-1390.36996,395746.84910,3385422.32059,1.12733,0.00713,10554527.63415,2000-05-02T16:08:34.526,15065.42509
169.27499,0.30593,-1406.94420,395884.55024,3385406.57376,1.12604,0.00694,10648845.69246,2000-05-03T18:20:30.154,15083.97238
169.28500,0.32929,-1401.52302,395869.27081,3385423.73923,1.12501,0.00665,10584085.05065,2000-05-03T00:21:16.835,15072.70285
169.29501,0.02719,-1393.40035,395756.28117,3385433.46009,1.12755,0.00693,10578324.07132,2000-05-02T22:45:08.208,15075.53417
169.30500,0.58348,-1419.80403,395966.53573,3385438.89687,1.13110,0.00632,10595104.93952,2000-05-03T03:24:54.831,15073.37441
169.31499,0.43118,-1411.34639,395910.38687,3385419.33570,1.12796,0.00657,10511604.76837,2000-05-02T04:13:17.218,15058.13549
169.32500,0.07468,-1396.65438,395744.86637,3385447.50858,1.12705,0.00612,10579710.00564,2000-05-02T23:08:18.417,15074.46354
169.33500,0.28096,-1404.69581,395838.74782,3385443.79138,1.12416,0.00641,10455379.11172,2000-05-01T12:35:57.815,15054.97743
169.34500,0.09116,-1389.98175,395784.18761,3385404.49077,1.13023,0.00590,10527803.43868,2000-05-02T08:43:13.348,15065.65688
169.35501,0.17784,-1392.47095,395797.21133,3385437.57042,1.13067,0.00604,10453710.62970,2000-05-01T12:08:08.336,15053.86371
169.36500,0.02554,-1388.96896,395734.45119,3385454.91376,1.12739,0.00646,10576233.54943,2000-05-02T22:10:26.952,15072.13529
169.37500,0.23460,-1392.45111,395801.97711,3385437.31118,1.13813,0.00609,10500882.70288,2000-05-02T01:14:24.986,15058.70865
169.38501,0.42263,-1401.69944,395914.56754,3385427.89516,1.13829,0.00628,10565302.49672,2000-05-02T19:08:04.897,15071.60839
169.39500,0.51468,-1405.00016,395937.65666,3385415.28807,1.13534,0.00592,10450806.14446,2000-05-01T11:19:59.472,15052.38072
169.40502,0.21413,-1390.29915,395808.16941,3385426.66148,1.12663,0.00609,10547213.80857,2000-05-02T14:06:42.284,15066.70798
169.41501,0.28900,-1399.79278,395858.32007,3385455.91776,1.13191,0.00648,10541189.54238,2000-05-02T12:26:14.161,15066.47646
169.42499,0.20108,-1394.26918,395803.59821,3385446.85470,1.13330,0.00611,10458684.17181,2000-05-01T13:31:06.962,15057.95008
169.43501,0.08266,-1379.85350,395788.50305,3385408.25810,1.12995,0.00815,10559790.39093,2000-05-02T17:36:18.092,15069.29291
169.44500,0.50974,-1402.79276,395918.95860,3385445.58131,1.13198,0.00796,10449297.76899,2000-05-01T10:54:40.941,15049.11007
169.45500,0.45104,-1396.26301,395947.50901,3385401.10335,1.13138,0.00854,10521216.79643,2000-05-02T06:53:18.956,15068.50087
169.46500,0.55664,-1402.46772,395955.92654,3385412.78549,1.13029,0.00836,10503740.72154,2000-05-02T02:02:06.767,15063.01767
169.47500,0.29934,-1395.09691,395910.25051,3385428.13287,1.13050,0.00775,10521665.50112,2000-05-02T07:00:56.142,15062.17386
169.48501,-0.03241,-1381.72582,395798.61547,3385414.83528,1.13275,0.00751,10529673.81767,2000-05-02T09:14:16.752,15063.39135
169.49500,0.36805,-1409.14289,395913.47983,3385441.86770,1.13326,0.00755,10610983.64935,2000-05-03T07:49:25.195,15076.44317
169.50499,0.47766,-1404.25209,395943.14164,3385393.30449,1.13052,0.00819,10600365.81581,2000-05-03T04:52:33.721,15078.12132
169.51501,0.15367,-1394.88939,395802.30773,3385452.76535,1.13060,0.00774,10549774.03754,2000-05-02T14:49:20.318,15069.17644
169.52499,0.54451,-1408.88189,395994.64298,3385392.32144,1.13526,0.00768,10450661.66593,2000-05-01T11:17:33.036,15051.31217
169.53501,-0.07093,-1387.22574,395716.90379,3385443.66599,1.13527,0.00806,10543284.81229,2000-05-02T13:01:04.592,15067.68453
169.54500,0.26288,-1409.73677,395931.21383,3385415.58775,1.13258,0.00789,10629276.01751,2000-05-03T12:54:19.460,15077.23939
169.55499,0.10366,-1403.28528,395852.37140,3385434.18881,1.12773,0.00787,10561079.01405,2000-05-02T17:57:43.467,15069.79007
169.56500,0.42925,-1420.30623,396023.93114,3385406.26389,1.13497,0.00997,10549873.38702,2000-05-02T14:50:55.356,15066.55596
169.57500,0.12097,-1400.78367,395874.68675,3385434.91861,1.13073,0.00792,10534859.46994,2000-05-02T10:40:46.164,15066.09541
169.58502,-0.11678,-1389.40978,395792.77155,3385438.69205,1.12879,0.00786,10551052.68494,2000-05-02T15:10:30.567,15065.02166
169.59500,0.49376,-1411.36332,395976.88301,3385437.10646,1.12993,0.00751,10512611.33140,2000-05-02T04:29:54.638,15065.40815
169.60501,0.29435,-1390.83706,395917.23523,3385405.43736,1.13329,0.00786,10465204.89438,2000-05-01T15:19:59.531,15057.75616
169.61500,0.22826,-1393.86039,395848.82802,3385435.07641,1.14086,0.00824,10620799.20436,2000-05-03T10:33:01.471,15082.05119
169.62500,0.10139,-1390.10960,395777.77899,3385476.32492,1.13941,0.00663,10557255.39894,2000-05-02T16:54:00.220,15064.64720
169.63501,0.30012,-1396.03360,395911.59460,3385405.94988,1.13563,0.00805,10507889.96942,2000-05-02T03:11:19.966,15061.70768
169.64500,0.03148,-1389.08193,395791.81911,3385420.20395,1.13625,0.00774,10488572.52543,2000-05-01T21:49:17.369,15060.50306
169.65499,0.33398,-1408.11260,395910.58958,3385426.74931,1.13248,0.00844,10570735.31386,2000-05-02T20:38:45.871,15072.80651
169.66500,0.52336,-1405.13501,395972.58756,3385412.06664,1.13964,0.00754,10514663.25698,2000-05-02T05:04:08.878,15060.96262
169.67501,0.45130,-1396.25590,395910.28646,3385424.12740,1.13809,0.00791,10539055.88795,2000-05-02T11:50:37.085,15066.23734
169.68502,0.35732,-1392.39371,395924.37800,3385403.03449,1.13131,0.00736,10475153.75059,2000-05-01T18:05:42.761,15060.31778
169.69501,0.29226,-1389.68810,395906.54676,3385407.17658,1.13993,0.00839,10553745.53411,2000-05-02T15:55:32.285,15071.28693
169.70501,0.09245,-1382.68031,395794.65884,3385441.88706,1.14058,0.00859,10555482.13180,2000-05-02T16:24:29.877,15071.33934
169.71502,0.53355,-1404.01754,395989.74228,3385412.83599,1.13346,0.00966,10493675.61729,2000-05-01T23:14:18.600,15057.71009
169.72500,0.29521,-1390.18892,395914.51380,3385389.15730,1.13536,0.00840,10500394.40981,2000-05-02T01:06:19.984,15060.73804
169.73501,0.00400,-1388.37053,395726.92591,3385478.23223,1.13080,0.00745,10476152.13071,2000-05-01T18:22:14.017,15056.63302
169.74498,0.37904,-1396.35930,395902.93822,3385413.45833,1.13408,0.00808,10545797.42326,2000-05-02T13:43:06.462,15067.79440
169.75499,0.36716,-1394.54751,395901.21149,3385435.84274,1.13569,0.00830,10563764.61131,2000-05-02T18:42:27.011,15071.00711
169.76501,0.23801,-1387.02814,395837.91479,3385401.05079,1.13765,0.00822,10626828.42271,2000-05-03T12:13:28.463,15079.68838
169.77499,0.64459,-1406.15748,396007.79983,3385396.99866,1.14150,0.00888,10490374.67298,2000-05-01T22:19:15.479,15060.27156
169.78500,0.30931,-1389.71383,395857.25279,3385421.28414,1.14584,0.00842,10545950.69447,2000-05-02T13:45:35.889,15069.47916
169.79500,-0.10467,-1375.12822,395689.48411,3385476.34682,1.14417,0.00894,10550292.82424,2000-05-02T14:57:57.328,15065.21721
169.80499,0.03471,-1382.69440,395779.23496,3385430.15802,1.14006,0.00899,10521226.91147,2000-05-02T06:53:31.271,15063.21665
169.81500,0.61448,-1394.39464,395999.09972,3385401.72083,1.14291,0.00771,10525947.26318,2000-05-02T08:12:04.265,15064.06512
169.82499,-0.48867,-1350.62220,395555.49912,3385470.32367,1.13349,0.00917,10555223.87652,2000-05-02T16:20:12.466,15068.55362
169.83501,0.22775,-1375.40879,395829.40486,3385413.89289,1.13328,0.00941,10568952.65504,2000-05-02T20:09:02.210,15069.98517
169.84500,0.34028,-1382.37074,395826.61620,3385468.94454,1.13091,0.01147,10636696.49111,2000-05-03T14:58:06.940,15081.30764
169.85499,0.31775,-1380.61031,395825.80151,3385472.84209,1.13854,0.01060,10574674.42261,2000-05-02T21:44:18.465,15078.30989
169.86499,0.49373,-1387.06477,395909.60017,3385463.05793,1.14410,0.01076,10655481.70405,2000-05-03T20:11:05.502,15090.40326
169.87501,0.12322,-1357.33448,395760.31647,3385429.26751,1.14287,0.01012,10468244.21676,2000-05-01T16:10:27.447,15065.19030
169.88270,-0.51756,-1340.43196,395492.33774,3385494.22554,1.14287,0.01067,10549604.01019,2000-05-02T14:46:37.286,15070.29930
169.88770,1.22566,-1415.82762,396291.49204,3385383.14696,1.13472,0.01207,10531657.89315,2000-05-02T09:47:28.219,15072.12433
169.89499,0.04086,-1365.49015,395721.87545,3385460.66056,1.14210,0.01025,10510908.88051,2000-05-02T04:01:39.928,15067.74200
169.90499,0.14561,-1366.47332,395774.34421,3385453.42456,1.14443,0.00954,10518901.53294,2000-05-02T06:14:56.010,15067.31418
169.91500,0.33644,-1376.39097,395881.80418,3385415.64090,1.14097,0.00907,10402360.29277,2000-04-30T21:52:24.022,15047.70325
169.92501,0.11401,-1365.08082,395760.99834,3385445.31548,1.14481,0.00898,10633715.98213,2000-05-03T14:08:22.247,15086.68200
169.93499,0.25898,-1368.56932,395830.28040,3385449.71815,1.14755,0.00898,10322638.21541,2000-04-29T23:43:45.052,15041.62782
169.94500,0.36906,-1374.26061,395897.01191,3385413.09347,1.14701,0.00897,10422057.67118,2000-05-01T03:20:42.413,15056.33024
169.95500,0.72130,-1393.38306,396044.55600,3385417.92898,1.14642,0.00856,10503768.28584,2000-05-02T02:02:30.164,15067.28187
169.96500,0.37215,-1371.02516,395859.99714,3385475.21366,1.14152,0.00848,10416511.09824,2000-05-01T01:48:06.627,15056.07377
169.97500,0.12346,-1354.63755,395795.88402,3385429.36590,1.13974,0.00871,10588058.91710,2000-05-03T01:27:28.074,15072.54195
169.98501,0.48158,-1376.58953,395947.55748,3385403.35944,1.13053,0.00943,10557244.73292,2000-05-02T16:53:53.788,15071.09488
169.99500,0.15116,-1370.38087,395815.56640,3385495.90598,1.13751,0.00832,10423321.72073,2000-05-01T03:41:45.209,15051.38968
170.00499,0.02810,-1356.26059,395752.51079,3385429.74596,1.13683,0.00901,10391211.66370,2000-04-30T18:46:31.823,15045.60886
170.01500,0.37552,-1377.75902,395937.27096,3385456.35608,1.13674,0.00859,10424692.42922,2000-05-01T04:04:33.466,15049.81626
170.02500,0.03102,-1349.91011,395878.97675,3385432.83521,1.14714,0.00882,10438101.37990,2000-05-01T07:48:03.588,15050.93418
170.03499,-0.11608,-1343.50836,395705.33739,3385469.47929,1.14322,0.00844,10442207.10742,2000-05-01T08:56:29.822,15053.12766
170.04500,0.68824,-1373.63946,395986.01344,3385414.15225,1.13853,0.00886,10473484.40588,2000-05-01T17:37:54.868,15054.08737
170.05501,0.44491,-1371.15488,395870.58630,3385463.61147,1.13496,0.00907,10370692.23126,2000-04-30T13:04:45.732,15038.68796
170.06501,0.12276,-1354.51118,395762.34863,3385437.97042,1.13390,0.01184,10517330.21686,2000-05-02T05:48:34.471,15065.32795
170.07500,0.31922,-1372.54841,395842.48468,3385476.97015,1.13639,0.01043,10432283.97183,2000-05-01T06:11:10.848,15048.66647
170.08499,0.44035,-1369.18404,395890.37621,3385440.56818,1.13841,0.01093,10416760.46452,2000-05-01T01:52:26.433,15047.76539
170.09499,0.28876,-1368.85830,395821.66437,3385457.99432,1.13129,0.01027,10503078.77744,2000-05-02T01:51:05.930,15063.44367
170.10499,0.12727,-1364.33195,395751.42605,3385439.25405,1.12720,0.01108,10496147.83594,2000-05-01T23:55:37.504,15061.18167
170.11500,0.29005,-1365.60847,395842.47111,3385433.32490,1.13026,0.01076,10561109.58339,2000-05-02T17:58:14.251,15067.57999
170.12502,-0.02020,-1357.74818,395683.96226,3385443.76210,1.13009,0.01077,10490493.31777,2000-05-01T22:21:27.873,15056.00275
170.13502,0.38141,-1373.01325,395822.43716,3385463.39600,1.12826,0.01007,10660751.58785,2000-05-03T21:38:58.348,15085.43563
170.14501,0.15292,-1365.45313,395748.52270,3385455.22029,1.12492,0.01075,10576147.75995,2000-05-02T22:08:59.500,15069.33403
170.15499,0.40080,-1368.67130,395848.00786,3385413.22138,1.12942,0.00773,10444100.11242,2000-05-01T09:28:00.671,15056.26771
170.16499,0.23699,-1366.44747,395806.85677,3385429.11333,1.12741,0.00773,10538231.98995,2000-05-02T11:37:03.298,15068.16072
170.17501,0.18120,-1369.59773,395795.34444,3385416.46410,1.12215,0.00829,10439193.56325,2000-05-01T08:06:17.877,15053.43863
170.18501,0.08011,-1368.80632,395773.56019,3385428.08720,1.12662,0.00874,10538024.18064,2000-05-02T11:33:35.339,15062.16082
170.19502,-0.09237,-1352.94360,395714.88506,3385435.83121,1.12795,0.00900,10491933.00433,2000-05-01T22:45:12.440,15061.49715
170.20500,0.06297,-1361.32016,395805.51683,3385402.55784,1.13795,0.00856,10459701.52428,2000-05-01T13:48:15.799,15055.11533
170.21501,0.63686,-1389.62219,395956.78465,3385408.99297,1.13147,0.00847,10531873.10489,2000-05-02T09:51:09.245,15064.05676
170.22501,-0.05619,-1359.30542,395636.88413,3385439.14734,1.12413,0.00888,10540398.87701,2000-05-02T12:13:10.848,15067.35085
170.23501,0.35200,-1371.89403,395831.84320,3385413.51773,1.12539,0.00922,10522341.30655,2000-05-02T07:12:14.320,15065.43527
170.24496,0.34462,-1367.39850,395814.90295,3385416.64100,1.12652,0.00808,10436459.56273,2000-05-01T07:20:53.020,15050.86307
170.25499,0.38303,-1370.14519,395859.05939,3385412.36046,1.13191,0.00820,10575296.72113,2000-05-02T21:54:41.160,15069.98725
170.26500,0.32368,-1361.78272,395833.99769,3385400.65972,1.12937,0.00860,10602282.70876,2000-05-03T05:24:24.695,15076.45082
170.27501,0.07504,-1356.17738,395767.01241,3385440.76535,1.12780,0.00748,10526478.47854,2000-05-02T08:21:06.206,15064.09268
170.28501,0.04344,-1353.98380,395755.91069,3385462.90063,1.13072,0.01076,10463812.36116,2000-05-01T14:56:45.872,15056.36324
170.29501,0.02551,-1346.91405,395733.26233,3385440.73429,1.12537,0.00998,10527170.36563,2000-05-02T08:32:35.006,15065.83623
170.30498,0.35203,-1357.90432,395891.11990,3385420.20051,1.12561,0.01049,10472873.68920,2000-05-01T17:27:39.224,15055.79754
170.31500,-0.18288,-1337.39061,395758.16727,3385437.04246,1.12460,0.01135,10505644.54241,2000-05-02T02:33:48.866,15059.67822
170.32497,-0.25231,-1330.51507,395722.76671,3385472.81525,1.13313,0.00847,10697471.93993,2000-05-04T07:50:53.187,15086.62910
170.33500,-0.08906,-1349.16601,395857.77862,3385428.63566,1.12972,0.00862,10514905.43491,2000-05-02T05:07:52.943,15063.87442
170.34499,-0.09677,-1342.63900,395873.99122,3385421.86980,1.13409,0.00813,10368196.12847,2000-04-30T12:22:49.679,15040.74574
170.35501,0.04926,-1351.32474,395774.72686,3385419.90771,1.13437,0.00773,10536641.07567,2000-05-02T11:10:23.875,15067.86053
170.36499,-0.53509,-1328.04034,395691.20506,3385430.64743,1.14424,0.00803,10361949.59052,2000-04-30T10:38:39.550,15046.67689
170.37501,0.07704,-1352.57828,395901.59844,3385408.30881,1.13374,0.00847,10435078.20280,2000-05-01T06:57:29.490,15049.31849
170.38501,-0.54727,-1321.89295,395913.90420,3385379.42681,1.14004,0.01018,10329515.88598,2000-04-30T01:38:09.268,15039.09172
170.39499,-0.19035,-1348.74723,395628.83936,3385464.58566,1.12710,0.00938,10509813.57043,2000-05-02T03:43:05.837,15064.31567
170.40502,0.66313,-1380.68141,395926.28280,3385377.38089,1.13202,0.00868,10532539.19595,2000-05-02T10:02:12.921,15059.91851
170.41502,0.29118,-1371.81878,395739.68931,3385450.23122,1.13168,0.00935,10669462.98090,2000-05-04T00:04:06.521,15084.16065
170.42499,0.10353,-1361.26985,395663.17324,3385439.09067,1.13337,0.00815,10643068.28097,2000-05-03T16:44:09.573,15082.93983
170.43501,0.60103,-1376.00629,395867.04183,3385435.53650,1.12812,0.01022,10573939.07159,2000-05-02T21:32:08.058,15071.43281
170.44500,0.27615,-1359.44762,395728.68152,3385451.95324,1.13024,0.01098,10552011.91155,2000-05-02T15:26:36.228,15068.06250
170.45500,0.20189,-1357.17850,395716.32209,3385445.77405,1.13595,0.01076,10658147.95260,2000-05-03T20:55:29.131,15086.38879
170.46500,0.20191,-1361.49628,395708.16534,3385450.84624,1.13042,0.00754,10473739.58384,2000-05-01T17:42:08.631,15052.41777
170.47502,0.38532,-1364.47083,395775.44436,3385424.05467,1.12658,0.00645,10630017.32429,2000-05-03T13:06:38.659,15078.63521
170.48499,0.36200,-1366.93783,395778.68999,3385409.13808,1.12902,0.00644,10569820.69552,2000-05-02T20:23:18.592,15074.81714
170.49499,0.16017,-1355.61767,395696.68341,3385418.84113,1.13203,0.00794,10579556.49865,2000-05-02T23:05:40.551,15069.15567
170.50498,0.41265,-1370.77243,395800.78514,3385421.87542,1.13633,0.00661,10501954.45140,2000-05-02T01:32:15.730,15059.21877
170.51500,0.40081,-1370.40471,395781.52740,3385437.34624,1.13187,0.00762,10615652.27424,2000-05-03T09:07:15.274,15077.35678
170.52499,0.12744,-1357.97902,395684.67739,3385442.45370,1.14466,0.00678,10506354.52050,2000-05-02T02:45:30.098,15059.75188
170.53501,0.26172,-1362.38915,395798.01711,3385395.81554,1.13267,0.00663,10369487.49229,2000-04-30T12:44:28.494,15040.80600
170.54501,0.10742,-1353.04321,395681.71549,3385435.29671,1.13862,0.00757,10502505.13652,2000-05-02T01:41:21.121,15061.28039
170.55500,0.87819,-1390.31348,396039.16362,3385385.34172,1.14592,0.00810,10464032.70913,2000-05-01T15:00:05.535,15056.91134
170.56501,0.32402,-1362.88843,395776.00011,3385419.23636,1.13998,0.00754,10498575.67780,2000-05-02T00:35:57.614,15057.96730
170.57499,0.60217,-1378.67211,395887.60023,3385418.02181,1.14570,0.00726,10430813.33953,2000-05-01T05:46:30.196,15049.61435
170.58500,0.27320,-1366.70909,395794.40210,3385392.59587,1.13990,0.00811,10488209.32496,2000-05-01T21:43:11.294,15056.82422
170.59499,0.45766,-1379.57168,395847.95770,3385434.06943,1.14245,0.00669,10521022.99257,2000-05-02T06:50:04.870,15068.27044
170.60500,0.50076,-1383.19378,395937.95598,3385399.52417,1.14704,0.00808,10568341.83028,2000-05-02T19:58:42.332,15069.97809
170.61501,0.24254,-1369.25853,395738.88654,3385420.27227,1.14823,0.00698,10554902.02303,2000-05-02T16:14:47.989,15069.72592
170.62502,0.21641,-1364.28400,395691.45407,3385450.90466,1.14272,0.00559,10495550.48185,2000-05-01T23:45:35.931,15058.83750
170.63502,0.52077,-1375.84443,395872.57097,3385393.06765,1.14122,0.00668,10540389.25090,2000-05-02T12:12:57.174,15063.65303
170.64502,0.01045,-1358.04726,395552.35103,3385453.44661,1.13771,0.00686,10505147.55394,2000-05-02T02:25:30.048,15072.08773
170.65501,0.14780,-1372.11826,395636.49063,3385433.37857,1.13778,0.00610,10447511.15499,2000-05-01T10:24:50.441,15061.73302
170.66500,0.56722,-1379.79335,395797.33850,3385422.38643,1.14105,0.00615,10439563.92495,2000-05-01T08:12:28.441,15055.17042
170.67501,0.30649,-1368.88045,395683.44838,3385440.52804,1.14817,0.00578,10449713.73784,2000-05-01T11:01:41.520,15056.70210
170.68500,0.27358,-1370.26941,395685.18040,3385437.70510,1.14385,0.00613,10537328.18473,2000-05-02T11:21:49.355,15073.78596
170.69499,0.48836,-1382.74641,395782.12811,3385434.27378,1.14451,0.00627,10595340.30873,2000-05-03T03:28:46.383,15078.78944
170.70499,0.16684,-1362.33551,395649.15073,3385410.61590,1.14333,0.00776,10463251.98620,2000-05-01T14:47:08.203,15064.25738
170.71498,0.27972,-1367.22441,395669.62027,3385458.62044,1.13426,0.00653,10565091.75929,2000-05-02T19:04:38.717,15077.79017
170.72501,0.23447,-1358.38460,395656.06342,3385442.96748,1.13488,0.00738,10475222.62638,2000-05-01T18:06:47.712,15061.56696
170.73500,0.32570,-1366.14203,395656.79755,3385458.78613,1.13607,0.00736,10494267.95034,2000-05-01T23:24:08.910,15064.94230
170.74499,0.07037,-1354.06317,395564.13602,3385463.81532,1.13927,0.00758,10493217.22815,2000-05-01T23:06:36.865,15063.94910
170.75499,0.21519,-1360.56817,395659.34274,3385446.64436,1.14182,0.00669,10584443.75000,2000-05-03T00:27:05.711,15078.23440
170.76499,0.21322,-1357.40243,395639.75168,3385456.81076,1.14492,0.00653,10534979.07530,2000-05-02T10:42:41.739,15072.54040
170.77500,0.48975,-1365.02165,395765.78538,3385422.34757,1.14317,0.00607,10602813.47090,2000-05-03T05:33:12.239,15080.60171
170.78500,0.23166,-1358.42609,395645.49516,3385454.65054,1.14577,0.00649,10536186.19520,2000-05-02T11:02:45.686,15071.66066
170.79500,0.25976,-1355.18373,395684.14545,3385466.39713,1.14492,0.00561,10590372.32778,2000-05-03T02:05:47.135,15079.56107
170.80499,0.23894,-1357.59260,395646.26595,3385465.17248,1.15183,0.00579,10567024.62925,2000-05-02T19:36:47.008,15077.68517
170.81499,0.56840,-1375.47600,395792.09728,3385450.64563,1.14739,0.00537,10525419.82176,2000-05-02T08:03:23.203,15070.30516
170.82500,0.00523,-1349.36668,395561.60784,3385436.50958,1.15091,0.00650,10519904.73483,2000-05-02T06:31:26.654,15068.65789
170.83500,-0.09197,-1348.16197,395533.42558,3385455.39720,1.14762,0.00671,10663948.00331,2000-05-03T22:32:08.357,15088.77967
170.84501,0.16941,-1357.75051,395646.06405,3385427.96914,1.14738,0.00695,10531466.45681,2000-05-02T09:44:15.955,15072.19781
170.85499,0.35799,-1363.90976,395697.04857,3385472.50089,1.15114,0.00932,10638125.21067,2000-05-03T15:21:53.105,15088.54537
170.86499,0.48760,-1368.26146,395791.08278,3385420.86380,1.14969,0.00855,10499636.03759,2000-05-02T00:53:46.674,15063.82003
170.87500,0.23805,-1357.97172,395685.73295,3385408.93069,1.14832,0.00757,10601963.91526,2000-05-03T05:19:07.290,15084.98589
170.88500,0.23862,-1366.72653,395678.54556,3385445.27584,1.14606,0.00834,10611749.02265,2000-05-03T08:02:14.222,15081.40803
170.89499,0.17340,-1373.31500,395643.94710,3385438.35213,1.14561,0.00777,10473346.98161,2000-05-01T17:35:25.714,15064.98148
170.90499,0.45460,-1384.34487,395793.98672,3385407.64643,1.15037,0.00866,10548308.90473,2000-05-02T14:24:56.903,15070.26807
170.91501,0.46865,-1385.34210,395845.85760,3385386.08092,1.14743,0.00832,10538923.22778,2000-05-02T11:48:21.590,15072.25464
170.92499,0.55651,-1382.61486,395855.19493,3385391.00321,1.15142,0.00796,10576934.09450,2000-05-02T22:21:55.880,15080.61505
170.93498,0.64384,-1388.50580,395892.28542,3385405.99812,1.15697,0.00774,10479343.60205,2000-05-01T19:15:22.591,15062.10449
170.94497,0.06065,-1356.66776,395622.82677,3385411.76405,1.16213,0.00811,10564372.35404,2000-05-02T18:52:34.897,15078.11388
170.95500,0.67261,-1388.49327,395899.50329,3385398.99114,1.15650,0.00812,10480247.78681,2000-05-01T19:30:23.590,15060.06671
170.96501,0.46850,-1386.35483,395804.39887,3385423.18829,1.15263,0.00883,10603295.40981,2000-05-03T05:41:16.433,15082.17349
170.97499,0.56218,-1384.36261,395842.28943,3385403.78138,1.15832,0.01061,10493334.93906,2000-05-01T23:08:34.813,15064.80822
170.98499,0.52628,-1385.45805,395825.58342,3385409.11702,1.15375,0.00979,10580746.58297,2000-05-02T23:25:27.490,15080.05455
170.99499,0.34449,-1384.75719,395740.84768,3385436.69570,1.16157,0.00642,10490691.86521,2000-05-01T22:24:30.540,15066.14299
171.00501,0.34597,-1375.78133,395752.08700,3385413.37269,1.15906,0.00596,10513804.25611,2000-05-02T04:49:39.693,15067.75496
171.01499,0.69011,-1391.92022,395913.80459,3385395.68384,1.15338,0.00645,10556593.29926,2000-05-02T16:42:52.925,15075.32472
171.02497,0.47122,-1394.55235,395768.13726,3385469.19071,1.15883,0.00613,10463971.03357,2000-05-01T14:59:15.463,15061.72175
171.03499,0.55094,-1400.95437,395831.02588,3385397.57238,1.15071,0.00632,10485219.15916,2000-05-01T20:53:17.550,15062.72038
171.04501,0.47335,-1393.92108,395820.53197,3385410.36468,1.15522,0.00560,10500204.86574,2000-05-02T01:03:01.575,15068.38557
171.05498,0.58080,-1410.11087,395830.43885,3385432.38746,1.14937,0.00618,10478572.63475,2000-05-01T19:02:28.023,15064.83056
171.06500,0.43333,-1401.38271,395822.47316,3385389.60348,1.15770,0.00661,10492281.60064,2000-05-01T22:51:05.826,15067.36548
171.07499,0.63584,-1416.41529,395862.32592,3385401.17328,1.16142,0.00574,10554026.35269,2000-05-02T16:00:04.448,15071.71632
171.08499,0.39961,-1415.06599,395792.60833,3385383.37355,1.15511,0.00630,10500576.63615,2000-05-02T01:09:23.771,15068.70645
171.09502,0.45777,-1422.93319,395810.91709,3385395.50009,1.15331,0.00577,10524686.00171,2000-05-02T07:50:59.189,15068.45650
171.10500,0.40873,-1420.82657,395788.82316,3385399.61581,1.15746,0.00665,10580887.80560,2000-05-02T23:27:38.727,15079.52962
171.11499,0.47689,-1426.89629,395843.91093,3385366.78301,1.15434,0.00632,10430380.94694,2000-05-01T05:39:21.800,15053.06412
171.12500,0.68332,-1443.30923,395905.31228,3385377.09494,1.15617,0.00615,10514721.00746,2000-05-02T05:04:54.520,15071.84257
171.13501,0.30273,-1424.94013,395768.62717,3385396.51954,1.15247,0.00645,10563418.11259,2000-05-02T18:36:36.341,15077.21297
171.14499,0.62897,-1437.79436,395882.58517,3385381.75897,1.15774,0.00611,10486911.07545,2000-05-01T21:21:20.131,15064.16548
171.15500,0.31477,-1417.56989,395744.82257,3385378.94736,1.16077,0.00578,10521665.30245,2000-05-02T07:00:44.254,15071.41986
171.16501,0.37117,-1427.69458,395757.27359,3385427.73728,1.15572,0.00774,10473480.50128,2000-05-01T17:37:46.941,15061.34253
171.17501,0.54023,-1432.42561,395844.23769,3385408.22315,1.15410,0.00686,10527840.51458,2000-05-02T08:43:44.183,15071.37231
171.18501,0.35453,-1424.25254,395755.87990,3385401.16377,1.15514,0.00987,10487740.79768,2000-05-01T21:35:28.665,15063.09244
171.19501,0.50294,-1433.26259,395824.13553,3385404.40342,1.16087,0.00752,10564373.82730,2000-05-02T18:52:30.850,15079.05822
171.20500,0.19330,-1408.08992,395710.65474,3385391.88330,1.15565,0.00755,10592731.28525,2000-05-03T02:45:11.875,15082.29826
171.21500,0.56104,-1419.50738,395842.77729,3385375.14059,1.15158,0.01021,10555704.93203,2000-05-02T16:28:20.466,15075.95978
171.22500,0.40113,-1418.88670,395752.27835,3385438.11697,1.15498,0.00984,10524663.80000,2000-05-02T07:50:35.696,15070.64849
171.23499,0.35024,-1413.92127,395781.13406,3385375.32341,1.15219,0.01004,10611952.27502,2000-05-03T08:05:41.845,15082.80903
171.24500,0.48318,-1427.14936,395821.17512,3385390.51604,1.15030,0.00998,10558438.71602,2000-05-02T17:13:42.941,15074.73625
171.25499,0.42219,-1424.18598,395782.52032,3385401.30294,1.15967,0.00980,10508493.16591,2000-05-02T03:21:18.182,15066.16815
171.26500,0.24490,-1415.79978,395704.28011,3385428.47399,1.16341,0.01007,10666530.37707,2000-05-03T23:15:22.870,15090.80920
171.27500,0.74527,-1429.84113,395968.98636,3385355.67448,1.15986,0.00732,10488658.89025,2000-05-01T21:50:46.082,15061.55544
171.28500,0.30931,-1420.43851,395724.37608,3385435.45339,1.15745,0.00807,10576864.21708,2000-05-02T22:20:54.262,15078.68980
171.29499,0.57491,-1431.22204,395875.72819,3385361.94835,1.15927,0.00818,10655124.05099,2000-05-03T20:05:07.303,15090.37599
171.30499,0.29890,-1420.20079,395752.64418,3385404.83693,1.16151,0.00821,10578628.78970,2000-05-02T22:50:23.822,15081.27766
171.31499,0.42944,-1435.59726,395790.62908,3385398.18585,1.15722,0.00786,10580953.46130,2000-05-02T23:29:00.042,15077.56994
171.32501,0.27179,-1427.64231,395764.01826,3385378.13041,1.15459,0.00822,10641083.03859,2000-05-03T16:11:15.055,15087.13259
171.33500,0.59086,-1444.50114,395894.40384,3385359.11094,1.15771,0.00778,10532417.59448,2000-05-02T09:59:58.602,15072.35217
171.34501,0.58138,-1450.15192,395866.90371,3385397.06706,1.15573,0.00805,10511874.34100,2000-05-02T04:17:40.676,15071.21999
171.35500,0.40882,-1436.42512,395785.47971,3385401.60768,1.15333,0.00750,10642013.90018,2000-05-03T16:26:42.913,15084.24769
171.36499,0.50520,-1447.41496,395827.67727,3385404.64240,1.15451,0.00727,10625562.91745,2000-05-03T11:52:19.031,15084.30404
171.37499,0.39617,-1437.85447,395813.59273,3385398.08022,1.16074,0.00845,10556883.79870,2000-05-02T16:47:56.668,15078.21536
171.38499,0.55826,-1444.19054,395864.30106,3385363.70574,1.15380,0.00721,10604821.77197,2000-05-03T06:06:41.837,15078.89082
171.39499,0.08798,-1428.08986,395673.68381,3385403.70563,1.15708,0.00829,10603621.17006,2000-05-03T05:46:49.893,15086.70189
171.40500,0.63022,-1452.70621,395871.66684,3385406.13544,1.15695,0.00701,10527088.72582,2000-05-02T08:31:05.445,15070.56071
171.41500,0.19749,-1428.69168,395694.49251,3385415.52661,1.15273,0.00652,10556744.99510,2000-05-02T16:45:31.520,15070.68415
171.42499,0.11516,-1430.06620,395685.08139,3385407.02883,1.15567,0.00782,10598964.32048,2000-05-03T04:29:07.864,15082.42217
171.43499,0.69591,-1450.29961,395946.70686,3385366.85050,1.15694,0.00658,10543619.78377,2000-05-02T13:06:42.035,15074.51609
171.44499,0.27544,-1433.56316,395752.43588,3385407.52281,1.16167,0.00588,10474308.45090,2000-05-01T17:51:37.361,15062.43045
171.45499,0.22879,-1435.39467,395787.12403,3385402.95582,1.16045,0.00657,10525971.03054,2000-05-02T08:12:43.425,15069.09430
171.46499,0.22699,-1439.38247,395671.26598,3385412.71975,1.14469,0.00597,10640869.15440,2000-05-03T16:07:25.556,15085.21203
171.47500,0.39108,-1446.54995,395796.46094,3385362.55006,1.15295,0.00588,10510898.10182,2000-05-02T04:01:25.151,15072.09001
171.48500,0.30211,-1441.78255,395786.10354,3385343.18304,1.15791,0.00671,10528263.75371,2000-05-02T08:50:45.881,15069.70564
171.49500,0.69844,-1464.44711,395898.81597,3385349.36555,1.15363,0.00923,10652727.34392,2000-05-03T19:25:08.350,15091.27537
171.50499,0.13739,-1439.32275,395683.45679,3385384.42285,1.15411,0.00841,10466371.73621,2000-05-01T15:39:14.147,15062.21723
171.51499,0.54832,-1457.04466,395837.59392,3385362.23832,1.14998,0.00915,10582357.55078,2000-05-02T23:52:23.053,15077.05019
171.52498,0.31614,-1444.83660,395762.11096,3385386.27313,1.15332,0.00823,10518295.86386,2000-05-02T06:04:36.036,15070.57621
171.53501,0.27232,-1444.50915,395745.36383,3385349.32866,1.14519,0.00918,10612783.54888,2000-05-03T08:19:23.425,15085.08825
171.54500,0.75503,-1465.56301,395968.41960,3385331.75233,1.15399,0.01004,10700701.86734,2000-05-04T08:44:45.576,15095.40771
171.55499,0.42518,-1443.94898,395817.72612,3385347.97336,1.15144,0.00975,10501366.39536,2000-05-02T01:22:30.351,15068.55512
171.56500,0.36744,-1439.85111,395797.95546,3385367.46266,1.15199,0.00762,10504771.38626,2000-05-02T02:19:11.827,15069.30644
171.57501,0.46894,-1445.53071,395846.05998,3385360.48282,1.15347,0.00609,10630601.47793,2000-05-03T13:16:27.390,15087.21640
171.58499,0.61234,-1449.68765,395884.57906,3385380.99078,1.15695,0.00699,10591580.80791,2000-05-03T02:26:04.088,15081.22677
171.59500,0.58116,-1447.79639,395883.66229,3385368.70269,1.15374,0.00572,10565237.93944,2000-05-02T19:06:59.117,15076.11341
171.60500,0.00847,-1412.67231,395706.93700,3385335.13767,1.15336,0.00670,10576713.60038,2000-05-02T22:18:14.402,15075.24640
171.61500,0.51706,-1435.28690,395882.09982,3385350.76423,1.15089,0.00579,10594978.62106,2000-05-03T03:22:46.223,15083.64268
171.62500,-0.06334,-1411.00771,395616.43262,3385383.90595,1.14445,0.00640,10690836.84719,2000-05-04T06:00:08.750,15091.91313
171.63500,0.63232,-1446.17440,395910.21250,3385344.81010,1.15145,0.00695,10549488.46728,2000-05-02T14:44:36.597,15072.76597
171.64500,0.62936,-1443.07506,395908.11775,3385371.79226,1.15145,0.00606,10572068.14049,2000-05-02T21:00:39.512,15078.33745
171.65501,0.47161,-1433.37591,395838.19455,3385365.36404,1.14799,0.00728,10603011.11167,2000-05-03T05:36:27.402,15082.56516
171.66500,0.36504,-1433.56087,395824.87601,3385369.36267,1.15228,0.00637,10676473.93248,2000-05-04T02:01:03.907,15090.49219
171.67500,0.67624,-1446.07845,396007.45057,3385358.81327,1.14882,0.00765,10639065.94095,2000-05-03T15:37:21.146,15091.53794
171.68499,0.44826,-1434.43671,395922.10187,3385374.14343,1.14695,0.00791,10656644.61136,2000-05-03T20:30:22.588,15090.34954
171.69501,0.20566,-1423.23980,395846.42772,3385381.67839,1.14764,0.00716,10606153.11754,2000-05-03T06:28:58.736,15080.11491
171.70501,0.77132,-1443.19503,396095.52192,3385343.23402,1.14707,0.00610,10652270.34163,2000-05-03T19:17:32.932,15089.93280
171.71500,0.09410,-1417.12113,395885.32782,3385395.52559,1.15329,0.00640,10669205.42807,2000-05-03T23:59:44.790,15092.83249
171.72502,0.49342,-1427.92467,396065.25930,3385353.47030,1.15324,0.00590,10646712.92570,2000-05-03T17:44:55.695,15088.92681
171.73501,0.22827,-1421.69302,395891.31105,3385423.70004,1.14785,0.00741,10647732.22461,2000-05-03T18:01:51.274,15089.73822
171.74500,0.31719,-1420.87852,395937.47505,3385383.29573,1.14570,0.00861,10608621.17365,2000-05-03T07:10:01.561,15085.70848
171.75499,0.12982,-1412.68647,395865.01943,3385408.99170,1.15169,0.00813,10656522.21570,2000-05-03T20:28:28.492,15090.00138
171.76499,0.67257,-1431.57989,396101.46914,3385363.79776,1.15508,0.00806,10662337.13997,2000-05-03T22:05:22.952,15096.93392
171.77500,0.42829,-1429.29600,395953.55881,3385393.60134,1.14612,0.00766,10678956.07741,2000-05-04T02:42:16.571,15096.61158
171.78501,0.21802,-1423.00011,395850.98078,3385420.63373,1.14419,0.00755,10637105.28513,2000-05-03T15:04:43.909,15094.06415
171.79500,0.22509,-1423.42410,395910.86209,3385388.92283,1.14767,0.00754,10501568.31975,2000-05-02T01:25:55.925,15070.99036
171.80499,0.21909,-1417.75360,396035.18991,3385376.92905,1.14549,0.00735,10618628.18171,2000-05-03T09:56:47.320,15086.17788
171.81502,0.33335,-1424.74181,396151.70822,3385353.57761,1.14839,0.00767,10655618.55128,2000-05-03T20:13:27.638,15094.29684
171.82501,0.26580,-1433.04184,395963.35790,3385410.10619,1.13684,0.00776,10600853.26137,2000-05-03T05:00:24.012,15081.21179
171.83501,0.36708,-1435.53097,396042.52383,3385361.05104,1.14366,0.00674,10627838.34785,2000-05-03T12:30:15.365,15087.67436
171.84500,0.34130,-1438.20953,395975.52806,3385396.86895,1.14465,0.00735,10623227.64742,2000-05-03T11:13:32.934,15081.88959
171.85501,0.63459,-1451.25635,396112.67372,3385382.40570,1.14457,0.00756,10642112.17583,2000-05-03T16:28:08.193,15090.19002
171.86499,0.23465,-1433.34308,395904.86219,3385385.93943,1.14530,0.00701,10471184.31239,2000-05-01T16:59:22.333,15063.62972
171.87499,0.40871,-1443.24858,395988.83161,3385395.48849,1.14400,0.00539,10734668.77038,2000-05-04T18:10:40.671,15100.96855
171.88500,0.58116,-1442.48795,396070.94337,3385363.80813,1.13758,0.00645,10495202.59752,2000-05-01T23:39:37.285,15067.21265
171.89498,0.51310,-1438.41741,396032.57455,3385370.09943,1.13418,0.00605,10629817.75616,2000-05-03T13:03:18.498,15086.61453
171.90500,-0.11377,-1415.34904,395770.02176,3385399.94038,1.13424,0.00716,10547150.33326,2000-05-02T14:05:21.803,15070.72633
171.91502,0.46251,-1437.08456,395968.72564,3385378.12313,1.12803,0.00556,10498322.60259,2000-05-02T00:31:41.565,15067.08549
171.92499,0.28815,-1435.47738,395852.67202,3385438.21883,1.13511,0.00578,10592273.27626,2000-05-03T02:37:35.004,15078.99146
171.93498,0.39911,-1434.95594,395934.23405,3385387.64006,1.13623,0.00703,10522964.71515,2000-05-02T07:22:21.651,15070.36126
171.94498,0.33242,-1432.24938,395930.48398,3385392.46566,1.13789,0.00652,10566099.12967,2000-05-02T19:21:22.756,15076.69221
171.95500,0.31955,-1434.04019,395906.12870,3385392.10145,1.12967,0.00766,10591133.45690,2000-05-03T02:18:37.861,15082.24504
171.96500,0.70833,-1448.35233,396024.42472,3385398.65396,1.13018,0.00768,10619344.03911,2000-05-03T10:08:46.305,15081.09445
171.97500,0.61197,-1440.51722,396005.59518,3385418.11218,1.14262,0.00700,10579998.16328,2000-05-02T23:13:11.576,15076.63858
171.98502,0.23539,-1413.02492,395859.53266,3385436.52643,1.14577,0.00709,10465319.97936,2000-05-01T15:21:53.157,15063.80602
171.99499,0.34638,-1431.01997,395858.48772,3385403.43404,1.13625,0.00829,10617287.50596,2000-05-03T09:34:20.592,15086.63511
172.00500,0.52704,-1433.25626,395955.81756,3385369.38527,1.13651,0.00682,10617663.30683,2000-05-03T09:40:39.625,15085.46146
172.01500,0.40816,-1427.16401,395893.23191,3385395.33621,1.14161,0.00716,10609403.22466,2000-05-03T07:22:49.746,15081.85550
172.02499,0.53643,-1428.34461,395976.36994,3385370.33190,1.13639,0.00772,10588151.65615,2000-05-03T01:28:40.649,15080.78193
172.03500,0.59194,-1429.05213,395990.26612,3385364.44666,1.14139,0.00720,10582649.77962,2000-05-02T23:57:09.074,15078.83599
172.04500,0.64549,-1434.16556,395986.05138,3385365.26655,1.14692,0.00809,10583434.07164,2000-05-03T00:10:06.558,15079.52699
172.05500,0.48666,-1428.17188,395904.76174,3385387.41480,1.13850,0.00738,10591452.04541,2000-05-03T02:23:40.900,15081.08638
172.06501,0.34949,-1428.43752,395852.78862,3385385.09001,1.13744,0.00682,10729489.58030,2000-05-04T16:44:19.946,15101.28547
172.07499,0.99158,-1456.89656,396128.55129,3385357.48558,1.14697,0.00535,10605200.76004,2000-05-03T06:12:55.022,15081.87984
172.08500,0.52774,-1439.78596,395959.01288,3385356.71008,1.14145,0.00695,10649345.76179,2000-05-03T18:28:45.217,15087.37733
172.09501,0.31580,-1429.29628,395855.81825,3385371.02016,1.13964,0.00749,10551914.20458,2000-05-02T15:24:48.335,15077.56910
172.10500,0.64287,-1438.74700,395940.16178,3385382.48593,1.13329,0.00764,10652175.57034,2000-05-03T19:15:48.487,15089.48638
172.11500,0.32282,-1428.20196,395826.86039,3385395.63934,1.13816,0.00830,10629784.91732,2000-05-03T13:02:40.521,15083.28246
172.12502,0.42371,-1428.92417,395882.43105,3385354.01852,1.13502,0.00860,10725597.37279,2000-05-04T15:39:33.767,15100.86940
172.13502,0.22491,-1420.81282,395791.50406,3385362.76631,1.13550,0.00920,10542704.52424,2000-05-02T12:51:20.809,15074.02369
172.14500,0.19214,-1420.80253,395731.63894,3385404.95561,1.13865,0.00942,10590360.51126,2000-05-03T02:05:33.881,15081.41916
172.15499,0.80439,-1443.02181,396012.54798,3385372.26297,1.13186,0.01008,10676246.15373,2000-05-04T01:56:59.132,15090.05870
172.16498,0.36074,-1422.37088,395845.42988,3385347.39674,1.13615,0.00735,10695618.79753,2000-05-04T07:19:57.862,15097.09151
172.17501,0.28715,-1430.77876,395793.35491,3385405.23303,1.14243,0.00869,10683040.31277,2000-05-04T03:50:15.326,15092.58049
172.18500,0.64730,-1443.91506,395958.69556,3385357.85228,1.13434,0.00772,10625972.18697,2000-05-03T11:59:01.192,15084.12039
172.19500,0.09053,-1428.18357,395721.05871,3385387.76154,1.12705,0.00791,10721926.21203,2000-05-04T14:38:22.083,15097.63918
172.20499,0.43486,-1437.35766,395843.51448,3385371.40677,1.13133,0.00738,10641791.46201,2000-05-03T16:22:45.128,15086.23993
172.21501,0.27348,-1429.37729,395817.98012,3385364.34949,1.14213,0.00715,10626084.04760,2000-05-03T12:01:01.338,15084.97444
172.22501,0.26948,-1435.50791,395758.97930,3385402.06495,1.13014,0.00683,10638961.79813,2000-05-03T15:35:32.324,15086.93125
172.23500,0.67043,-1454.69165,395958.45657,3385355.60069,1.13561,0.00698,10649222.02701,2000-05-03T18:26:40.636,15088.19775
172.24501,0.79724,-1461.65820,395990.62071,3385375.39578,1.13734,0.00685,10714545.86875,2000-05-04T12:35:21.138,15097.87077
172.25498,0.31640,-1441.75649,395808.35376,3385388.74009,1.14284,0.00610,10663447.93535,2000-05-03T22:23:48.216,15091.04650
172.26501,0.44265,-1446.09330,395837.39625,3385386.02514,1.13158,0.00847,10799835.01403,2000-05-05T12:16:50.106,15108.51655
172.27499,0.40257,-1446.82500,395818.44525,3385384.58952,1.13457,0.00932,10654087.96826,2000-05-03T19:47:44.369,15090.23209
172.28499,0.29190,-1444.81522,395805.24648,3385370.87148,1.14224,0.00834,10643547.72331,2000-05-03T16:51:58.578,15089.42786
172.29501,0.70988,-1461.11419,395999.19749,3385363.28845,1.15140,0.00679,10613197.17517,2000-05-03T08:26:21.642,15081.23671
172.30499,0.30843,-1442.13369,395811.00165,3385378.88399,1.14206,0.00751,10740015.77779,2000-05-04T19:39:47.590,15103.53668
172.31499,0.28770,-1438.03262,395797.61714,3385377.09142,1.14300,0.00626,10664978.61416,2000-05-03T22:49:03.054,15092.41660
172.32501,0.58176,-1454.83991,395885.52068,3385376.33621,1.13779,0.01118,10675480.30571,2000-05-04T01:44:20.975,15091.21153
172.33501,0.36797,-1442.87099,395829.38160,3385374.25622,1.14434,0.01080,10699325.51541,2000-05-04T08:21:37.326,15098.85242
172.34500,0.58022,-1453.75064,395927.18255,3385366.23268,1.14003,0.00986,10606171.10797,2000-05-03T06:28:56.543,15083.92595
172.35502,0.45719,-1443.52430,395834.36437,3385360.65411,1.14122,0.01045,10652528.59697,2000-05-03T19:21:47.931,15091.66509
172.36498,0.07323,-1428.80073,395671.89863,3385400.94949,1.13956,0.00916,10761961.88649,2000-05-05T01:45:25.709,15106.39994
172.37500,0.48403,-1443.55507,395837.07658,3385384.92797,1.13626,0.01059,10585885.74170,2000-05-03T00:50:57.375,15077.01567
172.38499,0.40085,-1443.33325,395861.67531,3385381.14031,1.13893,0.00986,10686723.80825,2000-05-04T04:51:33.756,15095.35220
172.39497,0.10766,-1425.05597,395717.06099,3385368.82335,1.14017,0.00970,10549510.44415,2000-05-02T14:44:40.835,15075.24524
172.40497,0.29558,-1423.44806,395826.35601,3385365.12098,1.14942,0.00912,10690068.78329,2000-05-04T05:47:15.912,15095.04850
172.41500,0.41912,-1439.16798,395843.76476,3385330.50820,1.14294,0.00682,10698998.41680,2000-05-04T08:16:15.374,15095.00245
172.42499,0.73314,-1459.87193,395947.72453,3385356.72877,1.14547,0.00760,10624392.64685,2000-05-03T11:32:44.721,15086.36228
172.43500,0.31453,-1438.16539,395792.30247,3385353.21102,1.14100,0.00667,10663722.81742,2000-05-03T22:28:19.923,15087.74419
172.44501,0.35995,-1440.49292,395807.88753,3385340.78933,1.13905,0.00718,10699253.05429,2000-05-04T08:20:25.272,15100.01825
172.45499,0.58674,-1456.23102,395888.51797,3385353.60618,1.13655,0.00794,10706392.36421,2000-05-04T10:19:35.408,15097.63116
172.46501,0.85013,-1462.25964,396038.00555,3385307.41180,1.13425,0.00682,10667438.60160,2000-05-03T23:30:15.068,15091.00700
172.47502,0.16582,-1435.76057,395759.63458,3385339.85912,1.12654,0.00911,10655352.97863,2000-05-03T20:08:48.283,15086.19859
172.48501,0.27681,-1443.70764,395780.21203,3385340.26154,1.12563,0.00930,10679621.69774,2000-05-04T02:53:16.390,15095.55394
172.49499,0.33709,-1442.45120,395809.99615,3385335.37800,1.12659,0.00910,10672662.22200,2000-05-04T00:57:20.145,15091.71521
172.50501,0.63789,-1460.36235,395942.04357,3385330.56064,1.12546,0.00887,10721882.37465,2000-05-04T14:37:45.523,15103.59573
172.51501,0.40906,-1450.88962,395824.76768,3385358.00315,1.11526,0.00868,10689318.02633,2000-05-04T05:34:48.710,15092.57741
172.52498,0.13572,-1435.29470,395757.35125,3385335.45682,1.12117,0.00951,10649801.28460,2000-05-03T18:36:20.901,15091.01963
172.53500,0.54051,-1451.37428,395894.31661,3385339.91315,1.12847,0.00843,10689276.78480,2000-05-04T05:34:11.338,15096.67689
172.54500,0.21622,-1436.60015,395842.59607,3385325.92509,1.12735,0.00861,10642022.62615,2000-05-03T16:26:45.985,15089.51135
172.55499,0.35214,-1448.30490,395857.09295,3385354.22337,1.13400,0.00915,10741033.68539,2000-05-04T19:57:00.572,15102.01667
172.56499,0.17392,-1435.44271,395678.40141,3385360.65064,1.12950,0.01107,10766839.28129,2000-05-05T03:06:56.677,15104.60227
172.57500,0.45461,-1448.19581,395795.12060,3385359.42519,1.13128,0.01104,10705618.75274,2000-05-04T10:06:27.170,15096.77054
172.58499,0.79356,-1463.48920,395929.43122,3385356.38979,1.13295,0.01126,10807772.06943,2000-05-05T14:29:06.252,15110.44972
172.59501,0.30290,-1438.10303,395707.13421,3385355.93223,1.12901,0.01072,10696570.06046,2000-05-04T07:35:42.817,15101.06588
172.60499,0.27088,-1444.00994,395737.07723,3385368.65731,1.12556,0.00933,10793147.81964,2000-05-05T10:25:24.588,15108.90701
172.61499,0.21790,-1443.63475,395707.63243,3385361.47835,1.12874,0.01075,10753170.54579,2000-05-04T23:19:08.207,15102.82439
172.62499,0.37051,-1452.91969,395751.50046,3385375.61884,1.12471,0.01060,10798374.16442,2000-05-05T11:52:31.456,15111.61980
172.63499,0.54287,-1453.62941,395823.12740,3385353.95627,1.12450,0.01134,10752318.44813,2000-05-04T23:04:55.233,15102.85083
172.64498,0.31722,-1448.79392,395726.51953,3385372.05228,1.13112,0.01054,10663649.14608,2000-05-03T22:27:03.538,15091.05316
172.65501,0.77815,-1464.90598,395934.87068,3385340.26382,1.12734,0.01028,10778627.61321,2000-05-05T06:23:29.965,15106.42767
172.66501,0.58848,-1465.09818,395863.28172,3385354.73513,1.12806,0.01048,10703020.25124,2000-05-04T09:23:09.460,15099.09222
172.67500,0.35046,-1439.85242,395768.98449,3385325.16139,1.12861,0.00865,10642431.92343,2000-05-03T16:33:21.561,15089.17127
172.68499,0.59500,-1454.61125,395868.08436,3385332.84251,1.13015,0.00962,10664568.76721,2000-05-03T22:42:24.133,15083.74716
172.69500,0.32620,-1445.80175,395722.58663,3385384.81425,1.12966,0.01232,10719111.31404,2000-05-04T13:51:31.118,15102.69968
172.70499,0.20907,-1442.29904,395671.45494,3385386.58843,1.12730,0.00927,10628358.18087,2000-05-03T12:38:50.296,15087.06147
172.71499,0.64456,-1449.38486,395897.14125,3385316.95558,1.12952,0.00920,10702391.02933,2000-05-04T09:12:43.790,15101.12147
172.72500,0.32677,-1446.86701,395704.49729,3385376.11539,1.12536,0.01132,10699460.24155,2000-05-04T08:23:53.046,15092.16817
172.73499,0.50264,-1452.09455,395861.81136,3385321.32062,1.12167,0.01102,10677425.58278,2000-05-04T02:16:39.758,15094.00343
172.74501,0.37351,-1449.96947,395745.28074,3385377.22601,1.12696,0.01089,10786021.65216,2000-05-05T08:26:27.081,15109.04923
172.75502,0.33725,-1444.27453,395731.08731,3385359.72948,1.13014,0.01195,10717926.82441,2000-05-04T13:31:40.595,15100.05445
172.76500,0.44635,-1443.38269,395788.72569,3385359.35563,1.13356,0.01217,10741977.85412,2000-05-04T20:12:35.808,15100.22401
172.77499,0.46701,-1445.15021,395822.77489,3385338.53615,1.13316,0.01122,10804570.66007,2000-05-05T13:35:42.225,15110.88608
172.78499,0.37068,-1439.89047,395751.63342,3385370.18194,1.13351,0.01086,10653479.64074,2000-05-03T19:37:36.431,15092.46815
172.79500,0.57841,-1443.55854,395856.75104,3385340.39454,1.14376,0.00975,10823569.16284,2000-05-05T18:52:25.416,15112.22873
172.80502,0.05085,-1420.03932,395626.63083,3385378.53146,1.14238,0.01014,10667399.16213,2000-05-03T23:29:25.253,15091.39184
172.81500,0.29342,-1428.80361,395702.03365,3385387.80039,1.13420,0.00903,10797700.14630,2000-05-05T11:41:14.037,15111.03161
172.82499,0.54911,-1436.84578,395795.65920,3385399.31636,1.13832,0.00834,10716147.24523,2000-05-04T13:01:59.446,15100.75592
172.83499,0.68566,-1441.00622,395919.39905,3385339.43350,1.14660,0.00845,10774176.20235,2000-05-05T05:09:02.381,15105.49670
172.84501,0.54446,-1432.52401,395819.56724,3385396.38072,1.14065,0.00869,10709144.81770,2000-05-04T11:05:15.838,15097.79766
172.85500,0.77929,-1436.79870,395920.47604,3385369.29521,1.14374,0.00832,10691883.87911,2000-05-04T06:17:36.144,15091.46092
172.86500,0.54961,-1427.29266,395822.28661,3385386.17435,1.14381,0.00943,10753259.54654,2000-05-04T23:20:36.509,15104.42211
172.87500,0.80746,-1441.21459,395918.79723,3385385.33248,1.13805,0.00797,10748588.37719,2000-05-04T22:02:48.015,15106.40249
172.88499,0.28456,-1420.33057,395688.24512,3385396.71680,1.12973,0.00936,10734119.32416,2000-05-04T18:01:29.767,15098.81618
172.89500,0.52089,-1431.46047,395823.33962,3385382.76989,1.13545,0.00959,10678877.98024,2000-05-04T02:40:49.979,15091.07092
172.90502,0.58736,-1434.00703,395850.77577,3385381.92705,1.12680,0.00912,10628285.32866,2000-05-03T12:37:35.782,15087.26506
172.91502,0.73514,-1437.32467,395866.14634,3385405.38855,1.13178,0.00941,10634367.87202,2000-05-03T14:18:59.294,15092.28460
172.92501,0.43395,-1421.70291,395767.95023,3385395.48928,1.13712,0.00829,10656275.04478,2000-05-03T20:24:06.135,15088.65584
172.93498,0.32935,-1413.84052,395715.29125,3385384.47176,1.13082,0.00884,10771176.41149,2000-05-05T04:19:13.278,15108.37564
172.94501,0.65832,-1433.15185,395876.14528,3385366.98915,1.13101,0.01284,10637114.59275,2000-05-03T15:04:45.264,15085.20941
172.95499,0.45070,-1427.49573,395758.75262,3385410.71641,1.13078,0.01144,10763266.99613,2000-05-05T02:07:19.631,15100.24655
172.96499,0.70526,-1434.19716,395844.65248,3385384.46527,1.12893,0.00952,10573723.14555,2000-05-02T21:28:24.455,15078.22349
172.97502,0.38522,-1416.27594,395793.11113,3385374.55639,1.13335,0.00942,10714059.72028,2000-05-04T12:27:12.553,15096.98195
172.98501,0.72459,-1432.69385,395881.23402,3385384.73271,1.13293,0.00884,10693572.40320,2000-05-04T06:45:47.952,15096.40042
172.99499,0.20640,-1406.98467,395676.59895,3385394.63947,1.13537,0.00998,10756850.37982,2000-05-05T00:20:27.042,15103.93966
173.00499,0.66172,-1424.21333,395854.84185,3385374.84752,1.14040,0.00861,10712499.02317,2000-05-04T12:01:11.106,15098.96135
173.01500,0.71950,-1432.10924,395841.52756,3385413.67796,1.13865,0.00963,10705754.47885,2000-05-04T10:08:48.455,15097.57157
173.02500,0.45688,-1422.17855,395798.14897,3385387.46232,1.14013,0.00808,10760977.84130,2000-05-05T01:29:11.225,15104.68983
173.03503,0.66145,-1427.05655,395846.63910,3385376.89384,1.13436,0.00848,10775567.29388,2000-05-05T05:32:18.416,15110.43971
173.04500,0.37668,-1416.17188,395710.86327,3385428.41789,1.12763,0.00739,10824843.30603,2000-05-05T19:13:41.373,15114.40779
173.05499,0.76280,-1430.85649,395886.26014,3385415.32232,1.13199,0.01061,10770839.29824,2000-05-05T04:13:46.127,15107.11656
173.06500,0.25379,-1400.63265,395685.25076,3385407.78370,1.13832,0.01137,10747374.22116,2000-05-04T21:42:33.626,15101.47805
173.07499,0.73070,-1423.64352,395867.17441,3385405.10586,1.13654,0.00976,10722135.68195,2000-05-04T14:41:53.042,15097.80604
173.08499,0.28389,-1402.00435,395701.29082,3385395.05588,1.13970,0.00884,10691652.53296,2000-05-04T06:13:47.824,15094.58726
173.09502,0.40677,-1405.08470,395748.94656,3385383.86672,1.13488,0.00994,10719330.13043,2000-05-04T13:55:03.175,15101.39313
173.10499,0.57003,-1411.41535,395809.75652,3385391.01004,1.13920,0.01064,10680430.53451,2000-05-04T03:06:51.901,15094.63878
173.11500,0.66793,-1417.65542,395875.27154,3385372.46828,1.13756,0.01090,10814146.69788,2000-05-05T16:15:21.307,15114.36428
173.12500,0.44166,-1417.40105,395728.20892,3385417.65178,1.12750,0.01047,10670971.42830,2000-05-04T00:28:57.185,15093.82577
173.13500,0.50219,-1413.26834,395808.43275,3385356.76650,1.12613,0.01078,10738322.19014,2000-05-04T19:11:30.749,15103.08734
173.14500,0.50255,-1418.61619,395792.96856,3385376.84050,1.12266,0.01046,10716558.61571,2000-05-04T13:08:46.640,15100.25160
173.15499,0.81927,-1433.73471,395913.04137,3385388.26739,1.12257,0.01124,10728195.87849,2000-05-04T16:22:52.143,15098.43065
173.16499,0.35850,-1405.96029,395709.33332,3385403.26097,1.12982,0.01101,10711045.49399,2000-05-04T11:36:44.830,15097.90708
173.17500,0.51550,-1412.27357,395831.05043,3385356.60081,1.12435,0.01299,10763441.42155,2000-05-05T02:10:07.630,15107.73331
173.18500,0.26130,-1405.78795,395668.77569,3385409.12465,1.12893,0.01410,10637100.27412,2000-05-03T15:04:31.956,15092.45892
173.19501,0.33732,-1408.07651,395710.10181,3385389.12665,1.13466,0.01261,10722582.37654,2000-05-04T14:49:14.117,15102.44209
173.20500,0.41753,-1412.23241,395756.92494,3385380.26899,1.13317,0.00958,10706805.01581,2000-05-04T10:26:12.996,15095.61989
173.21499,0.27966,-1410.44362,395697.71999,3385385.51782,1.13590,0.00823,10750414.39325,2000-05-04T22:33:11.543,15102.93632
173.22501,0.52680,-1416.73619,395790.19814,3385360.18143,1.13077,0.00792,10726093.27810,2000-05-04T15:47:38.271,15103.07065
173.23500,0.32297,-1409.04413,395749.13403,3385360.49913,1.13099,0.00906,10691316.96281,2000-05-04T06:08:11.236,15096.76387
173.24499,0.57772,-1423.40269,395804.14966,3385384.60044,1.13023,0.00831,10736841.91274,2000-05-04T18:47:03.386,15100.83616
173.25501,0.32699,-1407.06846,395731.70661,3385377.84026,1.12955,0.00902,10767762.95689,2000-05-05T03:22:24.683,15101.36419
173.26500,0.32561,-1403.96646,395729.41776,3385386.64805,1.12924,0.00921,10795256.65971,2000-05-05T11:00:40.047,15108.68594
173.27500,0.68778,-1419.23086,395866.66027,3385378.24827,1.12998,0.00867,10765096.41319,2000-05-05T02:37:52.260,15111.93704
173.28500,0.07148,-1388.83360,395611.54816,3385393.57359,1.13314,0.00949,10734867.76656,2000-05-04T18:14:03.108,15106.88559
173.29501,0.80877,-1419.29632,395934.48556,3385371.18970,1.13905,0.00927,10757078.19273,2000-05-05T00:24:06.448,15111.34810
173.30500,0.32663,-1405.10306,395733.80796,3385392.79408,1.13560,0.00897,10784504.53291,2000-05-05T08:01:26.829,15114.22259
173.31501,0.50803,-1410.27590,395792.72692,3385386.14325,1.13904,0.01053,10753129.88188,2000-05-04T23:18:19.603,15106.88063
173.32499,0.39100,-1407.90279,395752.49311,3385393.35964,1.14388,0.01021,10798136.44181,2000-05-05T11:48:39.298,15113.87424
173.33502,0.62897,-1420.11797,395821.55472,3385396.70259,1.13860,0.00968,10815733.36676,2000-05-05T16:41:46.641,15119.78361
173.34500,0.83377,-1419.72085,395948.95889,3385355.31428,1.13997,0.01011,10829961.64806,2000-05-05T20:39:09.477,15120.61429
173.35499,0.26989,-1404.75894,395688.17073,3385427.86591,1.14293,0.00969,10680177.78489,2000-05-04T03:02:32.279,15097.96771
173.36501,0.67605,-1415.56421,395882.12167,3385353.95725,1.14516,0.00893,10888649.98696,2000-05-06T12:57:13.368,15130.28676
173.37500,0.21715,-1402.31567,395694.85389,3385386.56103,1.13970,0.00911,10722029.53770,2000-05-04T14:40:12.351,15103.16052
173.38500,0.30607,-1405.85520,395726.27908,3385404.98807,1.13395,0.00834,10769572.72718,2000-05-05T03:52:30.096,15110.32784
173.39499,0.62727,-1413.19450,395846.53808,3385376.05732,1.14319,0.00858,10744625.65006,2000-05-04T20:56:47.452,15106.24740
173.40499,0.60754,-1413.38617,395840.19467,3385385.49300,1.14686,0.00862,10787773.12752,2000-05-05T08:55:54.212,15114.56942
173.41502,0.06397,-1386.32015,395648.17051,3385395.03868,1.13792,0.00892,10796094.68267,2000-05-05T11:14:40.173,15111.24825
173.42500,0.48524,-1399.40075,395805.65343,3385387.87487,1.13301,0.00900,10789043.14422,2000-05-05T09:17:04.210,15110.54532
173.43499,0.77584,-1412.15171,395925.89794,3385370.58230,1.13354,0.00893,10723609.60134,2000-05-04T15:06:38.422,15097.36399
173.44501,0.36167,-1399.19316,395727.94672,3385399.63122,1.12412,0.00750,10765245.30669,2000-05-05T02:40:28.489,15107.19226
173.45499,0.45496,-1409.50569,395769.05820,3385428.73804,1.13338,0.00877,10803261.63884,2000-05-05T13:14:00.959,15111.97490
173.46499,0.26839,-1394.17730,395715.66990,3385379.82097,1.13270,0.00923,10880591.34202,2000-05-06T10:42:47.691,15122.64190
173.47500,0.38017,-1403.86325,395764.46138,3385376.35712,1.12674,0.00773,10727314.43738,2000-05-04T16:08:14.743,15098.34062
173.48499,0.10018,-1400.02991,395671.03216,3385394.99776,1.12556,0.00866,10873593.63270,2000-05-06T08:46:21.319,15121.38842
173.49499,0.73763,-1415.04801,395919.11036,3385349.54872,1.13433,0.00757,10733072.07373,2000-05-04T17:44:15.369,15103.43880
173.50500,0.41677,-1404.87594,395814.31961,3385369.87783,1.13700,0.00771,10770532.71009,2000-05-05T04:08:35.155,15109.14236
173.51499,0.79377,-1426.99071,395964.67259,3385370.63101,1.13398,0.00840,10756398.74547,2000-05-05T00:12:51.376,15103.88635
173.52498,0.55530,-1427.22861,395821.05382,3385396.75508,1.13628,0.00803,10736520.80669,2000-05-04T18:41:45.119,15104.62502
173.53499,0.24868,-1397.42181,395738.81803,3385361.55955,1.13963,0.00850,10777515.95236,2000-05-05T06:04:53.387,15106.53682
173.54499,0.43219,-1414.64664,395819.51281,3385394.73284,1.13946,0.00820,10738501.00899,2000-05-04T19:14:43.836,15101.00425
173.55500,0.51059,-1413.18890,395851.81248,3385358.55316,1.13807,0.00871,10757136.85870,2000-05-05T00:25:15.293,15101.91463
173.56500,0.44399,-1409.30081,395855.05209,3385382.40770,1.14475,0.00744,10805803.02938,2000-05-05T13:56:28.224,15111.81356
173.57501,0.40178,-1412.89338,395853.10349,3385369.73728,1.14748,0.00873,10817141.74894,2000-05-05T17:05:23.173,15117.83718
173.58501,0.28888,-1403.59541,395851.71247,3385357.12454,1.13858,0.00742,10800451.91700,2000-05-05T12:27:19.906,15114.31436
173.59499,0.13719,-1386.84793,395836.78613,3385346.99509,1.13828,0.00776,10746253.39523,2000-05-04T21:24:02.863,15101.27687
173.60500,1.07579,-1429.90979,396028.66079,3385365.96331,1.13549,0.00874,10797258.19367,2000-05-05T11:33:58.953,15111.38679
173.61500,0.65217,-1414.31209,395845.66220,3385394.71904,1.13457,0.00839,10724778.32089,2000-05-04T15:25:49.147,15097.48942
173.62501,0.54722,-1401.49052,395863.66707,3385362.05263,1.13439,0.00835,10822551.73851,2000-05-05T18:35:27.273,15111.67131
173.63501,0.75491,-1413.72370,395855.18633,3385416.49765,1.12677,0.00785,10760965.16347,2000-05-05T01:29:06.500,15107.54722
173.64499,0.48764,-1405.31633,395778.63551,3385393.19846,1.13033,0.00796,10748273.47738,2000-05-04T21:57:25.768,15105.90954
173.65501,0.71477,-1415.95605,395882.09467,3385378.52309,1.13176,0.00870,10786384.01968,2000-05-05T08:32:35.575,15109.18118
173.66500,0.57852,-1415.56753,395825.29021,3385400.92224,1.13203,0.00843,10844569.96900,2000-05-06T00:42:31.250,15115.66362
173.67500,0.28187,-1409.82321,395702.08654,3385390.68391,1.13611,0.00997,10762508.12745,2000-05-05T01:54:51.377,15105.26129
173.68500,0.74649,-1426.82476,395922.67824,3385364.35637,1.12650,0.00789,10874664.54694,2000-05-06T09:04:09.895,15122.35201
173.69501,0.66044,-1419.26776,395935.14648,3385320.91179,1.12475,0.00798,10724146.17716,2000-05-04T15:15:26.112,15098.78678
173.70501,0.46341,-1410.09222,395795.66037,3385378.94637,1.12914,0.00819,10825264.85141,2000-05-05T19:20:49.896,15113.85775
173.71501,0.51588,-1414.62293,395771.13012,3385401.21800,1.12273,0.00895,10676845.57554,2000-05-04T02:06:59.398,15095.60957
173.72499,0.65429,-1422.79798,395861.20536,3385383.35417,1.12375,0.00788,10793101.19521,2000-05-05T10:24:40.747,15108.36343
173.73500,0.60503,-1421.01388,395878.54438,3385384.01366,1.11698,0.00857,10788327.50393,2000-05-05T09:05:07.437,15108.52771
173.74498,0.51369,-1411.16204,395818.40165,3385352.06849,1.12114,0.00782,10806304.41700,2000-05-05T14:04:32.885,15110.26435
173.75501,0.31153,-1405.07209,395753.84843,3385359.78677,1.12478,0.00920,10785842.77596,2000-05-05T08:23:43.614,15109.48762
173.76501,0.52091,-1419.94397,395949.21847,3385437.49063,1.12550,0.00802,10593328.05226,2000-05-03T02:55:08.137,15081.91285
173.77499,0.54612,-1409.92655,395925.63192,3385409.64026,1.12865,0.00762,10629036.32101,2000-05-03T12:50:11.820,15084.82933
173.78500,0.37577,-1403.16351,395823.92384,3385385.66151,1.12398,0.00890,10779216.21516,2000-05-05T06:33:22.736,15109.53018
173.79500,0.68749,-1415.59143,395955.37686,3385380.82742,1.12356,0.00829,10758547.09250,2000-05-05T00:48:42.388,15106.16383
173.80499,0.77670,-1418.23597,395936.29497,3385404.93600,1.12611,0.00920,10705624.10452,2000-05-04T10:06:45.328,15094.56197
173.81499,0.42912,-1405.90240,395816.77842,3385393.74318,1.12332,0.01045,10840877.87005,2000-05-05T23:40:57.966,15118.92988
173.82500,0.38145,-1399.90381,395776.02910,3385414.84368,1.12393,0.00965,10794056.74776,2000-05-05T10:40:33.837,15110.98138
173.83500,0.34001,-1399.34625,395755.40185,3385437.11558,1.12282,0.01192,10756604.58970,2000-05-05T00:16:26.023,15109.35188
173.84501,0.75942,-1410.79712,395940.28312,3385368.04999,1.12756,0.01209,10693612.12433,2000-05-04T06:46:28.445,15094.82407
173.85501,0.61260,-1406.64272,395887.66207,3385406.09703,1.11934,0.01125,10759266.83554,2000-05-05T01:00:45.985,15105.89610
173.86500,0.26182,-1394.38133,395715.14877,3385437.39999,1.11974,0.00944,10724524.11084,2000-05-04T15:21:46.901,15097.28921
173.87500,0.47699,-1392.42179,395813.93475,3385404.89409,1.12706,0.01059,10701048.01798,2000-05-04T08:50:28.923,15097.98475
173.88502,0.39852,-1386.77003,395788.56873,3385393.48975,1.12024,0.00802,10721694.04598,2000-05-04T14:34:37.259,15099.13791
173.89500,0.42914,-1384.85935,395766.11308,3385423.38473,1.12322,0.00807,10719431.65332,2000-05-04T13:56:54.790,15096.86659
173.90500,0.46565,-1384.74421,395765.95256,3385456.33350,1.12286,0.00832,10814950.78929,2000-05-05T16:28:53.633,15114.32550
173.91500,0.70016,-1395.33794,395912.55863,3385393.54406,1.11875,0.00860,10627218.51674,2000-05-03T12:19:54.080,15087.97105
173.92500,0.61199,-1390.51978,395863.59674,3385410.03568,1.13267,0.00767,10774613.64651,2000-05-05T05:16:34.027,15106.53460
173.93500,0.36371,-1387.83045,395763.17210,3385417.35463,1.12461,0.00862,10751660.38920,2000-05-04T22:53:59.054,15106.41222
173.94500,0.13174,-1371.88212,395659.75153,3385437.68223,1.12622,0.00848,10767806.14726,2000-05-05T03:23:21.995,15103.34274
173.95501,0.64028,-1391.58844,395888.56336,3385371.55437,1.12416,0.01297,10768233.49161,2000-05-05T03:30:16.797,15104.69480
173.96499,0.49675,-1390.91725,395788.08622,3385443.14699,1.12288,0.01721,10750825.60025,2000-05-04T22:40:10.204,15102.92038
173.97499,0.70753,-1403.28796,395964.26946,3385357.34734,1.12825,0.01561,10723771.59765,2000-05-04T15:09:14.237,15099.70557
173.98500,0.40215,-1397.24329,395781.11814,3385404.78329,1.12768,0.01560,10790244.95061,2000-05-05T09:37:09.701,15109.90837
173.99501,0.63117,-1405.82821,395881.04773,3385383.65134,1.12627,0.01493,10682638.55064,2000-05-04T03:43:33.538,15092.65530
174.00499,0.32216,-1390.54222,395783.86971,3385401.91014,1.12199,0.01539,10748377.55325,2000-05-04T21:59:25.002,15103.56712
174.01499,0.36777,-1388.62481,395769.66444,3385425.38581,1.13091,0.01612,10879787.42731,2000-05-06T10:29:33.027,15122.41943
174.02500,0.34983,-1381.42632,395766.27998,3385386.57494,1.12711,0.01655,10701552.04561,2000-05-04T08:58:56.122,15094.17983
174.03500,0.35177,-1386.84780,395766.34671,3385402.86770,1.13010,0.01506,10845885.49260,2000-05-06T01:04:19.190,15119.78224
174.04499,0.75527,-1402.63793,395987.47840,3385363.46899,1.13147,0.01183,10808560.40553,2000-05-05T14:42:26.382,15108.48286
174.05499,0.16558,-1383.63655,395741.92713,3385374.09395,1.13177,0.01253,10780709.23393,2000-05-05T06:58:17.564,15105.21815
174.06499,0.49018,-1408.77877,395922.12309,3385352.07055,1.12335,0.01417,10820844.11551,2000-05-05T18:07:09.271,15114.39742
174.07500,0.45492,-1406.53121,396014.82126,3385339.83762,1.13233,0.01452,10671072.79882,2000-05-04T00:31:09.071,15093.26920
174.08498,0.30214,-1402.75152,395832.19244,3385337.67844,1.13296,0.01437,10798043.46479,2000-05-05T11:47:10.135,15110.07354
174.09499,0.38643,-1410.03882,395852.76657,3385341.27970,1.13085,0.01306,10922673.03913,2000-05-06T22:24:17.330,15125.56457
174.10500,0.11144,-1404.00620,395726.64188,3385382.89482,1.12335,0.01513,10763125.05503,2000-05-05T02:05:00.319,15107.99684
174.11500,0.80209,-1434.19845,395987.19202,3385344.05269,1.12318,0.01407,10711602.80082,2000-05-04T11:46:19.096,15097.51373
174.12500,0.96510,-1441.81371,396089.71344,3385318.48894,1.12079,0.01378,10760063.83324,2000-05-05T01:13:55.830,15107.44798
174.13500,0.59023,-1437.51275,395933.77026,3385351.59184,1.12034,0.01217,10734187.24958,2000-05-04T18:02:45.335,15098.24317
174.14497,0.33460,-1421.14500,395858.23109,3385319.19682,1.12115,0.01257,10811548.50843,2000-05-05T15:32:14.825,15111.35975
174.15500,0.50079,-1433.88747,395876.66122,3385356.69282,1.11605,0.01021,10593716.42807,2000-05-03T03:01:36.429,15081.98414
174.16501,0.62496,-1439.58418,395935.73183,3385342.90866,1.11267,0.00950,10750837.01813,2000-05-04T22:40:14.251,15105.11931
174.17501,0.53237,-1434.58251,395940.58217,3385322.20402,1.11015,0.00995,10682769.11812,2000-05-04T03:45:39.088,15094.68455
174.18501,0.27169,-1423.91526,395790.97397,3385355.04286,1.10656,0.01021,10731899.33994,2000-05-04T17:24:39.213,15103.55085
174.19500,0.76390,-1448.74273,396013.28342,3385335.80279,1.11638,0.01001,10688512.04935,2000-05-04T05:21:27.474,15094.49948
174.20500,0.42205,-1436.57428,395894.55444,3385331.16606,1.11718,0.01019,10839347.18937,2000-05-05T23:15:33.441,15113.37482
174.21501,0.78732,-1457.72112,396025.40986,3385313.51040,1.12007,0.00996,10696563.36602,2000-05-04T07:35:37.788,15097.12450
174.22500,0.51782,-1451.15066,395894.75818,3385331.46665,1.12226,0.00985,10772332.40871,2000-05-05T04:38:35.085,15105.68710
174.23500,0.85840,-1464.30914,396087.47294,3385287.16965,1.11783,0.00983,10724995.37376,2000-05-04T15:29:41.863,15101.69009
174.24500,0.50485,-1452.50975,395892.65173,3385340.23962,1.10715,0.01044,10661193.97361,2000-05-03T21:46:17.118,15087.13523
174.25500,0.45050,-1445.75805,395900.07262,3385307.25118,1.10727,0.01047,10725287.46378,2000-05-04T15:34:26.357,15100.88310
174.26502,0.75737,-1454.68924,396031.83434,3385328.06144,1.11550,0.01165,10754575.53750,2000-05-04T23:42:29.937,15105.48682
174.27498,0.75903,-1451.08724,396001.20016,3385323.90319,1.11538,0.00964,10708429.91873,2000-05-04T10:53:27.475,15097.41262
174.28501,0.74282,-1453.27981,396005.52893,3385321.13641,1.11772,0.01066,10681828.68755,2000-05-04T03:30:14.524,15096.68070
174.29501,0.73420,-1453.43936,396034.95214,3385325.07106,1.11708,0.01044,10777640.29801,2000-05-05T06:07:10.199,15106.65482
174.30498,0.69649,-1455.49919,395998.17601,3385324.29977,1.11808,0.00949,10825723.99291,2000-05-05T19:28:28.404,15112.77162
174.31498,0.84312,-1460.57451,396056.89453,3385313.01834,1.10820,0.00974,10754538.30302,2000-05-04T23:42:07.864,15104.14714
174.32499,0.74665,-1459.76118,396018.27380,3385317.24717,1.11331,0.01181,10644125.62587,2000-05-03T17:01:47.519,15088.51013
174.33499,0.54816,-1448.46366,395914.00642,3385309.37968,1.11091,0.01053,10612017.03312,2000-05-03T08:06:40.621,15081.40924
174.34499,0.28673,-1442.76655,395865.03560,3385306.38977,1.11972,0.01110,10777507.08406,2000-05-05T06:04:52.196,15109.12451
174.35500,0.65671,-1463.63693,395981.64397,3385327.69829,1.11961,0.01078,10772590.33219,2000-05-05T04:42:59.351,15106.65037
174.36500,0.51490,-1451.87876,395948.87216,3385300.56778,1.12298,0.01086,10804000.09818,2000-05-05T13:26:18.994,15111.40503
174.37501,0.98238,-1476.33879,396089.97538,3385328.89919,1.12046,0.01106,10643742.27828,2000-05-03T16:55:30.019,15090.68677
174.38500,0.70222,-1458.06316,396000.07832,3385298.05242,1.11686,0.01067,10751430.32843,2000-05-04T22:50:08.328,15100.97436
174.39497,0.78870,-1462.64379,396042.61781,3385283.72861,1.11849,0.01184,10777455.71744,2000-05-05T06:03:56.207,15109.56207
174.40501,0.70858,-1464.38908,396015.61473,3385282.19632,1.12028,0.01127,10733758.49460,2000-05-04T17:55:35.757,15098.99297
174.41502,0.61607,-1461.46682,395993.77625,3385315.52245,1.11970,0.01048,10652967.71420,2000-05-03T19:29:08.047,15088.67696
174.42500,0.36270,-1447.96023,395858.13881,3385307.92174,1.12084,0.01070,10745842.31890,2000-05-04T21:17:01.242,15105.53489
174.43499,0.72322,-1462.44428,396006.75992,3385308.06146,1.11911,0.01157,10798932.50754,2000-05-05T12:01:55.236,15109.37754
174.44499,0.41495,-1446.67525,395867.79864,3385321.54932,1.11738,0.01131,10801321.33905,2000-05-05T12:41:41.456,15108.29127
174.45501,0.46648,-1448.90946,395882.30406,3385310.96643,1.11303,0.01110,10780177.11998,2000-05-05T06:49:14.708,15108.66665
174.46498,0.68525,-1451.99730,395981.23038,3385326.80483,1.11177,0.01133,10892458.66543,2000-05-06T14:00:38.847,15122.10373
174.47501,0.50773,-1442.12720,395896.71923,3385309.19325,1.12205,0.01105,10780658.27562,2000-05-05T06:57:21.276,15111.67646
174.48499,0.53653,-1438.61399,395909.60865,3385325.68227,1.12278,0.01256,10772363.71906,2000-05-05T04:39:04.599,15104.51808
174.49499,0.52077,-1440.21566,395932.55294,3385296.31102,1.12380,0.01291,10779880.60101,2000-05-05T06:44:23.392,15108.04424
174.50502,0.54034,-1438.66583,395922.99011,3385326.39777,1.12206,0.01316,10747154.21021,2000-05-04T21:39:03.382,15104.05610
174.51500,0.74230,-1443.57442,395958.87798,3385326.39573,1.12043,0.01480,10787677.24919,2000-05-05T08:54:15.560,15110.00972
174.52497,0.51825,-1438.95213,395911.46575,3385332.66036,1.11659,0.01522,10766944.74093,2000-05-05T03:08:47.412,15102.56266
174.53499,0.68138,-1440.67420,396024.83036,3385293.98194,1.11697,0.01577,10793072.97361,2000-05-05T10:24:10.266,15108.85210
174.54499,0.29003,-1424.02394,395787.61848,3385339.36022,1.11335,0.01645,10763200.49052,2000-05-05T02:06:30.101,15107.34145
174.55499,0.75773,-1447.85337,396012.53906,3385320.05926,1.11890,0.01554,10790500.37789,2000-05-05T09:41:14.221,15106.09598
174.56499,0.44251,-1427.24579,395840.32274,3385337.31507,1.11219,0.01497,10783770.37921,2000-05-05T07:49:07.151,15111.85320
174.57502,0.44169,-1424.90789,395846.97638,3385351.60263,1.12066,0.01297,10778094.50225,2000-05-05T06:14:34.297,15110.49647
174.58501,0.64927,-1438.79201,395929.93997,3385346.67689,1.11358,0.01297,10811856.78891,2000-05-05T15:37:16.161,15108.15956
174.59499,0.51571,-1431.48661,395880.82769,3385336.21662,1.10926,0.01529,10732412.37790,2000-05-04T17:33:07.140,15100.22859
174.60500,-0.15983,-1402.27055,395580.77206,3385382.36683,1.10876,0.01549,10692270.67468,2000-05-04T06:24:14.654,15095.66951
174.61498,0.82259,-1447.76964,395997.94698,3385350.67352,1.11129,0.01440,10746817.33109,2000-05-04T21:33:14.865,15104.15450
174.62500,0.46245,-1431.60469,395850.76232,3385343.37833,1.11132,0.01567,10797573.29992,2000-05-05T11:39:15.975,15109.38018
174.63499,0.12538,-1425.43312,395688.67021,3385373.31728,1.11252,0.01478,10785703.74695,2000-05-05T08:21:31.603,15111.13065
174.64498,0.44768,-1439.18596,395859.14166,3385352.60169,1.10968,0.01532,10758447.04681,2000-05-05T00:47:23.691,15102.02483
174.65499,0.51814,-1445.71301,395871.50278,3385352.94042,1.10854,0.01585,10739888.92829,2000-05-04T19:37:55.128,15100.47910
174.66500,0.41224,-1437.40769,395800.92429,3385369.18836,1.11595,0.01426,10707553.30173,2000-05-04T10:38:59.648,15100.73260
174.67500,0.66246,-1440.26579,395900.38067,3385352.28918,1.11133,0.01343,10893181.09687,2000-05-06T14:12:49.419,15123.88484
174.68501,0.46900,-1434.53974,395829.36534,3385367.97216,1.11334,0.01255,10648715.43021,2000-05-03T18:18:26.186,15086.27784
174.69500,0.49378,-1428.83820,395810.30230,3385389.08858,1.11034,0.01220,10751966.65403,2000-05-04T22:59:11.533,15106.33796
174.70500,0.25973,-1412.45154,395756.55181,3385348.65991,1.11509,0.01257,10794964.25982,2000-05-05T10:55:44.169,15107.99860
174.71500,0.48397,-1433.22156,395813.35043,3385383.54110,1.10688,0.01654,10806978.43386,2000-05-05T14:15:58.534,15113.66859
174.72501,0.32523,-1424.14865,395809.72157,3385324.54567,1.10613,0.01426,10841527.93072,2000-05-05T23:51:54.134,15118.69745
174.73499,0.36082,-1436.04048,395815.80165,3385358.98784,1.10873,0.01302,10731132.60758,2000-05-04T17:11:56.024,15100.52203
174.74499,0.60282,-1443.70458,395958.37004,3385281.20238,1.10993,0.01060,10763372.09852,2000-05-05T02:09:10.309,15103.68555
174.75501,0.37564,-1441.06964,395821.63112,3385348.17423,1.11194,0.01003,10682767.60080,2000-05-04T03:45:54.562,15095.06050
174.76502,0.45841,-1440.36455,395851.55807,3385344.45994,1.12093,0.01027,10716568.02946,2000-05-04T13:09:17.913,15100.47515
174.77497,0.48772,-1444.65365,395884.84236,3385314.58635,1.11079,0.01043,10661949.03496,2000-05-03T21:58:55.850,15091.40073
174.78500,0.87776,-1460.23856,396071.39405,3385275.87910,1.11186,0.01090,10736678.64551,2000-05-04T18:44:34.494,15102.96875
174.79500,0.54041,-1450.93975,395907.92943,3385332.32775,1.11414,0.00878,10725895.85220,2000-05-04T15:44:41.494,15099.44802
174.80498,0.32716,-1435.84276,395821.00189,3385316.18334,1.11250,0.01076,10687308.24408,2000-05-04T05:01:38.031,15094.71653
174.81501,0.43690,-1444.25219,395842.45085,3385339.49427,1.12016,0.01092,10654673.81029,2000-05-03T19:57:44.972,15089.69996
174.82500,0.05905,-1426.06409,395692.38533,3385354.94234,1.10909,0.01003,10653149.45106,2000-05-03T19:32:15.908,15089.33670
174.83498,0.45813,-1445.00055,395867.50370,3385341.71289,1.11235,0.00981,10774750.40945,2000-05-05T05:18:55.792,15109.36981
174.84500,0.66833,-1458.80704,395961.23002,3385323.23500,1.11302,0.01020,10774436.09336,2000-05-05T05:13:42.895,15106.14161
174.85501,0.29118,-1436.12137,395799.41847,3385353.80731,1.11243,0.00983,10664735.25719,2000-05-03T22:45:23.161,15089.58293
174.86501,0.56777,-1450.60568,395906.02959,3385325.54842,1.11407,0.00929,10684819.28848,2000-05-04T04:20:15.716,15094.95289
174.87500,0.44881,-1444.31569,395865.03575,3385346.16341,1.11501,0.01055,10769603.21480,2000-05-05T03:53:05.520,15105.03868
174.88502,0.48338,-1444.28449,395894.26704,3385317.85562,1.10801,0.01081,10829377.14468,2000-05-05T20:29:35.123,15114.31305
174.89500,0.47409,-1449.51254,395865.35826,3385364.77208,1.11363,0.00846,10594747.72282,2000-05-03T03:18:46.416,15082.53052
174.90499,0.59390,-1453.23364,395941.16485,3385331.31832,1.11536,0.00893,10719158.74337,2000-05-04T13:52:32.032,15101.75725
174.91500,0.67480,-1452.70887,395968.10739,3385329.90099,1.11199,0.00873,10747504.01357,2000-05-04T21:44:56.622,15102.95225
174.92502,0.27084,-1441.90680,395823.58486,3385327.35888,1.11557,0.00928,10724138.50158,2000-05-04T15:15:31.248,15101.07474
174.93501,0.37476,-1446.48654,395848.51065,3385364.45197,1.11288,0.00855,10826059.37299,2000-05-05T19:34:10.581,15111.48896
174.94501,0.58717,-1452.33748,395928.81052,3385338.35546,1.11369,0.00851,10615200.67812,2000-05-03T08:59:51.254,15086.54275
174.95500,0.73760,-1456.40713,395987.18778,3385338.41335,1.11107,0.00752,10669923.30338,2000-05-04T00:11:51.934,15090.82695
174.96500,0.60061,-1452.13532,395921.92305,3385354.83474,1.11437,0.00894,10643077.28698,2000-05-03T16:44:35.849,15087.92339
174.97501,0.49872,-1450.02734,395884.01471,3385341.74480,1.10821,0.00738,10663547.30601,2000-05-03T22:25:30.086,15093.16746
174.98499,0.39151,-1447.09317,395910.83676,3385305.28626,1.11568,0.00944,10676582.78757,2000-05-04T02:02:57.481,15093.53258
174.99500,0.33679,-1452.03318,395845.51654,3385336.50536,1.11266,0.01341,10553752.17709,2000-05-02T15:55:45.797,15075.93436
175.00501,0.50577,-1459.42170,395956.90516,3385304.73004,1.11509,0.01069,10667848.91743,2000-05-03T23:37:22.164,15095.04616
175.01501,0.36964,-1454.99257,395921.27401,3385344.10996,1.11739,0.01058,10781774.75983,2000-05-05T07:16:05.071,15108.58958
175.02497,0.31063,-1447.98921,395922.84897,3385301.14071,1.11999,0.01127,10728073.96671,2000-05-04T16:21:20.973,15100.20391
175.03500,0.53967,-1468.32124,395900.26341,3385310.86085,1.11399,0.00804,10652596.30276,2000-05-03T19:23:02.462,15092.20502
175.04499,0.40320,-1466.23076,395888.40862,3385295.99848,1.11787,0.00845,10630606.99328,2000-05-03T13:16:30.277,15090.22583
175.05499,0.63011,-1471.12580,395945.20458,3385308.24050,1.11586,0.00769,10774120.56773,2000-05-05T05:08:27.268,15109.27822
175.06500,0.73337,-1473.94589,396015.67804,3385277.28920,1.11759,0.00858,10652128.37579,2000-05-03T19:15:16.165,15086.63720
175.07499,0.42823,-1472.57623,395859.59532,3385319.36527,1.11154,0.00803,10719343.96799,2000-05-04T13:55:29.367,15096.63805
175.08500,0.53420,-1474.72135,395904.67598,3385299.21927,1.11313,0.00742,10678580.79575,2000-05-04T02:36:04.903,15095.99617
175.09499,0.59386,-1482.32135,395907.64188,3385316.36473,1.11398,0.00821,10739894.66120,2000-05-04T19:38:05.506,15100.59798
175.10499,0.32162,-1472.13786,395808.45190,3385322.66160,1.11401,0.00732,10753899.32334,2000-05-04T23:31:28.353,15105.41094
175.11498,0.66672,-1494.08866,395996.70946,3385294.17485,1.11406,0.00891,10684514.42451,2000-05-04T04:15:07.216,15093.97950
175.12500,0.72786,-1492.74292,396007.74710,3385306.98252,1.11500,0.00785,10750094.61027,2000-05-04T22:28:09.320,15102.04586
175.13501,0.18527,-1468.83357,395765.29377,3385306.50818,1.12073,0.00873,10775057.41111,2000-05-05T05:24:06.757,15107.34523
175.14500,0.81568,-1493.88410,396010.92345,3385308.29218,1.12116,0.00710,10785883.84064,2000-05-05T08:24:37.319,15106.78437
175.15500,0.66878,-1479.49125,395962.35110,3385300.53333,1.12169,0.00847,10822843.82048,2000-05-05T18:40:39.658,15111.74816
175.16500,0.40656,-1471.83728,395842.71913,3385332.16453,1.11549,0.00709,10730702.68521,2000-05-04T17:04:54.563,15098.05611
175.17500,0.35760,-1477.71062,395793.60219,3385335.35977,1.11247,0.00873,10918779.14378,2000-05-06T21:19:31.783,15129.69599
175.18500,0.42474,-1482.66624,395870.34514,3385333.16246,1.11728,0.00879,10828745.97801,2000-05-05T20:19:10.340,15113.90589
175.19502,0.93874,-1502.83452,396087.99115,3385275.17083,1.11684,0.00805,10749401.43079,2000-05-04T22:16:36.963,15104.80052
175.20500,0.32813,-1486.21310,395829.65078,3385325.42362,1.11584,0.00820,10750814.96721,2000-05-04T22:40:08.398,15102.70585
175.21500,0.38332,-1484.09780,395889.48614,3385293.84822,1.11600,0.00978,10817778.10810,2000-05-05T17:16:13.923,15115.66751
175.22500,0.22861,-1480.43863,395774.06018,3385332.03310,1.10985,0.00999,10761407.87665,2000-05-05T01:36:44.996,15106.09456
175.23500,0.66113,-1500.18108,395961.50221,3385314.76158,1.11015,0.00940,10716999.38042,2000-05-04T13:16:36.484,15099.06418
175.24500,0.56317,-1494.49111,395947.89451,3385275.67140,1.11642,0.00781,10831286.39433,2000-05-05T21:01:21.708,15117.91173
175.25501,0.82489,-1512.15082,396052.48156,3385296.47626,1.11035,0.00821,10684542.76995,2000-05-04T04:15:39.942,15089.75030
175.26501,0.43204,-1489.17241,395892.87934,3385277.07273,1.11422,0.00817,10824932.95572,2000-05-05T19:15:33.489,15112.99528
175.27499,0.79359,-1506.37024,396026.91730,3385304.59664,1.11266,0.00795,10783412.19528,2000-05-05T07:43:30.218,15110.43857
175.28502,0.10564,-1484.09393,395754.80739,3385314.82746,1.10615,0.00797,10831881.54726,2000-05-05T21:11:13.298,15116.67184
175.29501,0.43821,-1495.63981,395902.78482,3385306.09399,1.11401,0.00869,10837169.26339,2000-05-05T22:39:26.959,15121.04264
175.30499,0.44637,-1499.22048,395893.84676,3385293.78189,1.11717,0.00838,10789849.77462,2000-05-05T09:30:47.732,15108.81945
175.31498,0.52452,-1502.60607,395901.46287,3385308.87539,1.11234,0.00885,10779852.31282,2000-05-05T06:44:15.571,15106.49103
175.32499,0.30750,-1495.33277,395862.08270,3385293.98808,1.11306,0.00778,10781614.41884,2000-05-05T07:13:22.779,15107.52484
175.33500,0.76710,-1508.56029,396008.19437,3385279.24983,1.11163,0.00877,10722667.41158,2000-05-04T14:50:56.707,15098.58148
175.34502,0.54161,-1501.62245,395928.45617,3385306.15546,1.11206,0.01001,10821565.43462,2000-05-05T18:19:19.973,15114.90728
175.35500,0.45600,-1498.74383,395889.76677,3385287.92751,1.10962,0.01107,10735451.39138,2000-05-04T18:24:08.187,15100.86540
175.36500,0.19599,-1485.89975,395786.61770,3385305.47290,1.11172,0.01069,10807509.96958,2000-05-05T14:25:08.770,15110.76854
175.37500,0.82552,-1514.36227,396030.32063,3385347.66475,1.11510,0.00991,10995323.26031,2000-05-07T18:35:04.922,15136.67562
175.38501,0.10075,-1482.23051,395749.11003,3385329.83746,1.10677,0.01003,10890448.40137,2000-05-06T13:27:16.127,15127.81080
175.39500,0.24385,-1490.95972,395770.85403,3385370.96416,1.11310,0.01038,10806981.12214,2000-05-05T14:16:05.092,15112.75905
175.40501,0.42353,-1490.11357,395859.79221,3385326.92426,1.10896,0.01053,10800062.20589,2000-05-05T12:20:56.682,15109.50632
175.41500,0.51090,-1493.53568,395871.10760,3385353.45849,1.11214,0.01022,10748979.36034,2000-05-04T22:09:27.645,15101.89425
175.42500,0.38161,-1481.94601,395832.95309,3385332.04811,1.11172,0.01153,10839006.62350,2000-05-05T23:09:56.256,15118.82898
175.43500,0.20303,-1469.86848,395752.03922,3385336.74634,1.11485,0.01020,10782703.86490,2000-05-05T07:31:30.552,15107.76933
175.44501,0.25685,-1473.67007,395795.09173,3385324.52639,1.11673,0.01052,10787190.34387,2000-05-05T08:46:25.528,15105.68864
175.45501,0.49377,-1491.58673,395905.46360,3385323.78022,1.11599,0.01033,10640534.10316,2000-05-03T16:02:03.072,15084.56902
175.46500,0.35764,-1479.12180,395806.71249,3385346.23673,1.10668,0.01042,10815626.46245,2000-05-05T16:40:18.614,15116.65362
175.47501,0.55969,-1490.65108,395942.61943,3385302.09128,1.11305,0.01052,10701638.09234,2000-05-04T09:00:29.479,15099.63358
175.48500,-0.18285,-1458.60362,395693.68811,3385307.15677,1.11614,0.01023,10651460.33107,2000-05-03T19:04:06.331,15090.44278
175.49500,0.23929,-1477.44955,395867.20703,3385338.34227,1.12061,0.01077,10852276.45281,2000-05-06T02:51:09.535,15118.92887
175.50499,0.25600,-1474.88994,395900.12705,3385335.18375,1.11781,0.00966,10799068.53845,2000-05-05T12:04:24.354,15113.01655
175.51500,0.53611,-1487.21263,395880.71743,3385317.50746,1.11424,0.01098,10765180.79011,2000-05-05T02:39:29.434,15106.91559
175.52499,0.56792,-1487.86180,395856.92110,3385346.70203,1.11711,0.01259,10843225.41658,2000-05-06T00:20:09.121,15122.29845
175.53500,0.42924,-1483.25845,395813.60865,3385347.96153,1.12008,0.01367,10839441.33809,2000-05-05T23:17:03.249,15115.59561
175.54500,0.26283,-1476.27674,395739.61189,3385369.02077,1.12151,0.01603,10684679.50093,2000-05-04T04:17:46.193,15091.67491
175.55499,0.63914,-1494.95498,395903.30409,3385345.35434,1.11931,0.01554,10829325.98304,2000-05-05T20:28:31.246,15116.95673
175.56498,0.99182,-1508.18287,396041.78732,3385331.43209,1.11890,0.01572,10868977.94650,2000-05-06T07:29:23.665,15121.84720
175.57499,0.38729,-1487.61573,395821.60066,3385345.53447,1.11915,0.01593,10678294.86234,2000-05-04T02:31:20.178,15094.19026
175.58499,0.27862,-1483.61397,395896.54061,3385358.50592,1.12122,0.01652,10969080.49422,2000-05-07T11:17:42.263,15136.19189
175.59499,0.24191,-1480.16921,395795.93778,3385387.41397,1.12350,0.01566,10920575.94047,2000-05-06T21:49:16.101,15130.12193
175.60500,0.47650,-1494.62739,395921.67281,3385334.61593,1.12563,0.01675,10843466.33120,2000-05-06T00:24:03.211,15117.71511
175.61500,0.88989,-1518.63298,396133.88250,3385310.10046,1.12326,0.01529,10892639.71605,2000-05-06T14:03:38.816,15126.74026
175.62499,0.74965,-1508.74452,396038.21486,3385324.08830,1.12489,0.01507,10857848.98094,2000-05-06T04:23:51.051,15122.20997
175.63500,0.91262,-1510.55036,396080.53816,3385314.43293,1.12306,0.01500,10863724.50226,2000-05-06T06:01:46.939,15116.84351
175.64500,0.61760,-1500.34866,395986.05315,3385323.83640,1.11808,0.01540,10871483.01047,2000-05-06T08:11:04.434,15120.49112
175.65501,0.32009,-1487.18636,395856.67799,3385397.25959,1.11685,0.01534,11110426.07889,2000-05-09T02:33:19.658,15157.36573
175.66499,0.38901,-1490.02914,395887.76059,3385396.02848,1.12488,0.01507,10981500.01414,2000-05-07T14:44:43.893,15136.71358
175.67501,0.37090,-1487.50906,395842.18022,3385371.58324,1.11811,0.01516,10976521.59471,2000-05-07T13:21:52.288,15139.13176
175.68500,0.44811,-1491.27783,395870.04117,3385376.83318,1.11814,0.01573,11015962.09410,2000-05-08T00:19:00.441,15144.36914
175.69500,0.38047,-1479.95262,395864.07119,3385341.94386,1.11923,0.01583,10861328.73155,2000-05-06T05:21:47.132,15117.36213
175.70500,1.00032,-1516.05472,396125.78174,3385361.43808,1.12256,0.01774,10868113.48097,2000-05-06T07:14:49.919,15120.84305
175.71502,0.49484,-1488.87391,395910.54521,3385364.60392,1.12187,0.01239,11017129.68264,2000-05-08T00:38:39.998,15146.67794
175.72501,0.59329,-1504.42401,395905.91261,3385395.25847,1.12115,0.01198,10943084.22825,2000-05-07T04:04:21.415,15133.81189
175.73499,0.59541,-1499.79788,395935.58542,3385394.58268,1.12526,0.01160,10936821.02940,2000-05-07T02:20:13.377,15128.50251
175.74499,0.23318,-1478.46648,395910.40957,3385435.07795,1.13349,0.01318,11135003.84510,2000-05-09T09:22:58.987,15162.63813
175.75500,0.88152,-1505.11391,396102.88777,3385348.71987,1.13459,0.01451,11003612.69398,2000-05-07T20:53:16.083,15148.44893
175.76498,0.31789,-1478.35228,395791.65166,3385381.62529,1.13338,0.01480,10995197.07586,2000-05-07T18:32:53.247,15145.06275
175.77499,0.31177,-1475.86322,395808.44795,3385375.40514,1.13398,0.01270,11000771.22733,2000-05-07T20:05:57.248,15144.02267
175.78500,0.51109,-1483.96611,395859.28329,3385374.93147,1.13211,0.01203,10949560.07512,2000-05-07T05:52:21.370,15139.10329
175.79502,0.37337,-1485.78527,395851.33859,3385361.47334,1.12912,0.01233,10973322.25563,2000-05-07T12:28:22.301,15145.70145
175.80499,0.71721,-1494.42412,395979.89620,3385346.11448,1.13350,0.01143,10982233.62506,2000-05-07T14:57:03.422,15145.41665
175.81499,0.58417,-1491.38082,395841.06299,3385393.85781,1.12500,0.01236,10970225.78886,2000-05-07T11:36:49.956,15140.05181
175.82499,0.25835,-1479.69498,395787.39476,3385349.04544,1.12357,0.01099,10849554.63301,2000-05-06T02:05:36.301,15124.71943
175.83498,0.47487,-1487.29864,395838.84677,3385367.61633,1.13099,0.01088,10862931.57936,2000-05-06T05:48:38.244,15123.50759
175.84500,0.62147,-1499.95713,395905.06969,3385365.89433,1.13212,0.00909,10878936.31302,2000-05-06T10:15:19.960,15132.18022
175.85500,0.41608,-1490.95581,395787.60780,3385379.39651,1.12581,0.01070,10802349.99498,2000-05-05T12:58:56.376,15115.92419
175.86497,0.43458,-1490.59712,395870.09645,3385333.36935,1.13469,0.01078,10997361.30344,2000-05-07T19:09:10.226,15148.82280
175.87499,0.49900,-1499.79181,395914.39309,3385323.65622,1.13506,0.01214,10945408.15689,2000-05-07T04:43:11.305,15138.75596
175.88500,0.58974,-1505.14342,395928.10910,3385330.26216,1.12636,0.01985,10952597.26297,2000-05-07T06:43:03.042,15141.84739
175.89500,0.19363,-1489.98109,395762.22951,3385340.27444,1.13366,0.01610,10825672.40509,2000-05-05T19:27:37.107,15119.64413
175.90499,0.73562,-1518.82782,395994.04328,3385325.81492,1.13545,0.01683,11001780.46215,2000-05-07T20:22:46.090,15149.32473
175.91502,0.45685,-1513.74942,395870.66740,3385312.27302,1.12903,0.01982,10715032.07091,2000-05-04T12:43:38.726,15102.06763
175.92501,0.62269,-1518.29400,395935.99264,3385325.76448,1.12946,0.01728,10909650.43286,2000-05-06T18:47:19.219,15133.94931
175.93500,0.48460,-1509.93994,395865.89178,3385323.02190,1.12211,0.01753,10900034.86621,2000-05-06T16:07:05.230,15133.79182
175.94502,0.65179,-1519.61421,395950.73809,3385337.14070,1.12385,0.01793,10978845.47590,2000-05-07T14:00:37.641,15141.53217
175.95500,0.52628,-1509.69116,395880.18709,3385328.28275,1.12712,0.01905,10915151.40301,2000-05-06T20:18:53.230,15140.93045
175.96501,0.18482,-1503.67034,395746.09136,3385351.87094,1.12404,0.01919,11019845.92299,2000-05-08T01:23:54.687,15149.34732
175.97502,0.78723,-1528.54441,396006.03491,3385330.74919,1.12425,0.01722,10917383.97278,2000-05-06T20:56:14.251,15135.25860
175.98500,-0.05785,-1494.04789,395638.83568,3385358.47432,1.12339,0.01347,10945741.76159,2000-05-07T04:48:43.025,15142.03144
175.99499,0.62714,-1519.73578,395936.53558,3385307.13917,1.12364,0.01157,10860735.08333,2000-05-06T05:11:57.411,15125.88866
176.00502,0.78560,-1534.40163,395992.61278,3385310.43310,1.12848,0.01107,11042625.50983,2000-05-08T07:43:33.177,15151.89924
176.01499,0.39522,-1515.58190,395816.62043,3385325.42773,1.12885,0.01052,10967799.89324,2000-05-07T10:56:16.758,15143.89961
176.02499,0.43682,-1517.78242,395885.98282,3385305.89066,1.12839,0.01048,10939024.46353,2000-05-07T02:56:43.564,15141.05052
176.03501,0.53471,-1525.89171,395918.77461,3385325.14071,1.12942,0.01014,10949356.53284,2000-05-07T05:48:55.811,15138.35042
176.04501,0.65925,-1523.69836,395963.97199,3385309.93822,1.13476,0.00923,11035358.16005,2000-05-08T05:42:20.881,15152.58373
176.05498,0.46493,-1517.94722,395877.09039,3385338.01061,1.13038,0.01028,10939744.18198,2000-05-07T03:08:24.101,15141.23118
176.06500,0.44587,-1514.60399,395855.48303,3385352.22509,1.12701,0.00937,11126890.88681,2000-05-09T07:07:40.068,15163.82771
176.07499,0.42179,-1519.44863,395848.96770,3385349.86833,1.12899,0.01009,11074830.10136,2000-05-08T16:40:03.390,15157.95058
176.08499,0.40160,-1512.03078,395852.02591,3385312.33625,1.12961,0.00923,10805204.81231,2000-05-05T13:46:29.337,15119.49306
176.09500,0.46703,-1516.97877,395964.65624,3385338.45335,1.12301,0.01018,10895678.53605,2000-05-06T14:54:14.708,15133.52294
176.10501,0.68856,-1526.18638,396102.08326,3385283.36257,1.12786,0.00925,10905702.67176,2000-05-06T17:41:30.935,15136.59751
176.11500,0.44749,-1514.07671,395974.47904,3385288.91548,1.13241,0.00948,10906757.27304,2000-05-06T17:58:57.503,15128.78734
176.12501,0.30342,-1508.72920,395881.28728,3385345.70174,1.13138,0.01054,10817326.79924,2000-05-05T17:08:31.679,15118.91980
176.13500,0.37449,-1506.71835,395901.01196,3385315.11769,1.13349,0.00950,10848051.71910,2000-05-06T01:40:33.429,15125.35020
176.14498,0.55690,-1512.43041,396004.07336,3385307.94171,1.12822,0.00932,10828067.13658,2000-05-05T20:07:24.286,15124.00690
176.15498,0.35206,-1504.57918,395903.99731,3385298.57754,1.12990,0.00999,10910630.49996,2000-05-06T19:03:33.319,15131.07702
176.16501,0.15136,-1491.93922,395867.77028,3385299.91303,1.13063,0.01037,10981427.55039,2000-05-07T14:43:33.785,15146.49599
176.17500,0.72332,-1518.34039,396114.91520,3385284.96540,1.13156,0.01085,10836104.54626,2000-05-05T22:21:27.968,15116.36838
176.18501,0.63648,-1513.98039,396057.63214,3385284.46912,1.13062,0.01034,10890501.02935,2000-05-06T13:28:02.216,15132.78510
176.19501,0.24569,-1503.15796,395880.38101,3385315.55312,1.13204,0.00949,10832729.41167,2000-05-05T21:25:18.915,15122.73579
176.20501,0.38413,-1509.01809,395957.63877,3385299.81182,1.13075,0.00998,10970156.66705,2000-05-07T11:35:43.644,15138.15814
176.21498,0.79887,-1522.95217,396075.75646,3385287.72661,1.12681,0.00957,10805190.36828,2000-05-05T13:46:01.157,15118.08936
176.22500,0.17083,-1503.24762,395804.55814,3385333.41089,1.12628,0.01035,10909777.89860,2000-05-06T18:49:32.745,15132.08755
176.23501,0.37910,-1503.30549,395905.52533,3385276.11753,1.13001,0.01068,10862793.02669,2000-05-06T05:46:20.411,15127.60212
176.24500,0.52792,-1514.32881,395936.83750,3385316.12004,1.13039,0.00962,10775808.49318,2000-05-05T05:36:35.062,15111.60090
176.25500,0.64702,-1513.43198,395982.01551,3385291.52025,1.14022,0.00980,10928521.20435,2000-05-07T00:01:43.115,15132.74339
176.26500,0.35321,-1502.41732,395871.72235,3385304.43042,1.13097,0.01034,10837230.10577,2000-05-05T22:40:17.754,15125.84955
176.27499,0.28575,-1495.57733,395873.66582,3385300.16879,1.14247,0.00992,10876001.39953,2000-05-06T09:26:26.557,15130.23108
176.28502,0.32445,-1503.90830,395841.46200,3385332.04598,1.13770,0.01069,10851198.31355,2000-05-06T02:33:09.715,15122.91056
176.29500,0.51551,-1510.10102,395932.72291,3385301.58596,1.13642,0.00998,10898500.13697,2000-05-06T15:41:32.794,15131.00659
176.30500,0.72550,-1518.69121,396035.31943,3385289.56166,1.13442,0.00945,10849505.01317,2000-05-06T02:04:47.041,15125.01066
176.31501,0.21949,-1495.41413,395768.26551,3385338.65060,1.13110,0.00852,10853313.76249,2000-05-06T03:08:18.877,15124.69194
176.32500,0.42828,-1502.26295,395898.51533,3385302.60913,1.13080,0.00868,10770993.05026,2000-05-05T04:16:22.464,15111.67523
176.33500,0.63415,-1514.53935,395981.27279,3385321.63266,1.14108,0.00819,11008827.76782,2000-05-07T22:20:05.362,15152.51131
176.34500,0.53044,-1511.21794,395940.45107,3385294.02565,1.13460,0.00799,10873521.44087,2000-05-06T08:45:06.227,15120.86225
176.35501,0.10637,-1492.58974,395781.86746,3385304.10348,1.13528,0.00760,10948754.94082,2000-05-07T05:38:56.517,15140.30097
176.36500,0.57812,-1516.13098,395953.85202,3385306.65898,1.13471,0.00801,10946340.37185,2000-05-07T04:58:49.538,15139.62807
176.37500,0.30025,-1507.69545,395845.91437,3385303.18882,1.13630,0.00797,10854464.26741,2000-05-06T03:27:29.195,15124.40589
176.38501,0.53888,-1514.33742,395905.21757,3385324.17098,1.13186,0.00692,10949047.30001,2000-05-07T05:43:44.984,15137.46104
176.39500,0.43314,-1513.99758,395877.80688,3385325.38722,1.13874,0.00746,10968481.08303,2000-05-07T11:07:46.983,15141.74509
176.40500,0.26162,-1502.60775,395861.69768,3385296.19477,1.13143,0.00760,11019245.76581,2000-05-08T01:13:46.457,15147.79788
176.41498,0.36548,-1508.57132,395886.63006,3385287.13620,1.13155,0.00775,10959848.21422,2000-05-07T08:43:49.751,15143.62386
176.42500,0.60734,-1517.18398,395995.80577,3385257.12450,1.13133,0.00814,10977865.38249,2000-05-07T13:44:17.158,15138.91524
176.43501,0.37855,-1514.42501,395850.56807,3385319.36042,1.12535,0.00799,10960964.95120,2000-05-07T09:02:30.373,15140.32526
176.44501,0.47703,-1515.27322,395897.09859,3385308.02191,1.12684,0.00746,10957500.29253,2000-05-07T08:04:39.836,15139.71958
176.45499,0.61181,-1523.70796,395982.72124,3385280.99100,1.12474,0.00799,10856645.79184,2000-05-06T04:03:52.521,15127.05931
176.46500,0.29083,-1510.45477,395846.91472,3385287.57560,1.12592,0.00793,10901216.21059,2000-05-06T16:26:38.979,15127.81680
176.47501,0.45852,-1518.39357,395885.56919,3385306.66729,1.12895,0.00760,10965995.49558,2000-05-07T10:26:07.916,15138.78931
176.48501,0.59951,-1518.30813,395959.29590,3385296.07497,1.12941,0.00778,10953193.88594,2000-05-07T06:52:53.357,15137.92688
176.49500,0.68307,-1520.93013,396025.47769,3385291.29182,1.12876,0.00812,10920793.67191,2000-05-06T21:52:57.963,15137.57529
176.50500,0.39261,-1509.47441,395844.32284,3385316.25978,1.12551,0.00687,11017517.00415,2000-05-08T00:44:53.331,15150.09977
176.51499,0.40280,-1506.68728,395838.55345,3385335.20965,1.12857,0.00799,10859013.10676,2000-05-06T04:43:09.835,15125.34670
176.52500,0.48015,-1504.50827,395927.28012,3385282.96155,1.12995,0.00824,10960614.41764,2000-05-07T08:56:45.631,15138.19672
176.53499,0.32729,-1505.56091,395780.70255,3385339.34839,1.13102,0.00873,10885432.31176,2000-05-06T12:03:33.870,15129.04066
176.54500,0.20160,-1495.27203,395778.74710,3385316.16874,1.12644,0.01065,10862386.27339,2000-05-06T05:39:24.985,15128.23524
176.55500,0.56970,-1507.64885,395918.50364,3385304.91787,1.12924,0.00957,10848061.77523,2000-05-06T01:40:40.210,15124.68547
176.56499,0.19815,-1495.70787,395729.71348,3385345.07132,1.13051,0.00979,10819819.83912,2000-05-05T17:50:05.682,15120.94943
176.57499,0.36654,-1495.15080,395842.11395,3385293.49565,1.13315,0.00899,10903043.89139,2000-05-06T16:57:07.022,15130.27535
176.58499,0.51543,-1500.69279,395908.17980,3385339.60343,1.13933,0.00741,10900008.87776,2000-05-06T16:06:26.618,15130.49533
176.59500,0.36840,-1489.92377,395834.51529,3385307.68426,1.13570,0.00796,10966887.17234,2000-05-07T10:41:16.569,15144.87582
176.60500,0.56136,-1497.10526,395857.79976,3385347.31823,1.12885,0.00800,10858351.59338,2000-05-06T04:32:16.887,15125.16729
176.61500,0.29821,-1485.11074,395788.34095,3385339.64615,1.12541,0.00798,10799126.92144,2000-05-05T12:05:01.121,15118.46983
176.62500,0.36101,-1483.49594,395806.27268,3385339.70018,1.13433,0.00812,10938838.24346,2000-05-07T02:53:48.896,15138.62023
176.63502,0.22499,-1479.43686,395721.81306,3385362.58348,1.13814,0.00706,11052383.15407,2000-05-08T10:26:05.733,15150.98021
176.64501,0.82108,-1495.12303,396004.50067,3385321.90689,1.13209,0.00815,10906180.86416,2000-05-06T17:49:16.469,15132.19629
176.65498,0.35376,-1479.43170,395780.53590,3385353.93886,1.13006,0.00741,10951927.11441,2000-05-07T06:31:47.149,15137.37837
176.66500,0.14121,-1468.28772,395706.97957,3385355.09323,1.13017,0.00882,10881434.85141,2000-05-06T10:56:55.101,15132.10868
176.67501,0.42341,-1485.59486,395802.54370,3385356.13873,1.13057,0.00927,10929116.66484,2000-05-07T00:11:37.484,15137.67042
176.68500,-0.01485,-1458.61623,395594.91334,3385378.01102,1.13042,0.01010,10981153.00096,2000-05-07T14:38:54.255,15144.14058
176.69502,0.54076,-1482.97648,395861.63821,3385330.30437,1.13198,0.01098,10917729.29110,2000-05-06T21:01:51.418,15131.75032
176.70501,0.50781,-1480.43314,395885.12055,3385331.96553,1.13054,0.00903,10956491.08642,2000-05-07T07:47:57.408,15140.53029
176.71501,0.35311,-1477.53775,395761.30109,3385355.04732,1.12550,0.00831,10903784.67873,2000-05-06T17:09:32.527,15128.04155
176.72501,0.38515,-1480.86326,395752.23252,3385381.36576,1.12808,0.00763,10867193.59671,2000-05-06T06:59:33.377,15130.03252
176.73498,0.12246,-1462.63875,395705.34129,3385340.58313,1.12833,0.00812,10932265.16489,2000-05-07T01:04:12.457,15138.64996
176.74499,0.59803,-1485.68906,395890.03343,3385307.70909,1.12553,0.00776,10825287.40708,2000-05-05T19:21:03.930,15119.51251
176.75499,0.13594,-1473.82095,395703.26348,3385338.51448,1.12749,0.00738,10977742.87725,2000-05-07T13:42:08.969,15144.24076
176.76502,0.31985,-1494.26789,395751.42860,3385368.99167,1.12438,0.00818,10826129.17221,2000-05-05T19:35:10.739,15117.10159
176.77500,0.57634,-1490.16132,395904.50051,3385315.11101,1.13162,0.00704,10977902.62670,2000-05-07T13:44:42.496,15144.09304
176.78501,0.21202,-1478.28993,395725.66700,3385341.07536,1.12582,0.01054,10915320.58615,2000-05-06T20:21:46.248,15134.71061
176.79500,0.49333,-1484.40000,395886.27668,3385317.19422,1.12639,0.00903,10995530.92531,2000-05-07T18:38:39.320,15142.58122
176.80500,0.50837,-1493.10872,395837.44578,3385349.99992,1.13038,0.01077,10957392.94462,2000-05-07T08:02:56.095,15140.85401
176.81502,0.34373,-1479.48440,395787.03272,3385349.54323,1.12373,0.01266,10985144.91665,2000-05-07T15:45:27.838,15147.00434
176.82499,0.59282,-1488.32103,395886.38639,3385328.98768,1.12733,0.01362,10969932.83544,2000-05-07T11:31:57.622,15139.05486
176.83498,0.59961,-1478.15226,395894.11575,3385315.59957,1.12947,0.01205,10843664.56068,2000-05-06T00:27:33.554,15125.30763
176.84499,0.11470,-1455.66287,395690.90029,3385367.28895,1.12351,0.01120,11006189.20778,2000-05-07T21:36:09.176,15146.56064
176.85501,0.76657,-1489.13100,395954.13730,3385359.51885,1.12778,0.01032,10966097.34607,2000-05-07T10:28:06.591,15138.75083
176.86500,0.18239,-1455.37123,395715.21953,3385336.38376,1.12629,0.01063,11013441.39253,2000-05-07T23:36:59.437,15149.26802
176.87501,0.13024,-1451.71617,395687.25413,3385356.03619,1.13128,0.01009,10908898.54064,2000-05-06T18:34:47.564,15129.93133
176.88500,0.72311,-1484.60713,395946.29173,3385346.71185,1.12516,0.00980,11056608.41673,2000-05-08T11:36:37.685,15154.88253
176.89499,-0.04038,-1448.10663,395603.69803,3385367.23634,1.12864,0.01067,11008489.82301,2000-05-07T22:14:44.911,15144.78210
176.90499,0.60262,-1476.76495,395847.68074,3385410.60393,1.12220,0.01033,11138673.87637,2000-05-09T10:24:13.134,15168.60571
176.91498,0.50854,-1468.17922,395848.32325,3385344.15783,1.13286,0.01231,10792457.61981,2000-05-05T10:14:05.402,15115.95405
176.92500,0.65281,-1475.61558,395904.38317,3385368.22614,1.12964,0.01082,11051093.06063,2000-05-08T10:04:37.652,15156.01738
176.93499,0.34694,-1464.53379,395806.70140,3385339.41599,1.13906,0.01141,10973162.97584,2000-05-07T12:25:48.314,15142.04313
176.94501,0.16430,-1452.61809,395717.20629,3385364.46219,1.13808,0.01083,11010216.43471,2000-05-07T22:43:19.520,15144.71638
176.95500,0.19430,-1455.60031,395699.18266,3385347.64878,1.13260,0.01179,10888799.03012,2000-05-06T12:59:47.622,15131.99537
176.96502,0.42001,-1465.04673,395777.71261,3385359.05378,1.13502,0.01380,10935251.14073,2000-05-07T01:54:02.947,15131.65922
176.97501,0.63730,-1476.53412,395924.02157,3385326.40187,1.13719,0.01339,11000465.88960,2000-05-07T20:00:48.235,15148.16505
176.98501,-0.03505,-1456.04771,395567.12438,3385414.95558,1.13464,0.01366,10907661.57846,2000-05-06T18:14:11.441,15133.35451
176.99500,0.39962,-1475.83805,395782.39905,3385372.22759,1.13333,0.01348,10907124.32032,2000-05-06T18:05:04.884,15131.78641
177.00499,0.17680,-1464.43794,395632.50951,3385428.12131,1.13512,0.01279,11168247.46687,2000-05-09T18:37:00.144,15171.99325
177.01501,0.54547,-1473.73045,395912.40461,3385359.90873,1.13053,0.01298,10789705.49848,2000-05-05T09:28:12.557,15122.99054
177.02500,0.05823,-1450.39872,395752.35823,3385361.68254,1.13966,0.01320,10855530.26651,2000-05-06T03:45:17.877,15123.37091
177.03500,0.29781,-1456.25044,395827.02413,3385331.52740,1.14505,0.01347,10930649.70013,2000-05-07T00:37:20.829,15135.15145
177.04501,0.45559,-1464.84896,395919.31720,3385332.25094,1.14030,0.01510,10899759.25840,2000-05-06T16:02:19.430,15130.78921
177.05500,0.33631,-1464.91396,395853.78839,3385363.30488,1.13770,0.01459,10921292.80824,2000-05-06T22:01:22.682,15133.41085
177.06498,0.04485,-1448.55432,395767.53084,3385359.54450,1.14059,0.01439,10990451.42496,2000-05-07T17:13:54.022,15145.09550
177.07501,0.01959,-1446.85987,395719.74364,3385362.63294,1.13576,0.01496,10943807.74483,2000-05-07T04:16:30.502,15135.85122
177.08500,0.08048,-1453.47498,395719.63903,3385353.75525,1.14008,0.01431,10801741.59046,2000-05-05T12:48:50.747,15120.17083
177.09499,0.17406,-1451.01326,395741.70130,3385369.35534,1.14070,0.01427,10902063.65090,2000-05-06T16:40:58.672,15132.05170
177.10500,0.15559,-1444.12629,395734.38107,3385358.09552,1.14408,0.01646,10952503.99433,2000-05-07T06:41:30.203,15140.15200
177.11499,0.52404,-1465.04867,395915.50721,3385346.86053,1.13843,0.01781,10867638.94744,2000-05-06T07:07:05.799,15125.03011
177.12500,0.44264,-1455.11835,395839.32687,3385355.12962,1.13860,0.01706,10872896.05750,2000-05-06T08:34:42.617,15127.38227
177.13500,-0.24547,-1431.82987,395553.18838,3385402.55679,1.13726,0.01655,10922150.48486,2000-05-06T22:15:44.358,15134.72408
177.14501,0.38276,-1456.66852,395817.95183,3385367.97611,1.13777,0.01447,10861069.26093,2000-05-06T05:17:34.710,15128.15975
177.15500,0.28829,-1455.34045,395799.99311,3385369.50039,1.13803,0.01442,10914137.34655,2000-05-06T20:02:03.693,15135.41313
177.16501,-0.10469,-1444.79150,395654.51274,3385389.44697,1.13746,0.01468,10889235.19299,2000-05-06T13:07:05.822,15130.53048
177.17500,0.12464,-1448.91405,395775.72184,3385327.67638,1.13108,0.01169,11053558.34081,2000-05-08T10:45:53.289,15153.24843
177.18500,0.20895,-1456.52408,395783.68648,3385355.44216,1.14120,0.01078,10965150.79298,2000-05-07T10:12:19.162,15141.37422
177.19500,0.30157,-1454.94483,395806.38161,3385364.34566,1.13349,0.01152,10848316.83484,2000-05-06T01:45:03.429,15125.77963
177.20501,0.06342,-1440.59561,395756.75867,3385358.15461,1.13203,0.01211,10943490.63460,2000-05-07T04:11:17.068,15136.13625
177.21501,0.55631,-1463.49755,395928.40151,3385376.82684,1.13643,0.01432,11080220.68230,2000-05-08T18:10:12.833,15157.83421
177.22501,0.22635,-1444.04289,395878.12328,3385322.97038,1.13732,0.01172,10895893.09485,2000-05-06T14:58:00.905,15129.07236
177.23501,0.40192,-1468.88056,395833.18462,3385370.61879,1.13259,0.01091,10913846.83269,2000-05-06T19:57:10.447,15134.55020
177.24500,0.12538,-1456.31879,395637.55149,3385384.22613,1.12934,0.00964,10940754.41028,2000-05-07T03:25:30.228,15141.40505
177.25501,0.33684,-1470.70722,395794.57489,3385361.16915,1.14459,0.00763,11012674.37725,2000-05-07T23:24:23.959,15149.64332
177.26502,0.27416,-1463.16664,395797.87277,3385340.40884,1.14109,0.00762,10998352.38955,2000-05-07T19:25:32.566,15145.14242
177.27499,0.28466,-1465.87259,395765.52896,3385372.59830,1.13399,0.00764,10943646.48934,2000-05-07T04:13:52.847,15139.30107
177.28499,0.09809,-1459.01361,395693.55992,3385369.69212,1.13453,0.00780,11052442.66165,2000-05-08T10:27:01.666,15151.81424
177.29501,0.34394,-1469.34804,395800.93184,3385383.72756,1.14236,0.00757,11116601.68894,2000-05-09T04:16:19.996,15165.30636
177.30500,0.52276,-1473.49661,395884.80530,3385324.40133,1.13858,0.00778,10925239.83929,2000-05-06T23:06:58.569,15130.98372
177.31500,0.11981,-1469.93195,395717.59686,3385370.63660,1.14348,0.00851,10965228.39400,2000-05-07T10:13:34.768,15143.61695
177.32499,0.44730,-1487.91752,395867.90034,3385324.99669,1.14538,0.00833,10824318.91088,2000-05-05T19:04:58.339,15120.63197
177.33500,0.31073,-1487.55046,395745.92090,3385362.78041,1.14221,0.00709,10984696.26065,2000-05-07T15:37:58.775,15144.09099
177.34500,0.36583,-1489.16097,395836.11201,3385333.65403,1.14042,0.00776,11007912.15976,2000-05-07T22:04:54.779,15146.83303
177.35500,0.06667,-1480.20264,395716.60935,3385321.47571,1.14006,0.00744,10976762.15876,2000-05-07T13:25:44.748,15142.56210
177.36500,0.31158,-1492.20691,395794.09886,3385324.23655,1.14867,0.00835,10878768.20210,2000-05-06T10:12:27.440,15130.70864
177.37498,0.25154,-1498.44191,395761.76523,3385341.94783,1.15021,0.00708,11066752.13382,2000-05-08T14:25:37.044,15159.84410
177.38500,0.47707,-1507.22296,395905.18893,3385264.31392,1.14489,0.00740,10885160.41690,2000-05-06T11:59:09.282,15128.98984
177.39499,0.38985,-1509.12575,395846.44946,3385318.06490,1.13569,0.00856,10898518.16903,2000-05-06T15:41:48.381,15129.79307
177.40499,0.20228,-1503.21529,395769.67126,3385321.97577,1.13962,0.00779,10943426.97463,2000-05-07T04:10:11.654,15142.47922
177.41502,0.49971,-1520.69541,395863.69482,3385319.68776,1.13491,0.00876,11018715.03168,2000-05-08T01:05:03.144,15145.57362
177.42500,0.38917,-1514.62704,395830.19569,3385286.00283,1.13236,0.00837,11068042.41428,2000-05-08T14:47:09.815,15155.88153
177.43500,0.01545,-1492.77211,395718.22214,3385308.38003,1.13892,0.01034,11079536.17603,2000-05-08T17:58:40.616,15157.17061
177.44501,-0.01859,-1493.03335,395683.94057,3385318.87105,1.14594,0.00895,11010565.11131,2000-05-07T22:49:03.222,15151.95037
177.45500,0.39421,-1510.17063,395841.54751,3385301.59581,1.14320,0.00814,11098829.92477,2000-05-08T23:20:17.429,15161.62922
177.46501,0.45694,-1512.30542,395878.44414,3385329.87937,1.13381,0.01081,11020902.25751,2000-05-08T01:41:22.729,15150.94623
177.47499,0.24160,-1501.36175,395760.18880,3385314.97481,1.13906,0.01173,11021841.51003,2000-05-08T01:57:11.231,15151.53253
177.48497,0.44126,-1512.87790,395889.27576,3385313.79631,1.13765,0.01344,11084895.41027,2000-05-08T19:27:59.551,15158.34651
177.49501,0.43968,-1513.62353,395851.71484,3385328.55637,1.14528,0.01173,11071776.08684,2000-05-08T15:49:14.941,15158.57863
177.50502,0.03480,-1492.25723,395672.88860,3385333.45659,1.14838,0.01260,11067483.29538,2000-05-08T14:37:43.662,15159.19540
177.51501,0.00122,-1498.20288,395634.42487,3385381.66363,1.14739,0.01267,11250708.15148,2000-05-10T17:31:29.361,15183.07554
177.52500,0.23971,-1500.14931,395759.55776,3385293.81423,1.14814,0.01518,10941598.92709,2000-05-07T03:39:44.446,15137.64651
177.53501,-0.03333,-1493.11732,395663.12398,3385323.33386,1.14933,0.01509,11006989.44308,2000-05-07T21:49:45.913,15146.75927
177.54501,0.01009,-1485.73544,395710.86700,3385296.12438,1.14917,0.01510,10968962.39127,2000-05-07T11:15:43.177,15147.39288
177.55499,0.43912,-1500.48857,395907.80993,3385258.66420,1.15063,0.01500,10974578.57915,2000-05-07T12:49:23.994,15146.55956
177.56499,0.26365,-1504.20169,395838.75160,3385303.01938,1.15328,0.01563,11002921.07276,2000-05-07T20:41:48.360,15150.74355
177.57500,0.46241,-1501.75076,395853.96041,3385280.39721,1.14873,0.01347,10877937.06489,2000-05-06T09:58:52.083,15127.88937
177.58499,0.30050,-1493.07690,395797.14315,3385264.73709,1.14073,0.01202,10827571.17359,2000-05-05T19:59:17.966,15121.76047
177.59501,-0.20642,-1470.94974,395543.80998,3385377.29444,1.14189,0.01166,10961114.94541,2000-05-07T09:05:00.958,15141.66116
177.60501,-0.09604,-1465.34651,395591.28996,3385320.92508,1.14423,0.01144,10989417.95263,2000-05-07T16:56:44.682,15144.86188
177.61500,0.17227,-1473.49818,395686.05280,3385326.74681,1.14095,0.00912,10789283.92896,2000-05-05T09:21:03.305,15116.72212
177.62499,0.21129,-1475.76659,395718.86114,3385309.97463,1.14291,0.00893,11010416.11342,2000-05-07T22:46:43.332,15151.62681
177.63500,-0.03060,-1463.08085,395612.75113,3385310.19668,1.14856,0.00928,10988105.54845,2000-05-07T16:34:53.338,15147.05278
177.64502,-0.18278,-1451.15159,395547.78921,3385293.09870,1.14372,0.00982,10930574.14929,2000-05-07T00:35:59.283,15138.95072
177.65500,0.16182,-1468.71640,395708.45145,3385330.95775,1.13748,0.00915,10919956.27222,2000-05-06T21:39:02.935,15136.06993
177.66502,0.36754,-1479.39950,395859.24484,3385322.75706,1.14508,0.00943,11215720.84130,2000-05-10T07:48:34.014,15178.52281
177.67501,-0.20982,-1455.88331,395517.11056,3385352.94217,1.14235,0.00932,10927657.07513,2000-05-06T23:47:23.597,15140.28458
177.68501,0.08965,-1474.70615,395702.99622,3385312.36622,1.13787,0.00762,11005638.25249,2000-05-07T21:27:04.812,15148.19274
177.69501,0.27699,-1476.76620,395717.77501,3385345.99215,1.13638,0.00857,11013932.34462,2000-05-07T23:45:18.336,15149.07360
177.70500,0.19221,-1468.33384,395684.80394,3385342.20671,1.13248,0.00711,11014767.66535,2000-05-07T23:59:17.834,15148.15856
177.71500,0.26707,-1470.22494,395755.88944,3385339.88153,1.13906,0.00765,11013746.20164,2000-05-07T23:42:14.628,15147.08137
177.72501,-0.05794,-1449.33798,395629.26980,3385337.17215,1.13617,0.00744,10934319.35282,2000-05-07T01:38:25.837,15136.08360
177.73499,0.44457,-1468.50925,395814.51196,3385316.82389,1.13516,0.00802,11075230.32471,2000-05-08T16:46:59.987,15155.28781
177.74499,0.07902,-1452.51886,395656.61183,3385351.48212,1.13494,0.00693,10906689.93683,2000-05-06T17:57:58.173,15133.39954
177.75499,0.03126,-1453.14412,395638.86557,3385347.82385,1.13403,0.00800,10985632.46055,2000-05-07T15:53:40.336,15141.73146
177.76500,0.01466,-1453.29280,395661.52844,3385331.81964,1.13704,0.00780,11062611.49595,2000-05-08T13:16:36.855,15157.31766
177.77500,0.22996,-1468.03778,395706.23148,3385356.84759,1.13041,0.00802,10862089.17713,2000-05-06T05:34:36.453,15123.55901
177.78501,0.15460,-1461.16387,395708.00439,3385360.71716,1.13717,0.00780,10957350.72455,2000-05-07T08:02:25.255,15140.86573
177.79500,0.44024,-1472.38699,395787.57623,3385345.24254,1.13232,0.00802,10936269.11238,2000-05-07T02:11:04.272,15130.51616
177.80500,0.10422,-1457.99417,395667.96233,3385363.53024,1.13090,0.00818,10954128.04046,2000-05-07T07:08:36.798,15142.29871
177.81501,0.02007,-1448.77558,395605.09890,3385367.30188,1.13567,0.00797,11003261.44531,2000-05-07T20:47:27.810,15145.50308
177.82501,0.16836,-1455.74896,395705.66355,3385361.67392,1.14141,0.00818,10887829.61651,2000-05-06T12:43:39.038,15129.36908
177.83499,0.23190,-1460.35354,395723.86087,3385348.01632,1.14632,0.00744,10904495.86534,2000-05-06T17:21:15.396,15130.82856
177.84501,0.06185,-1456.29084,395656.94233,3385349.13884,1.14820,0.00761,11017386.99049,2000-05-08T00:42:52.975,15148.93856
177.85499,-0.01691,-1450.71872,395628.13085,3385370.74937,1.14536,0.00781,11077729.49339,2000-05-08T17:28:33.039,15157.85670
177.86499,0.12119,-1449.58724,395669.49379,3385350.48399,1.13967,0.00835,11004295.43062,2000-05-07T21:04:43.799,15146.50375
177.87500,0.20848,-1453.73543,395701.00846,3385377.09718,1.14387,0.00744,10979993.47417,2000-05-07T14:19:31.488,15143.52578
177.88501,0.12216,-1443.52030,395685.60474,3385348.11640,1.13960,0.00816,10926004.36336,2000-05-06T23:19:44.943,15130.41578
177.89500,0.35152,-1450.79633,395765.70615,3385353.93687,1.13288,0.00726,10940565.35141,2000-05-07T03:22:25.896,15135.94270
177.90501,0.12375,-1440.87486,395630.96607,3385391.12275,1.13119,0.00853,10949370.31724,2000-05-07T05:49:13.601,15140.74167
177.91502,-0.07254,-1436.48196,395599.28786,3385359.77313,1.13525,0.00760,10988234.77000,2000-05-07T16:36:58.603,15145.88285
177.92502,0.25667,-1451.67609,395722.33477,3385377.09734,1.13619,0.00724,10946925.37055,2000-05-07T05:08:24.506,15137.50293
177.93501,-0.11175,-1436.14936,395571.10432,3385371.69866,1.13662,0.00758,10900087.97903,2000-05-06T16:07:45.465,15133.57619
177.94501,-0.17803,-1437.22585,395562.89376,3385359.56715,1.13343,0.00776,11038835.44656,2000-05-08T06:40:18.424,15151.22299
177.95501,0.55839,-1465.07394,395855.01817,3385364.36715,1.13686,0.00778,11038754.03939,2000-05-08T06:39:00.470,15152.54598
177.96501,0.43549,-1465.64133,395810.12252,3385347.97608,1.13684,0.00742,10988090.00566,2000-05-07T16:34:24.610,15144.40417
177.97500,-0.24509,-1439.05794,395504.39550,3385402.79718,1.13764,0.00810,11054511.11088,2000-05-08T11:01:34.949,15153.64655
177.98501,0.17227,-1457.12256,395735.62324,3385355.04472,1.14071,0.00795,11105473.86674,2000-05-09T01:10:59.414,15160.60159
177.99499,-0.23675,-1431.61750,395537.48820,3385369.57500,1.14173,0.00775,11065181.36043,2000-05-08T13:59:28.870,15154.56675
178.00497,0.49103,-1472.79466,395865.88289,3385372.39921,1.13436,0.00724,10985440.79738,2000-05-07T15:50:24.954,15145.53160
178.01499,-0.03382,-1453.15497,395610.17236,3385381.31094,1.13192,0.00780,11017620.73406,2000-05-08T00:46:34.437,15148.39497
178.02499,0.07006,-1460.77656,395687.74545,3385373.50181,1.13285,0.00742,10961762.03711,2000-05-07T09:15:46.597,15140.11776
178.03500,0.40621,-1476.68628,395835.86281,3385355.06009,1.13232,0.00775,10895407.63708,2000-05-06T14:49:47.077,15132.50553
178.04501,0.39533,-1474.79914,395834.14152,3385325.66492,1.13439,0.00832,11044962.90406,2000-05-08T08:22:29.582,15152.47347
178.05500,0.07110,-1471.30454,395695.74141,3385395.59221,1.13983,0.00707,11059154.77269,2000-05-08T12:18:59.368,15155.37231
178.06500,-0.31104,-1454.26122,395508.40881,3385382.36626,1.12830,0.00853,10999696.56581,2000-05-07T19:47:57.003,15145.88083
178.07501,0.29553,-1471.35624,395793.86219,3385344.02124,1.13200,0.00813,11003296.97407,2000-05-07T20:48:02.889,15146.12260
178.08500,0.03958,-1459.13117,395665.56974,3385376.70672,1.12661,0.00742,10915290.08737,2000-05-06T20:21:10.470,15132.10117
178.09500,0.12506,-1457.07557,395716.65906,3385360.86055,1.13153,0.00740,10955832.65974,2000-05-07T07:36:49.361,15138.44757
178.10499,0.22726,-1467.63335,395718.77027,3385400.95052,1.13438,0.00790,10966733.05678,2000-05-07T10:38:30.941,15141.84571
178.11502,0.02174,-1462.97786,395635.19684,3385385.61001,1.13045,0.01115,10919503.79223,2000-05-06T21:31:26.651,15134.38257
178.12499,0.27360,-1468.39271,395754.56404,3385322.92882,1.12690,0.01055,10852171.03186,2000-05-06T02:49:05.839,15123.67265
178.13499,0.09969,-1472.58324,395738.02498,3385340.06121,1.13125,0.01015,10856612.85501,2000-05-06T04:03:09.134,15126.15059
178.14500,-0.08502,-1460.84436,395586.21385,3385367.77805,1.13239,0.01071,10789405.00046,2000-05-05T09:23:09.827,15115.54408
178.15500,0.33983,-1489.36362,395811.15853,3385313.00659,1.13242,0.00958,10863899.33053,2000-05-06T06:04:32.829,15129.85564
178.16501,0.42307,-1492.25414,395827.78450,3385318.71684,1.12361,0.00744,10800525.38454,2000-05-05T12:28:20.987,15116.61762
178.17499,0.10920,-1480.09727,395680.48339,3385363.61537,1.13180,0.00801,10829470.14197,2000-05-05T20:30:45.807,15122.51336
178.18500,0.24172,-1480.61558,395753.11138,3385321.61013,1.12577,0.00782,10780101.90619,2000-05-05T06:47:57.889,15115.08768
178.19502,-0.21473,-1461.00117,395541.31905,3385354.45683,1.13204,0.00746,10821196.67765,2000-05-05T18:12:49.086,15122.94526
178.20499,0.33292,-1483.41443,395770.38919,3385339.08154,1.12927,0.00748,10644157.71014,2000-05-03T17:02:12.435,15092.59077
178.21501,0.31830,-1477.19416,395796.13607,3385328.43443,1.12667,0.00817,10745506.08389,2000-05-04T21:11:18.575,15109.30636
178.22500,0.00843,-1465.86703,395685.28553,3385333.94234,1.13676,0.00727,10807978.17147,2000-05-05T14:32:36.795,15122.14057
178.23499,0.28329,-1483.41760,395772.28379,3385355.48671,1.13575,0.00801,10936666.83360,2000-05-07T02:17:22.101,15134.21873
178.24498,-0.04890,-1465.76576,395639.46202,3385368.21289,1.12946,0.00800,10830739.72202,2000-05-05T20:51:50.359,15122.83231
178.25499,-0.01688,-1471.48467,395696.29696,3385321.28622,1.13492,0.00721,10857195.56345,2000-05-06T04:12:49.312,15128.08774
178.26500,0.12544,-1480.86177,395740.92591,3385384.97721,1.12781,0.00801,10905473.62317,2000-05-06T17:37:30.147,15130.77813
178.27500,0.25510,-1476.08705,395797.86693,3385341.65904,1.13358,0.00783,10954441.74438,2000-05-07T07:13:41.621,15140.23263
178.28499,0.35717,-1480.54020,395830.97035,3385345.39570,1.12680,0.00817,10782767.18148,2000-05-05T07:32:22.091,15113.03694
178.29500,0.01603,-1460.15477,395739.78506,3385330.95818,1.12880,0.00742,10875630.59042,2000-05-06T09:20:02.603,15127.94800
178.30501,0.16619,-1474.73661,395798.35915,3385351.41443,1.13346,0.00781,10777441.87316,2000-05-05T06:03:38.091,15110.77225
178.31500,0.07513,-1467.99981,395798.59816,3385327.52241,1.13181,0.00690,10898485.44106,2000-05-06T15:40:53.007,15133.96845
178.32500,0.01359,-1469.47513,395732.11908,3385374.21451,1.13223,0.00855,10932072.37055,2000-05-07T01:00:48.948,15139.62313
178.33499,0.14162,-1477.78452,395792.42331,3385372.20954,1.13826,0.00764,10892354.65159,2000-05-06T13:58:51.726,15126.95276
178.34500,0.44441,-1485.87688,395932.31779,3385333.62236,1.13389,0.00742,10854047.71001,2000-05-06T03:20:20.034,15124.85120
178.35500,0.34453,-1489.36287,395906.63404,3385335.97981,1.13569,0.00745,10914920.69244,2000-05-06T20:14:51.037,15132.23328
178.36501,-0.05067,-1466.67044,395737.35488,3385338.32310,1.14225,0.00796,10934154.81322,2000-05-07T01:35:26.216,15135.79301
178.37500,0.23582,-1479.84462,395845.11236,3385330.97092,1.13769,0.00794,10841090.65219,2000-05-05T23:44:16.628,15121.26908
178.38501,0.61421,-1502.19703,396037.63881,3385335.25793,1.14231,0.00765,10964350.72979,2000-05-07T09:58:37.727,15143.63032
178.39500,0.14969,-1477.12540,395825.46737,3385331.88989,1.13612,0.00708,10936118.63867,2000-05-07T02:08:08.429,15134.31948
178.40501,0.18552,-1481.80503,395870.05539,3385330.49303,1.14402,0.00850,10938005.45008,2000-05-07T02:39:36.785,15139.33542
178.41501,0.22756,-1483.37085,395875.38387,3385338.61815,1.14556,0.00881,10890536.26994,2000-05-06T13:28:35.915,15128.00211
178.42500,0.12370,-1475.75884,395805.60051,3385366.50999,1.14735,0.01065,10885848.89948,2000-05-06T12:10:08.606,15130.19867
178.43500,0.39119,-1490.60280,395911.12024,3385328.82677,1.14665,0.00976,10914053.38604,2000-05-06T20:00:21.751,15135.95190
178.44501,0.26940,-1485.39621,395945.98114,3385321.71099,1.14288,0.01118,10908708.30835,2000-05-06T18:31:24.951,15129.86686
178.45501,0.10183,-1474.03784,395796.37852,3385352.15764,1.14132,0.00782,10928415.42458,2000-05-06T23:59:43.600,15135.63520
178.46500,-0.09007,-1473.71595,395705.61145,3385358.38876,1.13536,0.00781,10810436.64412,2000-05-05T15:13:26.471,15117.45258
178.47500,0.05387,-1472.50575,395769.43739,3385342.71494,1.13633,0.00799,10941416.93468,2000-05-07T03:36:23.538,15141.59894
178.48501,0.26591,-1481.91907,395876.68496,3385326.56955,1.14053,0.01103,10857897.86043,2000-05-06T04:24:31.142,15125.61873
178.49500,-0.06703,-1468.88796,395707.98820,3385352.68950,1.13117,0.01244,10854551.95448,2000-05-06T03:28:49.277,15124.92448
178.50500,0.28462,-1485.72043,395898.63890,3385349.96437,1.13791,0.01145,10938560.32232,2000-05-07T02:48:57.148,15135.06005
178.51501,0.09745,-1479.47461,395799.66729,3385346.21767,1.13693,0.01146,10871219.29338,2000-05-06T08:06:24.569,15130.03485
178.52499,-0.04445,-1474.52946,395696.83413,3385332.32412,1.13572,0.01294,10925283.08601,2000-05-06T23:07:39.109,15133.80912
178.53500,0.16798,-1489.30779,395785.74045,3385340.19364,1.13351,0.00945,10866404.69159,2000-05-06T06:46:22.285,15124.89132
178.54499,-0.08311,-1476.58756,395677.87555,3385347.96186,1.13963,0.00930,10877443.53246,2000-05-06T09:50:17.881,15129.19455
178.55501,0.02135,-1479.01963,395705.47384,3385326.78446,1.13922,0.00924,10870947.22971,2000-05-06T08:02:06.006,15124.72718
178.56501,0.29330,-1493.51486,395817.50682,3385335.49254,1.13938,0.00854,10884729.95603,2000-05-06T11:51:52.529,15131.46510
178.57501,0.28019,-1492.54801,395821.06731,3385318.95531,1.13810,0.00892,10822838.58983,2000-05-05T18:40:08.248,15118.60723
178.58499,0.15531,-1486.77952,395802.83531,3385322.32662,1.13601,0.01235,10955278.41203,2000-05-07T07:27:46.742,15140.52188
178.59499,-0.07564,-1473.49828,395664.29945,3385339.99199,1.14323,0.01196,10819492.92338,2000-05-05T17:44:28.536,15117.90304
178.60499,0.56362,-1504.67742,395885.88137,3385359.66188,1.13588,0.01035,10922792.80211,2000-05-06T22:26:09.913,15137.21523
178.61501,0.02169,-1478.93510,395792.30674,3385318.91416,1.13139,0.01071,10923440.02153,2000-05-06T22:36:59.703,15136.02142
178.62502,0.15604,-1478.61949,395820.28130,3385317.97499,1.13500,0.00836,10675052.59363,2000-05-04T01:37:00.838,15094.21407
178.63503,0.40691,-1493.81226,395881.10246,3385322.46135,1.13655,0.00805,10977627.04850,2000-05-07T13:40:09.609,15142.72629
178.64498,0.01331,-1478.78873,395668.80193,3385322.46688,1.14241,0.00804,10789346.26512,2000-05-05T09:21:55.471,15116.64400
178.65500,0.42556,-1494.74251,395843.13248,3385270.51371,1.14296,0.00820,10718968.32858,2000-05-04T13:49:13.971,15105.85825
178.66501,0.06745,-1479.47868,395730.92407,3385329.20802,1.14166,0.00766,10829121.56286,2000-05-05T20:24:56.719,15123.35588
178.67500,0.41435,-1495.81646,395910.85412,3385312.62329,1.14505,0.00744,10833531.44843,2000-05-05T21:38:32.150,15121.23914
178.68500,-0.15616,-1463.05456,395720.70419,3385286.57845,1.14491,0.00923,10825768.29058,2000-05-05T19:29:06.474,15120.86010
178.69500,0.05588,-1483.09455,395784.05684,3385343.40979,1.14648,0.00862,10804510.71835,2000-05-05T13:34:47.837,15118.52681
178.70499,0.22981,-1489.92707,395777.03910,3385321.73535,1.14260,0.00793,10860142.40579,2000-05-06T05:02:01.714,15128.56593
178.71499,0.37477,-1494.28883,395872.80708,3385295.38841,1.13677,0.00808,10696747.28080,2000-05-04T07:38:45.146,15099.64982
178.72500,0.46391,-1490.94459,395932.52924,3385312.97305,1.13880,0.00857,10896956.94569,2000-05-06T15:15:29.427,15132.54295
178.73499,0.23020,-1478.73515,395866.41501,3385311.97343,1.13561,0.00801,10762872.22476,2000-05-05T02:00:46.686,15113.65053
178.74499,0.48908,-1492.10450,395934.65414,3385315.66075,1.13372,0.00878,10945724.61348,2000-05-07T04:48:21.770,15140.22262
178.75500,-0.12640,-1469.90562,395659.24100,3385362.21496,1.12802,0.00840,10641544.61053,2000-05-03T16:18:43.891,15093.19139
178.76501,0.40505,-1483.39575,395902.88557,3385279.32469,1.13040,0.00832,10764928.25477,2000-05-05T02:35:04.798,15109.80980
178.77500,0.24679,-1486.45058,395787.90261,3385332.45760,1.12574,0.00731,10762667.74800,2000-05-05T01:57:29.692,15115.36357
178.78501,0.17426,-1483.67964,395785.89479,3385328.78357,1.13300,0.00910,10773608.90854,2000-05-05T04:59:29.104,15112.14792
178.79500,0.62354,-1498.53472,395965.97576,3385311.43251,1.13466,0.00913,10850168.97573,2000-05-06T02:15:39.928,15125.27023
178.80498,0.43932,-1488.45702,395850.22567,3385319.00563,1.12445,0.00811,10760922.30536,2000-05-05T01:28:14.469,15112.05168
178.81500,0.15495,-1477.08510,395763.10147,3385323.54857,1.12144,0.00906,10758542.24318,2000-05-05T00:48:38.540,15110.37114
178.82500,0.44053,-1481.37168,395882.38859,3385316.40593,1.12867,0.00923,10801231.58292,2000-05-05T12:40:10.045,15117.96956
178.83499,0.16350,-1483.14254,395775.03436,3385359.66134,1.12657,0.00898,10790988.42604,2000-05-05T09:49:24.483,15119.72066
178.84500,0.23085,-1479.45513,395863.08713,3385298.29605,1.13291,0.00797,10674714.49305,2000-05-04T01:31:37.825,15098.95775
178.85501,0.02404,-1471.83833,395675.72536,3385352.27725,1.13227,0.00860,10786611.03410,2000-05-05T08:36:31.289,15115.11555
178.86498,0.28737,-1480.27312,395767.30393,3385352.51906,1.13720,0.00805,10663012.49639,2000-05-03T22:16:34.829,15098.18029
178.87498,0.55135,-1487.32126,395868.22398,3385326.32461,1.13655,0.00800,10741006.35182,2000-05-04T19:56:24.494,15107.06788
178.88500,0.17708,-1466.63484,395665.94632,3385358.01016,1.13107,0.00875,10743809.24558,2000-05-04T20:43:14.572,15108.30388
178.89499,0.59399,-1486.50701,395887.10879,3385336.07170,1.13615,0.00935,10790743.74130,2000-05-05T09:45:19.474,15119.05900
178.90500,0.22003,-1465.05827,395718.20170,3385367.00164,1.13175,0.01012,10809558.34713,2000-05-05T14:59:05.189,15114.80296
178.91502,0.55055,-1483.12208,395850.55634,3385352.60117,1.13441,0.01083,10758667.26897,2000-05-05T00:50:43.882,15112.37222
178.92501,0.39861,-1471.16054,395765.43069,3385340.65619,1.12514,0.01002,10760324.71090,2000-05-05T01:18:31.892,15114.23260
178.93499,0.25480,-1468.86027,395694.34841,3385375.86258,1.12826,0.00969,10741098.81163,2000-05-04T19:57:58.351,15108.75311
178.94499,0.37929,-1471.08748,395817.69516,3385322.24076,1.13369,0.00944,10761484.26184,2000-05-05T01:37:44.648,15110.59869
178.95501,0.11740,-1453.97183,395660.81221,3385353.32819,1.12979,0.00927,10652007.66192,2000-05-03T19:13:07.324,15095.48621
178.96499,0.39897,-1464.35317,395773.76161,3385351.39471,1.12759,0.00875,10751230.47117,2000-05-04T22:46:52.095,15113.88177
178.97500,0.49543,-1473.78516,395850.47842,3385342.50190,1.12203,0.00910,10814125.12040,2000-05-05T16:15:07.879,15123.43116
178.98501,0.46513,-1471.38041,395798.17450,3385344.25498,1.12944,0.01054,10712043.11005,2000-05-04T11:53:39.805,15106.65044
178.99499,0.36330,-1463.60051,395739.22640,3385360.72728,1.12832,0.00973,10827969.72083,2000-05-05T20:05:53.046,15118.65043
179.00000,31.59776,-2883.25429,409653.01929,3384385.42286,1.10714,0.00000,15779987.79117,2000-07-02T03:44:26.464,15887.82143