LONG_EAST,LAT_NORTH,TOPOGRAPHY,MOLA_RANGE,PLANET_RAD,C,A,EMPHEMERIS_TIME,UTC,ORBIT
116.73584,0.84460,-1147.92702,394798.23868,3386256.32650,1.10930,0.01842,10302061.03936,2000-04-29T18:00:50.419,15010.17447
116.74501,1.04090,-1148.57583,394942.17072,3386179.05794,1.11154,0.01854,10312826.38007,2000-04-29T21:00:15.661,15009.48813
116.75499,0.99677,-1149.46574,394861.78110,3386244.79187,1.11315,0.01903,10286926.44977,2000-04-29T13:48:39.133,15009.11302
116.76499,0.95293,-1145.15403,394859.78905,3386210.87070,1.11147,0.02159,10308369.52186,2000-04-29T19:46:05.832,15008.36652
116.77500,0.47320,-1128.61790,394664.66129,3386245.86080,1.10669,0.02133,10379139.58000,2000-04-30T15:25:24.769,15024.64090
116.78499,0.87525,-1145.22002,394836.45752,3386202.68035,1.10664,0.02006,10419451.58490,2000-05-01T02:37:26.125,15025.67251
116.79501,1.00473,-1153.16317,394947.77711,3386192.63001,1.11115,0.01949,10305148.78800,2000-04-29T18:52:28.747,15005.93991
116.80501,0.66671,-1142.35130,394757.64947,3386230.72600,1.10526,0.01772,10241876.61039,2000-04-29T01:17:42.531,14999.46639
116.81502,1.23880,-1168.47942,394989.69604,3386226.49462,1.10722,0.01954,10337708.28588,2000-04-30T03:54:49.564,15017.93860
116.82500,1.17221,-1161.31623,395002.55054,3386184.72526,1.10498,0.02072,10294122.13069,2000-04-29T15:48:33.710,15006.20187
116.83501,0.95639,-1158.21016,394882.87010,3386226.28003,1.10179,0.02023,10386222.36407,2000-04-30T17:23:45.993,15022.40959
116.84500,0.95774,-1143.34597,394918.25330,3386184.99222,1.11696,0.01996,10449211.18753,2000-05-01T10:53:22.827,15033.04634
116.85500,0.72714,-1142.84972,394833.20585,3386201.89113,1.11321,0.02053,10401047.30855,2000-04-30T21:30:30.882,15021.09640
116.86500,1.03110,-1150.76051,394890.66293,3386228.88177,1.11413,0.01866,10322189.20776,2000-04-29T23:36:19.154,15012.31473
116.87499,1.01693,-1151.09889,394945.73026,3386186.05137,1.11132,0.01955,10286866.80470,2000-04-29T13:47:41.307,15003.35543
116.88501,0.77931,-1148.23431,394836.73845,3386208.88900,1.11484,0.01899,10307208.74573,2000-04-29T19:26:38.528,15007.85942
116.89500,0.72804,-1134.66373,394831.08185,3386179.84084,1.10807,0.01812,10282755.36540,2000-04-29T12:39:04.721,15006.71818
116.90499,1.19549,-1156.44412,394953.01198,3386241.10476,1.11083,0.01664,10340471.74730,2000-04-30T04:40:54.885,15016.05668
116.91498,0.89421,-1143.56941,394851.52324,3386218.92346,1.10836,0.01792,10312801.06400,2000-04-29T20:59:51.036,15006.55690
116.92500,0.93002,-1148.10087,394881.65266,3386218.73419,1.10243,0.01785,10422163.91702,2000-05-01T03:22:33.619,15027.93995
116.93500,0.76236,-1140.34906,394834.69615,3386190.66339,1.10539,0.01733,10271933.04354,2000-04-29T09:38:35.663,15004.53022
116.94501,0.66124,-1127.93291,394729.82854,3386257.40245,1.10221,0.01675,10327187.97232,2000-04-30T00:59:31.443,15014.74051
116.95500,1.11873,-1151.03642,394966.95284,3386184.62954,1.10323,0.01756,10347458.93540,2000-04-30T06:37:30.715,15016.64645
116.96501,0.77025,-1131.35947,394787.56031,3386245.07427,1.11014,0.01746,10279942.09215,2000-04-29T11:52:12.033,15004.11448
116.97498,0.70058,-1133.34364,394738.51111,3386227.37988,1.10772,0.01843,10243690.78040,2000-04-29T01:47:56.166,15000.28550
116.98501,0.85702,-1139.08363,394846.59240,3386231.75605,1.10585,0.02203,10401601.61541,2000-04-30T21:39:54.403,15024.94306
116.99500,0.84740,-1135.99941,394838.22982,3386215.97351,1.10878,0.02029,10245121.11781,2000-04-29T02:11:48.730,15000.21498
117.00500,0.96786,-1138.67336,394839.15020,3386245.61793,1.11127,0.02098,10231655.99374,2000-04-28T22:27:22.370,14999.67884
117.01500,0.75721,-1135.75509,394766.29823,3386230.16947,1.11167,0.02048,10263195.98196,2000-04-29T07:13:06.294,15000.50015
117.02500,0.92772,-1146.81066,394797.66409,3386240.38794,1.11180,0.01990,10273655.69547,2000-04-29T10:07:21.384,15003.74906
117.03499,1.07268,-1153.15717,394900.03569,3386184.27050,1.11536,0.01914,10288598.93541,2000-04-29T14:16:25.357,15009.23413
117.04502,0.69567,-1141.13197,394709.12228,3386240.74802,1.11238,0.01902,10375468.43270,2000-04-30T14:24:21.775,15018.52691
117.05500,1.04711,-1154.58011,394826.23335,3386227.00975,1.11288,0.01982,10178918.06617,2000-04-28T07:48:23.700,14992.45311
117.06499,0.86324,-1150.52165,394816.47853,3386192.24067,1.11252,0.01978,10298773.43303,2000-04-29T17:06:00.604,15007.47557
117.07500,0.61187,-1137.72551,394658.22885,3386242.32594,1.11037,0.01863,10252707.93277,2000-04-29T04:18:12.648,15000.15354
117.08500,0.46137,-1131.42405,394626.70430,3386229.96304,1.10908,0.01988,10293083.52691,2000-04-29T15:31:14.637,15009.46079
117.09500,0.94032,-1144.22068,394800.04745,3386224.84240,1.11021,0.02000,10297079.34384,2000-04-29T16:37:51.159,15007.31784
117.10502,0.78100,-1133.09037,394727.55413,3386235.97801,1.11555,0.02188,10361827.43363,2000-04-30T10:36:52.741,15016.38514
117.11500,0.94802,-1144.87420,394811.77178,3386232.19790,1.11032,0.02496,10294308.09762,2000-04-29T15:51:30.501,15007.54196
117.12500,1.14187,-1157.81112,394916.31199,3386205.19178,1.10540,0.02331,10379089.06206,2000-04-30T15:24:40.530,15019.64163
117.13501,0.66106,-1136.33883,394719.40437,3386211.62287,1.10060,0.02046,10236044.25777,2000-04-28T23:40:32.937,15000.18756
117.14499,1.23252,-1162.36055,394936.52793,3386207.14289,1.10514,0.02191,10407284.73683,2000-04-30T23:14:36.902,15024.92455
117.15499,0.32927,-1126.85884,394559.76446,3386251.22995,1.10746,0.02065,10290957.41599,2000-04-29T14:55:50.678,15003.40930
117.16498,1.02985,-1145.77558,394858.84632,3386210.95081,1.11042,0.02187,10343759.55402,2000-04-30T05:35:52.258,15015.63111
117.17498,0.56296,-1136.09056,394627.49472,3386259.16852,1.10720,0.02169,10433718.64266,2000-05-01T06:35:12.234,15025.32968
117.18500,1.00552,-1150.63797,394881.09422,3386185.70595,1.11062,0.02108,10336795.24659,2000-04-30T03:39:46.046,15017.95310
117.19501,0.64968,-1138.00520,394726.59614,3386221.62486,1.10741,0.02026,10377926.61446,2000-04-30T15:05:21.051,15016.33225
117.20501,1.01233,-1149.49393,394823.01451,3386227.23231,1.10705,0.02246,10365792.51546,2000-04-30T11:43:04.842,15019.01920
117.21500,1.09132,-1152.07190,394895.78143,3386203.67171,1.11066,0.02455,10357074.45636,2000-04-30T09:17:54.756,15017.11650
117.22499,0.91795,-1148.74152,394833.47842,3386210.22842,1.10645,0.02427,10317496.08049,2000-04-29T22:18:08.555,15012.68913
117.23499,1.21398,-1160.41389,394916.90295,3386229.21819,1.10747,0.02539,10372271.87093,2000-04-30T13:31:16.653,15021.05355
117.24502,1.01254,-1153.39234,394896.90457,3386204.78334,1.10909,0.02674,10360360.75102,2000-04-30T10:12:37.566,15012.22766
117.25500,0.87553,-1149.02401,394798.85739,3386214.68188,1.10874,0.02443,10332783.12155,2000-04-30T02:32:51.480,15013.16111
117.26500,0.65031,-1137.78009,394724.17341,3386206.20622,1.11311,0.02549,10331585.69445,2000-04-30T02:12:55.674,15016.86664
117.27502,1.02821,-1157.16193,394871.09559,3386225.45308,1.11394,0.02472,10343789.44400,2000-04-30T05:36:20.287,15010.51926
117.28500,1.07798,-1155.79304,394934.98332,3386164.10254,1.11235,0.02583,10342825.82307,2000-04-30T05:20:13.983,15015.04907
117.29498,1.04050,-1151.76745,394918.40081,3386175.21992,1.10871,0.02227,10293527.88810,2000-04-29T15:38:37.083,15007.08487
117.30499,0.95398,-1154.49638,394891.34318,3386171.71437,1.10878,0.02314,10319963.48707,2000-04-29T22:59:19.595,15010.49198
117.31500,0.92306,-1156.31391,394801.77378,3386246.65228,1.11349,0.02312,10396914.88147,2000-04-30T20:21:43.354,15023.16989
117.32501,1.72612,-1182.74874,395185.73818,3386170.79425,1.10762,0.02291,10305135.04066,2000-04-29T18:52:05.850,15007.76324
117.33499,1.04073,-1160.28107,394917.44780,3386216.91398,1.11218,0.02176,10431661.37939,2000-05-01T06:00:50.793,15028.00808
117.34500,0.83867,-1136.93264,394783.91048,3386204.56432,1.11456,0.02326,10258322.40050,2000-04-29T05:51:59.651,15001.52113
117.35500,0.96890,-1153.59876,394881.23547,3386213.41736,1.11154,0.02345,10355302.27237,2000-04-30T08:48:12.059,15019.44664
117.36501,1.26721,-1164.05986,395010.07015,3386199.12108,1.11103,0.02351,10424196.07121,2000-05-01T03:56:29.608,15026.94919
117.37501,1.04103,-1151.08173,394872.61177,3386198.15689,1.11427,0.02312,10418867.49957,2000-05-01T02:27:39.739,15028.32300
117.38499,1.19180,-1163.52120,394948.47968,3386217.83015,1.11525,0.02348,10340033.16851,2000-04-30T04:33:43.463,15013.36320
117.39499,1.00385,-1153.70156,394902.35229,3386175.94443,1.11891,0.02140,10399783.31225,2000-04-30T21:09:41.530,15023.26217
117.40499,1.27229,-1168.00779,394993.71972,3386186.46178,1.11891,0.02250,10324479.07561,2000-04-30T00:14:31.796,15009.22196
117.41499,1.07110,-1160.05520,394904.83059,3386207.11749,1.11265,0.02361,10350747.49246,2000-04-30T07:32:22.786,15011.86839
117.42499,0.85370,-1145.41684,394834.85937,3386170.45364,1.11825,0.02288,10350086.58803,2000-04-30T07:21:26.091,15015.10004
117.43498,0.83557,-1145.87757,394791.75461,3386226.99591,1.12233,0.02158,10271231.53167,2000-04-29T09:26:59.275,15003.00338
117.44499,1.01681,-1150.87101,394834.61716,3386232.72551,1.12583,0.02281,10287131.46844,2000-04-29T13:52:02.395,15006.41014
117.45502,1.25996,-1158.36450,395012.55419,3386181.26355,1.11794,0.02016,10390559.04673,2000-04-30T18:35:54.970,15021.18206
117.46502,1.14020,-1149.47110,394936.37819,3386196.81138,1.11700,0.01957,10252704.69154,2000-04-29T04:18:11.537,15001.43969
117.47500,1.10498,-1156.70383,394952.99954,3386162.83599,1.11610,0.02070,10375018.02763,2000-04-30T14:16:59.146,15017.46409
117.48500,0.89156,-1149.59610,394803.96174,3386214.66943,1.11075,0.01996,10316839.88857,2000-04-29T22:07:06.874,15010.38807
117.49501,1.19823,-1161.48590,394998.26750,3386177.46421,1.11622,0.01973,10359038.54715,2000-04-30T09:50:27.585,15014.09667
117.50500,1.20114,-1167.54849,394972.22753,3386195.69999,1.11560,0.01846,10249041.49053,2000-04-29T03:17:13.777,15000.54275
117.51501,0.56210,-1135.99836,394689.93297,3386215.64207,1.11033,0.01644,10351941.04154,2000-04-30T07:52:12.434,15012.79680
117.52500,1.14964,-1160.67320,394974.23806,3386174.88890,1.11915,0.01534,10230192.21019,2000-04-28T22:03:02.374,14996.18958
117.53500,1.08707,-1160.24962,394925.65093,3386200.43071,1.11473,0.01533,10325755.99264,2000-04-30T00:35:43.398,15016.76003
117.54500,1.05923,-1150.70747,394875.14401,3386225.97032,1.11908,0.01629,10332487.05299,2000-04-30T02:28:00.273,15011.87398
117.55498,0.99176,-1153.15407,394872.50663,3386220.59446,1.11730,0.01614,10279762.00359,2000-04-29T11:49:13.370,15004.21641
117.56498,1.13895,-1149.80959,394923.34149,3386209.41242,1.11678,0.01493,10412727.74703,2000-05-01T00:45:18.523,15021.39716
117.57500,1.05223,-1153.67300,394857.40189,3386249.11687,1.12270,0.01589,10375414.68653,2000-04-30T14:23:21.941,15016.16008
117.58499,1.00291,-1148.55230,394868.88936,3386197.83572,1.11491,0.01533,10326762.45563,2000-04-30T00:52:39.819,15016.40719
117.59499,1.59283,-1179.56450,395153.01260,3386174.53902,1.11957,0.01754,10270209.34636,2000-04-29T09:09:57.336,15001.52348
117.60501,0.95291,-1153.52976,394876.97001,3386202.48096,1.11559,0.01671,10221347.49546,2000-04-28T19:35:32.145,14997.00433
117.61501,0.92656,-1161.77046,394912.83511,3386193.87740,1.12587,0.01722,10408853.48178,2000-04-30T23:40:45.494,15025.42256
117.62500,1.11514,-1165.51569,394923.36438,3386214.40255,1.12705,0.01843,10290651.38784,2000-04-29T14:50:43.420,15003.63515
117.63501,1.03920,-1161.40124,394912.89490,3386208.57307,1.12117,0.01789,10362407.22190,2000-04-30T10:46:33.938,15019.74718
117.64499,1.24796,-1173.23125,395009.50026,3386197.55620,1.11930,0.01962,10318081.27419,2000-04-29T22:27:48.444,15012.57175
117.65500,1.23626,-1172.02625,395014.46198,3386176.35286,1.12073,0.02161,10325758.35763,2000-04-30T00:35:47.760,15013.17110
117.66499,1.47750,-1187.86145,395117.15943,3386166.22408,1.11781,0.02066,10349550.18798,2000-04-30T07:12:22.045,15016.14464
117.67499,1.10325,-1176.16578,394977.00422,3386162.29175,1.11112,0.01950,10278191.26062,2000-04-29T11:22:55.980,15008.41175
117.68498,1.04224,-1175.20570,394905.05150,3386195.28983,1.11092,0.01651,10306039.54824,2000-04-29T19:07:11.466,15006.35188
117.69498,1.02558,-1175.04753,394952.72131,3386163.23175,1.10934,0.01470,10239925.06386,2000-04-29T00:45:21.435,14996.94258
117.70500,0.92720,-1168.40998,394882.42316,3386167.07912,1.11414,0.01644,10227068.38807,2000-04-28T21:10:55.812,14995.60041
117.71501,1.39934,-1189.58414,395103.41799,3386169.51712,1.12328,0.01558,10253330.82367,2000-04-29T04:28:39.550,15004.55086
117.72500,1.10834,-1164.35980,394976.13520,3386150.57305,1.11895,0.01409,10254456.35662,2000-04-29T04:47:26.494,14998.54160
117.73499,1.36636,-1179.27873,395066.40940,3386159.91941,1.12201,0.01452,10140827.56021,2000-04-27T21:13:32.520,14981.92354
117.74501,1.14960,-1173.11656,394992.64552,3386171.11084,1.11514,0.01450,10357113.72891,2000-04-30T09:18:18.040,15017.73300
117.75500,1.01313,-1162.32037,394908.70927,3386165.94656,1.11750,0.01356,10162204.02692,2000-04-28T03:09:46.722,14987.32236
117.76501,1.16217,-1165.90016,394957.27523,3386225.55554,1.10882,0.01486,10242804.44000,2000-04-29T01:33:08.760,15006.04725
117.77499,1.25298,-1172.58446,395049.42641,3386151.91802,1.10494,0.01559,10286708.12711,2000-04-29T13:44:51.644,15004.23772
117.78499,1.36946,-1178.90294,395081.88320,3386162.50868,1.10804,0.01524,10188690.69977,2000-04-28T10:31:22.815,14991.27291
117.79500,1.29812,-1178.54344,395003.27158,3386221.87381,1.10714,0.01399,10232712.29695,2000-04-28T22:44:59.860,14997.82914
117.80499,0.94296,-1164.96132,394908.75544,3386176.54016,1.10452,0.01355,10319993.48544,2000-04-29T22:59:47.318,15005.29924
117.81498,1.29553,-1179.71200,395042.43013,3386172.20312,1.10252,0.01377,10269034.61799,2000-04-29T08:50:23.978,15004.29833
117.82500,1.36559,-1178.33936,395075.49674,3386174.82248,1.10327,0.01370,10272888.46620,2000-04-29T09:54:33.385,15004.38482
117.83500,1.40826,-1183.88692,395106.19156,3386165.86704,1.09970,0.01424,10258441.43875,2000-04-29T05:53:50.785,15001.89866
117.84499,1.06991,-1173.19415,394939.17455,3386192.37829,1.10599,0.01409,10212934.22929,2000-04-28T17:15:20.918,14995.12152
117.85500,1.30037,-1182.39967,395046.88663,3386177.01543,1.11048,0.01661,10340330.37275,2000-04-30T04:38:48.806,15010.98600
117.86500,1.37062,-1181.62923,395108.42164,3386132.43424,1.11506,0.01695,10260145.60497,2000-04-29T06:22:15.795,15004.11663
117.87500,0.97686,-1173.54914,394917.31974,3386192.95994,1.10501,0.01702,10318276.29821,2000-04-29T22:31:10.050,15011.82547
117.88500,1.38029,-1192.16807,395136.21532,3386136.84981,1.10987,0.01675,10198242.42919,2000-04-28T13:10:31.942,14988.58076
117.89501,1.20440,-1189.82289,395049.70161,3386146.00715,1.10408,0.01722,10283943.04409,2000-04-29T12:58:55.761,15003.85461
117.90501,1.30275,-1193.61727,395097.77719,3386133.95566,1.11129,0.01525,10216759.14466,2000-04-28T18:19:11.314,14995.55154
117.91500,1.46486,-1201.47531,395161.72259,3386129.24133,1.10809,0.01451,10230298.00896,2000-04-28T22:04:57.589,14995.66788
117.92500,1.33180,-1191.82741,395069.76755,3386165.52453,1.11402,0.01343,10167112.30614,2000-04-28T04:31:42.852,14988.16701
117.93500,0.74060,-1168.20280,394845.18300,3386174.79983,1.10988,0.01447,10217214.31182,2000-04-28T18:26:57.537,14995.13604
117.94501,1.44705,-1198.68053,395112.04940,3386177.12678,1.10937,0.01420,10141704.24650,2000-04-27T21:28:13.813,14986.73598
117.95498,1.31187,-1179.56344,395091.02535,3386137.65972,1.11452,0.01428,10263611.96756,2000-04-29T07:20:12.806,15002.71081
117.96500,1.30225,-1181.22335,395055.57264,3386170.26508,1.11214,0.01395,10121323.54641,2000-04-27T15:48:33.057,14979.84946
117.97501,1.56322,-1200.91876,395185.48163,3386140.05777,1.10895,0.01345,10370077.28845,2000-04-30T12:54:27.203,15018.74750
117.98501,1.29986,-1197.46761,395108.68045,3386138.92774,1.10797,0.01395,10198572.44246,2000-04-28T13:16:10.649,14990.78967
117.99500,1.09471,-1185.71799,395013.26178,3386148.63777,1.10711,0.01379,10305635.87953,2000-04-29T19:00:36.507,15009.81251
118.00499,1.05051,-1187.64621,394943.73833,3386176.25308,1.11439,0.01452,10137493.39291,2000-04-27T20:18:04.014,14985.47662
118.01499,1.19542,-1197.96641,395096.06028,3386102.13052,1.10623,0.01481,10227504.96979,2000-04-28T21:18:16.614,14995.24039
118.02500,1.37159,-1196.06669,395096.92819,3386145.52508,1.11275,0.01376,10311787.13223,2000-04-29T20:43:01.253,15014.40820
118.03501,1.35599,-1200.86461,395162.73571,3386107.65511,1.11094,0.01411,10232605.52298,2000-04-28T22:43:21.827,14992.76123
118.04502,1.34372,-1199.96333,395086.57124,3386159.52174,1.11001,0.01397,10171167.77804,2000-04-28T05:39:19.620,14987.75071
118.05501,1.21266,-1198.04781,395067.66846,3386132.23090,1.11073,0.01364,10313065.75916,2000-04-29T21:04:22.884,15012.16479
118.06501,1.68620,-1217.35458,395278.09193,3386128.08540,1.10890,0.01474,10245896.38014,2000-04-29T02:24:51.529,15000.02160
118.07500,1.03428,-1179.83561,394986.27908,3386143.15454,1.11223,0.01413,10223174.44745,2000-04-28T20:06:02.815,15002.28022
118.08500,1.71190,-1211.58917,395272.84858,3386135.35404,1.09989,0.01323,10327739.45647,2000-04-30T01:08:51.106,15007.00042
118.09500,1.23673,-1186.55074,395066.02590,3386168.99365,1.10675,0.01356,10230216.15134,2000-04-28T22:03:25.536,15000.03253
118.10502,1.06716,-1184.10637,394972.63721,3386181.16566,1.11597,0.01373,10259732.45219,2000-04-29T06:15:26.143,15000.26180
118.11499,1.12147,-1176.38666,395013.24059,3386176.57538,1.11594,0.01497,10438713.55079,2000-05-01T07:58:15.021,15030.80088
118.12501,1.50694,-1194.76267,395185.70767,3386136.94580,1.10859,0.01387,10253343.96362,2000-04-29T04:28:53.184,15002.62018
118.13501,1.41677,-1194.38215,395117.54327,3386177.84326,1.10463,0.01435,10326595.60334,2000-04-30T00:49:54.557,15007.12872
118.14500,1.19399,-1181.51594,395019.08946,3386174.08038,1.10798,0.01341,10281609.81590,2000-04-29T12:20:06.001,15005.05079
118.15500,0.98200,-1172.32835,394934.31844,3386174.43947,1.11332,0.01405,10236262.93128,2000-04-28T23:44:09.191,14998.71613
118.16501,1.47728,-1201.70944,395146.94257,3386172.58796,1.10729,0.01413,10296240.11892,2000-04-29T16:23:48.609,15010.16007
118.17500,1.33257,-1196.15382,395093.07692,3386143.62456,1.10518,0.01390,10241735.98266,2000-04-29T01:15:29.708,14997.78236
118.18501,1.42275,-1202.09971,395160.35395,3386131.76404,1.10788,0.01386,10282452.99813,2000-04-29T12:34:10.520,15005.34531
118.19502,1.06823,-1194.38412,395012.84327,3386159.67908,1.10589,0.01376,10311957.80356,2000-04-29T20:45:46.360,15012.40081
118.20501,1.39063,-1206.67738,395131.54024,3386164.18043,1.11248,0.01586,10249883.95341,2000-04-29T03:31:18.683,14998.68745
118.21499,1.27504,-1203.70616,395073.14203,3386180.40815,1.11921,0.01716,10233987.75626,2000-04-28T23:06:19.112,14997.75317
118.22500,1.60454,-1220.65109,395224.76511,3386146.68460,1.11556,0.01677,10212120.53657,2000-04-28T17:01:49.213,14993.72175
118.23500,1.27033,-1199.55373,395098.87292,3386158.38441,1.11963,0.01529,10315123.00093,2000-04-29T21:38:34.510,15012.03754
118.24499,1.13565,-1198.31628,395020.66288,3386167.99330,1.11419,0.01401,10275078.95740,2000-04-29T10:31:12.067,15004.57703
118.25499,1.39737,-1199.13875,395156.31008,3386160.43733,1.11388,0.01445,10324957.56554,2000-04-30T00:22:19.993,15013.99055
118.26500,1.11691,-1192.39804,395032.64474,3386159.30783,1.11538,0.01538,10324974.29777,2000-04-30T00:22:46.143,15009.71492
118.27499,1.32962,-1196.28382,395141.92848,3386135.29221,1.11682,0.01665,10238254.34514,2000-04-29T00:17:25.496,14995.87693
118.28499,1.40927,-1198.19982,395175.23631,3386151.91028,1.12236,0.01511,10376062.68177,2000-04-30T14:34:11.509,15017.28324
118.29500,1.61609,-1214.59992,395356.87866,3386111.99296,1.11827,0.01538,10383797.50150,2000-04-30T16:43:19.199,15018.58800
118.30499,1.17554,-1193.02176,395067.83636,3386142.41375,1.11546,0.01527,10278604.95554,2000-04-29T11:29:42.531,15005.62712
118.31500,1.30624,-1197.29962,395130.08703,3386133.41440,1.11836,0.01701,10446348.58744,2000-05-01T10:05:39.079,15027.87437
118.32500,1.18874,-1192.37198,395015.70275,3386180.52317,1.11882,0.01565,10246191.86534,2000-04-29T02:29:47.919,14998.38311
118.33499,1.53524,-1201.89961,395174.49293,3386140.86146,1.11007,0.01685,10322044.63974,2000-04-29T23:33:57.075,15013.14498
118.34500,1.39414,-1195.60844,395112.96178,3386143.47870,1.11157,0.01677,10313223.48402,2000-04-29T21:06:55.350,15004.51031
118.35499,1.41528,-1193.85220,395091.21275,3386188.36722,1.11536,0.01805,10417495.33910,2000-05-01T02:04:48.960,15027.36231
118.36499,1.38385,-1193.22154,395112.11405,3386128.46809,1.11849,0.01651,10303844.94467,2000-04-29T18:30:35.574,15006.84172
118.37502,1.29449,-1196.81338,395083.79110,3386145.18447,1.11475,0.01701,10376667.38142,2000-04-30T14:44:20.254,15021.00307
118.38501,1.17530,-1184.93294,395022.19749,3386167.81805,1.11841,0.01608,10357236.92195,2000-04-30T09:20:27.523,15016.04746
118.39498,1.22318,-1188.96470,395028.41769,3386164.40068,1.12426,0.01770,10333202.34933,2000-04-30T02:39:56.897,15012.69243
118.40498,1.36365,-1202.23912,395083.24135,3386181.67189,1.12996,0.01642,10345255.96216,2000-04-30T06:00:43.810,15014.50878
118.41499,0.89272,-1186.20064,394941.98290,3386138.65939,1.12554,0.01706,10326942.31984,2000-04-30T00:55:30.075,15006.90380
118.42500,1.17667,-1194.74923,395039.19623,3386181.85255,1.12466,0.01701,10453057.13950,2000-05-01T11:57:35.701,15030.98842
118.43500,1.59563,-1214.00601,395188.02698,3386158.05557,1.12384,0.01658,10438511.98938,2000-05-01T07:55:09.351,15022.86235
118.44501,0.99417,-1181.47911,394929.86165,3386160.24989,1.12379,0.01780,10335094.24510,2000-04-30T03:11:30.988,15013.90241
118.45501,1.62708,-1209.28352,395228.35020,3386130.23522,1.11983,0.01745,10377708.76742,2000-04-30T15:01:42.877,15017.89097
118.46501,0.95123,-1188.58099,394946.21419,3386155.03247,1.12713,0.01870,10287357.40068,2000-04-29T13:55:43.658,15008.81183
118.47500,1.75448,-1206.72238,395253.08764,3386172.74341,1.12713,0.01871,10518107.61032,2000-05-02T06:01:27.269,15039.91000
118.48500,0.87530,-1179.43071,394848.94283,3386260.39759,1.12552,0.02039,10501000.01397,2000-05-02T01:16:28.803,15034.55729
118.49499,1.31602,-1194.62620,395064.20615,3386172.80194,1.12677,0.02068,10321651.75629,2000-04-29T23:27:19.502,15012.00767
118.50499,1.41059,-1193.72965,395099.72088,3386176.97120,1.12610,0.01809,10466584.24027,2000-05-01T15:42:56.055,15031.59390
118.51500,1.04394,-1187.53856,394933.01487,3386227.89312,1.12384,0.01944,10392655.79263,2000-04-30T19:10:43.951,15024.45689
118.52500,1.16709,-1174.94135,395022.99830,3386173.34268,1.12521,0.01994,10479083.99202,2000-05-01T19:11:23.041,15031.91599
118.53501,1.70181,-1202.80953,395255.94252,3386177.90800,1.13024,0.01920,10467253.67485,2000-05-01T15:54:09.458,15033.53662
118.54500,1.35272,-1182.54059,395056.68965,3386193.20612,1.12418,0.01889,10385754.88958,2000-04-30T17:15:39.416,15018.05660
118.55499,1.35459,-1181.84343,395102.33877,3386164.65528,1.12655,0.01803,10453283.22810,2000-05-01T12:01:26.323,15028.88679
118.56500,1.26767,-1180.83119,395059.21306,3386172.04788,1.12318,0.01865,10290376.34313,2000-04-29T14:46:11.900,15008.86840
118.57502,0.78120,-1165.19880,394833.58905,3386243.80391,1.12566,0.01824,10374063.05083,2000-04-30T14:00:51.258,15015.64940
118.58500,1.36099,-1190.20551,395137.00184,3386215.38732,1.12575,0.01520,10683508.18175,2000-05-04T03:58:11.365,15064.78296
118.59498,1.21831,-1186.62555,395058.22351,3386223.23987,1.12437,0.01766,10482653.66265,2000-05-01T20:10:40.588,15037.28519
118.60501,1.10566,-1178.11605,395013.63873,3386178.04819,1.11520,0.01781,10485106.09311,2000-05-01T20:51:38.306,15032.32541
118.61500,1.33413,-1185.48013,395107.95395,3386182.52841,1.11981,0.01826,10431362.58592,2000-05-01T05:56:05.148,15027.15920
118.62500,1.40162,-1189.89917,395140.89341,3386179.09014,1.12209,0.01811,10494602.08062,2000-05-01T23:29:52.324,15037.30883
118.63500,0.91268,-1170.38653,394898.39580,3386209.48910,1.12072,0.01838,10452428.40560,2000-05-01T11:46:53.086,15031.82198
118.64500,1.43689,-1195.73614,395124.43635,3386198.59314,1.12191,0.01797,10432330.48872,2000-05-01T06:12:03.026,15027.73376
118.65498,1.02500,-1180.50733,394996.31511,3386218.06027,1.11896,0.01752,10493887.64619,2000-05-01T23:17:55.926,15036.12590
118.66501,0.86010,-1168.35928,394925.29780,3386223.21088,1.12219,0.01643,10448002.97915,2000-05-01T10:33:21.892,15031.71755
118.67500,1.62612,-1198.40124,395344.70454,3386158.16040,1.12086,0.01662,10485334.82705,2000-05-01T20:55:30.042,15038.80301
118.68500,0.71787,-1174.62858,394907.89946,3386242.87830,1.11832,0.01573,10500385.06299,2000-05-02T01:06:20.674,15033.54824
118.69501,1.28494,-1189.03738,395196.25421,3386168.11370,1.11117,0.01602,10448632.29789,2000-05-01T10:43:40.615,15028.29287
118.70501,1.08038,-1179.64887,395061.55842,3386210.01664,1.11516,0.01686,10453240.23065,2000-05-01T12:00:32.454,15031.26440
118.71500,1.22858,-1181.16404,395126.20451,3386208.21628,1.11838,0.01689,10418930.07838,2000-05-01T02:28:36.872,15023.76963
118.72499,1.07817,-1182.41709,395060.54029,3386208.73450,1.12000,0.01648,10413060.51754,2000-05-01T00:50:55.168,15020.96434
118.73501,1.39447,-1194.48926,395197.90561,3386179.23849,1.12095,0.01743,10395325.15394,2000-04-30T19:55:28.524,15022.35616
118.74498,1.18715,-1180.23407,395101.06101,3386215.39153,1.12602,0.01818,10462618.29455,2000-05-01T14:36:50.351,15032.34638
118.75498,0.99830,-1173.62538,395023.08730,3386195.10247,1.12057,0.01707,10459100.65527,2000-05-01T13:38:04.889,15033.38946
118.76499,0.91632,-1166.56486,394942.55061,3386235.01055,1.12149,0.01633,10366730.59201,2000-04-30T11:58:36.035,15016.74478
118.77501,1.01928,-1167.72679,395053.99128,3386176.71984,1.11995,0.01649,10428750.94077,2000-05-01T05:12:17.939,15024.53495
118.78500,0.96002,-1171.51792,394932.92816,3386230.61839,1.12199,0.01699,10394639.68655,2000-04-30T19:43:44.058,15027.17116
118.79500,1.55603,-1196.01054,395263.27505,3386165.26470,1.12021,0.01649,10523186.81633,2000-05-02T07:26:14.684,15038.39045
118.80501,1.02912,-1175.14652,395024.88564,3386182.35326,1.11977,0.01679,10295757.87317,2000-04-29T16:15:37.691,15010.02899
118.81501,1.02530,-1174.65290,394976.31359,3386217.84782,1.12547,0.01692,10338078.10930,2000-04-30T04:01:03.946,15011.57676
118.82501,0.86745,-1175.70419,394982.23369,3386198.11550,1.12060,0.01911,10439526.92897,2000-05-01T08:11:58.413,15029.10180
118.83500,1.40224,-1198.48492,395181.94210,3386186.93605,1.12503,0.02148,10580910.99204,2000-05-02T23:28:22.802,15043.45154
118.84499,0.85048,-1192.25010,394970.98452,3386176.65320,1.11706,0.02209,10398988.52285,2000-04-30T20:56:14.778,15024.06000
118.85500,1.08385,-1197.61782,395031.86359,3386196.42788,1.11759,0.02232,10403448.60672,2000-04-30T22:10:39.930,15022.76548
118.86499,1.21232,-1202.69152,395105.46333,3386189.02933,1.11411,0.02319,10430291.37522,2000-05-01T05:37:51.925,15024.40653
118.87498,0.81355,-1187.42660,394958.17325,3386167.00460,1.11376,0.02373,10440053.38436,2000-05-01T08:20:41.578,15029.58260
118.88499,1.43123,-1212.41077,395192.53007,3386194.57034,1.11989,0.02483,10441588.49952,2000-05-01T08:46:19.587,15027.43661
118.89498,1.06324,-1194.31819,395037.29855,3386182.36601,1.11606,0.02285,10393623.87116,2000-04-30T19:26:53.177,15016.69603
118.90499,1.18325,-1195.99415,395100.03111,3386174.92969,1.11551,0.02385,10432361.40775,2000-05-01T06:12:28.187,15028.46627
118.91500,0.91111,-1191.72971,394917.77894,3386230.33285,1.11526,0.02387,10348295.63511,2000-04-30T06:51:20.585,15012.95551
118.92500,1.06067,-1196.80655,395039.16948,3386190.29505,1.11109,0.02325,10394836.57841,2000-04-30T19:47:06.392,15019.19673
118.93500,1.24443,-1200.40432,395091.83827,3386174.73061,1.11396,0.02369,10342658.90065,2000-04-30T05:17:27.688,15012.41786
118.94500,1.15150,-1198.43602,395064.00627,3386160.60720,1.11175,0.01805,10446142.65618,2000-05-01T10:02:19.784,15023.98010
118.95501,1.00178,-1189.59725,395010.14986,3386188.94894,1.11595,0.01816,10378215.63422,2000-04-30T15:09:57.471,15021.04051
118.96502,1.34356,-1207.18964,395150.77512,3386162.66574,1.11732,0.01866,10306847.85810,2000-04-29T19:20:39.914,15008.78655
118.97499,1.10212,-1198.00962,395048.46847,3386173.23658,1.11586,0.01637,10337417.04960,2000-04-30T03:50:10.427,15010.80873
118.98500,1.19478,-1202.27444,395101.98480,3386192.35309,1.11669,0.01597,10336077.32367,2000-04-30T03:27:50.114,15011.90354
118.99500,1.08912,-1195.67505,395038.28645,3386183.56372,1.11388,0.01709,10429595.25646,2000-05-01T05:26:27.627,15027.86626
119.00498,0.95678,-1183.46028,395026.12266,3386152.05679,1.11298,0.01678,10370677.13677,2000-04-30T13:04:26.407,15019.33767
119.01502,1.10060,-1190.89710,395027.31923,3386174.32053,1.11336,0.01709,10325892.71590,2000-04-30T00:38:04.601,15009.04145
119.02500,1.22362,-1188.73118,395127.35563,3386157.95452,1.11492,0.01530,10355707.73103,2000-04-30T08:54:58.105,15011.26739
119.03499,0.90463,-1182.33085,395002.81672,3386173.10060,1.11363,0.01619,10346700.35441,2000-04-30T06:24:54.382,15015.12904
119.04502,0.93806,-1182.93591,394987.22752,3386196.96569,1.11210,0.01654,10366360.96023,2000-04-30T11:52:30.366,15012.84175
119.05499,1.32180,-1198.72745,395218.41310,3386137.44530,1.12267,0.01632,10443989.43120,2000-05-01T09:26:28.948,15030.10306
119.06501,1.31230,-1203.37706,395201.04474,3386149.07874,1.11577,0.01575,10375207.65912,2000-04-30T14:19:58.085,15022.08052
119.07502,1.59635,-1209.38003,395283.45300,3386157.72380,1.11962,0.01685,10315685.21868,2000-04-29T21:48:00.538,15007.13617
119.08502,0.62125,-1168.20689,394840.25716,3386222.87463,1.12111,0.01570,10407532.48106,2000-04-30T23:18:51.686,15024.28542
119.09500,1.47871,-1204.37483,395223.22747,3386165.09991,1.11406,0.01629,10321671.25989,2000-04-29T23:27:45.378,15007.97189
119.10503,1.06156,-1188.33832,395022.85478,3386189.27040,1.11542,0.01697,10253832.91985,2000-04-29T04:37:10.101,15001.74491
119.11501,1.31828,-1203.92821,395167.72718,3386171.69084,1.11607,0.01565,10318146.31136,2000-04-29T22:28:55.295,15006.49475
119.12501,1.23429,-1201.71948,395129.20890,3386170.32214,1.11964,0.01385,10354435.75651,2000-04-30T08:33:45.257,15017.09541
119.13502,1.05860,-1195.51721,395074.99100,3386145.47988,1.11459,0.01441,10408044.52765,2000-04-30T23:27:13.644,15025.09742
119.14501,1.38146,-1206.27756,395215.21574,3386133.95445,1.11860,0.01397,10381905.54373,2000-04-30T16:11:36.114,15017.01391
119.15499,1.34482,-1193.51632,395179.40598,3386154.12914,1.11717,0.01350,10363794.70236,2000-04-30T11:09:36.522,15020.37287
119.16498,1.01149,-1183.50620,395113.25123,3386127.73292,1.12115,0.01496,10299681.03474,2000-04-29T17:21:10.935,15007.54462
119.17500,1.07448,-1183.83309,395062.18620,3386208.79296,1.12543,0.01547,10427497.60218,2000-05-01T04:51:26.230,15027.46444
119.18500,1.13297,-1184.76742,395037.41563,3386197.25638,1.12406,0.01235,10232856.35701,2000-04-28T22:47:19.496,14995.44885
119.19500,1.50602,-1202.19305,395227.17650,3386177.01141,1.11993,0.01188,10421284.84707,2000-05-01T03:07:46.617,15028.46837
119.20500,1.11474,-1190.00767,395063.11732,3386193.41706,1.12128,0.01243,10321271.15922,2000-04-29T23:21:01.903,15007.22821
119.21500,1.25013,-1191.93244,395169.01196,3386149.34684,1.11922,0.01184,10411119.11775,2000-05-01T00:18:26.162,15025.43055
119.22501,1.37768,-1195.42209,395191.46805,3386156.50136,1.12254,0.01362,10371092.32325,2000-04-30T13:11:18.115,15017.88892
119.23501,1.08643,-1183.83066,395065.84157,3386175.98881,1.12464,0.01201,10346640.35143,2000-04-30T06:23:43.777,15015.36861
119.24502,0.87295,-1174.85926,394972.67946,3386187.32743,1.11827,0.01274,10368426.25623,2000-04-30T12:26:48.590,15016.83938
119.25501,1.05409,-1175.57114,395044.78327,3386200.38309,1.11703,0.01129,10413843.46726,2000-05-01T01:03:54.411,15020.93070
119.26501,1.48924,-1200.10496,395224.71948,3386168.64973,1.11229,0.01165,10369824.23852,2000-04-30T12:50:06.712,15020.18432
119.27498,1.58640,-1200.19518,395224.82393,3386206.08768,1.11883,0.01361,10474065.26362,2000-05-01T17:47:38.133,15035.55765
119.28498,0.93007,-1174.70596,394984.63999,3386207.95855,1.11352,0.01094,10376891.13751,2000-04-30T14:48:03.077,15015.57679
119.29500,1.24485,-1181.18132,395110.90870,3386169.90111,1.10866,0.01144,10406810.83811,2000-04-30T23:06:40.338,15021.72401
119.30501,1.13697,-1179.58120,395045.78414,3386204.21044,1.11359,0.01205,10297996.66942,2000-04-29T16:53:02.548,15007.65240
119.31501,1.15732,-1183.77309,395050.40604,3386221.03188,1.11090,0.01131,10352834.98612,2000-04-30T08:07:06.891,15015.58154
119.32501,0.87312,-1167.95240,395013.88835,3386160.25370,1.10998,0.01174,10401646.85962,2000-04-30T21:40:30.958,15020.42954
119.33501,1.17354,-1184.88174,395080.75076,3386200.76083,1.10979,0.01235,10410877.89064,2000-05-01T00:14:31.774,15022.10823
119.34501,1.09576,-1186.94591,395084.19778,3386202.05659,1.11045,0.01202,10498536.80741,2000-05-02T00:35:30.319,15039.78220
119.35501,1.34069,-1182.24594,395120.88252,3386192.70064,1.11201,0.01127,10331267.06660,2000-04-30T02:07:36.388,15010.39093
119.36499,1.07983,-1173.97279,394996.81763,3386220.18006,1.11502,0.01351,10378574.89690,2000-04-30T15:16:09.755,15020.83243
119.37498,1.14390,-1173.57684,395050.08547,3386178.03999,1.11333,0.01312,10440113.27430,2000-05-01T08:21:52.990,15026.31351
119.38499,1.12037,-1178.79853,395031.90950,3386220.39375,1.11823,0.01463,10370198.36496,2000-04-30T12:56:28.353,15019.85839
119.39499,1.10633,-1180.36793,395015.61643,3386219.73588,1.11349,0.01451,10482497.30058,2000-05-01T20:08:12.105,15031.17399
119.40499,1.19582,-1185.03884,395078.81154,3386198.78606,1.11130,0.01588,10451760.77312,2000-05-01T11:35:53.267,15033.80432
119.41499,0.96629,-1169.08211,394956.27656,3386224.56894,1.11063,0.01881,10454782.99187,2000-05-01T12:26:23.863,15027.64056
119.42499,1.14520,-1177.26924,395043.63977,3386217.81409,1.11689,0.01815,10508093.31896,2000-05-02T03:14:42.289,15040.81219
119.43499,1.16572,-1177.04991,395065.94823,3386223.04823,1.11321,0.01819,10349310.69098,2000-04-30T07:08:20.333,15013.44175
119.44502,1.30570,-1174.45407,395131.07551,3386213.65003,1.11709,0.01815,10498634.93456,2000-05-02T00:37:08.437,15038.32865
119.45503,1.30121,-1167.04902,395123.72388,3386215.38259,1.11325,0.01981,10409043.53938,2000-04-30T23:43:53.242,15024.18480
119.46501,1.34830,-1177.41455,395151.19752,3386202.95398,1.11471,0.02175,10492117.88853,2000-05-01T22:48:33.768,15033.28376
119.47501,1.06181,-1161.13412,394983.59547,3386258.33365,1.11773,0.01958,10387381.96039,2000-04-30T17:42:44.916,15019.91592
119.48498,1.18184,-1164.22519,395095.96113,3386212.16785,1.12452,0.01882,10509870.83751,2000-05-02T03:44:17.317,15038.83773
119.49500,1.16722,-1169.02663,395024.16296,3386274.35963,1.11665,0.01719,10396038.83027,2000-04-30T20:07:01.737,15021.09161
119.50499,1.44340,-1171.23501,395181.43215,3386211.23197,1.11291,0.01712,10416419.18809,2000-05-01T01:46:49.399,15026.92556
119.51501,1.03170,-1155.36033,395019.17395,3386218.07207,1.11810,0.01477,10420972.81800,2000-05-01T03:02:47.762,15022.33565
119.52500,1.47655,-1170.33141,395213.41499,3386195.25011,1.11659,0.01289,10456841.78587,2000-05-01T13:00:21.912,15029.14896
119.53502,1.22021,-1170.39969,395153.70382,3386188.59530,1.11635,0.01356,10434652.89096,2000-05-01T06:50:41.030,15024.89135
119.54499,1.41783,-1181.56369,395184.53599,3386232.53087,1.11498,0.01415,10483239.35074,2000-05-01T20:20:33.752,15032.83176
119.55499,1.23913,-1170.15721,395108.65169,3386196.79292,1.11610,0.01420,10430352.83204,2000-05-01T05:39:04.075,15025.46064
119.56500,1.30545,-1178.82409,395168.01140,3386205.14630,1.11744,0.01379,10568086.62853,2000-05-02T19:54:37.405,15047.89161
119.57500,1.43364,-1174.80086,395236.22233,3386173.80260,1.11400,0.01471,10437610.69487,2000-05-01T07:40:11.032,15025.66776
119.58501,1.07303,-1167.23529,395016.94028,3386250.58002,1.11576,0.01418,10545840.62467,2000-05-02T13:43:54.613,15043.53391
119.59499,1.40232,-1179.32549,395207.58679,3386206.57394,1.11950,0.01447,10499289.66464,2000-05-02T00:47:58.880,15037.38005
119.60501,1.43176,-1178.49539,395209.41064,3386207.76602,1.11750,0.01634,10495484.90733,2000-05-01T23:44:35.119,15032.66498
119.61500,1.50130,-1181.91745,395238.91498,3386221.97419,1.11834,0.01648,10565142.64754,2000-05-02T19:05:36.058,15049.01618
119.62500,1.29511,-1179.43064,395226.50133,3386228.54439,1.11807,0.01691,10508007.37747,2000-05-02T03:13:11.993,15040.56308
119.63500,1.22091,-1178.19367,395188.23037,3386239.57797,1.11570,0.01598,10611176.73728,2000-05-03T07:52:54.388,15047.56981
119.64499,1.16442,-1183.86863,395211.73550,3386191.13929,1.11492,0.01713,10731950.05258,2000-05-04T17:25:25.714,15071.57938
119.65502,1.77536,-1191.73953,395379.66530,3386211.10344,1.11437,0.01556,10513632.24232,2000-05-02T04:47:06.948,15040.34933
119.66499,0.90792,-1157.43524,395073.32499,3386210.23508,1.11447,0.01734,10446066.72910,2000-05-01T10:01:10.296,15026.37057
119.67499,1.50040,-1180.30967,395291.05323,3386236.15338,1.11310,0.01668,10513633.92811,2000-05-02T04:47:13.318,15035.10302
119.68499,0.92607,-1158.40019,395055.81728,3386212.13360,1.10803,0.01639,10595105.00350,2000-05-03T03:25:00.379,15053.33165
119.69499,1.20618,-1175.35352,395192.37191,3386218.75612,1.11012,0.01704,10429026.23562,2000-05-01T05:16:59.634,15023.24962
119.70499,1.38824,-1172.93021,395242.40540,3386204.45594,1.11066,0.01718,10519179.28488,2000-05-02T06:19:37.222,15037.15309
119.71499,1.34276,-1167.02447,395233.45172,3386192.38208,1.10441,0.01664,10454542.63864,2000-05-01T12:22:15.782,15029.95869
119.72501,1.03982,-1154.86104,395043.46782,3386259.53138,1.10823,0.01685,10396413.93887,2000-04-30T20:13:30.902,15018.21514
119.73501,1.21076,-1161.56062,395202.34852,3386197.60851,1.11124,0.01715,10482892.54064,2000-05-01T20:14:48.646,15033.69616
119.74502,1.28362,-1157.72411,395224.24046,3386188.26092,1.10776,0.01610,10478800.02195,2000-05-01T19:06:41.786,15035.38751
119.75499,1.32115,-1164.44762,395206.87936,3386204.23475,1.11176,0.01613,10404085.21752,2000-04-30T22:21:23.051,15023.65514
119.76499,1.34613,-1171.41443,395207.92656,3386220.52508,1.10927,0.01738,10382858.88057,2000-04-30T16:27:43.748,15018.67943
119.77500,1.23517,-1164.70800,395187.22032,3386203.58597,1.11493,0.01638,10452067.47955,2000-05-01T11:41:10.022,15028.40735
119.78499,1.18255,-1167.73165,395195.67511,3386188.43800,1.11130,0.01536,10432772.16052,2000-05-01T06:19:23.349,15028.52911
119.79499,1.06262,-1169.26239,395084.29877,3386251.70588,1.11170,0.01729,10401384.62788,2000-04-30T21:36:13.745,15022.65714
119.80501,1.74591,-1186.50867,395402.51222,3386185.99416,1.11803,0.01694,10445883.35411,2000-05-01T09:57:56.975,15031.88774
119.81500,1.32637,-1172.55855,395210.82765,3386225.39799,1.12066,0.01690,10366401.90230,2000-04-30T11:53:19.433,15013.35671
119.82500,1.14050,-1152.62240,395166.43506,3386196.72432,1.12290,0.01593,10424505.67477,2000-05-01T04:01:45.673,15024.16004
119.83499,1.32657,-1155.81691,395183.01909,3386231.20209,1.12016,0.01730,10422073.17562,2000-05-01T03:21:09.553,15024.98943
119.84499,1.11355,-1156.76520,395130.54844,3386212.44812,1.12174,0.01504,10392197.13003,2000-04-30T19:03:19.186,15019.96581
119.85501,1.19154,-1163.34551,395146.83616,3386226.92522,1.11521,0.01499,10456782.64084,2000-05-01T12:59:39.816,15031.13757
119.86498,1.33524,-1171.23661,395212.03943,3386212.23225,1.11606,0.01544,10492327.42497,2000-05-01T22:52:05.729,15033.83552
119.87499,1.47503,-1176.07931,395286.46709,3386207.65721,1.10940,0.01547,10523923.72416,2000-05-02T07:38:39.421,15038.59479
119.88501,0.91464,-1157.67220,395028.56921,3386237.38229,1.11342,0.01539,10472609.86969,2000-05-01T17:23:26.561,15027.10134
119.89499,0.86556,-1145.12588,394997.59866,3386240.44860,1.11508,0.01509,10403148.37828,2000-04-30T22:05:42.394,15023.15772
119.90499,1.11078,-1161.28233,395117.48458,3386232.68677,1.11344,0.01509,10462163.90560,2000-05-01T14:29:12.817,15030.60196
119.91500,1.59395,-1178.08114,395314.17679,3386197.18003,1.11532,0.01490,10560615.93634,2000-05-02T17:50:08.507,15045.08179
119.92500,1.27711,-1159.59120,395213.51614,3386221.33756,1.11789,0.01472,10434956.35543,2000-05-01T06:56:03.190,15026.23188
119.93500,1.06969,-1153.56599,395129.48506,3386196.90033,1.11225,0.01488,10527591.79926,2000-05-02T08:39:49.444,15041.95804
119.94501,1.16652,-1158.87238,395148.18696,3386235.75383,1.11285,0.01522,10535502.59679,2000-05-02T10:51:38.391,15036.82602
119.95499,1.46990,-1176.62240,395293.97575,3386202.44727,1.11230,0.01518,10401753.97314,2000-04-30T21:42:27.379,15018.67565
119.96500,1.23529,-1172.07947,395191.86194,3386224.24717,1.11781,0.01454,10477960.57518,2000-05-01T18:52:33.849,15034.40487
119.97500,1.36307,-1175.24888,395291.09713,3386188.43284,1.11503,0.01505,10451369.78215,2000-05-01T11:29:24.540,15028.82242
119.98499,1.52749,-1186.30901,395330.40993,3386203.58202,1.11590,0.01525,10440161.54614,2000-05-01T08:22:43.454,15030.51734
119.99500,1.18743,-1171.34182,395159.99604,3386235.56771,1.12363,0.01543,10461715.52079,2000-05-01T14:21:45.446,15029.66827
120.00498,1.76792,-1197.53789,395429.45992,3386198.57558,1.11150,0.01496,10393220.47353,2000-04-30T19:20:05.424,15020.51161
120.01499,0.96850,-1161.98363,395122.28617,3386197.48191,1.11163,0.01436,10476393.04204,2000-05-01T18:26:32.174,15031.63352
120.02500,1.27243,-1174.92204,395201.76941,3386222.27000,1.11013,0.01565,10483841.62673,2000-05-01T20:30:36.803,15033.05988
120.03498,1.12061,-1161.28568,395188.16498,3386177.36359,1.10765,0.01433,10491717.85667,2000-05-01T22:41:49.341,15037.48827
120.04500,1.09937,-1170.35439,395135.98467,3386240.26612,1.11214,0.01958,10466936.94889,2000-05-01T15:48:50.598,15028.21882
120.05501,1.60339,-1185.66266,395361.31373,3386221.54099,1.10845,0.01716,10488292.76987,2000-05-01T21:44:47.322,15035.52468
120.06499,1.82643,-1199.13585,395517.77081,3386166.53164,1.10426,0.01689,10448297.18681,2000-05-01T10:38:04.023,15028.53728
120.07498,1.03661,-1174.11951,395148.57949,3386228.89210,1.10798,0.01684,10480353.10716,2000-05-01T19:32:38.673,15032.51456
120.08501,1.01594,-1165.30576,395146.60854,3386201.23258,1.10422,0.01819,10478312.02016,2000-05-01T18:58:25.197,15028.41292
120.09502,1.31652,-1182.01253,395274.14075,3386192.77787,1.10461,0.01830,10489543.42366,2000-05-01T22:05:34.818,15037.83441
120.10503,1.32402,-1176.76274,395389.79399,3386227.77980,1.11398,0.01888,10461275.08404,2000-05-01T14:14:39.071,15027.65388
120.11498,0.96309,-1165.12365,395249.00536,3386250.42239,1.10879,0.02103,10291420.40240,2000-04-29T15:03:36.057,15004.87108
120.12499,1.44586,-1190.03528,395379.05988,3386246.70204,1.11279,0.01952,10480260.38989,2000-05-01T19:31:03.342,15034.36733
120.13500,1.37821,-1175.59937,395407.56120,3386194.13845,1.11838,0.01969,10446735.61578,2000-05-01T10:12:14.986,15031.29340
120.14500,1.23121,-1179.81007,395343.74078,3386242.03269,1.10661,0.01917,10535918.40193,2000-05-02T10:58:37.432,15041.22445
120.15500,1.43906,-1186.62671,395441.36867,3386219.05601,1.10944,0.01907,10466068.51874,2000-05-01T15:34:22.703,15029.55079
120.16499,1.26925,-1178.24193,395397.62083,3386249.76970,1.10764,0.01369,10520443.28570,2000-05-02T06:40:37.740,15035.00654
120.17499,1.42120,-1183.87815,395528.57830,3386183.43268,1.11465,0.01562,10504780.87094,2000-05-02T02:19:34.783,15037.86955
120.18501,1.42284,-1175.98421,395674.82705,3386291.81825,1.10935,0.01577,10500662.80770,2000-05-02T01:10:53.807,15037.22796
120.19498,0.99712,-1173.79411,395337.94774,3386217.09651,1.11384,0.01533,10541923.50560,2000-05-02T12:38:32.877,15040.69266
120.20501,1.51186,-1200.72374,395307.57149,3386137.63255,1.11189,0.01575,10416996.14324,2000-05-01T01:56:23.591,15027.44352
120.21501,1.23850,-1195.46649,395183.55255,3386182.78303,1.11511,0.01522,10368946.66889,2000-04-30T12:35:45.040,15013.74696
120.22500,1.57003,-1204.22123,395331.44679,3386155.19820,1.11668,0.01553,10477687.33629,2000-05-01T18:48:03.517,15034.43458
120.23501,1.10573,-1188.21494,395207.96360,3386146.08437,1.11072,0.01514,10364438.31499,2000-04-30T11:20:33.197,15016.67195
120.24500,1.70733,-1208.36845,395354.59313,3386179.32274,1.11827,0.01811,10350463.57195,2000-04-30T07:27:43.079,15014.52081
120.25499,1.17065,-1179.25000,395101.63154,3386182.19078,1.11428,0.01781,10411649.78380,2000-05-01T00:27:19.922,15023.21268
120.26502,0.71551,-1163.93559,394885.59386,3386208.87976,1.11328,0.01776,10411051.52659,2000-05-01T00:17:33.877,15022.89192
120.27500,0.86790,-1172.70911,394944.10948,3386210.07850,1.11376,0.01822,10348548.01190,2000-04-30T06:55:36.641,15012.48942
120.28499,1.35477,-1182.22498,395196.03113,3386143.01952,1.10783,0.01780,10529899.47108,2000-05-02T09:18:22.397,15040.99269
120.29500,1.51297,-1196.28670,395242.67350,3386173.23377,1.10761,0.01782,10369956.06268,2000-04-30T12:52:24.597,15018.20652
120.30499,1.00642,-1170.15575,395047.87342,3386174.81763,1.11159,0.01804,10400229.23305,2000-04-30T21:17:10.990,15026.31624
120.31500,1.16314,-1183.29060,395115.26030,3386150.50568,1.10850,0.01907,10319766.01060,2000-04-29T22:56:03.375,15004.04633
120.32502,1.32383,-1195.68809,395148.51979,3386191.53590,1.10958,0.01970,10354707.98921,2000-04-30T08:38:28.576,15016.16084
120.33502,1.24107,-1188.81673,395138.15649,3386174.42623,1.11255,0.01907,10353193.08422,2000-04-30T08:13:06.647,15016.59625
120.34501,1.38607,-1193.68318,395231.64037,3386147.52103,1.11782,0.01757,10441517.30095,2000-05-01T08:45:16.999,15024.83067
120.35501,1.08948,-1181.18455,395046.04736,3386170.35154,1.10892,0.01742,10333714.32100,2000-04-30T02:48:31.570,15012.32070
120.36500,1.26200,-1194.85013,395169.01240,3386133.84607,1.11509,0.01564,10342245.17043,2000-04-30T05:10:47.017,15010.42372
120.37502,1.07231,-1191.61279,395075.50036,3386138.48984,1.10485,0.01757,10303231.07652,2000-04-29T18:20:28.366,15007.18232
120.38502,0.95332,-1183.27848,395004.47390,3386176.29161,1.10859,0.01630,10255303.54660,2000-04-29T05:01:37.960,14997.86063
120.39500,1.34134,-1201.47263,395179.01827,3386171.06548,1.10984,0.01730,10273080.93965,2000-04-29T09:57:56.528,15001.86793
120.40499,1.20389,-1200.78641,395155.89655,3386130.29671,1.11183,0.01598,10218862.54601,2000-04-28T18:54:23.628,14996.12918
120.41500,1.12510,-1203.61082,395082.32137,3386181.36817,1.10295,0.01682,10200848.72599,2000-04-28T13:54:16.368,14989.29295
120.42501,1.61886,-1230.33209,395323.62587,3386147.54905,1.10961,0.01595,10286308.06175,2000-04-29T13:38:31.227,15005.95227
120.43501,1.01210,-1195.54541,395101.04860,3386114.13214,1.10943,0.01476,10300844.34739,2000-04-29T17:40:45.499,15004.87425
120.44500,1.29801,-1216.65239,395207.96587,3386107.42520,1.11088,0.01580,10232675.01524,2000-04-28T22:44:22.798,14997.18127
120.45499,1.41119,-1219.66415,395226.65382,3386142.85085,1.11542,0.01499,10263859.54191,2000-04-29T07:24:18.962,14999.29008
120.46500,0.99681,-1199.36523,395048.99259,3386143.36494,1.10557,0.01743,10391244.59688,2000-04-30T18:47:19.150,15022.40058
120.47498,0.98360,-1200.90530,395042.64383,3386168.18413,1.11236,0.01572,10300325.29452,2000-04-29T17:32:09.861,15006.45286
120.48499,1.46802,-1223.51657,395270.46313,3386120.73851,1.11059,0.01759,10286303.21417,2000-04-29T13:38:22.790,15004.32355
120.49499,0.93950,-1195.47654,395002.77829,3386197.49975,1.10832,0.01811,10344381.91908,2000-04-30T05:46:15.070,15014.81430
120.50500,1.36406,-1220.92495,395242.24688,3386093.84407,1.10861,0.01878,10368126.28612,2000-04-30T12:22:09.346,15019.30788
120.51500,1.20198,-1210.52248,395131.22324,3386171.51254,1.10708,0.01814,10229117.43652,2000-04-28T21:45:15.230,14992.69714
120.52500,1.01319,-1207.36777,395049.77041,3386171.85607,1.10987,0.01319,10267930.86362,2000-04-29T08:32:12.458,15002.37703
120.53501,1.32730,-1203.33005,395206.73672,3386113.02992,1.10737,0.01311,10188781.75081,2000-04-28T10:33:00.013,14988.79029
120.54500,0.93840,-1195.32015,395023.84827,3386182.63622,1.11597,0.01420,10276073.14905,2000-04-29T10:47:48.155,15004.05778
120.55499,0.96024,-1201.90204,395015.45038,3386173.13028,1.11424,0.01354,10269499.69791,2000-04-29T08:58:10.305,15004.23660
120.56501,1.19231,-1200.45287,395170.56553,3386134.52598,1.11608,0.01418,10374396.53199,2000-04-30T14:06:39.628,15017.65486
120.57501,1.23947,-1204.90540,395148.94732,3386145.77345,1.11529,0.01296,10151851.66934,2000-04-28T00:17:33.091,14982.82956
120.58501,1.22066,-1205.80013,395129.49852,3386157.93976,1.11198,0.01355,10361724.22245,2000-04-30T10:35:16.709,15014.15957
120.59501,1.24531,-1218.02723,395168.86992,3386135.15472,1.11202,0.01353,10300508.39541,2000-04-29T17:35:03.594,15009.18105
120.60500,1.21140,-1213.89297,395183.95747,3386120.18593,1.11433,0.01402,10277392.23121,2000-04-29T11:09:51.110,15002.76918
120.61501,0.98347,-1210.88877,395076.30462,3386147.66248,1.11643,0.01368,10269454.14989,2000-04-29T08:57:30.063,15004.54764
120.62499,1.27427,-1219.71413,395175.75729,3386140.75881,1.11701,0.01408,10150145.38466,2000-04-27T23:49:03.822,14986.77868
120.63500,1.26154,-1215.97319,395198.82451,3386103.20536,1.11977,0.01431,10341395.63948,2000-04-30T04:56:38.949,15012.82357
120.64500,0.97235,-1211.02674,395059.34836,3386157.76196,1.11603,0.01283,10280523.95351,2000-04-29T12:01:55.911,15003.20340
120.65500,1.54427,-1228.13872,395320.42286,3386110.42885,1.11593,0.01403,10348551.04102,2000-04-30T06:55:41.742,15013.80632
120.66499,1.03906,-1209.82909,395053.72713,3386168.19625,1.12222,0.01337,10332046.82663,2000-04-30T02:20:49.252,15011.51872
120.67498,1.27947,-1212.01995,395205.90436,3386094.91069,1.11994,0.01398,10257016.58376,2000-04-29T05:30:01.449,14993.70874
120.68501,1.04189,-1214.37731,395090.00696,3386144.21643,1.11686,0.01366,10283729.90691,2000-04-29T12:55:30.663,15004.64965
120.69500,0.88124,-1200.04971,394981.48250,3386177.66190,1.11818,0.01302,10341066.68102,2000-04-30T04:50:59.264,15013.19477
120.70500,1.09706,-1210.29184,395121.40280,3386120.79744,1.12003,0.01384,10288216.57119,2000-04-29T14:10:10.057,15010.78212
120.71501,1.22555,-1223.59477,395183.91783,3386128.52628,1.12012,0.01406,10322447.18688,2000-04-29T23:40:45.230,15009.35711
120.72500,1.00900,-1211.36724,395113.85698,3386099.30576,1.12559,0.01383,10400997.22840,2000-04-30T21:29:49.650,15024.86501
120.73499,1.23090,-1219.76976,395156.99383,3386142.60144,1.12564,0.01346,10306192.90285,2000-04-29T19:09:48.568,15003.57930
120.74499,1.35262,-1222.23945,395211.61720,3386136.56672,1.12171,0.01354,10331920.05261,2000-04-30T02:18:39.433,15008.51171
120.75499,0.90377,-1207.33001,395052.62325,3386119.52950,1.12189,0.01419,10395727.10578,2000-04-30T20:02:07.005,15022.11214
120.76501,1.28322,-1217.00777,395155.88218,3386144.94668,1.11405,0.01457,10239555.00817,2000-04-29T00:39:12.936,14996.44231
120.77501,0.97679,-1206.23493,395105.19018,3386076.33953,1.11868,0.01510,10239864.56882,2000-04-29T00:44:19.987,14996.85661
120.78503,0.69775,-1196.75355,394899.12726,3386200.51028,1.12201,0.01494,10480748.32790,2000-05-01T19:39:00.692,15032.07834
120.79500,0.99566,-1207.56241,395092.79875,3386130.87733,1.11855,0.01653,10318965.52751,2000-04-29T22:42:34.464,15008.19330
120.80499,1.08181,-1201.62346,395116.87799,3386118.94359,1.12165,0.01598,10330584.50826,2000-04-30T01:56:20.302,15010.53352
120.81501,1.25025,-1215.41854,395263.64147,3386115.64002,1.11854,0.01600,10419216.86867,2000-05-01T02:33:27.269,15024.83453
120.82500,0.89483,-1196.13033,395302.06269,3386113.52518,1.11498,0.02015,10415695.83703,2000-05-01T01:34:46.185,15023.58162
120.83499,1.41238,-1224.11355,395366.75828,3386118.32011,1.11189,0.01877,10350871.75636,2000-04-30T07:34:28.860,15014.26144
120.84501,0.77160,-1200.10620,395073.02280,3386166.47208,1.11511,0.01729,10393766.23984,2000-04-30T19:29:18.694,15024.52273
120.85500,1.10554,-1214.51892,395256.90046,3386108.32065,1.11815,0.01873,10476272.12538,2000-05-01T18:24:20.603,15026.24506
120.86500,0.82963,-1201.18025,395142.02831,3386085.73411,1.11284,0.01868,10309235.49686,2000-04-29T20:00:20.160,15006.38928
120.87501,0.85649,-1200.42464,395083.79695,3386148.00656,1.11338,0.01782,10269636.32090,2000-04-29T09:00:21.953,14999.05303
120.88501,1.01717,-1209.37561,395205.37425,3386102.76044,1.10988,0.01833,10365477.44060,2000-04-30T11:37:49.837,15014.76460
120.89500,1.03513,-1212.33041,395148.60404,3386146.96938,1.11679,0.01730,10435131.52649,2000-05-01T06:58:39.723,15026.96708
120.90500,0.96010,-1210.42632,395140.28581,3386120.37740,1.12033,0.01812,10348056.03310,2000-04-30T06:47:33.140,15009.99480
120.91502,0.92693,-1214.94230,395140.36364,3386115.37913,1.11306,0.01787,10331278.66125,2000-04-30T02:07:49.278,15015.47274
120.92500,1.05097,-1215.05563,395202.89408,3386110.53510,1.11250,0.01620,10251093.29363,2000-04-29T03:51:27.932,14997.90892
120.93499,1.04736,-1216.90705,395185.95649,3386104.83135,1.11463,0.01549,10355962.43135,2000-04-30T08:59:10.562,15012.67609
120.94500,0.92347,-1221.65213,395124.73720,3386124.56015,1.11735,0.01588,10348498.36742,2000-04-30T06:54:52.212,15011.94521
120.95500,1.46648,-1233.30000,395384.10885,3386054.48679,1.11120,0.01611,10216706.56577,2000-04-28T18:18:11.847,14989.67882
120.96502,1.03844,-1218.46413,395173.45593,3386123.16039,1.10935,0.01566,10310684.72955,2000-04-29T20:24:40.793,15007.87493
120.97499,1.09317,-1220.42766,395216.26556,3386105.39568,1.11818,0.01622,10356510.34433,2000-04-30T09:08:31.264,15014.19364
120.98501,1.08146,-1215.12442,395203.87407,3386105.24385,1.11718,0.01540,10346001.71143,2000-04-30T06:13:15.335,15011.39965
120.99500,1.00504,-1217.28663,395130.99713,3386132.28507,1.11658,0.01552,10298253.10161,2000-04-29T16:57:26.439,15012.46341
121.00500,0.90131,-1204.71393,395121.29202,3386100.22179,1.12455,0.01526,10369203.64197,2000-04-30T12:39:53.898,15012.90980
121.01500,1.08917,-1221.98484,395144.25827,3386144.57501,1.12949,0.01555,10194624.77292,2000-04-28T12:10:20.632,14990.40698
121.02500,1.18325,-1223.49737,395234.77717,3386104.77247,1.13064,0.01620,10338566.89200,2000-04-30T04:09:15.492,15012.77760
121.03499,1.24560,-1221.09038,395274.68209,3386090.95555,1.12775,0.01581,10362823.43576,2000-04-30T10:53:31.069,15015.91735
121.04499,0.76365,-1206.48010,395049.88515,3386108.87387,1.12846,0.01543,10295818.14793,2000-04-29T16:16:52.166,15004.09629
121.05500,1.26880,-1227.36072,395265.73139,3386097.27510,1.12379,0.01529,10300899.37888,2000-04-29T17:41:27.706,15005.56096
121.06500,1.10238,-1217.51307,395189.69837,3386117.80261,1.12308,0.01521,10432002.99257,2000-05-01T06:06:25.986,15024.13990
121.07499,1.09116,-1226.45185,395172.68644,3386137.69405,1.12347,0.01599,10360762.16473,2000-04-30T10:19:12.947,15014.16191
121.08500,1.10873,-1225.67316,395190.36376,3386113.79652,1.12675,0.01578,10375233.26691,2000-04-30T14:20:26.167,15016.01314
121.09498,1.02879,-1225.03884,395146.73779,3386135.83241,1.12795,0.01670,10386694.69689,2000-04-30T17:31:27.248,15019.37854
121.10502,1.16283,-1228.26101,395243.80736,3386087.40832,1.13243,0.01486,10349498.61628,2000-04-30T07:11:28.717,15010.42880
121.11500,1.07356,-1227.55931,395177.51552,3386130.65618,1.12964,0.01298,10392181.09746,2000-04-30T19:03:02.906,15018.70898
121.12499,1.24841,-1239.33683,395301.82009,3386065.60483,1.13422,0.01252,10430017.61685,2000-05-01T05:33:26.502,15029.41286
121.13498,1.24023,-1240.73953,395231.80654,3386137.04919,1.13421,0.01372,10346133.41442,2000-04-30T06:15:24.550,15008.03876
121.14499,1.28464,-1231.76173,395261.73661,3386108.25753,1.13396,0.01289,10432471.34885,2000-05-01T06:14:29.173,15026.66746
121.15500,1.06978,-1228.33412,395123.10307,3386154.43059,1.13085,0.01325,10431471.43288,2000-05-01T05:57:48.924,15025.98651
121.16501,0.87165,-1210.54922,395066.94045,3386151.35953,1.13465,0.01288,10413381.38606,2000-05-01T00:56:15.022,15023.03512
121.17500,0.97879,-1215.86866,395088.34039,3386148.51967,1.13338,0.01294,10327426.01008,2000-04-30T01:03:31.487,15008.91304
121.18501,1.13540,-1224.79156,395180.93039,3386129.04629,1.12488,0.01361,10398497.23996,2000-04-30T20:48:10.681,15018.37518
121.19500,1.35649,-1227.52635,395226.48828,3386136.92062,1.12321,0.01352,10342019.12552,2000-04-30T05:06:44.923,15012.10236
121.20499,0.89646,-1202.31909,395071.93182,3386119.13699,1.12320,0.01289,10316854.58258,2000-04-29T22:07:23.664,15007.82477
121.21499,1.14985,-1224.80287,395175.04708,3386140.75461,1.12644,0.01243,10440069.16099,2000-05-01T08:20:58.532,15028.05268
121.22497,1.12532,-1213.80248,395195.52490,3386105.36826,1.12835,0.01331,10426936.56680,2000-05-01T04:42:03.195,15026.84664
121.23499,1.15229,-1214.36420,395143.58432,3386138.95060,1.12266,0.01310,10351102.95345,2000-04-30T07:38:13.957,15009.43359
121.24497,1.13260,-1205.37947,395187.26231,3386122.75581,1.12001,0.01242,10408782.86472,2000-04-30T23:39:38.302,15022.22862
121.25497,0.86273,-1201.80251,395070.04029,3386120.90915,1.11906,0.01327,10445756.42249,2000-05-01T09:55:46.245,15028.37738
121.26501,0.83678,-1196.25453,395034.06234,3386150.16353,1.11919,0.01346,10371732.76022,2000-04-30T13:22:09.965,15014.29713
121.27500,1.12563,-1210.54635,395127.10131,3386147.33184,1.11835,0.01201,10350316.58550,2000-04-30T07:25:09.784,15014.32915
121.28499,0.87360,-1206.36681,395087.60651,3386107.05383,1.12300,0.01312,10430108.03478,2000-05-01T05:35:02.157,15021.42736
121.29500,0.82350,-1198.00738,395028.75654,3386138.82246,1.12321,0.01334,10307186.91455,2000-04-29T19:26:23.714,15007.22875
121.30499,1.36069,-1230.40587,395260.92407,3386146.40737,1.12337,0.01433,10314151.18681,2000-04-29T21:22:07.537,15010.46773
121.31497,1.25859,-1207.39219,395249.20777,3386069.76572,1.12646,0.01663,10421162.50108,2000-05-01T03:05:56.600,15025.19720
121.32500,0.90127,-1207.79905,395096.17252,3386097.40673,1.12478,0.01788,10232471.34792,2000-04-28T22:41:00.114,14997.63259
121.33500,0.86567,-1207.51241,395041.27804,3386138.44616,1.12711,0.01796,10311158.21794,2000-04-29T20:32:33.720,15005.29261
121.34501,0.99373,-1209.69437,395089.11444,3386155.01886,1.12097,0.01623,10348106.29054,2000-04-30T06:48:23.620,15013.47987
121.35500,0.88370,-1195.37840,395074.86437,3386119.76655,1.12149,0.01571,10370833.83257,2000-04-30T13:07:05.417,15017.92282
121.36500,1.33375,-1217.85375,395280.87582,3386087.47074,1.11977,0.01628,10298945.46316,2000-04-29T17:09:00.165,15003.57343
121.37500,1.14908,-1214.75316,395145.74115,3386157.81612,1.12083,0.01470,10314383.55507,2000-04-29T21:26:16.865,15008.90677
121.38500,0.71089,-1194.01472,395012.03201,3386117.79402,1.12083,0.01439,10297778.63492,2000-04-29T16:49:29.496,15006.58710
121.39500,0.83794,-1192.14050,395030.79725,3386117.90789,1.12513,0.01673,10466686.00319,2000-05-01T15:44:47.582,15028.52506
121.40498,0.92089,-1198.89983,395052.68238,3386137.97429,1.11904,0.01278,10373714.15667,2000-04-30T13:55:05.198,15015.27547
121.41500,1.01635,-1201.47519,395148.05470,3386089.05753,1.12313,0.01348,10348604.33351,2000-04-30T06:56:37.021,15014.36507
121.42501,1.15234,-1213.01104,395157.02633,3386123.60235,1.12131,0.01209,10292046.77171,2000-04-29T15:14:00.758,15003.45691
121.43502,0.55452,-1185.02411,394924.02141,3386138.30708,1.11266,0.01223,10398605.24108,2000-04-30T20:50:04.627,15017.94079
121.44502,0.88991,-1201.42914,395027.26352,3386153.72855,1.12187,0.01337,10267906.29044,2000-04-29T08:31:44.925,14998.86217
121.45498,0.92403,-1200.21591,395041.70098,3386150.81121,1.12727,0.01311,10504293.48289,2000-05-02T02:11:23.393,15039.48988
121.46501,1.12228,-1203.61694,395161.59128,3386119.40788,1.13112,0.01255,10461373.08885,2000-05-01T14:16:02.762,15029.60796
121.47498,0.95000,-1205.81806,395084.66910,3386143.44744,1.12618,0.01367,10579432.47507,2000-05-02T23:03:50.611,15045.96852
121.48500,0.82093,-1191.22860,395043.91464,3386130.08495,1.12613,0.01232,10364052.76255,2000-04-30T11:14:10.120,15014.80813
121.49501,0.76415,-1192.19209,394990.82386,3386152.99534,1.12505,0.01361,10409050.94290,2000-04-30T23:44:05.388,15021.87309
121.50500,0.92100,-1190.82319,395029.18382,3386178.06307,1.11832,0.01292,10508869.21558,2000-05-02T03:27:48.057,15034.74409
121.51500,0.90267,-1199.39912,395067.96392,3386137.11604,1.12081,0.01216,10432189.13981,2000-05-01T06:09:41.887,15023.27864
121.52500,1.02213,-1197.68702,395099.81029,3386142.71956,1.11901,0.01222,10468304.79918,2000-05-01T16:11:46.482,15031.80501
121.53499,0.99892,-1196.46915,395075.18616,3386161.49527,1.12287,0.01337,10478512.86482,2000-05-01T19:01:49.690,15032.69239
121.54502,1.02455,-1192.73449,395098.37455,3386154.83919,1.11479,0.01184,10515594.24488,2000-05-02T05:19:44.227,15036.25242
121.55500,0.93743,-1193.35008,395024.08445,3386211.45274,1.11717,0.01351,10677537.73642,2000-05-04T02:19:02.232,15063.20912
121.56496,0.96658,-1188.09858,395072.87864,3386158.31066,1.11849,0.01236,10411211.36501,2000-05-01T00:20:08.169,15020.58672
121.57499,0.83163,-1182.54308,395054.09979,3386121.76704,1.11774,0.01299,10573735.15757,2000-05-02T21:28:52.678,15046.33409
121.58500,0.79359,-1177.89464,395028.04464,3386144.68515,1.12487,0.01146,10547249.73044,2000-05-02T14:07:22.129,15040.41668
121.59501,0.93551,-1193.73555,395066.68831,3386161.87095,1.12312,0.01309,10458248.82732,2000-05-01T13:24:06.106,15025.18545
121.60499,0.90946,-1197.32102,395086.23687,3386154.58322,1.12141,0.01319,10459618.68838,2000-05-01T13:46:53.311,15026.50469
121.61501,0.99195,-1204.71617,395111.88339,3386148.72242,1.12293,0.01259,10549539.85448,2000-05-02T14:45:37.957,15041.29028
121.62500,1.39155,-1220.47647,395269.14280,3386147.86500,1.12024,0.01261,10429328.78815,2000-05-01T05:22:03.198,15023.04529
121.63501,1.00356,-1198.81805,395153.45134,3386123.16795,1.11597,0.01325,10431355.69611,2000-05-01T05:55:40.360,15029.46007
121.64499,0.82165,-1190.42782,395050.50619,3386150.49614,1.12594,0.01265,10625582.48762,2000-05-03T11:52:55.101,15049.02823
121.65501,1.17684,-1205.40514,395209.78074,3386139.37591,1.11928,0.01256,10598829.44660,2000-05-03T04:27:03.163,15047.53405
121.66501,0.99413,-1193.78791,395146.95782,3386099.56701,1.11729,0.01232,10439698.30263,2000-05-01T08:14:50.390,15026.48596
121.67501,0.68319,-1189.65110,394998.24716,3386153.74133,1.11360,0.01295,10534658.29967,2000-05-02T10:37:33.176,15038.66453
121.68501,1.19204,-1212.20729,395193.67722,3386153.14724,1.11704,0.01295,10501496.73733,2000-05-02T01:24:50.525,15035.45949
121.69499,0.88586,-1193.70135,395071.14036,3386154.07029,1.11177,0.01260,10469084.59867,2000-05-01T16:24:33.762,15028.79338
121.70502,1.08988,-1201.55650,395207.27993,3386092.30343,1.11646,0.01273,10440775.71337,2000-05-01T08:32:50.571,15025.65840
121.71501,0.78205,-1189.97487,394998.94644,3386178.35816,1.10972,0.01344,10430451.74237,2000-05-01T05:40:39.459,15024.83275
121.72500,1.18530,-1207.91113,395232.39721,3386114.75364,1.11492,0.01220,10579907.92010,2000-05-02T23:11:45.329,15047.78302
121.73500,0.95584,-1208.17897,395116.74105,3386135.43281,1.11571,0.01349,10482704.48494,2000-05-01T20:11:36.059,15033.78788
121.74501,1.05456,-1207.60033,395165.07457,3386117.60398,1.12126,0.01202,10516211.10056,2000-05-02T05:29:56.713,15034.33575
121.75498,1.12134,-1216.25162,395182.07498,3386131.99424,1.12777,0.01221,10461427.25587,2000-05-01T14:16:55.885,15028.97835
121.76501,0.83332,-1200.33344,395109.82774,3386091.65864,1.12876,0.01305,10536930.33138,2000-05-02T11:15:27.520,15039.09436
121.77501,0.81996,-1200.26015,395082.69421,3386095.27303,1.12933,0.01191,10400970.22149,2000-04-30T21:29:18.371,15019.36670
121.78499,1.11841,-1205.10469,395194.01803,3386133.97005,1.12747,0.01317,10504355.10669,2000-05-02T02:12:38.631,15036.00950
121.79500,0.80774,-1193.62229,395046.89484,3386138.19319,1.12669,0.01331,10351804.92829,2000-04-30T07:49:59.920,15014.80076
121.80499,1.03628,-1193.92822,395192.82339,3386090.88902,1.12897,0.01325,10445312.61902,2000-05-01T09:48:23.837,15025.49089
121.81499,1.02370,-1195.28711,395148.61807,3386126.48121,1.12551,0.01326,10422899.19844,2000-05-01T03:34:49.441,15024.74694
121.82500,1.12947,-1198.12040,395165.58684,3386140.82852,1.12505,0.01316,10357390.00592,2000-04-30T09:22:56.446,15011.83342
121.83497,1.11493,-1207.34502,395229.00834,3386088.39686,1.12346,0.01318,10344882.05788,2000-04-30T05:54:30.170,15012.35081
121.84498,0.77136,-1203.02053,395068.85159,3386109.40546,1.12813,0.01328,10388974.64355,2000-04-30T18:09:30.470,15013.78016
121.85500,0.72859,-1203.64167,395071.84124,3386091.36594,1.12629,0.01353,10479062.07386,2000-05-01T19:10:49.847,15032.95977
121.86499,0.85214,-1221.35172,395134.38425,3386106.30449,1.12326,0.01382,10494319.91434,2000-05-01T23:25:16.379,15029.69327
121.87501,1.41731,-1236.74763,395352.50648,3386086.33028,1.12441,0.01237,10328053.62262,2000-04-30T01:13:58.095,15009.18207
121.88500,0.90953,-1207.83431,395128.39311,3386106.75562,1.12882,0.01718,10328226.14875,2000-04-30T01:16:59.498,15010.69142
121.89500,0.84847,-1205.84667,395121.62150,3386089.24353,1.13161,0.01883,10409941.29572,2000-04-30T23:58:51.535,15020.64313
121.90500,1.20864,-1222.39712,395234.96222,3386106.64574,1.12333,0.01713,10396136.21104,2000-04-30T20:08:36.231,15021.12746
121.91499,1.07822,-1220.47369,395201.10321,3386132.66407,1.12025,0.01712,10366884.35669,2000-04-30T12:01:16.516,15012.32126
121.92499,1.11567,-1215.05790,395220.89896,3386104.90660,1.11507,0.01834,10498723.11052,2000-05-02T00:38:34.695,15035.27271
121.93501,0.61835,-1197.95398,394988.50307,3386160.93472,1.11363,0.01620,10479484.66130,2000-05-01T19:17:53.698,15029.17358
121.94499,1.10661,-1198.77527,395238.13264,3386089.02602,1.11499,0.01620,10526270.81832,2000-05-02T08:17:50.894,15034.81760
121.95503,0.61687,-1181.57689,394994.80141,3386143.27076,1.11554,0.01558,10433691.50822,2000-05-01T06:34:40.539,15024.40547
121.96500,1.17734,-1205.84257,395238.79845,3386134.84372,1.11649,0.01491,10502569.08194,2000-05-02T01:42:49.054,15035.28187
121.97500,1.21221,-1209.20431,395248.96381,3386108.95605,1.11888,0.01557,10442529.09179,2000-05-01T09:01:58.521,15026.28906
121.98499,1.14733,-1216.42654,395226.47113,3386110.64685,1.11564,0.01644,10364461.24359,2000-04-30T11:20:54.164,15018.94539
121.99501,0.54922,-1189.68999,394979.63282,3386124.66250,1.11698,0.01527,10396756.97726,2000-04-30T20:19:15.260,15013.34996
122.00499,0.94058,-1207.63302,395156.17093,3386111.88083,1.10980,0.01508,10362904.59437,2000-04-30T10:54:52.838,15020.07644
122.01500,1.03483,-1207.98143,395175.33477,3386114.39019,1.10810,0.01620,10412048.24279,2000-05-01T00:34:06.064,15020.31207
122.02498,1.14910,-1220.46386,395257.67260,3386094.45256,1.11111,0.01505,10399988.33469,2000-04-30T21:13:02.005,15019.66378
122.03500,1.25843,-1220.34505,395312.15296,3386064.58084,1.11417,0.01528,10314404.67473,2000-04-29T21:26:32.345,15007.49092
122.04499,0.76571,-1201.00244,395068.58358,3386124.26160,1.11357,0.01455,10426244.88765,2000-05-01T04:30:42.315,15022.50250
122.05499,0.86633,-1210.18300,395128.58308,3386104.58350,1.11178,0.01498,10390367.60709,2000-04-30T18:32:45.653,15015.34773
122.06499,1.11045,-1220.16144,395265.63081,3386069.43941,1.12431,0.01490,10443713.24238,2000-05-01T09:21:47.162,15025.95505
122.07500,0.89063,-1216.67211,395163.82745,3386069.34171,1.11805,0.01559,10280669.58610,2000-04-29T12:04:18.927,15004.17818
122.08501,0.96657,-1217.42440,395151.76790,3386120.74734,1.11867,0.01850,10444163.29018,2000-05-01T09:29:07.563,15028.28592
122.09501,1.08377,-1222.31854,395219.75609,3386080.47225,1.12124,0.01854,10337283.88362,2000-04-30T03:47:58.155,15007.13924
122.10501,0.96455,-1220.27660,395164.28319,3386086.92543,1.11575,0.01755,10315094.56627,2000-04-29T21:38:07.200,15008.41842
122.11502,0.62211,-1196.67733,395014.38612,3386113.20668,1.11461,0.01581,10370031.53204,2000-04-30T12:53:51.493,15015.03247
122.12500,1.16728,-1229.15078,395240.72454,3386089.90553,1.11594,0.01518,10318604.51467,2000-04-29T22:36:39.159,15006.56920
122.13500,1.03213,-1221.08199,395223.95732,3386080.75768,1.11121,0.01700,10342638.10424,2000-04-30T05:17:17.510,15008.23486
122.14500,0.82086,-1214.95433,395158.11835,3386057.73029,1.11502,0.01835,10269933.02076,2000-04-29T09:05:26.876,15000.30067
122.15501,0.65680,-1198.32144,395066.68013,3386085.97224,1.11224,0.01834,10420590.66625,2000-05-01T02:56:32.212,15023.88818
122.16500,0.84711,-1212.77390,395107.76384,3386143.00838,1.11879,0.01598,10321391.92558,2000-04-29T23:23:07.392,15011.42964
122.17498,0.80655,-1210.89821,395163.00529,3386071.17033,1.12240,0.01549,10243871.78260,2000-04-29T01:51:10.343,14993.84164
122.18499,0.97181,-1220.52909,395164.45734,3386080.87431,1.10513,0.01576,10257044.18808,2000-04-29T05:30:34.276,14999.07814
122.19499,0.98221,-1216.29620,395154.53382,3386087.27829,1.10564,0.01504,10506002.81956,2000-05-02T02:40:06.473,15036.32506
122.20500,0.78288,-1209.68945,395113.23338,3386065.93856,1.10843,0.01555,10287415.06601,2000-04-29T13:56:51.489,15004.07883
122.21500,1.01806,-1224.84668,395220.08224,3386033.22079,1.11402,0.01385,10343862.30309,2000-04-30T05:37:32.602,15010.58844
122.22501,0.98769,-1228.82396,395182.32211,3386094.31474,1.11279,0.01418,10238250.79672,2000-04-29T00:17:28.652,14995.00473
122.23502,1.07299,-1230.76776,395226.34202,3386068.27378,1.11851,0.01283,10478695.01001,2000-05-01T19:04:58.391,15026.75220
122.24501,0.84232,-1216.60963,395157.72727,3386062.76433,1.12054,0.01301,10447748.37126,2000-05-01T10:29:02.235,15031.34747
122.25501,0.85945,-1225.79759,395141.23742,3386065.46109,1.12489,0.01250,10352811.65420,2000-04-30T08:06:59.580,15010.61312
122.26500,0.99532,-1228.33500,395125.86728,3386116.43576,1.12205,0.01305,10377128.57199,2000-04-30T14:52:06.160,15016.52100
122.27501,0.84786,-1217.56875,395126.00897,3386062.48495,1.10974,0.01370,10364409.73617,2000-04-30T11:20:07.358,15013.28127
122.28499,0.85908,-1210.41240,395061.48806,3386118.73638,1.11921,0.01472,10411574.26135,2000-05-01T00:26:13.638,15021.06147
122.29500,1.07198,-1213.69312,395172.74614,3386113.31903,1.12219,0.01465,10390808.10118,2000-04-30T18:40:08.875,15016.19633
122.30499,1.07242,-1205.95138,395212.86473,3386079.95206,1.12145,0.01466,10441858.91177,2000-05-01T08:50:55.324,15022.33038
122.31502,0.87711,-1213.53981,395140.88177,3386083.48227,1.11138,0.01409,10357193.85200,2000-04-30T09:19:51.293,15015.07682
122.32503,0.93029,-1214.31335,395118.30077,3386094.61637,1.10740,0.01521,10281281.25291,2000-04-29T12:14:49.728,15002.03381
122.33499,0.64975,-1205.59656,395017.15126,3386079.10886,1.10353,0.01451,10339148.78123,2000-04-30T04:19:08.308,15014.07323
122.34500,0.73436,-1208.40764,395059.33287,3386081.09303,1.10639,0.01554,10241847.90202,2000-04-29T01:17:22.275,14993.65751
122.35500,1.06883,-1220.46134,395180.80227,3386063.90777,1.10999,0.01594,10331445.43144,2000-04-30T02:10:42.605,15011.14718
122.36500,0.70696,-1203.38926,395034.22277,3386094.58356,1.10729,0.01513,10374558.24671,2000-04-30T14:09:17.384,15014.48732
122.37499,1.06747,-1222.67096,395203.96125,3386066.90746,1.10913,0.01484,10356010.46068,2000-04-30T09:00:04.191,15013.18828
122.38500,0.96728,-1213.68197,395164.28617,3386065.41352,1.11738,0.01574,10330698.70930,2000-04-30T01:58:15.762,15009.61968
122.39499,0.94943,-1213.00429,395148.43383,3386082.62331,1.11517,0.01584,10372957.22318,2000-04-30T13:42:34.622,15013.75208
122.40502,0.63371,-1197.95267,394995.86491,3386093.81663,1.11313,0.01502,10369048.83335,2000-04-30T12:37:17.225,15014.87939
122.41501,0.69808,-1208.90800,395073.68211,3386100.78708,1.11137,0.01477,10504807.21349,2000-05-02T02:20:02.910,15036.38251
122.42501,0.95521,-1218.59590,395200.22932,3386031.05354,1.11084,0.01520,10372296.89986,2000-04-30T13:31:22.772,15014.35370
122.43500,0.69382,-1207.05157,395057.16508,3386091.47148,1.11550,0.01613,10394335.21205,2000-04-30T19:38:49.603,15015.76475
122.44500,1.00795,-1216.50412,395194.62333,3386064.33956,1.10960,0.01454,10398958.02151,2000-04-30T20:55:51.014,15018.20147
122.45501,0.43933,-1192.81227,394988.10320,3386100.73673,1.10995,0.01523,10302821.88915,2000-04-29T18:13:29.558,15005.41490
122.46502,0.82345,-1205.33036,395174.28808,3386111.84409,1.11813,0.01608,10342802.74198,2000-04-30T05:19:53.136,15011.47482
122.47500,1.25817,-1225.85951,395320.64632,3386051.99652,1.11484,0.01647,10308798.08488,2000-04-29T19:53:10.610,15005.86183
122.48500,0.87391,-1215.79200,395152.69090,3386085.96813,1.11159,0.01715,10377869.94924,2000-04-30T15:04:30.956,15017.42987
122.49502,0.98767,-1213.28556,395181.83699,3386069.80743,1.12153,0.01708,10384833.63044,2000-04-30T17:00:28.114,15015.11167
122.50502,0.57895,-1196.59601,394955.28277,3386125.90307,1.12169,0.01780,10313650.78584,2000-04-29T21:14:16.655,15006.05898
122.51498,0.83592,-1210.78335,395079.04368,3386097.81130,1.11994,0.01797,10402262.49905,2000-04-30T21:50:53.837,15023.66380
122.52499,0.95793,-1215.07967,395177.01531,3386077.22082,1.11819,0.01735,10382800.66563,2000-04-30T16:26:31.079,15015.02407
122.53499,1.25419,-1228.12908,395280.19836,3386088.46171,1.11988,0.01725,10394828.12052,2000-04-30T19:47:09.409,15018.61255
122.54498,0.51659,-1199.66264,394998.97511,3386096.44719,1.11974,0.01729,10391324.94516,2000-04-30T18:48:40.392,15018.86327
122.55501,0.93074,-1216.01348,395136.46774,3386085.05679,1.12199,0.01739,10361819.73770,2000-04-30T10:36:55.143,15012.14664
122.56501,0.84962,-1206.30503,395101.36226,3386102.92873,1.11843,0.01781,10419096.86904,2000-05-01T02:31:29.446,15020.89071
122.57501,1.14613,-1220.25367,395229.54327,3386089.37931,1.11857,0.01745,10309601.01472,2000-04-29T20:06:39.518,15007.73628
122.58500,0.88399,-1213.89844,395120.97795,3386096.36898,1.12109,0.01770,10451372.01659,2000-05-01T11:29:25.350,15028.40140
122.59499,0.61464,-1198.52275,395035.95927,3386098.79838,1.11601,0.01685,10440088.63595,2000-05-01T08:21:29.357,15021.62091
122.60500,1.08980,-1208.02842,395221.15717,3386107.77213,1.11522,0.01822,10416630.03778,2000-05-01T01:50:26.641,15019.45765
122.61500,0.85129,-1193.06022,395106.56714,3386115.50732,1.11436,0.01912,10391782.98762,2000-04-30T18:56:15.480,15020.94384
122.62500,0.72589,-1190.20757,395118.44017,3386084.09587,1.11767,0.02000,10384863.05563,2000-04-30T17:01:04.352,15016.40036
122.63500,0.91956,-1201.68490,395158.55681,3386094.09952,1.12027,0.02011,10318630.58853,2000-04-29T22:36:54.082,15006.27573
122.64501,0.93804,-1203.42028,395154.39123,3386101.39845,1.11810,0.02048,10390719.87302,2000-04-30T18:38:36.889,15015.06386
122.65500,0.98400,-1202.08529,395178.14488,3386092.73241,1.11514,0.02121,10374390.39195,2000-04-30T14:06:20.988,15015.53858
122.66501,0.71033,-1191.51225,395051.88204,3386115.59815,1.12277,0.02181,10431959.74719,2000-05-01T06:05:56.965,15022.18658
122.67501,1.15134,-1205.67778,395231.63002,3386087.80944,1.12224,0.02480,10397209.39897,2000-04-30T20:26:40.762,15018.04005
122.68500,1.03800,-1195.74600,395161.59019,3386111.99745,1.12215,0.02072,10372834.35756,2000-04-30T13:40:34.529,15017.05603
122.69500,0.77680,-1183.46106,395038.55965,3386132.85224,1.11932,0.01913,10264511.57619,2000-04-29T07:34:56.636,14999.50677
122.70499,1.16445,-1194.61583,395241.12327,3386112.71538,1.11366,0.01882,10383167.56492,2000-04-30T16:32:45.895,15017.21102
122.71500,1.01519,-1189.76805,395163.74956,3386091.82644,1.11076,0.01802,10396112.41362,2000-04-30T20:08:34.900,15021.33888
122.72501,0.78359,-1173.77441,395085.83488,3386096.00222,1.11751,0.01494,10322534.86902,2000-04-29T23:42:04.267,15004.50792
122.73500,0.76869,-1187.61418,395115.21826,3386115.53067,1.11805,0.01436,10304708.17375,2000-04-29T18:45:00.291,15002.37577
122.74501,0.94615,-1183.79301,395156.78871,3386106.89014,1.11585,0.01466,10369760.42171,2000-04-30T12:49:20.028,15014.61992
122.75500,0.67295,-1167.67638,395017.24438,3386140.93879,1.11794,0.01516,10362227.91721,2000-04-30T10:43:35.793,15013.34996
122.76499,0.42714,-1148.83806,394940.22908,3386132.79306,1.11168,0.01433,10428446.56764,2000-05-01T05:07:13.412,15025.07245
122.77500,1.16559,-1185.66892,395236.25050,3386105.27385,1.12145,0.01467,10260043.48846,2000-04-29T06:20:34.425,14996.02976
122.78501,0.75885,-1165.19704,395085.19321,3386105.74599,1.12065,0.01465,10369949.51605,2000-04-30T12:52:19.451,15016.65404
122.79501,0.79203,-1163.83244,395030.44435,3386167.75951,1.11993,0.01761,10261524.77792,2000-04-29T06:45:14.047,15000.69017
122.80500,1.02552,-1175.52592,395160.22219,3386138.55636,1.12095,0.01706,10307604.07889,2000-04-29T19:33:13.149,15003.32585
122.81500,0.98075,-1176.85041,395166.83820,3386102.96799,1.11742,0.01733,10274269.45734,2000-04-29T10:17:39.411,15001.63364
122.82500,0.32245,-1152.12611,394847.32803,3386161.07914,1.11905,0.01724,10437583.45685,2000-05-01T07:39:35.348,15022.72130
122.83500,1.25352,-1191.14474,395236.48498,3386129.28718,1.12426,0.01476,10370860.02550,2000-04-30T13:07:25.019,15019.36487
122.84500,0.61128,-1164.05151,394975.68361,3386144.93034,1.12385,0.01488,10352190.13557,2000-04-30T07:56:20.798,15013.10415
122.85501,0.72350,-1169.06092,395019.90460,3386150.32363,1.12199,0.01511,10380144.21729,2000-04-30T15:42:09.043,15018.73923
122.86500,1.03622,-1178.32618,395215.93508,3386112.91416,1.13026,0.01614,10333710.19334,2000-04-30T02:48:16.113,15009.40229
122.87501,0.46535,-1162.16097,394955.23485,3386142.76843,1.12318,0.01429,10357686.16728,2000-04-30T09:27:55.729,15014.36824
122.88501,0.97234,-1179.54418,395156.76896,3386111.45384,1.12531,0.01534,10321157.89563,2000-04-29T23:18:58.803,15007.95901
122.89500,0.58816,-1172.23137,395004.01105,3386159.86464,1.12942,0.01514,10296986.45962,2000-04-29T16:36:11.449,15003.76603
122.90498,0.98566,-1175.52683,395151.79669,3386114.96760,1.11786,0.01557,10375322.37361,2000-04-30T14:21:53.288,15019.83304
122.91499,0.81485,-1172.91293,395095.09249,3386088.79903,1.11344,0.01464,10357973.38939,2000-04-30T09:32:40.918,15017.01284
122.92499,0.69527,-1172.82733,395041.95306,3386126.99060,1.12353,0.01551,10197949.83847,2000-04-28T13:05:43.144,14985.69199
122.93501,0.87943,-1176.86541,395127.56074,3386082.60193,1.13164,0.01592,10364866.46131,2000-04-30T11:27:27.585,15015.31744
122.94501,0.26975,-1148.75727,394843.64062,3386170.43265,1.12542,0.01527,10461904.12354,2000-05-01T14:24:56.865,15027.55387
122.95500,0.97222,-1159.36823,395146.26530,3386113.48418,1.13247,0.01618,10428590.90914,2000-05-01T05:09:37.516,15025.58092
122.96500,0.62491,-1144.26851,394953.83811,3386155.23008,1.13131,0.01796,10374314.24512,2000-04-30T14:05:04.596,15015.09257
122.97501,1.03926,-1166.40972,395179.93018,3386124.80997,1.13635,0.01736,10395749.50652,2000-04-30T20:02:19.959,15015.28664
122.98500,0.73454,-1156.90262,395036.55386,3386136.19134,1.13258,0.01740,10366893.06022,2000-04-30T12:01:22.482,15017.15728
122.99500,0.69680,-1152.17622,395032.76982,3386138.76321,1.13258,0.01726,10378192.60511,2000-04-30T15:09:40.877,15016.68998
123.00498,1.11134,-1169.36545,395210.98318,3386116.01172,1.12511,0.01462,10324041.55277,2000-04-30T00:07:11.313,15011.43269
123.01499,0.76809,-1153.54513,395063.56273,3386119.52918,1.12937,0.01437,10346962.15435,2000-04-30T06:29:21.506,15010.18969
123.02500,1.08057,-1164.46206,395171.52230,3386136.19383,1.13636,0.01424,10242532.69489,2000-04-29T01:28:42.016,15001.62803
123.03500,0.54410,-1141.32692,394943.22905,3386154.34275,1.13519,0.01455,10340858.44340,2000-04-30T04:47:32.278,15005.88785
123.04500,0.90925,-1160.47475,395126.42432,3386121.06795,1.12802,0.01579,10416070.85709,2000-05-01T01:41:15.201,15019.19708
123.05501,0.90376,-1152.99096,395092.54831,3386131.12753,1.13664,0.01642,10313522.83540,2000-04-29T21:11:53.065,15005.50980
123.06500,1.15679,-1170.90412,395231.75280,3386131.60973,1.13262,0.01823,10336142.53322,2000-04-30T03:28:54.851,15011.49316
123.07501,0.57246,-1154.66364,394962.66498,3386147.43132,1.12420,0.01619,10306489.05088,2000-04-29T19:14:43.718,15003.44753
123.08500,0.67638,-1164.93472,395021.40036,3386123.34595,1.12174,0.01667,10272276.22399,2000-04-29T09:44:34.000,14998.59403
123.09500,0.76139,-1175.41927,395066.70357,3386123.80406,1.12660,0.01545,10366735.46484,2000-04-30T11:58:48.846,15013.59351
123.10501,1.03741,-1182.95796,395157.43350,3386104.79146,1.12680,0.01590,10185772.65156,2000-04-28T09:42:47.575,14984.36704
123.11500,0.79949,-1173.83706,395084.67381,3386104.01526,1.12955,0.01727,10303280.99579,2000-04-29T18:21:13.823,15003.14633
123.12499,0.65649,-1164.85354,395019.15744,3386108.88779,1.12777,0.01643,10254227.43370,2000-04-29T04:43:31.603,14996.62122
123.13499,0.77085,-1165.76946,395085.78308,3386078.79697,1.12793,0.01758,10429374.03180,2000-05-01T05:22:50.804,15024.46442
123.14500,0.63448,-1174.55368,395023.45870,3386099.19786,1.12317,0.01733,10183866.45518,2000-04-28T09:10:51.468,14986.21139
123.15501,1.01860,-1189.94482,395220.74339,3386043.09731,1.12572,0.01760,10391970.20926,2000-04-30T18:59:27.717,15015.88374
123.16500,0.48948,-1172.64971,395016.91297,3386083.22163,1.13045,0.01645,10380290.85229,2000-04-30T15:44:36.380,15017.37545
123.17500,0.77267,-1180.75404,395095.88781,3386077.77749,1.12681,0.01729,10148473.00750,2000-04-27T23:20:58.705,14981.43930
123.18500,0.97649,-1187.45076,395172.69064,3386071.04623,1.12856,0.01707,10274661.17023,2000-04-29T10:24:04.042,15005.18358
123.19501,1.22825,-1195.39407,395372.26734,3386042.56209,1.12992,0.01655,10293508.53352,2000-04-29T15:38:15.835,15002.10609
123.20500,0.86018,-1179.12133,395193.04096,3386034.65579,1.13262,0.01676,10321845.58143,2000-04-29T23:30:30.948,15005.72184
123.21502,0.84975,-1178.97483,395117.93526,3386123.90528,1.13104,0.01720,10329317.90793,2000-04-30T01:35:04.807,15011.53270
123.22501,0.72329,-1166.41682,395062.72913,3386107.22862,1.12939,0.01605,10322446.40108,2000-04-29T23:40:47.757,15006.89801
123.23499,0.80932,-1172.87110,395117.39622,3386092.83418,1.12995,0.01722,10309400.06954,2000-04-29T20:03:07.937,15007.17831
123.24499,0.81185,-1183.54576,395119.06847,3386097.90862,1.13099,0.01569,10294323.72886,2000-04-29T15:51:55.439,15003.94105
123.25500,0.53566,-1161.37246,395045.77240,3386048.21411,1.13151,0.01767,10198147.56343,2000-04-28T13:08:58.468,14993.93278
123.26501,0.86539,-1185.38588,395137.08293,3386114.03954,1.13631,0.01609,10389200.69580,2000-04-30T18:13:17.132,15015.57904
123.27500,0.82903,-1178.28706,395141.93214,3386073.84988,1.12812,0.01720,10372622.63950,2000-04-30T13:37:00.953,15013.49680
123.28499,0.72370,-1167.52569,395076.81245,3386086.11272,1.12427,0.01732,10259365.92142,2000-04-29T06:09:14.429,15000.31910
123.29500,0.84647,-1170.74964,395136.44544,3386089.89536,1.12216,0.01663,10411118.67989,2000-05-01T00:18:35.287,15019.15535
123.30500,0.61851,-1159.89037,395025.11712,3386091.22553,1.12007,0.01647,10307824.20322,2000-04-29T19:36:54.780,15003.72469
123.31500,0.97214,-1177.60723,395178.67406,3386096.15973,1.11917,0.01800,10389163.21399,2000-04-30T18:12:41.750,15020.59156
123.32501,0.45259,-1152.87888,394983.73520,3386091.52253,1.12691,0.01759,10333079.85855,2000-04-30T02:37:53.523,15007.46839
123.33500,0.82505,-1182.35866,395088.95155,3386125.87016,1.13133,0.01555,10291691.28523,2000-04-29T15:08:07.525,15004.24427
123.34499,0.77060,-1171.42040,395096.74484,3386103.37186,1.12845,0.01566,10313250.58950,2000-04-29T21:07:23.954,15004.77359
123.35501,0.45748,-1168.94188,394988.16877,3386099.50480,1.11980,0.01787,10397221.90329,2000-04-30T20:26:58.949,15018.68575
123.36501,0.73011,-1166.68511,395055.18059,3386124.84743,1.12186,0.01730,10444164.77892,2000-05-01T09:29:01.243,15028.65093
123.37499,0.83922,-1166.50588,395131.38871,3386079.32427,1.12596,0.01811,10286792.16722,2000-04-29T13:46:28.144,14999.42928
123.38501,0.74134,-1174.01401,395096.44225,3386111.46252,1.12015,0.01753,10259199.76366,2000-04-29T06:06:29.592,15000.61159
123.39499,0.68231,-1170.54190,395017.12987,3386126.19642,1.12112,0.01784,10265634.49287,2000-04-29T07:53:42.576,15000.83545
123.40500,0.75027,-1178.73356,395110.76680,3386088.50233,1.11704,0.01726,10414137.04902,2000-05-01T01:08:46.079,15024.12962
123.41501,0.94725,-1183.98466,395159.05341,3386100.44892,1.12382,0.01483,10251533.64030,2000-04-29T03:58:41.828,14997.97522
123.42498,0.56633,-1170.55415,395048.77162,3386086.89960,1.12414,0.01366,10416206.42362,2000-05-01T01:43:20.762,15020.96076
123.43499,0.78679,-1180.04235,395102.46992,3386107.53094,1.12044,0.01514,10346286.62594,2000-04-30T06:17:53.910,15010.27422
123.44499,0.57511,-1160.04454,394993.85617,3386145.36283,1.12186,0.01424,10295020.24013,2000-04-29T16:03:35.039,15001.47675
123.45501,0.74387,-1167.07182,395087.85426,3386108.07727,1.12030,0.01472,10370197.59661,2000-04-30T12:56:23.301,15019.08710
123.46501,0.59444,-1170.12940,395038.92875,3386122.99469,1.11796,0.01567,10361207.42570,2000-04-30T10:26:33.019,15010.45582
123.47500,0.93741,-1173.72918,395178.34677,3386084.31412,1.12039,0.01386,10404087.89149,2000-04-30T22:21:23.048,15019.06289
123.48500,0.61683,-1167.15001,395051.55013,3386111.18987,1.12011,0.01924,10270116.26092,2000-04-29T09:08:20.481,14998.05593
123.49499,1.14371,-1195.82882,395320.01847,3386077.33531,1.12180,0.01610,10368715.00560,2000-04-30T12:31:42.919,15012.03467
123.50499,0.92143,-1183.75427,395166.99338,3386099.82251,1.12140,0.01805,10268797.12581,2000-04-29T08:46:29.898,15001.64321
123.51501,0.83696,-1180.65449,395194.38365,3386059.37473,1.11725,0.01654,10384437.99416,2000-04-30T16:53:51.641,15019.40053
123.52500,0.39993,-1161.06583,394938.10314,3386136.83769,1.11885,0.01557,10281677.29869,2000-04-29T12:21:03.720,15003.16290
123.53499,0.50940,-1164.16560,395013.54039,3386116.04197,1.12272,0.01484,10285631.55689,2000-04-29T13:27:02.010,14999.75540
123.54500,0.43354,-1155.90547,394963.89690,3386115.46292,1.11803,0.01426,10303239.18405,2000-04-29T18:20:27.145,15005.97147
123.55500,0.66980,-1166.05218,395203.56398,3386042.10064,1.12775,0.01439,10293936.37324,2000-04-29T15:45:18.683,15004.52522
123.56500,0.37591,-1158.70562,395035.13979,3386105.67023,1.12000,0.01461,10308820.26194,2000-04-29T19:53:28.167,15012.37684
123.57498,0.59812,-1174.40347,395151.98734,3386086.16135,1.12720,0.01860,10211968.41852,2000-04-28T16:59:20.723,14990.01824
123.58498,0.94223,-1184.48817,395243.69621,3386087.75411,1.12056,0.01682,10293747.90715,2000-04-29T15:42:16.529,15001.45223
123.59501,0.68501,-1177.66123,395219.06966,3386071.51734,1.11948,0.01651,10353680.94164,2000-04-30T08:21:09.886,15012.74800
123.60502,0.41814,-1160.60666,395184.39197,3386062.16457,1.13210,0.01709,10250395.01852,2000-04-29T03:39:29.042,14997.87953
123.61500,0.31523,-1158.75608,395112.06446,3386135.32999,1.13183,0.01627,10388696.27313,2000-04-30T18:04:42.555,15016.45388
123.62500,0.42629,-1161.39650,395165.05809,3386110.05675,1.12819,0.01800,10320378.48317,2000-04-29T23:05:58.567,15008.75274
123.63502,0.85411,-1186.08709,395455.56680,3386099.49221,1.12317,0.01782,10395046.83775,2000-04-30T19:50:26.066,15018.31036
123.64500,0.42955,-1159.43206,395314.31342,3386083.94032,1.12265,0.01739,10417482.55390,2000-05-01T02:04:26.137,15020.89684
123.65502,0.84594,-1187.48733,395629.17521,3386103.25638,1.12613,0.01459,10481625.05077,2000-05-01T19:53:19.507,15029.34092
123.66499,0.30902,-1165.08501,395362.87098,3386163.06995,1.12866,0.01448,10446190.77351,2000-05-01T10:03:03.510,15030.24128
123.67500,1.35136,-1201.10166,395370.94940,3386065.11058,1.12520,0.01454,10373284.17844,2000-04-30T13:47:54.575,15014.49291
123.68500,0.36000,-1156.77184,394959.65255,3386092.47300,1.11776,0.01400,10283816.92654,2000-04-29T12:56:36.327,15001.84341
123.69499,0.75980,-1185.27494,395101.70177,3386113.39910,1.11976,0.01458,10350925.92907,2000-04-30T07:35:19.919,15010.55883
123.70500,0.41492,-1164.48731,395088.89676,3386077.68552,1.11560,0.01381,10315249.22021,2000-04-29T21:40:35.918,15006.84941
123.71500,0.78751,-1169.57603,395130.61961,3386050.25242,1.10986,0.01467,10320567.73637,2000-04-29T23:09:14.008,15008.88895
123.72502,0.72417,-1170.28268,395053.43482,3386093.80831,1.11298,0.01387,10360363.81076,2000-04-30T10:12:32.242,15016.27449
123.73501,0.67961,-1161.56701,395023.04726,3386106.21594,1.11009,0.01511,10302201.74337,2000-04-29T18:03:08.644,15001.23678
123.74501,0.90018,-1178.56117,395203.93911,3386096.55987,1.11526,0.01444,10357333.09600,2000-04-30T09:22:04.494,15016.18762
123.75499,0.77118,-1175.93579,395073.26829,3386095.17587,1.10590,0.01477,10419354.37644,2000-05-01T02:35:37.592,15022.18676
123.76500,1.12486,-1182.63552,395203.34580,3386082.52693,1.11689,0.01423,10305603.85934,2000-04-29T18:59:56.303,15006.56070
123.77500,0.65707,-1151.85851,395035.12051,3386074.28891,1.11328,0.01435,10336653.07508,2000-04-30T03:37:20.466,15005.45741
123.78500,0.50174,-1155.98939,394933.72059,3386125.94318,1.11775,0.01477,10400165.49281,2000-04-30T21:15:56.142,15021.94554
123.79499,1.00333,-1177.67441,395171.33479,3386075.26195,1.11259,0.01368,10277493.87874,2000-04-29T11:11:23.709,15002.12147
123.80500,0.94909,-1166.85532,395112.53370,3386071.28569,1.11757,0.01466,10347632.40678,2000-04-30T06:40:34.020,15013.02395
123.81499,0.70326,-1163.50111,395008.73363,3386084.74576,1.12246,0.01479,10428683.80124,2000-05-01T05:11:21.153,15018.85764
123.82500,0.95696,-1185.94747,395168.17933,3386072.28123,1.11789,0.01459,10403831.55322,2000-04-30T22:17:08.266,15018.44892
123.83500,0.52004,-1162.41091,394985.83122,3386096.82691,1.11917,0.01427,10391387.67280,2000-04-30T18:49:41.732,15018.89877
123.84499,0.70931,-1173.14397,395060.36734,3386054.54875,1.12471,0.01440,10280179.12692,2000-04-29T11:56:10.656,15003.05968
123.85501,0.79943,-1178.47941,395098.44440,3386055.93919,1.12714,0.01421,10355908.83547,2000-04-30T08:58:23.993,15010.86999
123.86502,0.76515,-1169.10482,395036.18565,3386063.24525,1.12221,0.01441,10363573.39811,2000-04-30T11:06:12.489,15016.74590
123.87501,0.87080,-1170.63614,395106.14314,3386051.47092,1.13182,0.01421,10427993.77094,2000-05-01T04:59:50.298,15025.06372
123.88501,0.80292,-1160.67298,395071.02451,3386096.65123,1.12345,0.01425,10292679.29620,2000-04-29T15:24:39.549,14998.56675
123.89498,0.63949,-1162.85837,395011.05519,3386094.38463,1.12340,0.01499,10292503.08631,2000-04-29T15:21:40.083,15004.43466
123.90500,0.55091,-1156.88667,394988.45438,3386089.25290,1.12492,0.01430,10360852.43102,2000-04-30T10:20:48.107,15011.69659
123.91501,0.80709,-1177.68893,395083.28886,3386087.57698,1.12065,0.01426,10321354.92549,2000-04-29T23:22:27.134,15010.56098
123.92498,1.03244,-1184.14707,395201.69473,3386059.59652,1.11877,0.01424,10332222.51154,2000-04-30T02:23:37.224,15007.27166
123.93499,0.44592,-1160.47898,394988.64025,3386061.46669,1.12113,0.01376,10308050.78265,2000-04-29T19:40:38.623,15008.26394
123.94501,0.89875,-1182.35898,395128.43376,3386072.18698,1.12233,0.01438,10419695.00765,2000-05-01T02:41:32.214,15020.96813
123.95502,0.61337,-1169.35364,395067.16934,3386086.16090,1.12519,0.01403,10275235.35330,2000-04-29T10:33:38.369,15000.90586
123.96500,0.40308,-1153.49633,395043.85377,3386067.05132,1.12522,0.01414,10323630.94664,2000-04-30T00:00:22.241,15008.80350
123.97500,0.95937,-1172.13194,395165.23968,3386039.00075,1.12013,0.01416,10274224.96648,2000-04-29T10:17:02.245,15001.09999
123.98500,0.84527,-1169.65361,395109.16969,3386079.28497,1.12034,0.01401,10175240.02925,2000-04-28T06:47:06.641,14989.37726
123.99501,1.12114,-1182.68251,395216.18623,3386088.59447,1.12469,0.01460,10344947.89289,2000-04-30T05:55:49.730,15011.08613
124.00499,0.89371,-1167.42658,395121.78020,3386076.17687,1.12287,0.01399,10368559.82088,2000-04-30T12:29:15.475,15013.42194
124.01503,0.32993,-1142.73799,394899.26038,3386083.61298,1.12490,0.01474,10258210.64989,2000-04-29T05:50:01.527,14999.08794
124.02499,0.83029,-1167.84207,395093.05452,3386086.73749,1.13016,0.01467,10335198.83526,2000-04-30T03:13:14.998,15009.15268
124.03500,0.95270,-1167.57311,395149.60969,3386083.01465,1.12441,0.01349,10347485.59239,2000-04-30T06:38:01.915,15012.63325
124.04500,1.06598,-1170.27998,395190.92097,3386064.19042,1.11471,0.01592,10319508.66400,2000-04-29T22:51:44.867,15004.39774
124.05501,1.05854,-1166.63741,395202.41378,3386065.48883,1.12432,0.01849,10400609.86118,2000-04-30T21:23:30.361,15022.37601
124.06498,0.75161,-1155.13144,395058.03345,3386078.82398,1.12492,0.01655,10347201.70044,2000-04-30T06:33:19.837,15010.57643
124.07500,0.81455,-1161.02913,395077.85627,3386102.77705,1.12237,0.01679,10201506.26493,2000-04-28T14:04:58.852,14994.05568
124.08500,0.62416,-1158.29892,395041.87517,3386091.49108,1.11980,0.01604,10308957.88050,2000-04-29T19:55:54.831,15005.97020
124.09500,0.93346,-1162.36311,395109.18586,3386104.64110,1.12122,0.01498,10193560.01285,2000-04-28T11:52:32.136,14988.98340
124.10500,0.99674,-1170.70277,395178.20433,3386059.75543,1.12473,0.01512,10182294.87841,2000-04-28T08:44:44.689,14988.17453
124.11501,1.01408,-1172.58088,395163.36062,3386095.03905,1.12590,0.01343,10320845.52796,2000-04-29T23:13:56.955,15008.91379
124.12499,0.58224,-1158.48583,394999.96133,3386103.34087,1.12977,0.01514,10318228.13548,2000-04-29T22:30:24.870,15008.78023
124.13500,0.65537,-1158.81714,395044.79742,3386083.55033,1.12760,0.01354,10253626.50141,2000-04-29T04:33:43.681,14994.47985
124.14500,0.95454,-1172.28862,395178.82401,3386046.95509,1.12278,0.01365,10352282.34944,2000-04-30T07:57:56.139,15012.48527
124.15499,1.17129,-1184.11961,395222.42654,3386083.58035,1.12089,0.01691,10372149.09318,2000-04-30T13:29:04.335,15013.24947
124.16499,0.44582,-1151.30282,394944.93991,3386087.73445,1.12513,0.01719,10337749.80696,2000-04-30T03:55:48.019,15014.20345
124.17499,0.74556,-1170.88991,395078.12617,3386099.68026,1.12106,0.01761,10299315.57288,2000-04-29T17:15:10.332,15005.91476
124.18501,1.29050,-1187.67382,395222.95323,3386075.12778,1.12044,0.01862,10354344.88456,2000-04-30T08:32:28.943,15011.78491
124.19501,0.70103,-1168.88379,394978.21029,3386133.34288,1.12560,0.01593,10243186.50771,2000-04-29T01:39:33.023,14998.66508
124.20499,0.78083,-1171.15070,395069.51350,3386074.66538,1.11284,0.01626,10475738.24463,2000-05-01T18:15:41.370,15028.55919
124.21500,1.06936,-1184.64434,395221.39616,3386077.07674,1.11870,0.01668,10276627.59712,2000-04-29T10:56:59.572,15001.44205
124.22499,0.22831,-1148.50369,394864.75180,3386090.52801,1.11989,0.01715,10334812.53147,2000-04-30T03:06:51.670,15007.08845
124.23501,0.67874,-1167.98479,395127.81323,3386064.69453,1.12461,0.01677,10379921.25675,2000-04-30T15:38:35.316,15017.57822
124.24501,0.69219,-1173.87379,395049.21022,3386094.31245,1.12251,0.01616,10358371.39899,2000-04-30T09:39:27.182,15013.87743
124.25500,0.70157,-1178.00220,395091.80406,3386081.47222,1.12271,0.01601,10341405.49093,2000-04-30T04:56:43.779,15011.74300
124.26499,1.14458,-1197.51468,395242.49023,3386076.62032,1.12218,0.01442,10343357.16299,2000-04-30T05:29:12.232,15011.85024
124.27499,0.56653,-1172.72366,394973.90569,3386092.59673,1.11844,0.01601,10388671.58102,2000-04-30T18:04:25.615,15013.95904
124.28500,0.83159,-1186.40747,395154.00257,3386082.47552,1.12036,0.01545,10417686.56328,2000-05-01T02:08:04.319,15019.72784
124.29500,1.04619,-1189.42205,395242.65634,3386042.07848,1.12459,0.01474,10274022.91733,2000-04-29T10:13:39.283,15005.27470
124.30499,0.86532,-1179.23957,395146.24811,3386089.77956,1.12348,0.01570,10360970.93632,2000-04-30T10:22:46.297,15012.71148
124.31500,0.77167,-1172.83744,395133.33838,3386062.03158,1.12458,0.01530,10363632.09963,2000-04-30T11:07:11.759,15016.38250
124.32499,0.69606,-1169.92606,395087.60930,3386084.74901,1.12853,0.01533,10393721.09080,2000-04-30T19:28:43.421,15015.90471
124.33498,0.71408,-1169.16311,395051.34368,3386083.93079,1.12860,0.01525,10246464.06651,2000-04-29T02:34:23.263,14993.10725
124.34499,0.76789,-1177.66481,395096.49232,3386085.80241,1.13186,0.01512,10428781.47481,2000-05-01T05:13:04.053,15023.54801
124.35500,0.70571,-1168.26483,395025.41267,3386119.65500,1.12979,0.01622,10299128.29883,2000-04-29T17:12:13.914,15004.05558
124.36500,0.55967,-1161.32274,395046.40641,3386095.59692,1.12579,0.01560,10315270.83146,2000-04-29T21:41:14.843,15006.43564
124.37499,1.04145,-1184.15807,395286.35204,3386097.13228,1.13001,0.01470,10327059.16245,2000-04-30T00:57:37.570,15008.61887
124.38499,0.93087,-1172.29884,395182.23074,3386087.95426,1.13038,0.01510,10369679.07575,2000-04-30T12:47:58.019,15018.34188
124.39499,0.92236,-1170.78310,395147.99102,3386079.02990,1.12617,0.01668,10419340.43288,2000-05-01T02:35:42.405,15017.62898
124.40499,0.33148,-1158.31285,394831.70145,3386131.62897,1.12699,0.01491,10328325.42506,2000-04-30T01:18:37.210,15009.07490
124.41500,0.81591,-1176.65301,395041.10113,3386119.82534,1.12151,0.01462,10403000.64906,2000-04-30T22:03:07.499,15020.15105
124.42499,0.82521,-1172.73395,395031.69716,3386108.86888,1.11629,0.01532,10535389.98478,2000-05-02T10:49:54.709,15037.06013
124.43499,0.58357,-1165.70236,395082.65609,3386087.12451,1.12369,0.01431,10406443.41837,2000-04-30T23:00:41.036,15019.61528
124.44500,1.00320,-1188.57716,395083.43568,3386131.49583,1.12659,0.01528,10418495.27994,2000-05-01T02:21:32.221,15022.87130
124.45499,0.57780,-1169.07289,394978.73398,3386112.44455,1.12103,0.01732,10428269.61723,2000-05-01T05:04:34.465,15021.48423
124.46501,1.07264,-1192.21554,395189.99027,3386080.99306,1.12135,0.01682,10410752.37633,2000-05-01T00:12:35.129,15023.60858
124.47498,1.05569,-1192.87674,395147.78594,3386117.51233,1.12261,0.01746,10352963.70876,2000-04-30T08:09:12.646,15011.86162
124.48499,0.71031,-1178.67534,395062.59187,3386113.52022,1.11691,0.01810,10457974.37123,2000-05-01T13:19:38.865,15028.66575
124.49500,0.59389,-1171.88406,395026.44711,3386094.53469,1.11990,0.01643,10361491.94811,2000-04-30T10:31:26.199,15013.38892
124.50499,0.95650,-1190.48428,395207.65954,3386073.26937,1.12301,0.01791,10365243.45514,2000-04-30T11:33:54.490,15014.13936
124.51500,0.94412,-1191.83292,395110.52950,3386119.98357,1.12018,0.01618,10354156.29882,2000-04-30T08:29:12.751,15011.61338
124.52501,0.73100,-1179.36996,395005.66866,3386108.57457,1.11307,0.01508,10387098.40916,2000-04-30T17:38:11.080,15017.98475
124.53500,0.89260,-1185.63986,395104.04730,3386092.68146,1.11878,0.01613,10393819.04591,2000-04-30T19:30:17.453,15019.56426
124.54500,0.79120,-1185.24274,395036.36582,3386110.44208,1.11541,0.01827,10309427.57301,2000-04-29T20:03:44.262,15007.36048
124.55499,0.67850,-1173.36462,394990.60055,3386105.40374,1.12140,0.01698,10336005.22346,2000-04-30T03:26:38.995,15008.84728
124.56500,0.97126,-1188.06759,395084.59994,3386115.74300,1.11490,0.01547,10367489.88524,2000-04-30T12:11:26.510,15011.45379
124.57501,0.65656,-1176.15285,395023.89082,3386075.12610,1.11194,0.01587,10464813.03233,2000-05-01T15:13:34.078,15030.25622
124.58501,0.73441,-1179.21090,394996.11970,3386096.48083,1.11820,0.01481,10507423.58061,2000-05-02T03:03:37.705,15038.84417
124.59499,0.36099,-1167.69669,394846.32304,3386112.64508,1.11194,0.01447,10280840.02104,2000-04-29T12:07:15.395,14999.99486
124.60501,0.92642,-1200.06123,395082.77462,3386104.08156,1.12069,0.01566,10437028.22557,2000-05-01T07:30:32.316,15025.21162
124.61500,0.60828,-1179.14371,394991.01851,3386067.43515,1.11601,0.01528,10381159.03382,2000-04-30T15:59:11.808,15013.87540
124.62498,1.19720,-1216.58364,395239.50277,3386074.96074,1.11047,0.01652,10402786.11378,2000-04-30T21:59:44.838,15018.67373
124.63500,0.40231,-1172.72944,394873.36138,3386084.42222,1.11407,0.01847,10368067.99823,2000-04-30T12:21:07.506,15013.02777
124.64499,0.82103,-1187.93770,395094.45609,3386056.16859,1.10875,0.01645,10431309.16093,2000-05-01T05:55:02.328,15021.76959
124.65501,0.73163,-1188.65680,395030.57166,3386079.33177,1.11780,0.01557,10270592.25796,2000-04-29T09:16:28.655,15004.35597
124.66501,0.29852,-1170.51669,394899.01433,3386083.55663,1.11770,0.01958,10394856.24456,2000-04-30T19:47:39.817,15016.84046
124.67501,0.75765,-1187.48760,395071.25622,3386083.16068,1.11972,0.02103,10363413.96074,2000-04-30T11:03:28.018,15013.45946
124.68501,0.78609,-1187.19439,395064.84243,3386074.73377,1.12056,0.01810,10280262.32877,2000-04-29T11:57:39.800,15001.00179
124.69499,0.56475,-1182.82891,394962.96077,3386106.94042,1.12185,0.01582,10385187.66188,2000-04-30T17:06:26.552,15015.52280
124.70500,0.71542,-1194.72538,395093.41807,3386052.25735,1.12158,0.01588,10360612.32646,2000-04-30T10:16:40.783,15014.97577
124.71501,1.05075,-1213.04883,395244.30909,3386042.70663,1.12250,0.01413,10335650.85962,2000-04-30T03:20:46.289,15009.04002
124.72500,0.71752,-1203.22473,395036.71199,3386113.26586,1.12595,0.01408,10323211.55695,2000-04-29T23:53:23.869,15008.34673
124.73500,1.01492,-1208.50790,395238.72557,3386001.81198,1.12198,0.01591,10365678.18084,2000-04-30T11:41:09.770,15012.39084
124.74500,0.54831,-1194.73875,395020.44186,3386081.45569,1.11553,0.01419,10375784.24558,2000-04-30T14:29:30.767,15014.87726
124.75500,0.36416,-1185.50463,394984.69883,3386030.71185,1.11120,0.01707,10473126.68576,2000-05-01T17:32:02.308,15032.39746
124.76500,0.59299,-1198.70471,395014.33817,3386075.97040,1.11521,0.01686,10335065.95863,2000-04-30T03:10:55.941,15006.20172
124.77500,0.87311,-1208.83113,395135.68348,3386051.55582,1.11249,0.01948,10401892.04944,2000-04-30T21:44:52.805,15021.38499
124.78500,0.59794,-1195.08015,395051.63366,3386041.02501,1.10726,0.01899,10311107.78388,2000-04-29T20:31:37.278,15008.39184
124.79501,0.62864,-1194.88110,395017.94270,3386092.69605,1.10477,0.01881,10377668.42050,2000-04-30T15:00:59.429,15015.83971
124.80501,0.93815,-1217.97389,395199.42334,3386041.16860,1.10741,0.01882,10376201.40398,2000-04-30T14:36:36.993,15014.23617
124.81500,0.81051,-1206.81577,395147.60501,3386022.14513,1.11332,0.01942,10325939.26918,2000-04-30T00:38:48.515,15010.13549
124.82501,0.54540,-1206.19964,395014.47087,3386057.47164,1.11919,0.01888,10373723.54691,2000-04-30T13:55:12.793,15012.91760
124.83500,0.78995,-1209.70891,395122.28431,3386028.29900,1.11829,0.01923,10311589.72666,2000-04-29T20:39:37.330,15007.28623
124.84500,0.70904,-1208.68637,395144.23913,3386008.46984,1.11542,0.01812,10479535.77769,2000-05-01T19:18:47.427,15030.61456
124.85499,0.63710,-1206.49738,395028.14724,3386068.66363,1.12461,0.01870,10323287.81418,2000-04-29T23:54:37.394,15005.38531
124.86500,0.46359,-1199.28655,394997.32682,3386036.23956,1.12064,0.01835,10340068.94316,2000-04-30T04:34:21.240,15011.08382
124.87501,0.85064,-1211.73097,395160.09629,3386015.87055,1.12576,0.01423,10457710.72474,2000-05-01T13:15:08.086,15025.57816
124.88500,0.74138,-1204.31784,395039.44139,3386054.36995,1.12405,0.01365,10490668.01888,2000-05-01T22:24:20.046,15032.61052
124.89499,0.45901,-1196.41885,394949.78134,3386057.27640,1.13252,0.01337,10372144.80602,2000-04-30T13:29:02.106,15015.68806
124.90500,0.81505,-1201.42527,395140.13257,3386034.34351,1.12668,0.01379,10325165.39100,2000-04-30T00:26:00.127,15005.99460
124.91501,0.93985,-1205.83172,395195.94442,3386026.57783,1.12220,0.01404,10341099.60946,2000-04-30T04:51:28.838,15012.17948
124.92500,0.53642,-1200.44962,395103.55074,3386039.40219,1.11596,0.01312,10303083.84323,2000-04-29T18:18:01.935,15004.90687
124.93500,0.68107,-1206.64424,395086.17859,3386047.81514,1.11347,0.01344,10397807.30441,2000-04-30T20:36:42.526,15018.18068
124.94502,1.13973,-1215.39407,395254.74183,3386059.99816,1.11631,0.01283,10372547.94421,2000-04-30T13:35:45.559,15015.69973
124.95501,0.32076,-1187.65804,394952.58780,3386035.95792,1.11953,0.01449,10303680.96373,2000-04-29T18:28:03.969,15003.57435
124.96501,1.02941,-1210.17452,395260.29226,3386004.93693,1.12293,0.01324,10435701.06409,2000-05-01T07:08:28.191,15023.22890
124.97501,1.13676,-1221.97234,395261.60323,3386055.20173,1.12492,0.01405,10428100.39292,2000-05-01T05:01:35.752,15019.45303
124.98501,0.64845,-1197.30253,395059.04555,3386044.35844,1.12532,0.01359,10360719.02585,2000-04-30T10:18:44.035,15014.65481
124.99500,0.63253,-1194.09585,395082.16630,3386049.65368,1.12781,0.01521,10402045.59377,2000-04-30T21:47:16.677,15016.99395
125.00501,0.93678,-1201.66895,395180.18922,3386047.67816,1.12351,0.01491,10303841.52578,2000-04-29T18:30:42.469,15005.19894
125.01499,0.88649,-1196.83470,395130.67054,3386075.91985,1.12135,0.01522,10304536.65030,2000-04-29T18:42:11.290,15002.62222
125.02499,0.53577,-1180.14420,395010.78669,3386061.15672,1.12166,0.01569,10395696.60785,2000-04-30T20:01:37.661,15022.10657
125.03500,1.02054,-1205.69756,395213.67113,3386035.62336,1.12366,0.01521,10404321.53339,2000-04-30T22:25:18.766,15018.25018
125.04502,0.76690,-1196.71650,395093.26907,3386096.53157,1.11449,0.01494,10258173.36179,2000-04-29T05:49:27.287,14999.40294
125.05500,0.71984,-1188.55800,395087.03159,3386073.44457,1.11761,0.01421,10562682.29891,2000-05-02T18:24:46.164,15047.13230
125.06499,0.56636,-1181.24051,395043.22575,3386063.41095,1.12325,0.01497,10379839.44655,2000-04-30T15:37:21.909,15013.78405
125.07501,0.98883,-1190.63974,395211.83469,3386046.76372,1.11908,0.01357,10399846.53473,2000-04-30T21:10:39.595,15018.37787
125.08499,0.78223,-1181.09092,395084.12414,3386094.38798,1.11458,0.01331,10441917.59361,2000-05-01T08:52:02.773,15025.06376
125.09500,0.90614,-1191.94431,395199.26821,3386018.16147,1.11373,0.01346,10401230.98165,2000-04-30T21:33:52.427,15022.40769
125.10500,0.63121,-1179.31504,395053.55140,3386063.63431,1.12114,0.01439,10485941.59947,2000-05-01T21:05:34.122,15027.73727
125.11499,0.86813,-1189.09150,395134.91434,3386084.13333,1.12162,0.01608,10337877.32366,2000-04-30T03:57:53.974,15007.82943
125.12499,0.64835,-1181.52775,395078.63893,3386061.18445,1.12106,0.01723,10401377.69824,2000-04-30T21:36:20.910,15019.53191
125.13500,0.83162,-1189.19277,395175.00489,3386028.28902,1.12526,0.01584,10445200.33118,2000-05-01T09:46:33.617,15025.77608
125.14500,0.82195,-1187.52402,395152.30841,3386067.09614,1.13117,0.01769,10395971.02242,2000-04-30T20:06:14.276,15016.97295
125.15501,0.60770,-1174.41848,395061.66658,3386040.44222,1.11985,0.01695,10493391.91922,2000-05-01T23:09:54.469,15031.67620
125.16500,0.76105,-1181.94217,395111.82049,3386047.38189,1.12170,0.01720,10441283.59413,2000-05-01T08:41:19.875,15028.12152
125.17499,1.14407,-1207.88194,395286.18774,3386039.71231,1.12403,0.01736,10470904.41517,2000-05-01T16:55:02.364,15030.78834
125.18500,0.84543,-1199.74229,395149.05188,3386035.06175,1.12027,0.01816,10443643.39423,2000-05-01T09:20:41.371,15024.14059
125.19500,0.82574,-1201.70589,395136.50622,3386062.91775,1.12018,0.01807,10384550.42705,2000-04-30T16:55:53.525,15016.75759
125.20498,0.87927,-1200.59982,395149.63547,3386058.00412,1.12146,0.01873,10424713.06018,2000-05-01T04:05:14.573,15018.81643
125.21501,0.69979,-1191.93319,395159.57717,3385998.11524,1.11872,0.01869,10458109.20377,2000-05-01T13:21:37.063,15028.91818
125.22501,0.67412,-1194.44612,395057.71059,3386106.04484,1.12835,0.01832,10479549.99021,2000-05-01T19:19:10.454,15029.16240
125.23501,0.84169,-1192.85804,395161.24992,3386044.41236,1.11923,0.01667,10490953.91947,2000-05-01T22:29:09.401,15033.30305
125.24500,0.80672,-1195.98867,395099.32199,3386094.91987,1.12392,0.01419,10461321.78165,2000-05-01T14:15:20.800,15026.46465
125.25499,0.71698,-1188.15949,395111.48450,3386026.94892,1.12660,0.01442,10491356.70759,2000-05-01T22:36:02.871,15032.69437
125.26500,0.91377,-1200.10262,395182.52036,3386047.91533,1.12180,0.01433,10475174.49589,2000-05-01T18:06:20.166,15033.65485
125.27500,1.32432,-1222.05199,395345.86415,3386069.13047,1.12819,0.01406,10456033.28584,2000-05-01T12:47:13.113,15024.31111
125.28499,0.48652,-1180.99223,395001.87222,3386079.02643,1.12543,0.01345,10526165.34207,2000-05-02T08:16:14.835,15040.73964
125.29502,0.86324,-1199.63077,395181.71729,3386046.82405,1.12957,0.01411,10427524.15423,2000-05-01T04:52:12.247,15019.80252
125.30501,1.07360,-1209.83028,395246.69347,3386061.54364,1.12509,0.01330,10638964.19793,2000-05-03T15:36:05.793,15058.49119
125.31500,1.09660,-1206.33868,395244.41632,3386064.77525,1.11972,0.01345,10452336.77094,2000-05-01T11:45:43.339,15030.25492
125.32500,0.34753,-1179.40558,394942.77228,3386093.19200,1.12010,0.01339,10468284.65878,2000-05-01T16:11:30.747,15026.57085
125.33500,1.04333,-1201.43408,395228.12949,3386069.78844,1.11770,0.01383,10498252.37680,2000-05-02T00:30:58.527,15032.65132
125.34497,0.84974,-1190.64043,395141.70155,3386074.05054,1.11735,0.01414,10541028.62786,2000-05-02T12:23:51.166,15038.59146
125.35499,0.79423,-1191.84598,395156.17737,3386045.42080,1.12454,0.01431,10500714.53638,2000-05-02T01:12:04.967,15035.43567
125.36499,1.02287,-1199.93228,395267.01088,3386042.95399,1.12150,0.01419,10584877.69549,2000-05-03T00:34:36.827,15043.88016
125.37501,0.70283,-1194.55629,395086.21354,3386067.53102,1.12767,0.01520,10591838.46810,2000-05-03T02:30:47.737,15043.41030
125.38502,0.83434,-1202.10868,395146.86185,3386092.24266,1.13112,0.01332,10408576.23017,2000-04-30T23:36:18.537,15019.74212
125.39500,1.14247,-1212.55277,395321.26859,3386024.64760,1.12786,0.01410,10592890.09969,2000-05-03T02:48:19.907,15048.26205
125.40501,0.85209,-1193.20001,395154.83442,3386059.80297,1.12275,0.01410,10409782.39240,2000-04-30T23:56:20.039,15021.76968
125.41502,0.84331,-1199.19075,395167.90328,3386070.60932,1.11823,0.01486,10420678.50932,2000-05-01T02:57:56.420,15023.98293
125.42501,1.10199,-1211.00350,395226.44679,3386100.41639,1.12102,0.01423,10476973.74964,2000-05-01T18:36:17.024,15030.29477
125.43497,0.65107,-1179.87215,395041.40893,3386113.65931,1.12518,0.01343,10452705.29863,2000-05-01T11:51:54.610,15022.54047
125.44499,0.82237,-1187.97040,395133.50799,3386071.13887,1.12069,0.01396,10445188.38822,2000-05-01T09:46:22.765,15023.52858
125.45502,1.02354,-1194.06302,395194.97886,3386052.06551,1.12259,0.01443,10534135.41955,2000-05-02T10:28:59.446,15037.59212
125.46500,0.97581,-1190.78099,395197.26554,3386088.78565,1.12482,0.01424,10653530.45127,2000-05-03T19:38:51.283,15060.78682
125.47498,0.73182,-1187.82354,395120.64188,3386103.79682,1.12912,0.01364,10431263.86840,2000-05-01T05:54:22.581,15019.74260
125.48498,1.08289,-1199.55588,395239.31527,3386079.11290,1.12388,0.01414,10482273.67657,2000-05-01T20:04:31.361,15029.24979
125.49498,0.69219,-1182.56690,395070.42665,3386084.10974,1.12438,0.01364,10482343.37527,2000-05-01T20:05:46.460,15030.97218
125.50499,1.12513,-1204.25617,395272.28149,3386053.26083,1.12230,0.01380,10472930.09263,2000-05-01T17:28:46.994,15030.27484
125.51501,0.66960,-1188.59811,395052.11900,3386096.51848,1.11658,0.01447,10428172.70623,2000-05-01T05:02:56.323,15022.32919
125.52500,0.99655,-1205.13878,395229.93574,3386079.86391,1.11786,0.01361,10469968.12311,2000-05-01T16:39:26.561,15029.92489
125.53499,0.92988,-1209.01649,395181.16933,3386082.67791,1.12686,0.01361,10554945.05309,2000-05-02T16:15:46.819,15042.52148
125.54499,1.27062,-1229.55944,395338.28509,3386057.36123,1.12628,0.01361,10401876.66426,2000-04-30T21:44:34.887,15018.78953
125.55498,1.08738,-1219.30924,395264.69935,3386065.39481,1.12681,0.01398,10469153.81975,2000-05-01T16:26:02.171,15028.28103
125.56500,0.71852,-1203.38506,395118.65870,3386048.15783,1.12303,0.01425,10503207.56339,2000-05-02T01:53:19.168,15033.24783
125.57499,0.77325,-1217.89332,395148.74335,3386066.44670,1.12088,0.01360,10455022.92525,2000-05-01T12:30:26.044,15025.40060
125.58499,1.00485,-1228.16720,395199.71656,3386063.78996,1.12244,0.01368,10344072.18944,2000-04-30T05:41:07.033,15009.10042
125.59501,0.83520,-1223.15189,395174.18299,3386038.35930,1.12299,0.01382,10475630.29718,2000-05-01T18:13:55.129,15030.97690
125.60501,0.86583,-1220.18498,395219.27888,3386004.97495,1.11629,0.01414,10522407.73380,2000-05-02T07:13:35.363,15030.97452
125.61503,0.63244,-1207.55609,395073.77600,3386082.98177,1.11756,0.01311,10478688.34481,2000-05-01T19:04:46.433,15030.40366
125.62499,1.02571,-1232.78078,395247.51303,3386043.31713,1.11990,0.01365,10441033.32542,2000-05-01T08:37:15.444,15026.04903
125.63500,0.72750,-1214.01463,395112.10083,3386061.83796,1.11765,0.01273,10514995.78145,2000-05-02T05:10:02.438,15036.72407
125.64500,1.18016,-1228.74311,395316.08636,3386023.86692,1.12047,0.01522,10445621.99535,2000-05-01T09:53:39.175,15021.08437
125.65500,0.75449,-1217.65849,395117.86243,3386068.94253,1.12022,0.01637,10452208.89710,2000-05-01T11:43:31.467,15029.32051
125.66501,0.70211,-1204.87596,395119.23716,3386029.41205,1.11861,0.01617,10469305.17747,2000-05-01T16:28:30.503,15026.49934
125.67498,0.65359,-1200.95772,395095.95764,3386054.00056,1.11764,0.01687,10452699.84108,2000-05-01T11:51:45.130,15024.81346
125.68501,1.02546,-1224.55407,395234.56160,3386050.13191,1.12523,0.01776,10531013.13183,2000-05-02T09:36:54.470,15036.90778
125.69500,0.63538,-1205.93559,395066.89425,3386077.46929,1.11356,0.01615,10495915.72552,2000-05-01T23:51:58.239,15034.38094
125.70501,0.56678,-1205.86918,395087.56816,3386028.56337,1.10753,0.01657,10488362.16710,2000-05-01T21:45:57.833,15031.63977
125.71500,0.81866,-1215.70245,395099.86916,3386096.96565,1.11272,0.01697,10484349.58349,2000-05-01T20:39:14.942,15028.62683
125.72499,0.89814,-1225.17755,395200.21946,3386048.18461,1.11301,0.01695,10632357.85718,2000-05-03T13:45:57.920,15056.09528
125.73499,0.82819,-1218.62179,395162.26681,3386040.68162,1.11614,0.01814,10442615.97453,2000-05-01T09:03:37.032,15025.10915
125.74500,0.96720,-1231.86430,395257.42251,3386025.13020,1.12088,0.01799,10463389.10937,2000-05-01T14:49:55.197,15026.42348
125.75500,0.91750,-1218.95906,395214.47274,3386046.85554,1.12369,0.01741,10424302.05546,2000-05-01T03:58:23.975,15018.79484
125.76500,0.91063,-1223.72961,395169.55587,3386070.32686,1.12112,0.01709,10495606.54129,2000-05-01T23:46:51.789,15035.60697
125.77498,0.61303,-1206.68574,395086.48941,3386038.43131,1.11970,0.01800,10489950.54028,2000-05-01T22:12:37.274,15028.24882
125.78499,0.88918,-1228.75821,395191.68574,3386047.75956,1.11973,0.01662,10329708.57985,2000-04-30T01:41:53.756,15012.42995
125.79500,0.42993,-1203.67144,395038.76098,3386026.24345,1.12396,0.01750,10488013.32443,2000-05-01T21:40:10.763,15028.00358
125.80500,0.65948,-1217.56337,395115.23889,3386050.44947,1.12354,0.01845,10426577.28023,2000-05-01T04:36:20.656,15023.11170
125.81501,1.18916,-1246.30080,395343.50790,3386002.71663,1.12220,0.01899,10360301.18869,2000-04-30T10:11:35.488,15014.35776
125.82501,0.87238,-1233.09194,395199.40256,3386018.68580,1.12383,0.01849,10499435.60568,2000-05-02T00:50:41.145,15032.53944
125.83499,0.92794,-1230.24820,395212.46109,3386044.87185,1.12840,0.01888,10404258.80751,2000-04-30T22:24:24.409,15019.85362
125.84500,0.97092,-1215.42904,395264.46659,3386008.48205,1.13060,0.01984,10499728.95455,2000-05-02T00:55:25.738,15033.52995
125.85502,0.78761,-1218.61023,395196.36929,3386025.50284,1.13326,0.01722,10398745.99768,2000-04-30T20:52:26.252,15017.32615
125.86501,0.48192,-1196.97362,395015.02468,3386066.46279,1.12411,0.01886,10541282.06671,2000-05-02T12:27:58.077,15040.37835
125.87500,0.60049,-1202.08986,395074.93284,3386048.27503,1.12355,0.01943,10381500.93234,2000-04-30T16:04:59.792,15016.92659
125.88499,0.77910,-1206.44695,395147.54094,3386062.50512,1.12299,0.01893,10452752.66805,2000-05-01T11:52:27.748,15024.32775
125.89498,0.90618,-1210.63565,395220.87038,3386032.78684,1.12142,0.01849,10392574.21323,2000-04-30T19:09:29.490,15018.72250
125.90501,0.89097,-1202.27410,395221.32556,3386007.68606,1.12266,0.01627,10408401.28514,2000-04-30T23:33:16.392,15016.43414
125.91500,0.90229,-1204.17952,395166.82010,3386083.84316,1.11891,0.01589,10440035.06308,2000-05-01T08:20:32.406,15025.35271
125.92500,0.98508,-1210.50946,395250.95142,3386029.85743,1.11982,0.01707,10451062.37171,2000-05-01T11:24:17.540,15027.93880
125.93501,0.94025,-1210.28944,395214.67849,3386071.71128,1.11968,0.01602,10377795.74574,2000-04-30T15:03:08.937,15016.36781
125.94499,0.38143,-1190.25396,395042.69026,3386038.09719,1.11806,0.01673,10444235.33335,2000-05-01T09:30:24.393,15022.34716
125.95501,0.76817,-1204.96240,395180.11223,3386028.67544,1.11910,0.01806,10435946.69780,2000-05-01T07:12:21.955,15024.29280
125.96502,0.79727,-1202.92605,395218.42261,3386014.10104,1.11724,0.01613,10554988.36118,2000-05-02T16:16:19.576,15041.93974
125.97500,0.43521,-1181.11800,394986.23121,3386069.34522,1.12440,0.01601,10438890.69217,2000-05-01T08:01:22.407,15022.10102
125.98499,1.06508,-1211.25251,395292.95199,3386033.03265,1.12352,0.01382,10427419.08298,2000-05-01T04:50:09.620,15026.64363
125.99501,0.97113,-1202.56026,395244.01121,3386030.64980,1.12432,0.01381,10456387.85269,2000-05-01T12:53:01.289,15022.87078
126.00500,0.79022,-1198.10800,395159.81723,3386061.03371,1.12750,0.01335,10447750.30082,2000-05-01T10:28:55.891,15029.05969
126.01500,0.62892,-1181.61403,395087.85367,3386045.71788,1.12819,0.01383,10445904.08959,2000-05-01T09:58:14.797,15023.73728
126.02499,0.85113,-1186.29854,395174.93978,3386065.84834,1.13069,0.01529,10398368.01766,2000-04-30T20:45:54.214,15020.80645
126.03499,0.55581,-1168.62701,395084.07473,3386050.09701,1.12660,0.01498,10519237.05488,2000-05-02T06:20:25.707,15034.00972
126.04500,0.87430,-1181.23597,395184.73506,3386065.65291,1.12837,0.01537,10450010.86539,2000-05-01T11:06:37.694,15025.95653
126.05500,0.83458,-1174.45045,395144.96819,3386062.07581,1.12696,0.01454,10357731.74119,2000-04-30T09:28:44.993,15009.83409
126.06501,0.71935,-1163.37815,395074.50752,3386096.64630,1.12602,0.01398,10472496.55123,2000-05-01T17:21:27.195,15027.27110
126.07501,0.47712,-1159.18299,395006.41669,3386102.63357,1.11919,0.01403,10384962.22805,2000-04-30T17:02:33.586,15017.44823
126.08499,1.03275,-1187.09674,395271.39288,3386059.17340,1.11568,0.01453,10347018.83617,2000-04-30T06:30:08.052,15010.33632
126.09501,0.65224,-1166.05180,395073.49779,3386073.52534,1.12507,0.01330,10462668.58083,2000-05-01T14:37:42.617,15026.56676
126.10499,0.87974,-1170.63648,395184.95039,3386071.53480,1.13029,0.01478,10421502.73895,2000-05-01T03:11:30.456,15017.92323
126.11499,0.77269,-1154.07256,395123.62271,3386049.15828,1.12798,0.01365,10342222.19467,2000-04-30T05:10:10.877,15010.07428
126.12501,0.84223,-1168.88155,395181.77295,3386079.97165,1.12903,0.01476,10369387.39640,2000-04-30T12:43:00.437,15013.69444
126.13500,0.69463,-1157.33381,395075.22403,3386088.57441,1.13063,0.01389,10370807.08589,2000-04-30T13:06:40.206,15015.61244
126.14499,0.68209,-1161.12705,395112.64523,3386063.29941,1.13185,0.01293,10364568.08269,2000-04-30T11:22:36.184,15014.74318
126.15501,1.11989,-1172.23609,395265.13624,3386058.93335,1.12465,0.01334,10465518.13116,2000-05-01T15:25:27.297,15025.59683
126.16499,0.91465,-1170.26906,395224.93989,3386040.24846,1.13254,0.01669,10471055.39368,2000-05-01T16:57:28.475,15030.51258
126.17498,0.70687,-1164.44035,395110.83897,3386093.62054,1.12487,0.01268,10412782.49010,2000-05-01T00:46:11.273,15017.11618
126.18500,0.93058,-1162.98221,395180.57900,3386049.70113,1.12710,0.01325,10399724.94002,2000-04-30T21:08:35.031,15022.52712
126.19500,0.74692,-1166.63318,395174.77311,3386041.42188,1.12861,0.01277,10460917.40484,2000-05-01T14:08:28.191,15028.20128
126.20501,0.55039,-1151.58287,395047.37045,3386074.88516,1.12707,0.01674,10360438.29874,2000-04-30T10:13:48.982,15007.34397
126.21502,1.03244,-1171.66583,395270.26329,3386019.94699,1.12765,0.01632,10412212.90240,2000-05-01T00:36:45.112,15020.60658
126.22501,0.43829,-1149.20883,394981.26594,3386095.53663,1.12757,0.01565,10500134.03695,2000-05-02T01:02:06.324,15033.27678
126.23502,0.96861,-1174.27924,395216.54742,3386051.59010,1.12097,0.01526,10475514.35236,2000-05-01T18:11:47.345,15024.47025
126.24501,0.58133,-1154.94746,395053.87764,3386082.47216,1.11778,0.01527,10419948.06369,2000-05-01T02:45:33.888,15023.54158
126.25498,0.85430,-1174.76057,395184.54378,3386076.80177,1.11884,0.01549,10555944.24007,2000-05-02T16:32:04.156,15046.49601
126.26500,0.62244,-1165.06531,395058.60422,3386080.73548,1.12370,0.01544,10420264.23021,2000-05-01T02:50:47.442,15017.17139
126.27498,0.77326,-1161.39395,395137.25944,3386057.14528,1.12060,0.01324,10406569.16815,2000-04-30T23:02:33.510,15021.09166
126.28497,0.61653,-1153.80049,395044.68879,3386087.70823,1.12816,0.01291,10503257.07328,2000-05-02T01:54:08.858,15033.08170
126.29500,0.87158,-1158.40554,395177.78305,3386053.25102,1.12295,0.01299,10525219.15210,2000-05-02T08:00:03.525,15036.49198
126.30499,0.74547,-1154.10205,395092.72365,3386086.37985,1.12944,0.01365,10416965.65619,2000-05-01T01:55:45.985,15021.68923
126.31499,0.49472,-1132.93673,395015.05785,3386064.53029,1.13415,0.01281,10547222.23756,2000-05-02T14:06:52.475,15035.62157
126.32501,0.90192,-1159.38736,395146.26464,3386081.34323,1.12954,0.01312,10459789.26384,2000-05-01T13:49:35.934,15032.62936
126.33499,0.57680,-1145.62715,395008.50633,3386103.24696,1.12385,0.01332,10546143.60469,2000-05-02T13:49:04.801,15035.21287
126.34500,0.37088,-1142.23818,394985.57153,3386051.10232,1.13073,0.01386,10522852.67894,2000-05-02T07:20:45.709,15034.86521
126.35501,0.96394,-1175.71211,395225.30813,3386060.52795,1.12552,0.01351,10546437.15875,2000-05-02T13:53:47.187,15040.68539
126.36500,0.66912,-1166.00958,395101.81257,3386032.53205,1.11649,0.01359,10346512.74296,2000-04-30T06:21:46.004,15010.17789
126.37500,0.35372,-1148.72535,394962.82750,3386059.11113,1.12216,0.01321,10506980.61967,2000-05-02T02:56:16.586,15032.10469
126.38501,0.84381,-1168.80243,395162.17276,3386048.00146,1.12236,0.01435,10432678.48608,2000-05-01T06:17:50.070,15023.13629
126.39499,0.90903,-1166.91296,395216.38096,3386025.44996,1.12204,0.01382,10452903.31918,2000-05-01T11:54:57.036,15021.33992
126.40501,0.58036,-1158.57442,395040.30275,3386072.16917,1.11784,0.01346,10364193.00943,2000-04-30T11:16:24.422,15015.76636
126.41500,0.51848,-1146.17272,395035.34893,3386032.96284,1.11514,0.01393,10468546.33628,2000-05-01T16:15:40.790,15027.16058
126.42501,0.89173,-1168.74370,395213.76886,3386055.69756,1.12035,0.01337,10477074.45050,2000-05-01T18:37:43.801,15026.99472
126.43499,0.82301,-1161.28462,395173.18258,3386058.42904,1.12112,0.01396,10484218.38361,2000-05-01T20:36:44.085,15036.09105
126.44497,0.55352,-1155.31620,395048.95241,3386052.36576,1.11516,0.01369,10393889.74082,2000-04-30T19:31:14.695,15019.06226
126.45499,0.70564,-1157.66162,395095.84467,3386092.20009,1.12548,0.01402,10405223.40221,2000-04-30T22:40:16.241,15018.88351
126.46502,0.56416,-1148.60014,395033.51340,3386080.69654,1.12502,0.01366,10386357.26489,2000-04-30T17:25:46.014,15018.68451
126.47499,0.81503,-1155.22553,395175.91123,3386054.52521,1.12174,0.01459,10415259.39951,2000-05-01T01:27:27.079,15020.11639
126.48500,0.73132,-1144.68688,395143.82664,3386066.45490,1.11219,0.01389,10500627.33331,2000-05-02T01:10:19.447,15032.45872
126.49499,0.51434,-1123.12448,395175.61359,3386112.69868,1.12377,0.01352,10239920.80986,2000-04-29T00:44:58.969,14997.06654
126.50500,0.72032,-1145.18550,395132.62347,3386099.65629,1.11877,0.01326,10412501.85580,2000-05-01T00:41:28.116,15019.78951
126.51500,0.48725,-1142.53715,395053.95636,3386114.49271,1.11489,0.01330,10324835.68635,2000-04-30T00:20:26.995,15006.53133
126.52500,0.99630,-1177.87207,395306.12266,3386057.88120,1.11067,0.01369,10497433.85634,2000-05-02T00:16:58.095,15035.20267
126.53498,0.56353,-1150.42067,395132.38360,3386070.89994,1.11391,0.01309,10326322.00202,2000-04-30T00:45:05.436,15010.47308
126.54500,0.58262,-1160.53608,395127.32651,3386063.51683,1.11371,0.01446,10502202.58334,2000-05-02T01:36:37.054,15032.91222
126.55501,1.13701,-1191.00569,395411.43744,3386029.13536,1.11647,0.01233,10635907.75818,2000-05-03T14:44:47.756,15052.66256
126.56500,0.87881,-1180.64288,395269.67766,3386063.35799,1.11386,0.01325,10663118.20132,2000-05-03T22:18:15.715,15057.77826
126.57501,0.66703,-1161.82123,395180.87505,3386071.16967,1.11392,0.01308,10520364.57830,2000-05-02T06:39:17.813,15036.50818
126.58499,0.79179,-1169.08863,395224.51621,3386033.18973,1.11603,0.01361,10458203.21621,2000-05-01T13:23:08.450,15027.80346
126.59500,0.91040,-1185.13906,395256.45923,3386071.32952,1.11234,0.01348,10585177.03403,2000-05-03T00:39:23.467,15046.37490
126.60499,0.75843,-1177.09422,395194.55416,3386072.36250,1.11157,0.01224,10486150.34690,2000-05-01T21:08:56.046,15028.21071
126.61501,1.03055,-1196.09137,395308.74500,3386025.88363,1.11358,0.01266,10564815.64259,2000-05-02T19:00:03.697,15043.34504
126.62502,0.71316,-1186.32111,395196.29961,3386050.72501,1.11696,0.01255,10605137.21987,2000-05-03T06:11:58.792,15051.95177
126.63501,1.09834,-1203.27893,395374.59598,3386020.99483,1.11786,0.01286,10573596.76935,2000-05-02T21:26:25.039,15043.44914
126.64498,0.84541,-1196.44895,395245.42043,3386058.54476,1.11530,0.01375,10575453.59489,2000-05-02T21:57:18.926,15036.74291
126.65499,1.13136,-1204.41558,395364.73865,3386018.82623,1.11232,0.01281,10634801.49570,2000-05-03T14:26:27.508,15053.98010
126.66500,0.72009,-1185.44095,395170.31398,3386059.00735,1.10912,0.01357,10475518.15865,2000-05-01T18:11:49.004,15033.15012
126.67497,0.87127,-1191.56502,395248.58676,3386048.11587,1.10518,0.01331,10469151.93580,2000-05-01T16:25:44.353,15028.91220
126.68501,1.05079,-1199.11384,395345.83503,3386006.81020,1.11046,0.01376,10402112.30669,2000-04-30T21:48:15.093,15021.04248
126.69500,0.33092,-1175.66856,395060.73005,3386037.80930,1.11064,0.01268,10452732.85761,2000-05-01T11:52:00.960,15027.29359
126.70499,0.70567,-1188.04532,395178.00570,3386044.00405,1.11038,0.01338,10420363.95436,2000-05-01T02:52:32.319,15021.90738
126.71500,0.82435,-1194.17294,395234.20119,3386043.80299,1.11396,0.01301,10302377.21803,2000-04-29T18:06:08.642,15005.76416
126.72500,0.79533,-1191.24856,395243.52120,3386027.02369,1.11425,0.01334,10462085.31730,2000-05-01T14:27:52.529,15023.14040
126.73500,0.54504,-1184.81232,395100.68432,3386044.91113,1.11652,0.01265,10433029.91471,2000-05-01T06:23:31.909,15028.74793
126.74499,0.73207,-1196.67484,395165.85155,3386039.29227,1.11893,0.01357,10456124.98538,2000-05-01T12:48:38.606,15022.34218
126.75498,0.94923,-1200.97939,395284.93571,3386027.53908,1.11920,0.01298,10386863.02833,2000-04-30T17:34:15.399,15016.98463
126.76501,0.46819,-1193.16206,395085.24542,3386060.57529,1.11267,0.01459,10376226.82491,2000-04-30T14:36:59.476,15015.49121
126.77500,0.66476,-1191.60333,395163.83520,3386045.86725,1.11346,0.01499,10474640.43238,2000-05-01T17:57:13.819,15028.13373
126.78500,0.77043,-1201.76267,395276.20186,3385991.91615,1.11067,0.01572,10433824.50028,2000-05-01T06:36:48.061,15024.07642
126.79500,0.26025,-1178.51982,394972.12698,3386067.98508,1.11198,0.01501,10379413.52419,2000-04-30T15:29:58.341,15014.97674
126.80499,0.58675,-1183.97808,395105.51266,3386057.79693,1.11273,0.01410,10326921.87088,2000-04-30T00:55:13.842,15007.66439
126.81499,0.58229,-1183.27253,395150.93716,3386015.70571,1.11550,0.01471,10320413.59355,2000-04-29T23:06:39.989,15006.57802
126.82502,0.56646,-1180.57145,395096.33465,3386040.07602,1.10990,0.01455,10326851.91196,2000-04-30T00:54:02.319,15009.39166
126.83502,0.95795,-1203.67652,395315.96016,3386005.23225,1.11388,0.01456,10402113.10677,2000-04-30T21:48:23.873,15016.92118
126.84499,0.91524,-1199.59703,395259.36917,3386038.12505,1.10874,0.01402,10473848.67325,2000-05-01T17:44:03.658,15028.62135
126.85500,0.46568,-1182.38769,395038.58943,3386063.25612,1.10673,0.01532,10343318.40155,2000-04-30T05:28:33.752,15012.36417
126.86500,0.62673,-1185.29242,395170.47807,3386018.38413,1.11202,0.01539,10446082.91540,2000-05-01T10:01:22.815,15024.76878
126.87500,0.50390,-1174.72915,395092.28646,3386021.21446,1.11062,0.01593,10373331.30568,2000-04-30T13:48:32.515,15013.83681
126.88500,0.59334,-1180.01830,395149.34031,3386037.16620,1.12064,0.01898,10349159.63476,2000-04-30T07:05:51.656,15009.71669
126.89499,0.66965,-1176.32452,395130.47529,3386051.23897,1.11426,0.01748,10393000.04278,2000-04-30T19:16:31.944,15012.88303
126.90499,0.82062,-1182.65590,395227.25052,3386002.74141,1.11323,0.01664,10475631.90568,2000-05-01T18:13:43.031,15028.89482
126.91501,0.92304,-1185.41591,395241.07875,3386051.48262,1.11494,0.01692,10429998.02246,2000-05-01T05:33:02.791,15023.26714
126.92499,0.44522,-1164.52144,395109.90202,3386022.14487,1.11923,0.01556,10322188.45736,2000-04-29T23:36:10.816,15008.74101
126.93500,0.76418,-1175.56070,395136.43115,3386076.49444,1.11208,0.01462,10447362.96210,2000-05-01T10:22:32.995,15026.92702
126.94499,0.32438,-1162.22296,395000.70779,3386048.28751,1.11722,0.01585,10383581.42259,2000-04-30T16:39:23.791,15017.58684
126.95500,0.40893,-1165.07553,394991.29893,3386092.65773,1.11566,0.01423,10381766.68388,2000-04-30T16:09:21.591,15017.82861
126.96500,0.58908,-1157.40647,395134.76062,3386049.97390,1.11427,0.01579,10315660.90893,2000-04-29T21:47:28.964,15006.92465
126.97501,0.75134,-1174.37153,395168.76391,3386052.41727,1.11538,0.01514,10314766.97693,2000-04-29T21:32:32.597,15005.81999
126.98500,0.58285,-1158.96951,395073.94322,3386067.48066,1.12190,0.01824,10327808.32169,2000-04-30T01:09:51.504,15005.80906
126.99501,0.77827,-1162.76393,395163.29031,3386055.29019,1.11634,0.02041,10353979.58393,2000-04-30T08:26:12.491,15011.27104
127.00499,0.48552,-1157.30651,395066.75524,3386050.68282,1.11250,0.02225,10306175.87588,2000-04-29T19:09:17.787,15005.84987
127.01500,0.30296,-1153.40953,394947.89917,3386096.43014,1.10967,0.02205,10324700.97053,2000-04-30T00:18:16.494,15008.17727
127.02501,0.69821,-1166.10592,395116.17774,3386066.94948,1.10824,0.02108,10385618.10141,2000-04-30T17:13:15.796,15014.85211
127.03498,0.94835,-1177.67636,395233.99038,3386075.56457,1.11304,0.02163,10379872.45628,2000-04-30T15:37:33.993,15019.98161
127.04500,0.62800,-1170.14306,395129.90897,3386056.86319,1.11222,0.01937,10321360.04333,2000-04-29T23:22:27.874,15010.23544
127.05499,0.56567,-1158.01328,395135.57168,3386055.28705,1.11697,0.01970,10333383.81884,2000-04-30T02:42:43.690,15012.25514
127.06499,0.61751,-1160.49170,395117.82648,3386070.18950,1.11213,0.01977,10242972.59427,2000-04-29T01:35:59.299,14994.45301
127.07499,0.53805,-1153.33670,395051.70845,3386084.23904,1.11381,0.01945,10267423.88567,2000-04-29T08:23:25.439,15000.18163
127.08499,0.74400,-1167.08498,395175.80178,3386066.15540,1.10734,0.01799,10314772.34126,2000-04-29T21:32:29.462,15008.98561
127.09500,0.81319,-1170.50211,395206.26119,3386054.99015,1.11229,0.01720,10305156.86062,2000-04-29T18:52:26.935,15006.54970
127.10500,0.85421,-1173.59961,395248.44773,3386041.05301,1.11804,0.01704,10272244.51857,2000-04-29T09:43:50.742,14996.39798
127.11500,0.50345,-1158.61591,395055.10955,3386080.68800,1.11598,0.01832,10286015.09099,2000-04-29T13:33:22.657,15005.24518
127.12500,0.51096,-1148.25752,395078.16861,3386055.51944,1.12018,0.01781,10259567.01870,2000-04-29T06:12:35.440,14998.66843
127.13500,0.81682,-1176.51923,395226.11336,3386048.19793,1.11969,0.01792,10297807.00974,2000-04-29T16:49:59.168,15002.81899
127.14499,0.88932,-1173.54341,395194.99569,3386062.70553,1.11183,0.02009,10273699.12240,2000-04-29T10:08:08.282,14997.03752
127.15498,0.33129,-1151.19142,395009.63271,3386053.78357,1.11417,0.01902,10346333.43789,2000-04-30T06:18:43.465,15010.91481
127.16499,0.34350,-1157.45109,395007.56571,3386066.17276,1.11549,0.01851,10231142.61690,2000-04-28T22:18:49.379,14992.53763
127.17499,0.74573,-1173.34791,395224.37110,3386005.62472,1.11829,0.01886,10424079.70665,2000-05-01T03:54:35.145,15024.65178
127.18501,0.49741,-1165.42406,395079.26732,3386056.57847,1.11605,0.01720,10250554.39419,2000-04-29T03:42:23.078,14994.45250
127.19501,0.82033,-1177.86779,395217.98779,3386038.96847,1.11365,0.01734,10347367.80606,2000-04-30T06:36:04.152,15009.20255
127.20500,0.54950,-1165.57679,395058.77992,3386074.04526,1.11967,0.01730,10220959.54375,2000-04-28T19:29:11.877,14990.51586
127.21500,0.60113,-1164.56112,395129.48699,3386038.27027,1.11850,0.01654,10242596.29355,2000-04-29T01:29:42.960,14999.31371
127.22501,0.44869,-1154.93490,395044.49711,3386053.28639,1.11912,0.01515,10214370.69541,2000-04-28T17:39:23.805,14993.98118
127.23500,0.45987,-1164.25617,395020.97421,3386086.11950,1.11450,0.01496,10294576.66575,2000-04-29T15:56:17.346,15004.99674
127.24500,0.77844,-1173.44982,395205.41208,3386036.45934,1.11720,0.01588,10275692.55252,2000-04-29T10:41:28.476,15000.05315
127.25500,0.51046,-1161.92516,395071.71704,3386050.29952,1.11360,0.01775,10234470.30480,2000-04-28T23:14:22.190,14995.59489
127.26500,0.60898,-1165.89888,395125.38494,3386048.66799,1.11301,0.01731,10267254.32851,2000-04-29T08:20:45.121,15002.89711
127.27501,0.64019,-1165.33336,395094.26687,3386080.69812,1.10828,0.01683,10185276.99738,2000-04-28T09:34:21.531,14987.01074
127.28501,0.27257,-1144.29300,394983.20714,3386067.98146,1.11403,0.01649,10293809.65481,2000-04-29T15:43:26.212,15002.40160
127.29500,0.47184,-1159.93735,395057.41141,3386070.07376,1.11305,0.01666,10225840.34755,2000-04-28T20:50:35.142,14994.34177
127.30501,0.85019,-1173.89345,395155.38704,3386103.02156,1.10826,0.02014,10379801.59713,2000-04-30T15:36:32.945,15014.74841
127.31501,0.78477,-1171.89926,395168.97794,3386049.00753,1.11690,0.01365,10152740.06167,2000-04-28T00:32:18.184,14981.19523
127.32501,0.43576,-1166.57112,395049.80181,3386069.48882,1.11568,0.01189,10215148.18942,2000-04-28T17:52:22.211,14995.26570
127.33498,0.51281,-1167.63025,395071.47599,3386068.51979,1.11719,0.01187,10329324.15245,2000-04-30T01:35:14.206,15010.09154
127.34500,0.80710,-1178.78661,395182.61349,3386057.30617,1.11701,0.01217,10311344.73491,2000-04-29T20:35:36.974,15002.56877
127.35501,0.44943,-1161.39585,395014.79406,3386103.80425,1.11982,0.01226,10252554.16433,2000-04-29T04:15:44.233,14996.40546
127.36498,0.72370,-1176.27102,395144.10862,3386068.81585,1.11894,0.01081,10284011.99116,2000-04-29T12:59:56.464,15001.94954
127.37501,0.73353,-1170.17674,395180.73094,3386037.11988,1.11965,0.01176,10302118.25092,2000-04-29T18:01:48.276,15004.22886
127.38499,0.69605,-1174.32419,395165.27787,3386057.44273,1.11704,0.01203,10262234.41010,2000-04-29T06:57:04.180,15001.21751
127.39500,0.78448,-1192.88267,395217.24519,3386037.63557,1.12030,0.01117,10216749.21938,2000-04-28T18:18:58.008,14992.44438
127.40500,0.49801,-1187.01195,395074.14156,3386054.68118,1.11803,0.01098,10346680.54299,2000-04-30T06:24:26.880,15011.49994
127.41500,0.68946,-1194.81329,395157.59223,3386051.43663,1.11591,0.01192,10213138.47099,2000-04-28T17:18:43.757,14992.71112
127.42501,0.58979,-1190.24508,395169.88273,3386006.84031,1.11424,0.01202,10203205.21797,2000-04-28T14:33:23.047,14988.48167
127.43500,0.73432,-1190.22744,395133.95954,3386064.57126,1.12028,0.01225,10290821.55147,2000-04-29T14:53:36.031,15003.91575
127.44500,0.60496,-1187.45440,395133.04781,3386040.09134,1.11826,0.01136,10223978.69957,2000-04-28T20:19:26.360,14989.91618
127.45499,0.49966,-1177.64365,395066.86898,3386078.64576,1.12332,0.01154,10296547.06480,2000-04-29T16:28:57.472,15005.68191
127.46499,0.66068,-1189.60487,395152.07316,3386042.24941,1.11817,0.01172,10245798.39601,2000-04-29T02:23:02.754,14997.97241
127.47498,0.65355,-1182.30290,395145.77612,3386029.71158,1.12168,0.01207,10272052.44660,2000-04-29T09:40:44.046,14997.27964
127.48499,0.28526,-1156.98159,394972.25650,3386052.97311,1.12301,0.01126,10198307.46473,2000-04-28T13:11:37.777,14993.13851
127.49500,0.67779,-1188.98666,395154.85942,3386049.26391,1.11678,0.01171,10173555.12237,2000-04-28T06:19:09.110,14983.80777
127.50502,0.54249,-1178.16666,395090.55112,3386061.28110,1.12048,0.01134,10229926.89826,2000-04-28T21:58:40.532,14996.41240
127.51501,0.39026,-1173.60072,395000.76428,3386077.07499,1.12161,0.01278,10290868.53148,2000-04-29T14:54:19.854,15004.05790
127.52501,0.61950,-1178.24875,395090.47223,3386077.02976,1.13335,0.01170,10318716.29579,2000-04-29T22:38:23.458,15005.97149
127.53499,0.54242,-1169.48978,395087.79595,3386065.44621,1.13505,0.01235,10300765.09972,2000-04-29T17:39:11.688,15006.51769
127.54500,0.42898,-1170.58658,395050.99378,3386084.26645,1.13081,0.01163,10319551.74929,2000-04-29T22:52:23.968,15008.73427
127.55500,0.60156,-1175.12077,395100.61109,3386064.24437,1.12910,0.01152,10239403.68680,2000-04-29T00:36:28.332,14992.23695
127.56499,0.45686,-1168.25725,395026.57838,3386096.70018,1.12645,0.01188,10260675.09507,2000-04-29T06:30:58.418,14999.29560
127.57498,0.85342,-1182.90392,395247.42973,3386021.21147,1.12379,0.01458,10313315.57165,2000-04-29T21:08:42.292,15004.69901
127.58501,0.22024,-1160.73141,394981.52315,3386057.01330,1.12693,0.01314,10144422.09112,2000-04-27T22:13:34.007,14982.28182
127.59501,0.78953,-1189.73583,395239.64000,3386033.89699,1.12709,0.01472,10319620.11775,2000-04-29T22:53:37.969,15007.91635
127.60501,0.42829,-1175.96352,395067.63521,3386067.89170,1.12721,0.01351,10271921.15633,2000-04-29T09:38:32.107,15000.75880
127.61500,0.82566,-1188.55073,395233.98663,3386038.97722,1.12637,0.01189,10206297.16507,2000-04-28T15:24:48.161,14989.01327
127.62500,0.61606,-1176.75290,395153.92701,3386035.24344,1.12331,0.01205,10368983.75014,2000-04-30T12:36:20.019,15016.65293
127.63499,0.67626,-1187.65247,395164.95604,3386035.87158,1.11729,0.01226,10193247.04881,2000-04-28T11:47:13.844,14991.05925
127.64499,0.86035,-1199.07356,395232.40962,3386029.95274,1.11737,0.01117,10330262.23207,2000-04-30T01:50:56.793,15006.50673
127.65500,0.30383,-1178.93631,395032.61509,3386025.88983,1.12726,0.01132,10245538.34165,2000-04-29T02:18:46.547,14996.83010
127.66500,0.54471,-1186.94983,395097.61549,3386060.50303,1.12619,0.01160,10258905.91380,2000-04-29T06:01:41.925,15000.25390
127.67499,0.66672,-1182.78103,395182.10502,3386019.24859,1.12605,0.01167,10180342.31795,2000-04-28T08:12:08.555,14987.65086
127.68503,0.81206,-1197.68601,395346.54704,3385983.87931,1.12836,0.01143,10326506.74747,2000-04-30T00:48:08.074,15004.45809
127.69502,0.41586,-1186.24448,395125.48899,3386018.24427,1.12415,0.01043,10501560.81141,2000-05-02T01:25:46.597,15034.03427
127.70501,1.20073,-1215.79677,395429.07048,3386015.51438,1.12838,0.01148,10438573.20409,2000-05-01T07:55:50.117,15026.36190
127.71499,0.73861,-1195.63663,395266.58537,3385981.39997,1.11990,0.01269,10342757.16471,2000-04-30T05:19:06.255,15012.61009
127.72500,0.66121,-1192.35447,395200.62194,3386017.39512,1.12875,0.01155,10252026.40465,2000-04-29T04:06:55.571,14994.75340
127.73498,0.26959,-1174.15867,395034.88480,3386029.18280,1.11877,0.01134,10166501.66717,2000-04-28T04:21:25.589,14988.90170
127.74499,0.82390,-1200.58000,395240.72920,3386031.15375,1.12178,0.01209,10357166.85238,2000-04-30T09:19:24.443,15011.68878
127.75499,0.41443,-1178.03082,395080.23018,3386017.74728,1.12919,0.01136,10193633.74780,2000-04-28T11:53:32.920,14991.06198
127.76500,0.84693,-1208.47258,395317.07421,3385971.34425,1.13513,0.01237,10194631.71866,2000-04-28T12:10:19.007,14989.38067
127.77500,0.57563,-1193.19834,395105.22428,3386040.86410,1.13387,0.01213,10207977.50251,2000-04-28T15:52:46.889,14992.72617
127.78500,0.66576,-1194.16223,395186.19540,3385997.69637,1.13402,0.01221,10195318.84770,2000-04-28T12:21:53.920,14988.27821
127.79499,0.46213,-1188.22536,395039.54482,3386075.22425,1.13035,0.01267,10412149.68588,2000-05-01T00:35:38.147,15021.61451
127.80498,0.61221,-1187.94660,395211.73471,3385981.57048,1.12897,0.01292,10312475.58236,2000-04-29T20:54:18.703,15009.41562
127.81501,0.63184,-1195.86094,395183.13855,3386021.03306,1.13527,0.01277,10129615.85220,2000-04-27T18:06:50.765,14978.76385
127.82503,0.51807,-1192.12191,395139.65267,3386016.83717,1.13847,0.01405,10136712.83621,2000-04-27T20:04:57.433,14979.13336
127.83500,0.64278,-1187.85369,395224.86383,3386037.25136,1.13332,0.01245,10191438.82781,2000-04-28T11:17:13.625,14988.17705
127.84499,0.50686,-1189.74881,395128.10872,3386045.24460,1.12205,0.01307,10255746.96520,2000-04-29T05:08:53.238,15001.64976
127.85498,0.70574,-1191.99590,395166.02762,3386040.31612,1.13111,0.01241,10302292.76374,2000-04-29T18:04:48.373,15003.21498
127.86499,0.73739,-1196.87452,395239.96119,3385996.26707,1.12806,0.01302,10184647.15029,2000-04-28T09:24:02.015,14984.98770
127.87500,0.91234,-1205.18986,395285.89972,3385996.95024,1.12051,0.01342,10241175.74351,2000-04-29T01:06:06.935,14994.71404
127.88500,0.28604,-1177.83942,395029.82671,3386043.10409,1.12124,0.01248,10192573.89116,2000-04-28T11:36:10.462,14991.64151
127.89499,0.41329,-1188.36926,395091.62035,3386013.56808,1.12181,0.01421,10329440.20472,2000-04-30T01:37:17.337,15009.05769
127.90500,0.89837,-1206.99692,395281.24355,3386023.41771,1.11961,0.01351,10232198.34940,2000-04-28T22:36:37.070,14994.64561
127.91500,0.41410,-1190.90217,395096.70539,3386013.59242,1.11709,0.01340,10295634.97951,2000-04-29T16:13:46.015,15002.09029
127.92499,0.67556,-1209.08784,395177.49071,3386048.90354,1.12240,0.01362,10163435.26940,2000-04-28T03:30:33.352,14988.02977
127.93500,0.42447,-1196.04747,395118.78280,3386000.61518,1.11960,0.01383,10224232.18232,2000-04-28T20:23:53.323,14992.31650
127.94499,0.65526,-1201.18725,395189.55838,3385990.82901,1.11522,0.01259,10198135.17760,2000-04-28T13:08:41.206,14986.51520
127.95501,0.74521,-1200.38733,395239.82542,3386012.91353,1.11486,0.01356,10263930.72588,2000-04-29T07:25:24.727,14999.21345
127.96500,0.45276,-1192.02727,395105.23934,3386013.43360,1.12080,0.01430,10221784.02639,2000-04-28T19:42:53.689,14993.63411
127.97499,0.42822,-1193.10579,395138.75296,3385977.23710,1.12082,0.01449,10232572.96452,2000-04-28T22:42:54.449,14996.01353
127.98500,0.64654,-1205.79357,395180.15369,3386004.10949,1.12070,0.01409,10224244.94418,2000-04-28T20:23:57.249,14993.25530
127.99500,0.52321,-1198.45275,395145.33942,3386005.00305,1.12015,0.01351,10102294.47893,2000-04-27T10:31:25.344,14975.75579
128.00499,0.23477,-1187.46562,395040.00104,3386027.67257,1.12197,0.01279,10301001.27287,2000-04-29T17:43:11.283,15005.87959
128.01500,0.56219,-1203.93855,395186.26689,3385974.14906,1.11992,0.01426,10269264.26300,2000-04-29T08:54:11.615,15001.16616
128.02498,0.96968,-1221.58530,395327.96816,3385990.82690,1.12575,0.01401,10189300.26620,2000-04-28T10:41:30.279,14988.91027
128.03499,0.62891,-1205.89151,395223.37635,3385987.20842,1.12043,0.01433,10355874.79666,2000-04-30T08:57:50.893,15010.85883
128.04499,0.30510,-1187.65158,395052.95618,3386014.40232,1.12471,0.01326,10255326.55440,2000-04-29T05:01:56.310,14996.99136
128.05500,0.43306,-1190.68223,395066.36613,3386041.28601,1.11912,0.01312,10243910.94856,2000-04-29T01:51:46.396,14999.11130
128.06499,0.50155,-1197.81909,395125.06384,3386019.31305,1.12005,0.01329,10266653.17618,2000-04-29T08:10:44.639,14993.85294
128.07499,0.48629,-1187.16643,395157.45488,3386002.72829,1.13017,0.01237,10267443.92219,2000-04-29T08:23:58.992,15003.60275
128.08499,0.03349,-1173.95183,394944.17264,3386020.60557,1.12362,0.01246,10294244.84661,2000-04-29T15:50:42.258,15001.72520
128.09499,0.36149,-1191.36286,395079.42031,3386003.58993,1.11776,0.01202,10239453.97998,2000-04-29T00:37:27.978,14997.61980
128.10501,0.72546,-1200.65717,395246.51023,3386002.58986,1.11720,0.01285,10264960.84735,2000-04-29T07:42:35.885,14996.81436
128.11500,0.70582,-1200.76619,395260.63226,3385951.15780,1.12537,0.01215,10284517.48181,2000-04-29T13:08:34.655,15001.87738
128.12502,0.09459,-1186.20670,394953.55410,3386038.73397,1.11572,0.01237,10294252.13290,2000-04-29T15:50:43.797,15003.93454
128.13502,0.55020,-1200.36828,395175.23024,3385996.43362,1.11850,0.01202,10289285.52271,2000-04-29T14:27:55.375,15001.60753
128.14501,0.57476,-1203.35227,395190.32037,3385980.36570,1.11037,0.01259,10270802.33780,2000-04-29T09:19:56.353,15003.26877
128.15499,0.30451,-1196.06201,395058.28795,3386018.55418,1.11120,0.01203,10148038.55152,2000-04-27T23:13:49.214,14981.56651
128.16501,0.61689,-1205.61942,395226.23751,3385982.40731,1.11400,0.01146,10170289.46239,2000-04-28T05:24:41.725,14982.97354
128.17499,0.20009,-1184.22788,395028.80684,3386007.66904,1.11273,0.01240,10257949.05438,2000-04-29T05:45:51.316,14994.55023
128.18501,0.29048,-1188.81296,395042.47386,3386001.31240,1.11507,0.01253,10339574.74135,2000-04-30T04:26:03.275,15016.54618
128.19500,0.74819,-1201.97848,395260.45475,3386000.08265,1.11481,0.01228,10193748.37926,2000-04-28T11:55:37.989,14986.48162
128.20499,0.29720,-1185.31760,395091.04761,3385962.24386,1.12341,0.01183,10165646.20232,2000-04-28T04:07:24.523,14984.30082
128.21500,0.36265,-1189.95896,395084.76631,3386002.11666,1.11785,0.01167,10268106.31893,2000-04-29T08:34:47.816,14999.58574
128.22500,0.25946,-1192.71578,395081.54835,3385986.72520,1.11890,0.01134,10322387.87077,2000-04-29T23:39:36.452,15010.03053
128.23499,0.64689,-1207.58963,395198.95552,3386008.06525,1.11726,0.01186,10309571.36700,2000-04-29T20:06:04.270,15006.84703
128.24501,0.67927,-1208.53064,395225.79990,3386003.31119,1.12218,0.01187,10165304.83848,2000-04-28T04:01:35.258,14984.84988
128.25501,0.18931,-1183.60471,395005.83575,3386027.02233,1.12330,0.01314,10305970.94433,2000-04-29T19:06:00.474,15004.68529
128.26501,0.34419,-1188.20225,395131.67512,3386000.08724,1.12069,0.01099,10244253.27470,2000-04-29T01:57:19.985,14994.31371
128.27499,0.56809,-1197.11519,395207.65370,3386004.13933,1.12454,0.01184,10182959.58300,2000-04-28T08:55:43.921,14989.08925
128.28499,0.60826,-1197.96266,395213.08881,3385969.25410,1.11428,0.01114,10310820.43653,2000-04-29T20:26:54.236,15006.62673
128.29500,0.39551,-1199.74173,395121.31308,3386013.24855,1.11914,0.01317,10233022.07254,2000-04-28T22:50:05.592,14995.58792
128.30498,0.40355,-1195.96967,395142.31163,3386006.75476,1.11361,0.01281,10272504.46111,2000-04-29T09:48:17.023,14997.21801
128.31500,0.22414,-1181.95182,395010.79005,3386033.99032,1.12708,0.01553,10216568.87276,2000-04-28T18:15:54.133,14993.03493
128.32500,0.74850,-1206.92606,395317.45530,3385976.46999,1.12581,0.01579,10270054.96230,2000-04-29T09:07:15.913,14997.97285
128.33499,0.38968,-1198.27878,395099.18088,3386063.62621,1.12836,0.01514,10351058.67687,2000-04-30T07:37:27.183,15012.95465
128.34498,0.81681,-1206.05381,395364.18694,3385972.02517,1.12592,0.01533,10214024.46642,2000-04-28T17:33:27.061,14993.68647
128.35499,0.25165,-1181.49177,395001.97561,3386060.53599,1.11944,0.01552,10243897.19333,2000-04-29T01:51:27.019,14997.58951
128.36499,0.27026,-1180.22641,395062.49412,3385986.85408,1.11414,0.01432,10237404.73012,2000-04-29T00:03:11.094,14994.08866
128.37500,0.51815,-1192.45831,395135.69978,3386004.08744,1.11946,0.01186,10255028.80823,2000-04-29T04:56:59.404,14997.13875
128.38500,0.57146,-1195.93630,395253.07971,3385985.39816,1.12286,0.01321,10261023.53890,2000-04-29T06:36:50.569,14997.20036
128.39499,0.41491,-1183.84453,395117.85462,3386006.71708,1.12827,0.01167,10291880.15023,2000-04-29T15:11:10.913,15003.94996
128.40501,0.82965,-1201.48171,395309.78966,3385986.28707,1.13505,0.01182,10296981.13067,2000-04-29T16:36:09.176,15005.43531
128.41500,0.70585,-1197.93615,395196.22198,3386042.32032,1.13915,0.01243,10341112.20065,2000-04-30T04:51:47.951,15013.60523
128.42500,0.46301,-1187.80048,395101.67575,3386031.25311,1.13255,0.01097,10300266.17158,2000-04-29T17:30:59.181,15006.46229
128.43500,-0.20340,-1158.69989,394878.10696,3386023.00574,1.12928,0.01215,10315495.77248,2000-04-29T21:44:52.928,15006.80024
128.44501,0.60034,-1186.71747,395144.27964,3386054.42052,1.13079,0.01135,10205351.68648,2000-04-28T15:09:09.329,14987.84922
128.45500,0.55525,-1183.53358,395163.58028,3386013.17350,1.13361,0.01151,10336825.57131,2000-04-30T03:40:17.708,15011.15663
128.46499,0.37820,-1186.40606,395083.01398,3386018.66890,1.13656,0.01113,10282068.60837,2000-04-29T12:27:43.239,15002.08025
128.47502,0.74061,-1201.49849,395247.67603,3386002.10186,1.14251,0.01098,10246356.60950,2000-04-29T02:32:38.236,14994.24337
128.48500,0.37440,-1188.15767,395096.49808,3386002.10820,1.13507,0.01208,10228170.62311,2000-04-28T21:29:20.033,14994.97091
128.49500,0.63041,-1200.04925,395264.28261,3386001.52041,1.13040,0.01101,10274432.55982,2000-04-29T10:20:25.755,15000.45748
128.50501,0.31863,-1185.33214,395093.37714,3385963.07291,1.12613,0.01079,10215149.96756,2000-04-28T17:52:24.197,14993.91313
128.51502,0.59861,-1205.75404,395230.50161,3385963.20909,1.13447,0.01261,10223877.85350,2000-04-28T20:17:53.419,14996.43895
128.52501,0.31828,-1190.46427,395123.90240,3385971.20935,1.12522,0.01403,10217404.45530,2000-04-28T18:29:58.997,14989.19731
128.53502,0.72986,-1219.92307,395309.57726,3385967.91878,1.12037,0.01491,10270635.22895,2000-04-29T09:17:13.491,15001.38727
128.54500,0.52100,-1204.63867,395223.98479,3385976.48882,1.12631,0.01153,10194085.07832,2000-04-28T12:01:09.375,14990.28023
128.55499,0.57069,-1202.20592,395222.75846,3385976.86281,1.12712,0.01121,10321523.47884,2000-04-29T23:25:12.444,15006.01001
128.56500,0.27166,-1184.03662,395059.68038,3386025.87862,1.12393,0.01117,10244268.17967,2000-04-29T01:57:38.180,14992.86814
128.57499,0.56263,-1193.50814,395265.11913,3385931.11281,1.12210,0.01434,10305136.25399,2000-04-29T18:52:11.854,15007.02939
128.58499,1.12115,-1210.85855,395413.16458,3385994.53950,1.12826,0.01292,10116917.43764,2000-04-27T14:35:06.743,14980.27262
128.59501,0.01090,-1179.60893,394982.92800,3386000.47579,1.12031,0.01176,10255310.78086,2000-04-29T05:01:46.349,14999.03594
128.60502,-0.05538,-1170.54479,395088.26812,3385962.66473,1.12920,0.01198,10089171.84072,2000-04-27T06:53:00.277,14973.66611
128.61502,-0.11311,-1170.54704,395231.21537,3385953.75858,1.13562,0.01103,10161336.42693,2000-04-28T02:55:52.726,14981.01655
128.62498,0.50581,-1202.54007,395163.32750,3386007.11819,1.12495,0.01248,10171442.53046,2000-04-28T05:43:54.286,14987.58919
128.63500,0.48283,-1195.65045,395191.09982,3385949.27598,1.12384,0.01185,10203535.97315,2000-04-28T14:38:48.073,14991.48543
128.64500,0.38422,-1200.38340,395121.29439,3386004.31679,1.12341,0.01087,10260694.67815,2000-04-29T06:31:22.393,14995.53615
128.65500,0.79238,-1223.27735,395316.26537,3385969.48912,1.12357,0.01154,10246092.35195,2000-04-29T02:27:58.507,15000.02488
128.66500,0.75639,-1218.00842,395310.48045,3385952.50138,1.12476,0.01264,10172493.85063,2000-04-28T06:01:19.522,14986.40173
128.67499,0.44716,-1209.16360,395167.24624,3385959.37609,1.11853,0.01146,10297364.42857,2000-04-29T16:42:33.230,15002.89148
128.68500,0.94502,-1222.48494,395394.95506,3385942.54111,1.12308,0.01224,10276006.78998,2000-04-29T10:46:26.151,15002.96701
128.69501,0.46362,-1201.29819,395147.73485,3385979.90138,1.12993,0.01261,10176340.96715,2000-04-28T07:05:34.306,14984.19853
128.70499,0.24558,-1192.42267,395045.74316,3385981.09812,1.12873,0.01180,10171661.19290,2000-04-28T05:47:29.823,14988.29279
128.71499,0.75925,-1215.28324,395260.48128,3386007.11147,1.12291,0.01209,10225754.23262,2000-04-28T20:48:56.951,14994.08364
128.72500,0.28414,-1202.60637,395078.36071,3385985.67842,1.12413,0.01200,10196928.09331,2000-04-28T12:48:40.728,14987.16792
128.73500,0.96701,-1238.33317,395388.57549,3385950.82216,1.12444,0.01196,10185187.75770,2000-04-28T09:33:05.812,14987.39669
128.74498,0.34351,-1206.48224,395106.10159,3385963.14308,1.12086,0.01233,10124337.15899,2000-04-27T16:38:39.178,14979.67128
128.75500,0.36468,-1213.87917,395212.74825,3385942.36388,1.12090,0.01242,10324825.47452,2000-04-30T00:20:16.084,15007.85377
128.76499,0.73760,-1227.77285,395374.54092,3385935.95866,1.11884,0.01286,10206661.97704,2000-04-28T15:31:02.358,14990.42796
128.77498,0.47348,-1211.42059,395275.69423,3385951.59031,1.11822,0.01206,10263567.47442,2000-04-29T07:19:16.262,14999.71715
128.78500,0.23570,-1201.14621,395183.58962,3385939.14591,1.12501,0.01237,10232885.22811,2000-04-28T22:47:52.890,14993.27501
128.79500,0.76958,-1225.69997,395337.92687,3385952.73091,1.12489,0.01121,10294280.43085,2000-04-29T15:51:28.761,15003.08459
128.80500,0.83753,-1228.67401,395352.68300,3385937.14128,1.13084,0.01226,10227851.64410,2000-04-28T21:24:08.519,14997.48240
128.81500,0.39602,-1210.51519,395180.15638,3385976.20389,1.13751,0.01170,10231692.04640,2000-04-28T22:28:04.329,14992.62733
128.82500,0.64871,-1220.44713,395260.36679,3385964.41232,1.12233,0.01190,10206831.77645,2000-04-28T15:33:39.794,14993.98852
128.83498,0.43074,-1210.09620,395188.93398,3385989.56126,1.12477,0.01156,10303723.92688,2000-04-29T18:28:45.322,15002.52760
128.84500,0.33324,-1204.59602,395112.34380,3385979.72990,1.12322,0.01133,10190957.63204,2000-04-28T11:09:16.522,14986.01876
128.85500,0.33379,-1208.32899,395124.31727,3386004.56407,1.12999,0.01193,10287774.98272,2000-04-29T14:02:40.840,15001.63306
128.86500,0.28590,-1208.28428,395164.93905,3385942.13339,1.12729,0.01148,10291069.68133,2000-04-29T14:57:43.969,15001.46251
128.87502,0.53199,-1213.68338,395227.20204,3385978.71307,1.12468,0.01211,10204262.99448,2000-04-28T14:50:57.498,14993.87322
128.88500,0.64665,-1224.94026,395282.37325,3385927.56337,1.12073,0.01135,10316451.52808,2000-04-29T22:00:47.138,15006.60437
128.89501,0.65523,-1233.38572,395330.02120,3385969.24285,1.12200,0.01212,10139659.61257,2000-04-27T20:54:07.725,14980.12550
128.90498,0.40657,-1218.13237,395191.13725,3385965.10604,1.12744,0.01223,10327757.69594,2000-04-30T01:09:15.616,15007.82447
128.91499,0.48998,-1223.48054,395289.85598,3385943.19918,1.12934,0.01078,10251589.74732,2000-04-29T03:59:36.078,14996.20030
128.92500,0.48871,-1225.50068,395241.99170,3385956.73467,1.12066,0.01120,10277448.78213,2000-04-29T11:10:47.025,14999.26132
128.93499,0.57077,-1228.45723,395323.48871,3385922.74797,1.11964,0.01235,10415334.05869,2000-05-01T01:28:42.935,15020.26566
128.94501,0.28428,-1220.40967,395090.32146,3386028.21071,1.12077,0.01216,10318036.96179,2000-04-29T22:27:10.763,15011.57200
128.95500,0.60520,-1220.21886,395301.70709,3385963.86311,1.12590,0.01152,10226439.48924,2000-04-28T21:00:25.065,14994.39528
128.96498,0.61053,-1215.16978,395279.32171,3385940.42001,1.11774,0.01077,10329837.42035,2000-04-30T01:43:44.089,15006.83103
128.97500,0.57685,-1211.71997,395219.58038,3385975.78600,1.11851,0.01252,10185229.36735,2000-04-28T09:33:48.238,14984.23691
128.98500,0.72726,-1208.83568,395335.80863,3385935.47997,1.12083,0.01216,10329352.78949,2000-04-30T01:35:45.898,15010.15743
128.99499,0.61454,-1219.35085,395240.73961,3385977.27472,1.11780,0.01239,10182174.15576,2000-04-28T08:42:42.239,14988.86163
129.00499,0.60762,-1221.41912,395352.83101,3385962.41427,1.12470,0.01431,10395163.43700,2000-04-30T19:52:37.398,15019.00150
129.01500,0.12031,-1199.71146,395116.06841,3385946.56591,1.12513,0.01458,10253707.66309,2000-04-29T04:35:04.450,14993.81104
129.02498,0.83430,-1235.93758,395358.80703,3385961.72579,1.12152,0.01427,10384524.01301,2000-04-30T16:55:18.333,15018.97279
129.03499,0.79492,-1231.23653,395316.50842,3385981.84894,1.11967,0.01375,10300995.52763,2000-04-29T17:43:03.866,15004.46476
129.04500,0.37981,-1217.22448,395156.31023,3385983.71838,1.12219,0.01389,10305388.41965,2000-04-29T18:56:16.334,15004.36320
129.05500,0.69105,-1206.30124,395295.48152,3385961.53438,1.12083,0.01343,10217985.14112,2000-04-28T18:39:39.914,14991.77255
129.06500,0.83029,-1222.10183,395353.99402,3385970.62368,1.11878,0.01417,10232938.36700,2000-04-28T22:48:51.599,14997.66902
129.07501,0.67914,-1234.93794,395326.59120,3385977.44226,1.12492,0.01457,10221249.40551,2000-04-28T19:34:12.978,14992.79152
129.08500,0.85808,-1246.81936,395362.27325,3385965.66382,1.11654,0.01895,10236543.73448,2000-04-28T23:49:10.227,14992.89552
129.09500,0.49413,-1229.72906,395375.07070,3385961.24868,1.11984,0.01653,10343955.23764,2000-04-30T05:39:13.651,15011.25897
129.10501,0.36222,-1217.60263,395329.97288,3385932.79389,1.12272,0.01665,10300415.18698,2000-04-29T17:33:30.454,15000.97941
129.11500,0.50447,-1222.62463,395400.20113,3385944.66935,1.12110,0.01532,10264879.25957,2000-04-29T07:41:15.194,14999.73803
129.12500,0.42650,-1222.37756,395332.90182,3385984.34678,1.12643,0.01649,10251231.98341,2000-04-29T03:53:46.867,14999.62089
129.13500,0.35868,-1219.21260,395329.18781,3385945.27474,1.12523,0.01592,10370291.61360,2000-04-30T12:58:12.510,15019.18613
129.14500,0.35777,-1217.90594,395273.91521,3385957.25569,1.12697,0.01734,10363042.82245,2000-04-30T10:57:22.148,15012.26061
129.15500,0.51882,-1224.84400,395369.10334,3385931.05737,1.12851,0.01623,10248213.75148,2000-04-29T03:03:32.499,14994.62920
129.16501,0.17363,-1216.16064,395180.45131,3385979.91861,1.13263,0.01578,10278428.29004,2000-04-29T11:27:02.847,15002.19604
129.17500,0.36839,-1221.67905,395286.67660,3385950.08982,1.13157,0.01691,10276562.78943,2000-04-29T10:56:07.402,15002.57157
129.18501,0.49866,-1231.77452,395332.13064,3385954.74635,1.12785,0.01596,10259403.04404,2000-04-29T06:09:53.512,14997.01381
129.19500,0.26208,-1225.69918,395214.35345,3385994.72342,1.12514,0.01656,10469980.94525,2000-05-01T16:39:48.277,15031.88213
129.20500,0.50952,-1224.83751,395334.80585,3385947.69573,1.12350,0.01633,10378525.95507,2000-04-30T15:15:24.237,15012.77371
129.21499,0.32152,-1216.48457,395237.61713,3385972.07999,1.12137,0.01624,10334416.42656,2000-04-30T03:00:04.827,15011.23761
129.22502,0.58129,-1226.25544,395320.58427,3385971.93956,1.12045,0.01669,10251458.60778,2000-04-29T03:57:31.720,14996.26572
129.23499,0.38158,-1221.40274,395259.97634,3385987.40238,1.12194,0.01712,10355868.82280,2000-04-30T08:57:43.460,15012.12561
129.24498,0.67822,-1235.70034,395441.30389,3385937.88857,1.11959,0.01792,10425688.57206,2000-05-01T04:21:26.033,15023.11373
129.25500,0.30365,-1220.37023,395195.42622,3385966.53448,1.12134,0.01756,10308722.75601,2000-04-29T19:51:58.550,15007.07745
129.26500,0.07620,-1211.96956,395092.14182,3385978.67080,1.12198,0.01864,10439842.31962,2000-05-01T08:17:20.425,15023.63109
129.27501,0.99778,-1256.15043,395516.53775,3385949.06504,1.12638,0.01884,10330418.38806,2000-04-30T01:53:31.264,15007.49010
129.28500,0.40557,-1224.53544,395295.18405,3385990.68774,1.12612,0.01567,10421333.10494,2000-05-01T03:08:51.805,15024.47176
129.29499,0.41206,-1227.52835,395249.10481,3385948.78269,1.13128,0.01297,10349157.45519,2000-04-30T07:05:58.533,15013.75005
129.30500,0.22287,-1217.31427,395156.01390,3385985.56746,1.12959,0.01223,10314020.41396,2000-04-29T21:20:15.064,15008.43275
129.31500,0.41811,-1226.14804,395229.50689,3385978.75981,1.13083,0.01278,10374196.16469,2000-04-30T14:03:15.426,15011.33343
129.32499,0.54966,-1231.85400,395297.13883,3385977.61574,1.12252,0.01193,10352541.48933,2000-04-30T08:02:16.795,15010.85507
129.33499,0.66600,-1233.30009,395362.61268,3385947.93141,1.12812,0.01361,10355668.83473,2000-04-30T08:54:22.492,15010.81571
129.34501,0.55494,-1227.38752,395282.04761,3385973.22236,1.13179,0.01384,10357573.42945,2000-04-30T09:26:13.224,15012.16696
129.35500,0.21008,-1217.05919,395175.97418,3385964.81585,1.12628,0.01291,10310058.13693,2000-04-29T20:14:14.190,15003.68626
129.36499,0.40394,-1224.35248,395259.72790,3385955.26801,1.13470,0.01332,10380887.59761,2000-04-30T15:54:44.828,15018.79594
129.37500,0.67587,-1229.91620,395328.14383,3385945.98939,1.13802,0.01306,10331251.85919,2000-04-30T02:07:27.869,15006.39818
129.38501,0.33357,-1210.56533,395193.06293,3385973.30737,1.14107,0.01427,10428007.79645,2000-05-01T05:00:02.845,15024.50825
129.39501,0.34042,-1192.19433,395104.37640,3386062.96063,1.14116,0.01384,10609896.60450,2000-05-03T07:31:25.625,15046.88161
129.40500,0.32186,-1214.22259,395187.22825,3385980.53944,1.13883,0.01546,10425493.21680,2000-05-01T04:18:14.283,15022.84998
129.41502,0.67323,-1234.73084,395323.54453,3385933.17841,1.14006,0.01516,10337434.97019,2000-04-30T03:50:38.214,15012.35724
129.42500,0.22620,-1217.38973,395135.71740,3385976.60738,1.12833,0.01353,10335741.49180,2000-04-30T03:22:21.255,15007.65023
129.43500,0.51138,-1222.21883,395246.42899,3385977.90656,1.12921,0.01393,10370837.26939,2000-04-30T13:07:19.948,15014.79910
129.44501,0.45988,-1217.92231,395265.63963,3385946.99375,1.12924,0.01284,10367641.00755,2000-04-30T12:14:02.342,15009.43223
129.45501,0.56187,-1233.02696,395273.22307,3385983.15171,1.13348,0.01347,10252812.28893,2000-04-29T04:20:11.812,15000.96612
129.46500,0.47738,-1225.81608,395241.46524,3385959.73989,1.12835,0.01306,10338892.25182,2000-04-30T04:15:02.517,15008.03454
129.47500,0.75909,-1242.00346,395403.32673,3385940.83637,1.13299,0.01326,10345996.81530,2000-04-30T06:13:14.898,15008.38236
129.48500,0.30586,-1220.31496,395162.83061,3385990.50809,1.13400,0.01222,10242594.32035,2000-04-29T01:29:51.017,14992.35103
129.49499,0.84505,-1239.48222,395413.52510,3385934.03958,1.12796,0.01119,10382374.45904,2000-04-30T16:19:31.563,15018.22788
129.50500,0.47863,-1227.23445,395230.51352,3385953.48273,1.12863,0.01152,10418794.76884,2000-05-01T02:26:32.961,15019.12863
129.51501,0.42519,-1215.24182,395302.83040,3385927.07374,1.13673,0.01218,10289766.89355,2000-04-29T14:36:06.382,15002.84976
129.52501,0.73246,-1229.72551,395382.75110,3385968.91811,1.12936,0.01195,10251581.11235,2000-04-29T03:59:32.560,14998.83961
129.53500,0.37557,-1216.12607,395222.17485,3385991.07950,1.13036,0.01131,10293045.34515,2000-04-29T15:30:36.481,15006.53388
129.54501,0.68317,-1229.44070,395349.87166,3385930.28096,1.12796,0.01101,10259352.64596,2000-04-29T06:09:12.998,14993.80118
129.55500,0.82167,-1238.83596,395442.28988,3385917.51442,1.12942,0.01199,10191990.83384,2000-04-28T11:26:26.455,14991.58372
129.56501,0.42415,-1225.08892,395220.56930,3385969.65793,1.13076,0.01351,10307041.39885,2000-04-29T19:24:08.642,15004.22716
129.57500,0.58409,-1231.58074,395264.14605,3385965.48508,1.13520,0.01317,10155996.88400,2000-04-28T01:26:38.887,14981.19833
129.58499,0.58085,-1232.80436,395297.20102,3385948.24555,1.12899,0.01263,10411123.86342,2000-05-01T00:18:49.923,15022.79702
129.59499,0.20654,-1203.04912,395175.32862,3385944.43383,1.13191,0.01354,10368282.51646,2000-04-30T12:24:44.311,15015.66229
129.60500,0.58708,-1221.91701,395296.91431,3385945.39757,1.13586,0.01299,10254599.43884,2000-04-29T04:49:51.909,14994.15252
129.61500,0.31563,-1211.04519,395238.77694,3385930.79796,1.13649,0.01270,10290706.39860,2000-04-29T14:51:38.128,15005.21453
129.62500,0.46006,-1220.54943,395303.04886,3385932.13598,1.13880,0.01639,10360822.20621,2000-04-30T10:20:28.521,15010.28322
129.63501,0.55583,-1218.15944,395328.04507,3385926.54231,1.14118,0.01510,10263602.60833,2000-04-29T07:20:01.271,14999.82466
129.64499,0.68707,-1225.62215,395358.73527,3385968.80697,1.14227,0.01326,10300980.18204,2000-04-29T17:42:52.134,15002.46745
129.65500,0.70511,-1224.86407,395383.86979,3385914.01299,1.13631,0.01130,10166924.86396,2000-04-28T04:28:45.591,14986.30665
129.66500,0.34028,-1212.28523,395263.41968,3385914.52978,1.13676,0.01046,10283525.28103,2000-04-29T12:52:04.505,15001.80745
129.67501,0.85047,-1234.22329,395422.10237,3385930.97728,1.13986,0.01121,10178895.99275,2000-04-28T07:48:11.852,14985.67663
129.68499,0.95481,-1248.00808,395506.41754,3385908.70394,1.14233,0.00987,10270292.87303,2000-04-29T09:11:26.922,15004.26787
129.69500,-0.08456,-1197.57563,395033.53277,3385951.80464,1.13602,0.01101,10159640.42427,2000-04-28T02:27:12.764,14986.68321
129.70501,0.64199,-1221.66756,395348.38322,3385937.84495,1.13195,0.01128,10316766.14639,2000-04-29T22:06:07.672,15004.16174
129.71501,0.69793,-1212.17637,395443.55760,3385927.77765,1.13927,0.01062,10234441.70055,2000-04-28T23:14:03.443,14997.09075
129.72500,0.69202,-1223.08004,395370.77610,3385941.81307,1.13772,0.01064,10320815.64359,2000-04-29T23:13:31.045,15007.43311
129.73501,0.76110,-1230.52307,395422.10640,3385894.95647,1.14129,0.01153,10226226.95042,2000-04-28T20:56:58.127,14993.76260
129.74501,0.52290,-1224.49132,395326.31532,3385929.63352,1.12778,0.01161,10235013.73670,2000-04-28T23:23:33.949,14995.34725
129.75502,0.57863,-1236.27539,395372.09028,3385911.21810,1.13798,0.01063,10292370.74895,2000-04-29T15:19:24.953,15006.12843
129.76500,0.48954,-1233.80498,395316.11520,3385918.02563,1.13535,0.01121,10195536.35675,2000-04-28T12:25:22.865,14991.57858
129.77499,0.57088,-1238.21212,395369.96236,3385894.51858,1.13345,0.01027,10281294.42158,2000-04-29T12:14:51.901,14998.13807
129.78501,0.74484,-1246.02698,395373.99049,3385914.83564,1.12913,0.01164,10270577.11856,2000-04-29T09:16:16.228,14999.66205
129.79503,0.35315,-1233.99033,395213.81575,3385944.11491,1.13076,0.01070,10292061.70422,2000-04-29T15:14:13.789,15002.45296
129.80499,0.53378,-1241.81922,395277.48978,3385952.44458,1.12875,0.00990,10237163.04761,2000-04-28T23:59:18.939,14995.24265
129.81500,0.62877,-1245.18980,395339.82670,3385913.53479,1.12869,0.01177,10234986.12171,2000-04-28T23:23:00.737,14994.04396
129.82501,0.46093,-1240.99488,395227.34175,3385965.49802,1.13585,0.01064,10317486.19192,2000-04-29T22:18:08.577,15010.06913
129.83499,0.31124,-1235.14019,395231.78711,3385914.86244,1.12555,0.01106,10210317.24406,2000-04-28T16:31:50.278,14990.40593
129.84499,0.85454,-1257.66749,395439.61811,3385904.39692,1.12969,0.01089,10247324.22717,2000-04-29T02:48:50.784,14997.10389
129.85501,0.67478,-1249.35336,395401.11663,3385877.02497,1.12938,0.01121,10164261.45313,2000-04-28T03:44:18.473,14986.60529
129.86500,0.61107,-1250.78335,395352.13121,3385915.23868,1.12852,0.01049,10257034.38338,2000-04-29T05:30:24.044,14998.20542
129.87498,0.75181,-1259.70611,395441.88836,3385915.66624,1.12429,0.01150,10168520.71778,2000-04-28T04:55:13.693,14987.33235
129.88501,0.75530,-1257.97030,395441.18561,3385885.28088,1.13363,0.01483,10229015.27251,2000-04-28T21:43:40.849,14994.68879
129.89500,0.47886,-1245.69383,395325.71615,3385928.60509,1.13462,0.01565,10173559.27367,2000-04-28T06:19:18.232,14989.07297
129.90499,0.61894,-1256.73172,395386.76697,3385920.15216,1.13303,0.01574,10148668.68191,2000-04-27T23:24:27.092,14981.86595
129.91502,0.80133,-1261.51920,395493.69651,3385857.75617,1.13104,0.01493,10279383.31197,2000-04-29T11:43:02.244,15000.46597
129.92501,0.72942,-1255.66368,395428.58127,3385897.05892,1.13080,0.01518,10249288.94197,2000-04-29T03:21:19.608,14998.76236
129.93500,0.52555,-1248.86068,395383.39992,3385882.81239,1.13210,0.01503,10264396.53832,2000-04-29T07:33:21.839,14999.51617
129.94501,0.78353,-1255.19025,395453.27959,3385909.53530,1.12934,0.01608,10208495.38011,2000-04-28T16:01:26.329,14993.49955
129.95499,0.58386,-1248.94445,395397.14649,3385899.06169,1.12430,0.01525,10109277.27395,2000-04-27T12:28:01.737,14977.82693
129.96500,0.89989,-1256.53897,395533.97366,3385883.46892,1.12987,0.01450,10212760.43286,2000-04-28T17:12:35.148,14989.61447
129.97500,0.59533,-1248.06162,395381.80760,3385892.68244,1.12219,0.01514,10149845.81156,2000-04-27T23:44:00.524,14982.93914
129.98500,0.95463,-1266.82717,395587.99248,3385867.25019,1.12936,0.01533,10199950.21905,2000-04-28T13:39:03.667,14990.06758
129.99499,0.49740,-1253.64302,395330.25278,3385908.88480,1.12090,0.01516,10121774.28538,2000-04-27T15:56:03.655,14980.90923
130.00500,0.82751,-1257.24640,395531.95638,3385853.91938,1.12570,0.01559,10297529.28941,2000-04-29T16:45:18.574,15002.04660
130.01500,0.81509,-1260.22548,395528.63691,3385848.55517,1.12825,0.01334,10285438.22361,2000-04-29T13:23:48.273,15002.59841
130.02497,0.66452,-1254.04833,395448.09722,3385881.92458,1.13120,0.01206,10235089.56404,2000-04-28T23:24:33.929,15000.13199
130.03499,0.71822,-1259.10756,395472.09597,3385857.13346,1.13187,0.01424,10188378.76030,2000-04-28T10:26:10.953,14984.89276
130.04500,0.64800,-1270.83203,395442.54647,3385864.13902,1.12914,0.01524,10172537.46049,2000-04-28T06:01:58.642,14986.91961
130.05500,0.55109,-1259.32691,395410.92401,3385861.20294,1.13324,0.01537,10119357.65481,2000-04-27T15:15:54.794,14975.77691
130.06500,0.65057,-1268.29054,395450.59303,3385861.27159,1.12914,0.01565,10160492.40753,2000-04-28T02:41:21.084,14984.25925
130.07500,0.60982,-1264.35630,395462.06423,3385847.80631,1.13003,0.01518,10284426.28279,2000-04-29T13:06:49.821,15005.18613
130.08500,0.79711,-1279.22986,395495.40473,3385872.32386,1.13355,0.01329,10223372.03831,2000-04-28T20:09:22.894,14994.72637
130.09500,0.43227,-1255.89965,395401.69763,3385845.06389,1.13781,0.01280,10364783.20960,2000-04-30T11:26:21.048,15011.83977
130.10499,0.89897,-1261.15335,395556.32167,3385843.05294,1.13972,0.01241,10201278.68262,2000-04-28T14:00:59.759,14992.41291
130.11499,0.46385,-1247.30986,395399.18880,3385851.51845,1.13630,0.01275,10324568.65696,2000-04-30T00:16:03.444,15007.05408
130.12501,0.82928,-1260.70605,395474.35227,3385886.05244,1.13806,0.01318,10201744.31098,2000-04-28T14:08:51.193,14989.62177
130.13501,0.67820,-1255.36662,395451.94250,3385851.38062,1.13660,0.01341,10225566.76655,2000-04-28T20:45:59.397,14994.10550
130.14501,0.56200,-1253.41997,395382.11730,3385874.66601,1.13488,0.01288,10155316.98797,2000-04-28T01:15:05.763,14978.50716
130.15499,0.38910,-1251.62968,395304.49801,3385890.43797,1.13095,0.01200,10292822.27486,2000-04-29T15:26:50.520,15002.75979
130.16501,0.62364,-1254.40706,395408.12455,3385879.49367,1.13141,0.01303,10288359.57984,2000-04-29T14:12:29.997,15005.17086
130.17502,0.80151,-1255.10528,395518.48562,3385814.70590,1.13008,0.01374,10142830.04121,2000-04-27T21:46:52.778,14982.63929
130.18500,0.56411,-1251.04033,395434.74938,3385843.00239,1.12524,0.01339,10357087.64906,2000-04-30T09:18:06.375,15010.33591
130.19501,0.56842,-1253.11363,395435.62038,3385869.96157,1.12965,0.01472,10207396.01129,2000-04-28T15:43:08.080,14992.13756
130.20500,0.81551,-1256.33401,395508.85279,3385862.24029,1.12664,0.01169,10236196.60547,2000-04-28T23:42:55.438,14996.36257
130.21500,0.86629,-1267.10827,395569.64014,3385849.37377,1.12336,0.01079,10222280.66272,2000-04-28T19:51:14.362,14993.30552
130.22501,0.60702,-1251.70055,395424.42911,3385865.83903,1.12263,0.01063,10200037.56550,2000-04-28T13:40:30.576,14991.96605
130.23501,0.39121,-1252.43516,395314.39363,3385915.82189,1.12562,0.01093,10290583.25800,2000-04-29T14:49:35.030,15002.23212
130.24500,0.57325,-1252.89621,395426.68874,3385870.63449,1.11725,0.01064,10194037.81102,2000-04-28T12:00:25.048,14990.65539
130.25501,0.80465,-1261.60006,395524.93864,3385867.06992,1.12160,0.00969,10180609.10594,2000-04-28T08:16:46.438,14987.13123
130.26501,0.90215,-1254.64802,395545.59121,3385871.56334,1.12152,0.01027,10229520.89690,2000-04-28T21:51:47.100,14997.72998
130.27500,0.68853,-1255.16208,395476.94709,3385874.43909,1.12328,0.01028,10220061.03083,2000-04-28T19:14:12.313,14996.82815
130.28500,0.39839,-1241.63217,395300.72978,3385923.86935,1.13193,0.01033,10269987.67192,2000-04-29T09:06:05.894,15001.37308
130.29500,1.11018,-1270.02952,395653.59666,3385861.46100,1.12430,0.00987,10186788.21776,2000-04-28T09:59:44.824,14985.50984
130.30499,0.77739,-1261.04830,395497.59049,3385891.29267,1.12960,0.00970,10274496.93206,2000-04-29T10:21:16.108,15004.83830
130.31500,0.60802,-1262.90442,395456.77855,3385880.80814,1.12468,0.01054,10119116.18883,2000-04-27T15:11:49.219,14980.36777
130.32500,0.97981,-1283.26552,395579.39100,3385863.40725,1.12006,0.01136,10266928.94586,2000-04-29T08:15:20.238,15001.94830
130.33500,0.57556,-1268.33106,395430.74502,3385874.90247,1.12775,0.01226,10180740.54546,2000-04-28T08:18:51.883,14986.79432
130.34500,0.46499,-1266.04271,395373.88112,3385865.76545,1.12484,0.01166,10158116.43232,2000-04-28T02:01:45.769,14983.13685
130.35499,0.63774,-1275.19869,395491.32139,3385855.14916,1.12373,0.01177,10228219.86675,2000-04-28T21:30:12.901,14995.54509
130.36501,0.71663,-1272.95967,395515.01947,3385838.70435,1.12385,0.01436,10243472.89021,2000-04-29T01:44:23.916,14999.72076
130.37502,0.59364,-1264.91127,395474.48950,3385844.65841,1.13365,0.01403,10186908.84559,2000-04-28T10:01:36.100,14987.96153
130.38500,0.61401,-1268.90153,395451.41047,3385866.07974,1.13496,0.01479,10239900.33180,2000-04-29T00:44:59.984,14994.64477
130.39501,0.40836,-1253.26271,395364.21049,3385899.00040,1.12410,0.01304,10199017.97955,2000-04-28T13:23:20.392,14989.34501
130.40499,0.64844,-1265.89664,395455.38031,3385885.09563,1.12212,0.01353,10262476.08342,2000-04-29T07:01:04.139,15000.79935
130.41501,0.54775,-1256.36001,395478.74529,3385864.72295,1.12261,0.01220,10155811.55935,2000-04-28T01:23:30.034,14984.75944
130.42501,0.50612,-1255.69055,395402.38979,3385905.02667,1.11922,0.01110,10252013.84746,2000-04-29T04:06:50.520,14996.50835
130.43499,0.69539,-1275.65859,395559.01641,3385869.24872,1.12290,0.01030,10123505.47664,2000-04-27T16:25:02.452,14979.41069
130.44502,0.50553,-1256.85897,395372.94852,3385828.54215,1.11647,0.01008,10230049.29865,2000-04-28T22:00:33.477,14999.47415
130.45501,0.62956,-1271.38927,395407.34289,3385854.26659,1.11964,0.00942,10134541.94090,2000-04-27T19:28:52.473,14980.70957
130.46500,0.64765,-1269.00552,395406.21602,3385855.17664,1.11920,0.00999,10272580.25190,2000-04-29T09:49:32.951,15000.00030
130.47500,0.78220,-1273.42842,395502.37746,3385834.90731,1.11557,0.01024,10246601.71676,2000-04-29T02:36:28.773,15000.88671
130.48501,0.47769,-1257.69648,395363.78997,3385822.31568,1.11612,0.00921,10149096.10603,2000-04-27T23:31:31.228,14980.11371
130.49501,0.68499,-1266.94812,395405.69275,3385889.98913,1.11464,0.01001,10175550.17093,2000-04-28T06:52:29.198,14985.99557
130.50500,0.79548,-1264.02727,395443.37414,3385862.36020,1.11335,0.01045,10197249.57616,2000-04-28T12:53:56.109,14990.22843
130.51501,0.67939,-1259.85525,395420.38273,3385881.68831,1.11137,0.00963,10268214.70504,2000-04-29T08:36:53.705,14999.79411
130.52501,0.60970,-1260.11592,395451.88138,3385831.96243,1.12025,0.00969,10220054.07422,2000-04-28T19:14:03.043,14991.69204
130.53499,0.29136,-1243.06790,395298.13642,3385872.85168,1.11363,0.01031,10221621.25211,2000-04-28T19:40:13.129,14995.24800
130.54501,0.71384,-1254.32515,395421.74703,3385855.81008,1.11010,0.01004,10244103.60907,2000-04-29T01:55:06.460,14996.19236
130.55498,1.01084,-1268.50808,395534.52034,3385877.56871,1.11854,0.00983,10223987.70306,2000-04-28T20:19:37.449,14996.51004
130.56499,0.44141,-1247.99512,395296.67803,3385894.66890,1.11411,0.00990,10188738.82995,2000-04-28T10:32:06.375,14990.42565
130.57498,0.42603,-1245.09229,395311.83837,3385873.98272,1.11952,0.01092,10203528.16612,2000-04-28T14:38:38.573,14990.58362
130.58499,0.55333,-1244.52530,395322.83945,3385912.65639,1.11202,0.01027,10092036.03048,2000-04-27T07:40:26.269,14970.67528
130.59500,0.65429,-1244.71362,395438.38227,3385832.91815,1.12049,0.01094,10219152.80582,2000-04-28T18:59:06.598,14995.25221
130.60501,0.92304,-1261.96317,395524.94138,3385866.88226,1.11974,0.00989,10341474.72707,2000-04-30T04:57:47.265,15015.21428
130.61500,0.85419,-1256.61164,395448.56656,3385905.23239,1.12752,0.01080,10145663.88658,2000-04-27T22:34:09.569,14981.80041
130.62499,0.50213,-1242.38294,395329.71608,3385909.92139,1.11782,0.01183,10144844.65416,2000-04-27T22:20:50.943,14982.78334
130.63500,0.51222,-1238.87494,395383.68015,3385866.00407,1.12238,0.01183,10163415.05466,2000-04-28T03:30:08.157,14983.41506
130.64500,0.59067,-1240.62209,395368.50630,3385894.99196,1.12948,0.01047,10114473.32588,2000-04-27T13:54:26.526,14980.13795
130.65498,0.66273,-1247.96540,395376.93949,3385904.09655,1.12784,0.01005,10131362.86435,2000-04-27T18:35:57.034,14978.96033
130.66499,0.87449,-1250.48143,395544.64866,3385843.63596,1.12299,0.01081,10093239.48756,2000-04-27T08:00:36.082,14972.91540
130.67500,0.90052,-1255.98428,395534.99910,3385869.59794,1.12154,0.00979,10161290.25104,2000-04-28T02:54:42.826,14992.51118
130.68500,0.44235,-1243.77937,395304.18906,3385875.08010,1.12091,0.01034,10172457.86825,2000-04-28T06:00:49.862,14985.41608
130.69502,0.71915,-1251.75005,395359.03484,3385895.47645,1.12086,0.00998,10203744.13724,2000-04-28T14:42:16.470,14994.41808
130.70501,0.37348,-1242.75432,395272.36145,3385871.62612,1.12250,0.01065,10212140.98883,2000-04-28T17:02:08.950,14993.99153
130.71500,0.67216,-1247.17703,395400.98290,3385858.79330,1.11570,0.01067,10173092.61073,2000-04-28T06:11:26.929,14986.40268
130.72502,0.39312,-1234.47566,395306.20050,3385854.29136,1.11991,0.01012,10137540.92840,2000-04-27T20:18:50.586,14984.43875
130.73502,0.75093,-1256.06423,395380.99207,3385886.31477,1.11686,0.01057,10186658.88237,2000-04-28T09:57:38.286,14988.43783
130.74499,0.74735,-1254.82485,395445.29036,3385846.09760,1.12521,0.00976,10105573.14093,2000-04-27T11:25:55.811,14975.85039
130.75500,1.09891,-1272.83266,395585.32246,3385854.37156,1.12118,0.01033,10266452.71689,2000-04-29T08:07:27.205,14999.81736
130.76500,0.67446,-1258.46469,395411.05723,3385868.56121,1.12631,0.00973,10158824.14239,2000-04-28T02:13:33.409,14984.07138
130.77499,0.44880,-1251.47992,395301.32276,3385896.68723,1.11647,0.01056,10153918.96642,2000-04-28T00:51:54.651,14985.44446
130.78500,0.73448,-1263.31040,395460.47409,3385844.99935,1.11430,0.00994,10218214.41797,2000-04-28T18:43:27.283,14996.31670
130.79501,0.76697,-1263.22594,395442.23651,3385871.66603,1.11810,0.01072,10182437.50090,2000-04-28T08:47:13.927,14985.17963
130.80498,1.13757,-1280.49644,395640.87118,3385829.32913,1.11625,0.01047,10152700.28900,2000-04-28T00:31:35.097,14984.67844
130.81501,0.80948,-1265.54617,395530.99509,3385807.35265,1.11700,0.00974,10172032.07286,2000-04-28T05:53:45.636,14982.94454
130.82500,0.82734,-1271.82142,395462.74737,3385877.21739,1.10986,0.01027,10220321.16240,2000-04-28T19:18:32.999,14992.35977
130.83500,0.95825,-1279.15621,395564.67678,3385809.76734,1.11201,0.00976,10177667.26944,2000-04-28T07:27:32.657,14991.13501
130.84500,0.73684,-1264.92105,395463.52661,3385856.40912,1.11809,0.00999,10144650.89515,2000-04-27T22:17:22.666,14978.32235
130.85501,0.55670,-1265.62232,395376.31147,3385846.58100,1.11227,0.01053,10187675.74435,2000-04-28T10:14:26.290,14989.57640
130.86499,0.79139,-1264.02776,395478.82758,3385857.96014,1.11291,0.01030,10171195.08938,2000-04-28T05:39:42.381,14988.16514
130.87500,1.01968,-1277.55796,395547.53734,3385845.60784,1.11484,0.01063,10193971.23030,2000-04-28T11:59:21.054,14990.60213
130.88501,0.55610,-1257.36420,395400.43287,3385844.98149,1.12063,0.01114,10227529.98442,2000-04-28T21:18:36.315,14992.68377
130.89499,0.50981,-1250.73670,395346.04214,3385848.06424,1.11755,0.01036,10179789.94652,2000-04-28T08:03:01.188,14985.42701
130.90500,1.01616,-1273.86592,395599.11651,3385830.39296,1.11659,0.01182,10244598.65229,2000-04-29T02:03:05.565,14998.44590
130.91500,1.09145,-1276.45812,395622.87200,3385801.99369,1.12131,0.01047,10097898.38682,2000-04-27T09:18:04.605,14975.40673
130.92500,0.53144,-1255.27785,395384.73263,3385830.22271,1.12329,0.01020,10202319.09780,2000-04-28T14:18:31.935,14989.33166
130.93499,0.66033,-1260.36018,395407.67423,3385868.63368,1.12231,0.01211,10155142.65424,2000-04-28T01:12:04.171,14980.33271
130.94499,0.83424,-1269.67582,395513.53597,3385830.15162,1.12583,0.01099,10239379.51258,2000-04-29T00:36:03.606,14997.03806
130.95500,0.72957,-1264.82446,395452.76273,3385851.13047,1.12691,0.01106,10285008.74883,2000-04-29T13:16:37.457,15004.91457
130.96500,0.63243,-1256.04134,395453.54626,3385815.37958,1.12812,0.00943,10145129.84070,2000-04-27T22:25:12.001,14983.79398
130.97501,0.71708,-1269.85098,395453.41936,3385844.28630,1.11934,0.01095,10096141.53120,2000-04-27T08:48:49.823,14979.13210
130.98499,0.69706,-1266.62615,395460.69118,3385821.89310,1.11621,0.01033,10073250.97948,2000-04-27T02:27:27.132,14974.46649
130.99499,0.90517,-1276.78042,395556.36012,3385822.25606,1.12299,0.01025,10217313.43474,2000-04-28T18:28:16.781,14989.60885
131.00498,0.78451,-1273.73470,395547.09002,3385799.11622,1.11979,0.01046,10138206.77679,2000-04-27T20:29:51.135,14984.73511
131.01498,1.00745,-1280.17619,395567.18068,3385833.26292,1.12108,0.01253,10161955.84117,2000-04-28T03:05:53.316,14983.86790
131.02499,0.52364,-1263.77988,395368.25236,3385857.55238,1.12390,0.01179,10180952.13290,2000-04-28T08:22:07.767,14989.70873
131.03498,0.52477,-1261.77620,395350.39165,3385873.45499,1.11908,0.01166,10203616.63275,2000-04-28T14:40:05.278,14988.38973
131.04497,0.72349,-1266.17884,395472.27965,3385819.14162,1.11938,0.01232,10121035.51199,2000-04-27T15:43:38.936,14981.31957
131.05499,0.66222,-1252.57208,395410.17489,3385870.29906,1.11831,0.01169,10156784.99906,2000-04-28T01:39:27.586,14988.63934
131.06499,0.71257,-1265.12262,395467.76495,3385842.59750,1.11942,0.01136,10156911.72843,2000-04-28T01:41:46.970,14979.89825
131.07499,0.60708,-1251.66189,395403.51180,3385839.21591,1.11492,0.01227,10102736.33516,2000-04-27T10:38:39.804,14980.10951
131.08500,0.62287,-1248.96789,395412.28897,3385854.87656,1.11713,0.01233,10203894.23561,2000-04-28T14:44:42.940,14990.50298
131.09501,0.82178,-1258.56809,395462.19933,3385875.56307,1.11778,0.01011,10126782.15762,2000-04-27T17:19:28.310,14973.97725
131.10501,0.65907,-1248.45154,395403.20798,3385889.07024,1.12465,0.01184,10134693.06770,2000-04-27T19:31:23.625,14981.74630
131.11500,0.93910,-1264.45850,395503.40128,3385892.56349,1.12221,0.00815,10183377.23285,2000-04-28T09:02:37.681,14987.64817
131.12499,0.65614,-1250.56525,395421.74671,3385855.79046,1.12170,0.00881,10138455.68585,2000-04-27T20:34:02.437,14979.05683
131.13501,0.68382,-1252.69595,395403.14968,3385881.49126,1.12447,0.00933,10202116.95169,2000-04-28T14:15:05.205,14991.14307
131.14501,0.75818,-1249.92934,395416.65182,3385896.92362,1.12600,0.00838,10163550.77323,2000-04-28T03:32:19.282,14988.46456
131.15500,0.78170,-1255.97569,395498.74686,3385852.80827,1.12399,0.00872,10102337.63185,2000-04-27T10:32:04.821,14975.61704
131.16500,0.38584,-1241.28563,395275.24500,3385907.10240,1.12044,0.00918,10323399.68078,2000-04-29T23:56:33.453,15010.51334
131.17499,0.79082,-1257.08313,395432.50200,3385892.50748,1.11977,0.00931,10094670.21587,2000-04-27T08:24:20.778,14979.52607
131.18498,0.58501,-1241.72567,395381.15897,3385867.67788,1.11896,0.00841,10044694.34205,2000-04-26T18:31:20.772,14965.31971
131.19501,0.84749,-1252.00484,395474.31821,3385882.83807,1.12252,0.00852,10112541.25742,2000-04-27T13:22:05.263,14976.74476
131.20500,0.77978,-1255.37857,395448.89090,3385902.81499,1.12267,0.01103,10141902.19620,2000-04-27T21:31:28.403,14984.01241
131.21500,0.74117,-1253.37831,395447.70474,3385885.63799,1.12675,0.01012,10139314.13216,2000-04-27T20:48:20.049,14982.75764
131.22499,0.72668,-1252.66589,395422.32719,3385911.90691,1.12290,0.01052,10149854.69401,2000-04-27T23:44:04.311,14983.39780
131.23499,0.79415,-1257.27539,395446.68858,3385892.45009,1.11938,0.01078,10107369.65844,2000-04-27T11:55:51.878,14976.14071
131.24500,0.75866,-1248.06896,395442.17616,3385880.36973,1.11837,0.01105,10242403.52704,2000-04-29T01:26:26.884,15000.13224
131.25501,0.80107,-1253.06859,395483.40940,3385864.81954,1.11363,0.01053,10102186.68271,2000-04-27T10:29:27.277,14977.49245
131.26500,0.42623,-1236.67661,395304.14619,3385887.10885,1.11380,0.01122,10177916.70905,2000-04-28T07:31:39.129,14991.52219
131.27500,0.82851,-1254.69217,395468.60707,3385879.42604,1.11968,0.01096,10149504.83372,2000-04-27T23:38:11.315,14985.11968
131.28499,0.98020,-1262.34575,395546.58348,3385881.00047,1.11777,0.01144,10231387.64323,2000-04-28T22:22:46.161,14994.24500
131.29500,0.78713,-1259.41226,395485.88145,3385854.38851,1.11823,0.00937,10196335.96836,2000-04-28T12:38:38.137,14989.52872
131.30499,0.70272,-1264.23260,395430.44508,3385881.16035,1.10859,0.00901,10197423.56686,2000-04-28T12:56:42.939,14991.44410
131.31500,0.46563,-1248.62723,395341.96247,3385868.79624,1.10669,0.00987,10181045.15343,2000-04-28T08:23:44.582,14987.68975
131.32500,0.94964,-1263.47547,395539.49689,3385858.08342,1.11164,0.00933,10263456.58915,2000-04-29T07:17:21.225,15000.34244
131.33506,1.43259,-1374.12363,397149.38781,3385761.29638,1.11716,0.00924,9389420.18682,2000-04-19T04:29:35.572,14876.87365
131.34497,1.64027,-1379.36829,397071.98087,3385725.52883,1.11229,0.01019,9396349.19038,2000-04-19T06:24:51.820,14881.36842
131.35498,1.77896,-1339.68757,396305.59384,3385773.13450,1.11346,0.00937,9718862.17236,2000-04-23T00:00:27.853,14921.09699
131.36499,1.21471,-1309.15923,396004.70138,3385786.67634,1.11375,0.01017,9884506.43921,2000-04-24T22:01:19.146,14946.93976
131.37501,1.57074,-1316.41638,396075.75005,3385769.16215,1.12406,0.00910,9657206.96160,2000-04-22T06:52:56.733,14916.75241
131.38501,1.40897,-1307.97575,396009.84552,3385757.97930,1.11761,0.00961,9814493.19133,2000-04-24T02:34:24.324,14933.30238
131.39499,1.33040,-1314.55372,395911.16348,3385798.73232,1.11546,0.00919,9707802.46859,2000-04-22T20:56:08.014,14919.50785
131.40500,1.08154,-1310.34048,395863.65692,3385786.01020,1.11124,0.00880,9659726.49790,2000-04-22T07:34:57.578,14913.07906
131.41501,2.03806,-1350.99348,396328.77100,3385692.71089,1.11773,0.00896,9565470.58995,2000-04-21T05:23:50.588,14904.66767
131.42500,2.40143,-1372.45138,396650.63389,3385628.45073,1.11649,0.00793,9059417.16463,2000-04-15T08:49:17.388,14834.06058
131.43500,0.83741,-1279.86368,395514.37118,3385855.56945,1.12327,0.00895,10153653.18418,2000-04-28T00:47:26.383,14981.48636
131.44502,0.56781,-1264.77647,395404.14741,3385851.10619,1.11729,0.00820,10236334.67209,2000-04-28T23:45:15.765,14997.34838
131.45500,0.64465,-1275.85681,395423.25820,3385866.16959,1.12291,0.00934,10209431.43539,2000-04-28T16:17:02.631,14997.09188
131.46499,0.42316,-1268.69220,395293.49641,3385915.59018,1.12180,0.00791,10127389.03198,2000-04-27T17:29:28.160,14980.26473
131.47501,0.64322,-1276.76641,395454.48975,3385845.98179,1.12724,0.00954,10263172.71398,2000-04-29T07:12:45.785,15001.09753
131.48500,1.01580,-1293.11581,395577.32303,3385851.56099,1.12366,0.01123,10105592.67311,2000-04-27T11:26:16.679,14969.26994
131.49501,0.64470,-1283.49282,395451.23615,3385857.74482,1.11826,0.01188,10118103.89048,2000-04-27T14:54:48.020,14976.58280
131.50501,0.82196,-1296.77684,395492.52792,3385869.46755,1.11664,0.01247,10210154.66375,2000-04-28T16:29:04.171,14993.73624
131.51499,0.46002,-1277.26014,395336.70123,3385881.25914,1.11695,0.01117,10206858.68165,2000-04-28T15:34:04.641,14988.58964
131.52500,0.49032,-1270.60316,395356.13406,3385859.31735,1.11864,0.01153,10196899.88857,2000-04-28T12:48:12.191,14991.66905
131.53500,0.50519,-1269.02252,395383.79920,3385873.03244,1.12170,0.01265,10081464.79373,2000-04-27T04:44:11.049,14972.50319
131.54499,0.50231,-1256.89202,395334.94508,3385899.42022,1.12012,0.01155,10227546.64105,2000-04-28T21:19:01.644,14999.32331
131.55498,0.80271,-1272.50529,395504.22150,3385842.62550,1.11787,0.00868,10222538.16889,2000-04-28T19:55:18.962,14998.42507
131.56498,0.83445,-1276.80136,395499.56546,3385868.83568,1.11568,0.00902,10247030.03339,2000-04-29T02:43:41.648,15003.07369
131.57502,0.57521,-1257.46290,395433.92924,3385837.61903,1.11402,0.00846,10177248.98898,2000-04-28T07:20:33.026,14991.99184
131.58499,0.58708,-1258.70209,395385.67524,3385878.84025,1.11419,0.00956,10136023.54788,2000-04-27T19:53:31.462,14989.38857
131.59501,0.67478,-1273.48458,395451.45020,3385870.77863,1.11818,0.00902,10227802.48353,2000-04-28T21:23:08.675,15004.87135
131.60501,0.49097,-1265.51491,395394.58414,3385857.29600,1.11124,0.00849,10214754.54924,2000-04-28T17:45:40.088,14998.38153
131.61501,0.89533,-1277.09422,395560.14683,3385853.25056,1.10875,0.01011,10356593.97478,2000-04-30T09:09:36.852,15021.60168
131.62499,0.38827,-1257.82843,395338.90473,3385883.70020,1.11516,0.00922,10273161.60054,2000-04-29T09:59:04.421,15007.09377
131.63503,0.88554,-1273.20820,395511.62983,3385866.84359,1.11884,0.00974,10275766.56457,2000-04-29T10:42:32.323,15006.66194
131.64499,0.64087,-1263.97210,395450.42425,3385856.60931,1.11873,0.00884,10202299.14345,2000-04-28T14:17:54.637,14998.79746
131.65499,0.96643,-1279.41147,395550.75852,3385859.65156,1.11833,0.00849,10357827.81614,2000-04-30T09:30:18.377,15024.72007
131.66500,0.39215,-1259.77953,395347.47866,3385875.62658,1.11851,0.00940,10133537.11328,2000-04-27T19:11:54.233,14985.78233
131.67499,0.67637,-1268.89673,395469.54508,3385831.47557,1.11840,0.00920,10335588.15431,2000-04-30T03:19:28.900,15018.70942
131.68498,0.37474,-1244.20778,395280.70336,3385900.58626,1.11981,0.01045,10326397.67824,2000-04-30T00:46:26.128,15014.93451
131.69499,0.68359,-1259.69976,395446.48913,3385879.46004,1.11691,0.00921,10307546.49531,2000-04-29T19:32:07.656,15013.11697
131.70500,0.86005,-1261.56711,395533.80712,3385853.79473,1.11407,0.00863,10289779.11040,2000-04-29T14:36:04.557,15008.48702
131.71500,0.53739,-1247.75012,395372.95871,3385893.36120,1.11822,0.00919,10159649.37598,2000-04-28T02:27:24.013,14990.33874
131.72500,0.88859,-1270.71172,395501.28715,3385882.79306,1.12042,0.00903,10333568.80561,2000-04-30T02:45:43.401,15023.79756
131.73499,0.77438,-1260.14780,395475.54725,3385874.41252,1.12174,0.01050,10285031.92767,2000-04-29T13:17:07.646,15009.21636
131.74500,0.58011,-1259.46797,395421.32979,3385863.54061,1.12353,0.00940,10220729.21674,2000-04-28T19:25:14.443,14998.86768
131.75500,1.05846,-1275.74078,395623.37608,3385865.23392,1.12662,0.01011,10272173.81572,2000-04-29T09:42:40.374,15010.14232
131.76501,0.45323,-1251.98490,395368.66764,3385868.92021,1.12119,0.01063,10315309.86918,2000-04-29T21:41:33.102,15015.41322
131.77499,0.82023,-1260.11210,395497.56495,3385858.94585,1.11986,0.01008,10239174.16267,2000-04-29T00:32:41.016,15004.23635
131.78500,0.72560,-1263.04720,395472.70606,3385875.49092,1.12200,0.00992,10190469.10393,2000-04-28T11:00:54.535,14996.15968
131.79500,0.93454,-1277.17063,395545.75639,3385871.63371,1.11837,0.00992,10266819.03165,2000-04-29T08:13:27.077,15008.43808
131.80500,0.42082,-1252.93478,395305.84679,3385900.84280,1.12286,0.00923,10282066.03690,2000-04-29T12:27:32.081,15007.76900
131.81499,0.92291,-1280.75725,395604.28726,3385839.02865,1.12066,0.00792,10165225.15320,2000-04-28T04:00:05.776,14991.68928
131.82501,0.62821,-1266.86281,395451.08694,3385858.90310,1.12590,0.00831,10365925.78231,2000-04-30T11:45:06.952,15027.37681
131.83499,0.84008,-1273.63056,395496.44620,3385862.49949,1.13071,0.00867,10116051.46423,2000-04-27T14:20:32.383,14981.88122
131.84500,0.27355,-1246.54520,395285.83564,3385877.32974,1.12737,0.00790,10273588.12207,2000-04-29T10:06:10.572,15010.28491
131.85501,0.85773,-1265.86439,395516.08595,3385864.36141,1.12952,0.00814,10309091.79604,2000-04-29T19:57:55.102,15014.08036
131.86500,0.21399,-1243.31782,395230.13056,3385894.52613,1.12897,0.00829,10189155.59706,2000-04-28T10:38:52.285,14994.01796
131.87499,1.08312,-1282.82295,395580.68601,3385885.01135,1.12642,0.00831,10131037.37653,2000-04-27T18:30:16.320,14988.56884
131.88500,0.82385,-1268.01578,395504.23327,3385860.54335,1.13048,0.00865,10243680.01836,2000-04-29T01:47:47.209,15003.77783
131.89500,0.18538,-1249.62579,395261.39319,3385875.53077,1.12646,0.00740,10269629.85847,2000-04-29T09:00:08.196,15009.76874
131.90500,0.85277,-1279.04723,395531.82565,3385839.62348,1.12604,0.00847,10132965.70419,2000-04-27T19:02:24.629,14986.54854
131.91500,0.59850,-1265.45569,395425.13568,3385865.21096,1.12873,0.00829,10285506.94808,2000-04-29T13:24:52.454,15010.61596
131.92501,0.77241,-1274.33741,395518.55380,3385858.31289,1.12242,0.00811,10344125.38178,2000-04-30T05:41:47.642,15022.91826
131.93501,0.67198,-1271.22109,395480.19266,3385865.73692,1.12587,0.00848,10235461.55855,2000-04-28T23:30:47.891,14999.45802
131.94500,0.54437,-1259.59104,395392.98444,3385889.27263,1.12735,0.00931,10216669.06914,2000-04-28T18:17:38.732,15001.41425
131.95501,0.72830,-1268.82421,395513.48893,3385869.78664,1.12109,0.00996,10343776.48313,2000-04-30T05:36:04.839,15025.55659
131.96498,0.90978,-1274.86471,395578.25272,3385851.30561,1.11734,0.01060,10277323.23906,2000-04-29T11:08:29.054,15008.84435
131.97500,0.74551,-1267.87770,395502.55375,3385864.38496,1.11765,0.00956,10230217.68967,2000-04-28T22:03:25.801,15003.30942
131.98501,1.11078,-1283.45484,395670.18669,3385846.95619,1.12301,0.01131,10369494.09086,2000-04-30T12:44:41.312,15022.95495
131.99500,0.53468,-1260.19729,395410.22709,3385882.87326,1.12330,0.00973,10333223.88648,2000-04-30T02:40:10.549,15013.09967
132.00501,0.48232,-1266.69999,395384.52837,3385893.27058,1.12182,0.01010,10200376.89417,2000-04-28T13:45:57.157,14999.50923
132.01498,0.65709,-1267.71219,395486.87658,3385858.75145,1.12594,0.01089,10293098.93353,2000-04-29T15:31:33.790,15014.58413
132.02499,0.75582,-1271.46586,395533.16369,3385853.48271,1.12424,0.01054,10174104.55199,2000-04-28T06:28:11.979,14990.17899
132.03500,0.74194,-1276.48869,395512.34865,3385876.83628,1.12229,0.01286,10358340.79355,2000-04-30T09:38:48.015,15025.35892
132.04501,0.70389,-1268.08650,395508.83000,3385848.32690,1.12765,0.01196,10265794.17730,2000-04-29T07:56:16.486,15013.30559
132.05500,0.78577,-1268.04956,395514.02358,3385863.08738,1.12749,0.01221,10324262.84382,2000-04-30T00:10:43.256,15013.04264
132.06501,0.67323,-1258.74260,395458.39944,3385882.25642,1.12310,0.01410,10240510.58359,2000-04-29T00:54:57.437,15001.93107
132.07501,0.84328,-1261.84791,395527.59481,3385852.26581,1.12525,0.01554,10216509.60645,2000-04-28T18:14:52.320,15001.40373
132.08499,0.68256,-1262.86949,395435.61130,3385897.14693,1.12026,0.01674,10280430.30046,2000-04-29T12:00:13.737,15011.20077
132.09498,0.72932,-1255.87623,395456.98711,3385893.55911,1.11874,0.01718,10287423.36778,2000-04-29T13:56:50.964,15011.29864
132.10499,0.53218,-1250.86296,395365.14985,3385922.33501,1.12169,0.01549,10497092.36220,2000-05-02T00:11:04.222,15045.25092
132.11499,0.51740,-1251.77447,395330.84968,3385941.82916,1.12398,0.01520,10477171.70156,2000-05-01T18:39:06.289,15038.19649
132.12500,0.69088,-1259.74038,395444.48523,3385918.94271,1.11875,0.01308,10371579.35031,2000-04-30T13:19:19.443,15021.46642
132.13500,1.03900,-1277.31565,395619.33762,3385881.95291,1.11921,0.01233,10445623.62038,2000-05-01T09:53:24.881,15033.21073
132.14499,0.59806,-1256.20146,395372.32596,3385938.64804,1.11993,0.01426,10461311.46763,2000-05-01T14:15:00.839,15042.18377
132.15499,0.88765,-1272.87413,395509.23821,3385967.04366,1.12091,0.01337,10486896.26816,2000-05-01T21:21:17.357,15039.27224
132.16500,0.49844,-1246.12537,395398.42537,3385883.32136,1.11752,0.01303,10282145.42151,2000-04-29T12:28:52.644,15012.70461
132.17500,0.85227,-1261.78574,395544.95499,3385852.03053,1.12029,0.01400,10237548.41224,2000-04-29T00:05:43.474,15005.23459
132.18501,0.76507,-1258.07583,395485.25471,3385893.07449,1.12059,0.01094,10153874.68535,2000-04-28T00:51:02.270,14992.49288
132.19502,0.35301,-1245.68449,395306.10371,3385901.53677,1.11984,0.01118,10288088.65760,2000-04-29T14:08:00.901,15007.92471
132.20500,0.55722,-1252.43897,395436.56842,3385889.85661,1.11730,0.01134,10228346.12444,2000-04-28T21:32:15.058,15004.18206
132.21499,0.49178,-1255.67057,395412.57510,3385889.03429,1.11645,0.01066,10265669.81018,2000-04-29T07:54:18.544,15009.56943
132.22501,0.88290,-1262.72640,395516.98917,3385875.30820,1.12101,0.01200,10077882.97787,2000-04-27T03:44:31.014,14984.32473
132.23498,0.54910,-1246.11611,395418.35378,3385858.88749,1.12145,0.01160,10252572.66677,2000-04-29T04:16:02.547,15008.97904
132.24498,0.68909,-1262.08831,395460.78952,3385876.39701,1.12529,0.01113,10188461.81166,2000-04-28T10:27:31.139,14994.73310
132.25500,0.55741,-1254.67710,395450.21824,3385865.06490,1.12930,0.01135,10233137.81400,2000-04-28T22:52:13.705,15004.81229
132.26500,0.77364,-1265.68830,395517.11958,3385847.05696,1.12749,0.01133,10051607.88285,2000-04-26T20:26:45.878,14979.73778
132.27499,0.58400,-1254.12585,395402.38617,3385878.70698,1.12375,0.01100,10237275.81241,2000-04-29T00:01:03.510,15002.72868
132.28498,0.61292,-1266.00826,395409.31803,3385886.54080,1.12788,0.01172,10256918.41150,2000-04-29T05:28:32.388,15005.51151
132.29500,0.74294,-1271.89719,395517.98219,3385841.94991,1.13408,0.01313,10130055.41836,2000-04-27T18:14:04.553,14985.82581
132.30501,0.45253,-1258.83437,395343.80945,3385901.50863,1.13224,0.01313,10278101.68937,2000-04-29T11:21:42.428,15010.32347
132.31500,0.49613,-1259.07998,395402.19884,3385863.27516,1.13851,0.01572,10149249.21506,2000-04-27T23:34:01.347,14989.96027
132.32501,0.28653,-1246.70573,395321.32622,3385863.08592,1.13281,0.01382,10234230.01765,2000-04-28T23:10:18.740,15005.90263
132.33500,0.72583,-1258.88086,395438.57047,3385883.71140,1.13531,0.01427,10133336.44233,2000-04-27T19:08:44.045,14987.40917
132.34501,0.51742,-1250.87292,395389.05759,3385864.32532,1.13254,0.01041,10103643.20980,2000-04-27T10:53:54.713,14984.70669
132.35501,0.63149,-1266.14787,395448.24829,3385863.33294,1.13845,0.00976,10205433.24370,2000-04-28T15:10:19.451,15000.53067
132.36499,0.51960,-1258.20780,395346.11579,3385912.48749,1.13445,0.01138,10236690.71101,2000-04-28T23:51:14.399,15005.49797
132.37499,0.56119,-1256.28501,395482.79322,3385822.11379,1.13254,0.01004,10137085.88851,2000-04-27T20:11:10.200,14990.11012
132.38501,0.75544,-1271.27289,395495.51427,3385866.45590,1.13051,0.00846,10207414.24702,2000-04-28T15:43:24.222,14996.01033
132.39499,0.57224,-1257.75690,395385.92507,3385905.73127,1.13576,0.00872,10223956.93334,2000-04-28T20:19:01.141,15004.67732
132.40499,0.40432,-1252.77973,395339.42127,3385879.86769,1.13953,0.00923,10129599.85647,2000-04-27T18:06:23.767,14986.35262
132.41500,0.37290,-1247.94783,395357.73913,3385868.83190,1.13760,0.01039,10252461.47530,2000-04-29T04:14:07.980,15008.90730
132.42498,0.90053,-1283.94180,395583.62101,3385830.84908,1.12908,0.01326,10218559.24582,2000-04-28T18:49:07.801,15000.31802
132.43501,0.56888,-1272.71461,395485.54135,3385820.98245,1.13960,0.01048,10080060.24974,2000-04-27T04:20:40.384,14978.75895
132.44500,0.59445,-1280.53252,395462.96194,3385840.05631,1.13531,0.01034,10200035.72367,2000-04-28T13:40:17.392,15001.43573
132.45499,0.35841,-1271.07128,395356.89618,3385854.63907,1.13583,0.00895,10112703.64902,2000-04-27T13:24:45.040,14982.99776
132.46499,0.70092,-1280.69613,395504.74658,3385847.60732,1.12956,0.00866,10297822.00554,2000-04-29T16:50:11.736,15015.28239
132.47500,0.91150,-1292.65725,395605.50808,3385823.70830,1.13310,0.00904,10154093.60080,2000-04-28T00:54:32.149,14993.24259
132.48501,0.16084,-1265.17490,395286.28893,3385874.60402,1.14098,0.00783,10205033.27761,2000-04-28T15:03:29.546,14998.05273
132.49500,0.64651,-1286.74705,395483.25685,3385859.14828,1.13450,0.00950,10269592.53626,2000-04-29T08:59:36.851,15007.69131
132.50500,0.90915,-1300.23160,395631.33582,3385808.94051,1.13519,0.00904,10114730.78112,2000-04-27T13:58:34.353,14984.58973
132.51500,0.55710,-1291.27014,395442.64363,3385842.95734,1.13578,0.00906,10180820.56601,2000-04-28T08:20:02.769,14995.28866
132.52498,0.70260,-1305.50310,395521.31347,3385845.99704,1.13121,0.00868,10121440.55340,2000-04-27T15:50:20.870,14988.04746
132.53499,0.54528,-1283.48478,395419.63365,3385849.48591,1.13660,0.00922,10098505.57667,2000-04-27T09:28:10.075,14982.32377
132.54502,0.54044,-1279.16480,395462.04658,3385827.08697,1.14001,0.00832,10196603.53803,2000-04-28T12:43:03.728,14995.64191
132.55500,0.59826,-1292.39839,395449.92797,3385845.88347,1.13091,0.00890,10147644.95225,2000-04-27T23:07:03.710,14989.84039
132.56500,0.79277,-1299.14302,395594.66271,3385791.31351,1.13208,0.00881,10170618.31203,2000-04-28T05:30:02.381,14992.13058
132.57500,0.75458,-1316.02078,395556.59333,3385817.17738,1.12941,0.00890,10141201.04836,2000-04-27T21:19:42.573,14988.90892
132.58501,0.73152,-1321.23979,395572.00055,3385798.24112,1.13020,0.00902,10162378.61451,2000-04-28T03:12:29.879,14995.56380
132.59501,0.54500,-1317.73064,395486.39900,3385820.88413,1.12628,0.00810,10187291.20022,2000-04-28T10:08:03.191,14993.34312
132.60502,0.90779,-1335.92004,395632.52782,3385815.13706,1.12322,0.00795,10248661.65760,2000-04-29T03:10:41.291,15007.13714
132.61501,0.81920,-1331.53061,395610.23571,3385815.30866,1.12756,0.00851,10109754.62098,2000-04-27T12:35:41.845,14991.84740
132.62500,0.68063,-1321.11908,395553.27091,3385800.84233,1.12809,0.00929,10289432.31715,2000-04-29T14:30:12.345,15011.47957
132.63500,0.82125,-1330.77796,395591.97968,3385809.49435,1.13287,0.00975,10226553.34345,2000-04-28T21:02:26.278,15003.63684
132.64499,0.34356,-1305.85841,395441.43098,3385806.71314,1.12585,0.01042,10179865.38434,2000-04-28T08:04:09.841,14992.03694
132.65503,0.32899,-1294.36780,395343.82367,3385867.63234,1.13285,0.00925,10172436.63353,2000-04-28T06:00:20.541,14994.62062
132.66502,0.71676,-1306.64132,395541.07126,3385843.31935,1.13106,0.00938,10251488.82340,2000-04-29T03:57:54.997,15005.75585
132.67499,0.88909,-1312.85060,395630.52385,3385809.17949,1.13099,0.00955,10180260.87336,2000-04-28T08:10:48.966,14996.72023
132.68501,0.62549,-1304.05957,395509.45430,3385823.81404,1.13195,0.00988,10250393.25228,2000-04-29T03:39:36.772,15008.50662
132.69501,0.81310,-1320.78220,395567.98895,3385821.72563,1.12729,0.00867,10093977.49092,2000-04-27T08:12:48.798,14979.78974
132.70499,0.51021,-1315.43049,395462.70413,3385842.25432,1.12742,0.00998,10225041.28509,2000-04-28T20:37:13.223,15005.40737
132.71501,0.40702,-1312.17490,395444.27314,3385789.37166,1.12573,0.00954,10131498.87681,2000-04-27T18:38:02.151,14988.94035
132.72500,0.61533,-1318.92678,395520.84556,3385820.92338,1.12603,0.00923,10262585.11017,2000-04-29T07:02:48.682,15008.53859
132.73499,0.39681,-1308.72452,395397.86331,3385834.81728,1.12770,0.00924,10181915.79849,2000-04-28T08:38:22.115,14998.99034
132.74499,0.63625,-1311.25294,395538.55992,3385801.88584,1.13131,0.01011,10209502.21266,2000-04-28T16:18:08.817,14999.16984
132.75500,0.54535,-1309.40589,395468.28236,3385825.47365,1.12411,0.00939,10096467.62442,2000-04-27T08:54:17.131,14984.63670
132.76500,0.56667,-1311.47732,395508.77562,3385790.28265,1.12568,0.00939,10142901.27135,2000-04-27T21:48:07.622,14989.80742
132.77500,0.96671,-1334.04468,395699.90078,3385776.13790,1.12351,0.00923,10140832.84106,2000-04-27T21:13:38.904,14988.72191
132.78500,0.59352,-1318.45300,395514.52312,3385803.73867,1.12685,0.01027,10117007.38980,2000-04-27T14:36:35.962,14986.30703
132.79503,0.98431,-1332.99794,395670.29159,3385805.25815,1.12714,0.00886,10123310.20934,2000-04-27T16:21:32.879,14985.37196
132.80499,0.70874,-1320.31892,395550.66914,3385823.13895,1.12721,0.00940,10188214.97287,2000-04-28T10:23:18.927,14996.10481
132.81502,0.32195,-1301.79841,395436.42471,3385798.34226,1.12469,0.00968,10151035.07637,2000-04-28T00:03:45.525,14994.13001
132.82500,0.41029,-1308.54631,395419.25304,3385842.93358,1.12463,0.00891,10321222.13878,2000-04-29T23:20:10.157,15016.38037
132.83498,0.82986,-1329.36972,395631.88100,3385806.37927,1.12758,0.00941,10051553.03525,2000-04-26T20:25:27.124,14979.16020
132.84500,0.43022,-1309.15026,395525.62106,3385788.84686,1.12627,0.00947,10359140.84373,2000-04-30T09:52:05.477,15016.97284
132.85500,0.65008,-1317.87262,395563.52773,3385793.98314,1.12979,0.00866,10201965.03603,2000-04-28T14:12:23.598,14995.65515
132.86500,0.55709,-1319.83524,395542.29653,3385783.77297,1.12591,0.01098,10241618.69404,2000-04-29T01:13:19.375,15004.03793
132.87500,0.55177,-1327.06585,395531.41815,3385815.61071,1.12015,0.01061,10354570.29730,2000-04-30T08:35:56.248,15018.57449
132.88500,0.64343,-1325.63493,395551.12951,3385809.43129,1.12758,0.01046,10172037.41667,2000-04-28T05:53:44.456,15000.50213
132.89501,0.51877,-1321.79609,395496.69298,3385816.78376,1.12106,0.00887,10211609.71959,2000-04-28T16:53:10.218,14998.22384
132.90500,0.51073,-1316.61969,395486.41248,3385814.56524,1.12370,0.00902,10215253.80768,2000-04-28T17:53:54.003,14997.09760
132.91501,0.39577,-1313.61814,395466.54689,3385794.51290,1.12711,0.00937,10174340.39067,2000-04-28T06:31:59.941,14999.45578
132.92500,0.42693,-1313.59331,395426.46567,3385839.25137,1.12455,0.00922,10179588.82440,2000-04-28T07:59:23.902,14998.35882
132.93500,0.73512,-1319.92932,395609.05184,3385781.95640,1.12374,0.00992,10187200.10772,2000-04-28T10:06:27.053,14995.19261
132.94500,0.64981,-1317.87889,395535.48785,3385817.91545,1.12312,0.00997,10137685.48308,2000-04-27T20:21:21.788,14991.12209
132.95498,0.95391,-1332.51465,395688.72823,3385800.54201,1.12599,0.00905,10211043.21055,2000-04-28T16:43:42.832,15002.67851
132.96500,0.48923,-1320.01778,395516.79430,3385767.67993,1.12451,0.00975,10088380.46717,2000-04-27T06:39:23.295,14979.55341
132.97500,0.66843,-1329.55810,395540.52158,3385837.15603,1.12873,0.00981,10161634.24618,2000-04-28T03:00:22.254,14993.28629
132.98500,0.37009,-1316.48177,395463.04977,3385794.29611,1.13280,0.00919,10108664.55581,2000-04-27T12:17:37.483,14986.07596
132.99499,0.28410,-1313.63570,395455.63411,3385788.57843,1.13371,0.01007,10200204.02573,2000-04-28T13:43:08.599,15001.73523
133.00500,0.75067,-1334.77366,395589.42034,3385808.04246,1.12918,0.00947,10109216.86610,2000-04-27T12:26:46.451,14983.79683
133.01500,0.76301,-1336.83649,395618.09196,3385793.21278,1.12634,0.00965,10204177.97479,2000-04-28T14:49:17.739,14994.68589
133.02501,0.74413,-1340.79838,395598.81970,3385820.43112,1.12005,0.00885,10192062.70253,2000-04-28T11:27:28.576,15003.05615
133.03500,0.50416,-1324.13731,395531.59741,3385795.06639,1.11815,0.00895,10100893.48996,2000-04-27T10:07:56.158,14982.51790
133.04500,0.68405,-1328.39637,395587.78313,3385807.59071,1.12449,0.00851,10169804.30172,2000-04-28T05:16:30.325,14994.77347
133.05499,0.70269,-1334.81122,395620.14526,3385798.19120,1.11742,0.00816,10143401.37944,2000-04-27T21:56:29.842,14991.44519
133.06499,0.57992,-1325.70172,395536.41475,3385799.16981,1.11330,0.00974,10174351.44065,2000-04-28T06:32:31.986,14991.80889
133.07500,0.71733,-1340.86387,395650.92637,3385794.53241,1.12339,0.00849,10214239.34074,2000-04-28T17:37:14.311,15001.36812
133.08500,0.34797,-1323.57700,395433.62740,3385804.54863,1.11736,0.00848,10176737.80371,2000-04-28T07:12:11.411,14995.16661
133.09501,0.61373,-1333.94313,395526.88704,3385821.94390,1.11685,0.00798,10145190.92516,2000-04-27T22:26:17.420,14993.22718
133.10498,0.90689,-1351.24612,395870.95171,3385764.16446,1.12872,0.00898,10428236.90397,2000-05-01T05:03:33.579,15032.24259
133.11498,0.69435,-1339.55912,395679.93938,3385782.93623,1.13002,0.00911,10302965.66005,2000-04-29T18:15:50.750,15011.84223
133.12500,0.62523,-1339.16108,395639.05772,3385787.31394,1.12797,0.00917,10156826.01420,2000-04-28T01:40:15.129,14992.14482
133.13502,0.53912,-1333.88087,395568.11338,3385782.45468,1.12504,0.00997,10236504.56499,2000-04-28T23:48:15.395,15003.69338
133.14500,0.36711,-1323.20729,395511.08472,3385803.20136,1.12692,0.01050,10212442.51690,2000-04-28T17:07:05.981,15000.45945
133.15500,0.83726,-1335.23174,395629.66556,3385827.03509,1.12521,0.01067,10184250.81847,2000-04-28T09:17:25.809,14995.46232
133.16498,0.45850,-1316.58955,395515.57137,3385809.69059,1.12553,0.00970,10313581.68154,2000-04-29T21:12:54.274,15016.92699
133.17499,0.61296,-1327.88772,395602.15499,3385793.49675,1.12661,0.01008,10247787.52638,2000-04-29T02:56:17.825,15006.47004
133.18499,0.15485,-1313.77257,395387.17888,3385838.07641,1.12313,0.00976,10244270.68168,2000-04-29T01:57:46.638,15003.04560
133.19501,0.42032,-1317.44298,395468.86170,3385816.86548,1.12746,0.01079,10207488.37335,2000-04-28T15:44:34.815,15001.34122
133.20500,0.41089,-1319.73759,395488.43747,3385837.06395,1.12786,0.01029,10177077.86784,2000-04-28T07:17:48.872,14990.58723
133.21498,0.34655,-1321.01471,395495.14260,3385814.36660,1.12644,0.00993,10292654.41034,2000-04-29T15:24:20.852,15010.49654
133.22500,0.90966,-1348.89856,395892.49517,3385736.47063,1.12984,0.01051,10411336.84352,2000-05-01T00:21:58.846,15034.03873
133.23500,1.05019,-1350.70933,395874.11239,3385775.08855,1.12922,0.00990,10276052.20022,2000-04-29T10:47:18.697,15009.94787
133.24500,0.04689,-1302.09099,395399.77775,3385806.75418,1.13167,0.01039,10428974.25632,2000-05-01T05:16:10.953,15032.60797
133.25500,0.81601,-1335.01781,395719.79293,3385784.51292,1.12697,0.01028,10154769.95618,2000-04-28T01:06:02.763,14991.06348
133.26501,0.68063,-1329.47271,395669.82424,3385772.74550,1.12849,0.00899,10287748.54066,2000-04-29T14:02:14.242,15008.76309
133.27501,0.65741,-1342.49852,395626.04170,3385825.17539,1.12684,0.00869,10231901.12272,2000-04-28T22:31:21.037,15002.61568
133.28501,0.63663,-1328.32169,395621.72698,3385799.18350,1.12952,0.00884,10226166.91441,2000-04-28T20:55:47.468,15004.15250
133.29498,0.94668,-1342.93525,395701.11625,3385847.20119,1.12899,0.00887,10201152.93430,2000-04-28T13:58:49.964,14998.73604
133.30499,0.58315,-1318.38211,395586.81302,3385815.07534,1.12753,0.00845,10327003.39740,2000-04-30T00:56:24.686,15015.22485
133.31500,0.34060,-1309.69103,395452.80692,3385859.19925,1.12595,0.00886,10274786.09169,2000-04-29T10:26:08.912,15008.82476
133.32501,0.58237,-1311.01109,395574.03111,3385841.04195,1.12894,0.00864,10318392.98887,2000-04-29T22:32:50.995,15022.42323
133.33499,0.95377,-1327.77352,395711.90972,3385830.34114,1.12938,0.00919,10230009.26095,2000-04-28T21:59:47.261,15001.26170
133.34501,0.87572,-1322.67879,395651.21252,3385839.27681,1.13283,0.00900,10251642.07447,2000-04-29T04:00:25.622,15005.98656
133.35501,0.75855,-1330.60230,395644.29177,3385825.37725,1.13096,0.00845,10326030.24854,2000-04-30T00:40:11.396,15019.07124
133.36501,0.65290,-1328.68310,395564.21806,3385849.38669,1.13025,0.00903,10326062.92523,2000-04-30T00:40:42.818,15019.67002
133.37499,0.72557,-1340.50284,395634.99980,3385815.20989,1.12994,0.00882,10210757.28150,2000-04-28T16:38:47.580,15000.69752
133.38499,0.65743,-1333.70362,395561.48989,3385851.40872,1.12201,0.00905,10394990.19508,2000-04-30T19:49:40.102,15027.22345
133.39501,0.77025,-1345.75877,395607.74110,3385853.05093,1.12282,0.00923,10281270.63086,2000-04-29T12:14:02.351,15013.15232
133.40499,1.06070,-1348.46402,395779.35056,3385785.82006,1.12160,0.00911,10261667.56950,2000-04-29T06:47:31.955,15009.95209
133.41500,0.25836,-1310.43630,395473.40677,3385806.37065,1.12856,0.00826,10317920.79015,2000-04-29T22:25:02.428,15015.11342
133.42499,0.89412,-1336.66650,395711.82693,3385786.56955,1.13402,0.00931,10233006.71979,2000-04-28T22:49:37.136,15006.22172
133.43501,0.83830,-1335.19928,395665.89670,3385829.90967,1.12604,0.00848,10256950.16907,2000-04-29T05:28:53.179,15009.00782
133.44501,0.60692,-1326.21830,395547.62740,3385844.50605,1.12649,0.00865,10183430.67731,2000-04-28T09:03:37.087,14992.72132
133.45500,0.62688,-1329.78068,395610.95416,3385805.77272,1.12779,0.00952,10300358.39040,2000-04-29T17:32:26.191,15014.97210
133.46500,0.75596,-1325.51510,395648.69540,3385811.75655,1.12595,0.00791,10279834.76965,2000-04-29T11:50:10.544,15008.65593
133.47501,0.77746,-1329.12235,395613.15262,3385837.02598,1.12272,0.00989,10219918.73427,2000-04-28T19:11:35.510,15002.48625
133.48499,0.50817,-1314.39841,395532.21821,3385810.97587,1.12739,0.01028,10182360.52178,2000-04-28T08:45:42.125,14999.01887
133.49499,0.79642,-1318.69447,395656.13816,3385796.92000,1.12844,0.01016,10135787.30389,2000-04-27T19:49:23.528,14987.85165
133.50499,0.23592,-1286.54249,395402.95912,3385860.66124,1.12106,0.01051,10247351.74555,2000-04-29T02:48:54.471,15006.79085
133.51500,0.50288,-1293.01654,395525.25367,3385840.75644,1.12711,0.01269,10216628.26269,2000-04-28T18:16:44.502,15001.26540
133.52500,0.77198,-1308.99325,395633.97175,3385836.35501,1.13046,0.01154,10213197.27133,2000-04-28T17:19:31.757,15002.33337
133.53501,0.95567,-1317.18224,395694.79472,3385829.39031,1.12989,0.01075,10109588.73422,2000-04-27T12:32:52.973,14987.77566
133.54501,0.73968,-1312.57595,395648.80199,3385809.48786,1.13142,0.01206,10293302.52444,2000-04-29T15:34:49.180,15010.36732
133.55500,0.29666,-1290.45470,395391.67632,3385886.00080,1.12613,0.01187,10276951.36198,2000-04-29T11:02:12.881,15011.13806
133.56499,0.92240,-1318.90483,395688.78905,3385842.69578,1.12310,0.01134,10237755.70457,2000-04-29T00:08:58.912,15005.47428
133.57499,0.81660,-1310.58322,395621.18409,3385859.40487,1.11811,0.01175,10228445.18368,2000-04-28T21:33:43.882,15001.25829
133.58498,0.42073,-1298.48879,395532.53687,3385831.56754,1.12382,0.01215,10251152.50027,2000-04-29T03:52:14.851,15004.67367
133.59502,0.74261,-1303.93920,395649.93963,3385836.95548,1.12149,0.01184,10254088.60177,2000-04-29T04:41:21.888,15009.16090
133.60500,0.84015,-1311.35991,395655.21229,3385844.87453,1.12602,0.01367,10191212.32912,2000-04-28T11:13:15.708,15000.03644
133.61499,0.25581,-1289.68952,395446.60143,3385846.77250,1.12177,0.01203,10255150.07972,2000-04-29T04:59:00.712,15003.70622
133.62502,0.84530,-1317.99282,395672.74460,3385831.26088,1.12113,0.01090,10338754.83843,2000-04-30T04:12:18.243,15021.96448
133.63499,0.99626,-1321.95958,395652.30005,3385907.72240,1.12493,0.01287,10448560.29425,2000-05-01T10:42:19.169,15036.00680
133.64498,0.59055,-1301.81351,395541.35168,3385868.87606,1.12922,0.01250,10386340.62598,2000-04-30T17:25:28.035,15027.87885
133.65500,0.58827,-1301.57332,395498.10451,3385876.73552,1.12561,0.01545,10237479.41589,2000-04-29T00:04:23.608,14999.15586
133.66498,0.83118,-1303.52035,395677.55375,3385837.88883,1.12932,0.01309,10366112.63725,2000-04-30T11:48:12.339,15025.07667
133.67500,0.17824,-1281.38138,395383.09884,3385879.43334,1.13249,0.01239,10361140.77627,2000-04-30T10:25:23.865,15022.20362
133.68500,0.93761,-1306.74619,395695.25280,3385852.89316,1.13244,0.01215,10346772.85525,2000-04-30T06:25:48.690,15026.13813
133.69502,0.72882,-1291.67071,395629.41459,3385848.04440,1.13541,0.01303,10134221.12815,2000-04-27T19:23:21.385,14987.81044
133.70501,1.28029,-1314.36633,395896.38966,3385838.32801,1.13009,0.01342,10202443.88272,2000-04-28T14:20:23.476,14997.67642
133.71499,0.70078,-1297.35175,395713.22002,3385844.08553,1.12701,0.01323,10258065.42646,2000-04-29T05:47:27.951,15006.58489
133.72500,0.94602,-1303.32165,395778.17232,3385825.20172,1.12805,0.01306,10237416.42389,2000-04-29T00:03:14.355,15007.13559
133.73501,0.86023,-1307.32576,395829.50042,3385862.14332,1.13071,0.01325,10142935.82742,2000-04-27T21:48:23.301,14989.15266
133.74500,0.39306,-1264.12776,395424.39401,3385848.64818,1.12947,0.01357,10409151.08796,2000-04-30T23:45:43.374,15028.74842
133.75499,0.89514,-1289.46264,395575.82209,3385872.45293,1.12852,0.01405,10307610.06386,2000-04-29T19:33:10.656,15014.94876
133.76499,0.44635,-1265.50185,395462.74078,3385857.10628,1.12395,0.01452,10427798.97612,2000-05-01T04:56:28.371,15028.50723
133.77499,0.67081,-1278.67840,395556.39594,3385848.04538,1.12764,0.01611,10395661.89386,2000-04-30T20:00:37.232,15024.84878
133.78501,0.76610,-1281.91454,395552.29424,3385862.07643,1.13026,0.01749,10223828.58242,2000-04-28T20:16:52.088,15003.04047
133.79499,0.86249,-1286.05577,395592.00352,3385883.55786,1.12362,0.01240,10360410.91162,2000-04-30T10:13:02.941,15022.61246
133.80499,0.71488,-1280.13931,395597.11373,3385808.01498,1.12549,0.01026,10328251.32523,2000-04-30T01:17:14.291,15017.35099
133.81501,0.51869,-1269.90313,395464.86432,3385871.31194,1.12769,0.00911,10349250.20173,2000-04-30T07:07:11.419,15019.24240
133.82499,0.40556,-1277.81260,395440.21143,3385872.14184,1.12240,0.01076,10311490.56582,2000-04-29T20:37:50.192,15015.73731
133.83500,1.03124,-1288.20554,395635.18443,3385888.30917,1.12895,0.01299,10300824.48680,2000-04-29T17:40:12.920,15008.77635
133.84501,0.52751,-1265.40025,395502.89399,3385876.34548,1.13157,0.01406,10365862.90797,2000-04-30T11:44:09.343,15023.43038
133.85500,0.81512,-1273.04279,395618.32231,3385835.39520,1.12933,0.01389,10346786.22654,2000-04-30T06:26:07.496,15020.25036
133.86499,0.97050,-1294.18727,395667.88578,3385867.72439,1.12767,0.01148,10278396.61010,2000-04-29T11:26:30.262,15008.60671
133.87497,0.70349,-1296.11805,395509.81302,3385926.12945,1.13180,0.01050,10306706.04755,2000-04-29T19:18:15.454,15017.72040
133.88501,0.68659,-1285.53226,395557.01209,3385851.20743,1.12672,0.00813,10222163.91872,2000-04-28T19:48:58.094,15002.97616
133.89499,0.71718,-1283.04312,395551.96046,3385847.41113,1.13239,0.00887,10204974.29182,2000-04-28T15:02:34.297,14997.75720
133.90501,0.42050,-1262.62194,395439.72090,3385832.41000,1.13402,0.00736,10327140.42081,2000-04-30T00:58:33.729,15018.40803
133.91502,1.03430,-1287.50139,395661.74330,3385863.83486,1.12978,0.00801,10231022.38635,2000-04-28T22:16:31.212,15002.23686
133.92501,0.83723,-1277.72933,395624.10780,3385842.27729,1.12730,0.00943,10350203.50663,2000-04-30T07:23:00.521,15019.71035
133.93501,0.84786,-1282.91331,395617.95276,3385850.64694,1.13407,0.00850,10262900.92404,2000-04-29T07:07:54.700,15006.15088
133.94501,0.50257,-1258.84341,395445.12810,3385895.40613,1.12986,0.00834,10359942.68398,2000-04-30T10:05:12.580,15022.62844
133.95499,0.48333,-1265.86658,395444.18095,3385862.09121,1.13121,0.00962,10348588.15678,2000-04-30T06:56:10.453,15016.33608
133.96500,0.71533,-1267.63421,395589.84304,3385837.88697,1.13601,0.00930,10361623.96206,2000-04-30T10:33:13.773,15023.52266
133.97501,0.83109,-1285.79066,395603.43582,3385866.38127,1.13502,0.01055,10253674.97224,2000-04-29T04:34:20.503,15004.68131
133.98501,0.47155,-1270.06934,395481.43627,3385835.43289,1.12904,0.01049,10192909.57181,2000-04-28T11:41:24.081,14994.20998
133.99499,0.60458,-1284.59678,395557.43395,3385817.36793,1.12411,0.01043,10326842.49746,2000-04-30T00:53:32.543,15021.14244
134.00500,0.52024,-1287.19401,395485.61913,3385847.95230,1.12596,0.00998,10301701.89025,2000-04-29T17:54:45.961,15013.80728
134.01500,0.81428,-1299.60374,395610.96572,3385857.28465,1.12487,0.01012,10276189.28367,2000-04-29T10:49:30.053,15008.94684
134.02499,0.66621,-1295.68307,395576.43024,3385848.47494,1.12682,0.01297,10382926.79596,2000-04-30T16:28:22.792,15027.04175
134.03500,0.45959,-1287.61179,395464.66269,3385843.59340,1.12157,0.01260,10316690.24186,2000-04-29T22:04:36.277,15014.69873
134.04498,0.89622,-1309.04316,395648.73540,3385827.33681,1.12824,0.01337,10250060.49090,2000-04-29T03:34:05.233,15002.93310
134.05500,0.64423,-1302.12786,395588.06765,3385816.92228,1.12787,0.01454,10348597.89579,2000-04-30T06:56:24.884,15019.69588
134.06499,0.59695,-1297.81538,395588.83210,3385829.38683,1.12920,0.01529,10267651.49054,2000-04-29T08:27:06.608,15006.40849
134.07501,0.85915,-1314.70833,395661.18358,3385841.92609,1.12930,0.01308,10321370.43789,2000-04-29T23:22:24.625,15018.45827
134.08500,0.89829,-1307.37387,395687.09260,3385809.45845,1.12647,0.01263,10241495.41063,2000-04-29T01:11:10.918,15008.81501
134.09500,0.36705,-1279.65068,395439.46508,3385865.29759,1.12841,0.01309,10399331.82939,2000-04-30T21:02:07.320,15026.80637
134.10500,0.32189,-1274.99179,395349.78150,3385909.45833,1.12436,0.01310,10275401.07045,2000-04-29T10:36:20.419,15012.29113
134.11501,0.84755,-1290.22813,395608.66415,3385826.21290,1.12539,0.01269,10370084.08607,2000-04-30T12:54:22.976,15023.05693
134.12500,0.51667,-1283.08115,395503.17326,3385858.18856,1.12062,0.01100,10235683.99843,2000-04-28T23:34:32.054,15001.45275
134.13500,0.49051,-1273.80935,395473.77355,3385867.40341,1.11793,0.01143,10308695.56522,2000-04-29T19:51:23.053,15013.27838
134.14499,0.70351,-1280.73202,395585.65866,3385838.62054,1.12325,0.01140,10397189.31399,2000-04-30T20:26:16.345,15029.09955
134.15500,0.54546,-1269.59675,395480.39952,3385862.41471,1.12238,0.01086,10259018.39051,2000-04-29T06:03:17.510,15006.45737
134.16501,0.99352,-1282.64663,395715.77117,3385845.17507,1.12474,0.01068,10269377.20120,2000-04-29T08:56:03.538,15009.97798
134.17501,0.39136,-1273.73326,395519.54928,3385853.88152,1.12116,0.01064,10398827.19973,2000-04-30T20:53:37.356,15025.06850
134.18501,1.11079,-1303.26745,395784.96132,3385817.33446,1.12262,0.01173,10385949.19377,2000-04-30T17:19:01.251,15028.73798
134.19500,0.67975,-1294.53941,395537.83795,3385870.44756,1.12083,0.01138,10373322.91296,2000-04-30T13:48:28.175,15022.88558
134.20501,0.51499,-1282.77713,395503.71109,3385861.23434,1.12447,0.01187,10351242.17603,2000-04-30T07:40:35.031,15018.18869
134.21500,0.64526,-1290.07660,395564.03166,3385857.70765,1.13565,0.01108,10349897.31451,2000-04-30T07:17:59.225,15020.05918
134.22500,0.60373,-1285.09081,395538.05033,3385873.86927,1.13747,0.01187,10395409.41165,2000-04-30T19:56:43.275,15027.45584
134.23501,0.76306,-1292.45844,395608.14114,3385876.45017,1.14121,0.01181,10353490.48295,2000-04-30T08:17:53.145,15022.01307
134.24501,0.88655,-1291.93768,395697.49436,3385810.67591,1.14314,0.01354,10299495.15591,2000-04-29T17:18:01.927,15012.44116
134.25499,0.94769,-1299.99029,395677.84250,3385856.97658,1.13971,0.01312,10404355.72051,2000-04-30T22:25:44.266,15025.29098
134.26501,0.79795,-1288.92894,395629.20922,3385859.49641,1.13311,0.01391,10440720.74723,2000-05-01T08:31:51.565,15033.38698
134.27501,0.75540,-1280.32143,395577.28622,3385896.56853,1.12914,0.01383,10390794.03956,2000-04-30T18:39:41.681,15027.94725
134.28500,0.45639,-1267.18683,395456.89327,3385885.78427,1.12111,0.01153,10348939.84519,2000-04-30T07:01:55.093,15025.63673
134.29499,0.89320,-1282.85547,395651.80699,3385869.98372,1.12607,0.01052,10457556.80462,2000-05-01T13:12:24.037,15035.44038
134.30499,0.59023,-1262.77120,395579.04882,3385851.46910,1.13061,0.01110,10333142.62940,2000-04-30T02:38:56.068,15017.98932
134.31498,1.17763,-1292.98737,395753.80368,3385852.45971,1.12184,0.01100,10355135.37736,2000-04-30T08:45:14.617,15022.95594
134.32500,0.56388,-1276.17276,395484.80858,3385888.79307,1.13376,0.01175,10316542.39214,2000-04-29T22:02:09.652,15016.28065
134.33501,1.02334,-1282.46525,395733.02961,3385828.15605,1.13648,0.01154,10354541.74377,2000-04-30T08:35:32.105,15019.34891
134.34502,0.79349,-1289.32594,395671.92275,3385842.70564,1.13137,0.01031,10353405.29278,2000-04-30T08:16:25.767,15018.36359
134.35499,0.70036,-1288.05075,395612.55289,3385855.28523,1.12638,0.01034,10358084.59381,2000-04-30T09:34:24.710,15024.25928
134.36498,0.77719,-1286.29944,395660.20938,3385848.75802,1.12770,0.00829,10338841.49230,2000-04-30T04:13:48.194,15019.22656
134.37501,0.86823,-1297.50520,395707.61009,3385881.16790,1.12659,0.00787,10522675.31166,2000-05-02T07:17:27.493,15044.93026
134.38502,0.70968,-1286.75061,395623.43158,3385873.67958,1.12714,0.00824,10498408.83199,2000-05-02T00:33:12.209,15040.69333
134.39501,0.68722,-1284.56590,395598.59259,3385868.91762,1.12270,0.00831,10380382.49151,2000-04-30T15:45:57.772,15025.33092
134.40500,1.23070,-1311.34116,395832.26012,3385865.17107,1.12536,0.00790,10535794.35779,2000-05-02T10:56:16.193,15046.23450
134.41501,0.73118,-1298.04296,395597.15438,3385924.83323,1.12258,0.00859,10758831.40203,2000-05-05T00:53:24.583,15077.89251
134.42501,1.15081,-1321.68779,395744.39909,3385965.84464,1.12130,0.00854,10851059.54493,2000-05-06T02:30:19.369,15094.30823
134.43498,0.78034,-1282.74160,395624.42512,3385918.93801,1.12084,0.00893,10606276.95530,2000-05-03T06:30:57.439,15057.30522
134.44499,0.64402,-1269.75422,395582.07461,3385833.99775,1.12053,0.00904,10288403.57007,2000-04-29T14:13:20.785,15012.25547
134.45500,1.11282,-1286.15973,395788.61925,3385861.50144,1.12195,0.00852,10394224.12547,2000-04-30T19:36:52.852,15023.00459
134.46499,0.96160,-1280.80148,395691.37437,3385850.91182,1.12061,0.00802,10236505.25642,2000-04-28T23:48:06.157,15005.84031
134.47500,0.71634,-1272.29366,395591.17236,3385863.41886,1.12124,0.00888,10251499.89286,2000-04-29T03:58:10.076,15009.30996
134.48502,0.61582,-1260.16657,395619.15438,3385837.43382,1.11838,0.00787,10247935.79606,2000-04-29T02:58:42.666,15006.80362
134.49499,0.88409,-1266.35156,395675.28068,3385858.57346,1.11585,0.00884,10357371.36660,2000-04-30T09:22:42.689,15022.71338
134.50499,0.71350,-1264.55425,395590.62747,3385890.34233,1.11528,0.00883,10378746.30870,2000-04-30T15:18:55.396,15025.70763
134.51498,0.76528,-1258.78459,395619.48646,3385843.50706,1.11862,0.00849,10351118.84992,2000-04-30T07:38:29.799,15019.21666
134.52500,0.65496,-1259.40108,395587.33435,3385863.80926,1.11919,0.00861,10245564.57432,2000-04-29T02:19:11.678,15007.30020
134.53500,0.66824,-1263.40600,395534.31954,3385907.06173,1.12033,0.00927,10308465.72703,2000-04-29T19:47:37.934,15013.11337
134.54499,0.94275,-1269.26338,395663.43150,3385874.84169,1.11949,0.00846,10407429.01172,2000-04-30T23:17:01.618,15028.83113
134.55499,0.66430,-1247.53710,395561.72699,3385880.09583,1.12396,0.00863,10170537.79086,2000-04-28T05:28:36.820,14992.96399
134.56500,0.67706,-1243.60021,395555.23797,3385851.49887,1.11547,0.00793,10278614.49279,2000-04-29T11:30:02.172,15011.12220
134.57500,0.60647,-1245.05751,395495.15473,3385917.13881,1.11861,0.00912,10373997.93957,2000-04-30T13:59:49.296,15028.14924
134.58500,0.48644,-1241.38134,395507.90399,3385854.94945,1.12039,0.00941,10244721.60105,2000-04-29T02:05:12.357,15007.11788
134.59501,0.70596,-1256.81860,395591.49493,3385885.51125,1.11604,0.00881,10307817.34635,2000-04-29T19:36:53.954,15012.92817
134.60500,0.96340,-1270.58241,395703.14122,3385877.76838,1.11766,0.00952,10312928.61665,2000-04-29T21:02:02.371,15012.70289
134.61500,0.46511,-1240.74561,395489.23885,3385879.45857,1.11789,0.01168,10434231.74667,2000-05-01T06:43:33.874,15035.00975
134.62499,0.92854,-1258.31745,395663.84870,3385898.98745,1.11870,0.01136,10263301.42849,2000-04-29T07:14:50.912,15009.92874
134.63500,0.65596,-1240.88747,395529.40467,3385883.05097,1.11965,0.01101,10374677.48464,2000-04-30T14:11:06.576,15020.64826
134.64500,0.87593,-1246.60896,395613.11648,3385881.92612,1.12073,0.01072,10354010.76737,2000-04-30T08:26:44.708,15020.58682
134.65500,0.53483,-1237.05830,395509.36679,3385874.34681,1.11779,0.01058,10310976.13202,2000-04-29T20:29:23.538,15017.17558
134.66500,0.72664,-1243.98142,395558.46239,3385912.97012,1.11768,0.00993,10239831.95306,2000-04-29T00:43:37.308,15010.48305
134.67499,0.43597,-1225.57456,395500.44316,3385857.42588,1.12428,0.00885,10353430.17589,2000-04-30T08:17:01.961,15019.60165
134.68499,0.78522,-1235.85903,395596.97294,3385886.76974,1.11672,0.00811,10252475.41184,2000-04-29T04:14:35.057,15003.93232
134.69501,0.72774,-1234.03854,395552.11238,3385908.16933,1.12036,0.00858,10381854.61041,2000-04-30T16:10:40.719,15027.80494
134.70500,0.78347,-1233.33130,395594.94548,3385862.19249,1.12048,0.00900,10260908.10129,2000-04-29T06:34:53.311,15007.79185
134.71500,0.40544,-1219.50345,395479.99655,3385887.91754,1.12614,0.00883,10278941.96241,2000-04-29T11:35:34.965,15012.19369
134.72501,0.65990,-1230.43504,395528.04485,3385906.17018,1.12487,0.00922,10318474.90284,2000-04-29T22:34:21.053,15015.51480
134.73501,0.50513,-1226.14218,395479.27542,3385921.26754,1.12211,0.00892,10341321.90368,2000-04-30T04:55:06.610,15024.75820
134.74499,0.94430,-1233.73437,395629.48492,3385893.83153,1.13132,0.00866,10244507.07731,2000-04-29T02:01:40.857,15004.22046
134.75501,0.49716,-1216.70199,395496.14329,3385870.13547,1.12457,0.01019,10295423.43283,2000-04-29T16:10:07.444,15011.78012
134.76500,0.94686,-1240.97733,395709.33769,3385884.85409,1.12092,0.01014,10245338.48624,2000-04-29T02:15:24.842,15006.03795
134.77499,0.48650,-1217.90585,395462.64809,3385919.02767,1.12404,0.01010,10327381.29691,2000-04-30T01:02:57.058,15015.92797
134.78501,0.71964,-1233.11846,395625.02484,3385861.31380,1.11988,0.00904,10349763.77135,2000-04-30T07:16:02.623,15021.99133
134.79501,0.71641,-1234.10871,395603.32534,3385864.22130,1.12446,0.00856,10302701.72437,2000-04-29T18:11:23.343,15011.72003
134.80499,0.81949,-1235.29936,395643.83552,3385873.71538,1.12439,0.00970,10346716.57678,2000-04-30T06:25:14.876,15019.51178
134.81500,0.29415,-1216.44522,395436.79444,3385885.31038,1.12840,0.00854,10232812.01130,2000-04-28T22:46:44.189,15004.59093
134.82502,0.95260,-1240.40912,395696.90762,3385860.88279,1.13073,0.00936,10313054.75869,2000-04-29T21:04:10.400,15013.09035
134.83499,0.68312,-1229.42595,395604.21991,3385885.30797,1.11811,0.00899,10289967.50539,2000-04-29T14:39:13.870,15016.36053
134.84497,0.92708,-1239.76358,395657.54518,3385879.94823,1.12260,0.00785,10172618.93088,2000-04-28T06:03:27.501,14993.47155
134.85500,0.52310,-1220.41369,395530.59683,3385865.65772,1.11817,0.00931,10276442.84096,2000-04-29T10:53:48.761,15011.37044
134.86500,0.50359,-1218.99949,395494.84690,3385914.50705,1.11861,0.00890,10409897.22614,2000-04-30T23:58:01.977,15031.66137
134.87501,0.54212,-1218.85615,395539.32186,3385874.78002,1.11465,0.00893,10263561.80647,2000-04-29T07:19:09.214,15009.23236
134.88502,0.57022,-1213.15878,395504.70505,3385917.17764,1.11957,0.00864,10283549.33274,2000-04-29T12:52:13.435,15011.32348
134.89499,0.74887,-1215.55678,395591.85673,3385876.86936,1.11521,0.00950,10307409.07615,2000-04-29T19:29:55.447,15012.71994
134.90499,0.56956,-1215.42084,395541.59446,3385910.77891,1.12226,0.00882,10353920.23198,2000-04-30T08:25:14.287,15022.48347
134.91499,0.57154,-1211.51060,395474.34672,3385929.52965,1.11563,0.00852,10221704.81789,2000-04-28T19:41:33.119,15001.57029
134.92499,0.72239,-1212.42956,395628.27490,3385864.31119,1.11725,0.00942,10371290.94600,2000-04-30T13:14:38.823,15024.42004
134.93502,0.69539,-1215.53213,395582.17923,3385912.87589,1.11939,0.00858,10383467.85110,2000-04-30T16:37:43.310,15026.60820
134.94502,0.71104,-1212.47032,395508.46035,3385934.03985,1.12032,0.00881,10250993.46053,2000-04-29T03:49:46.191,15009.34401
134.95498,0.74910,-1211.15623,395574.38219,3385909.47876,1.11986,0.00970,10341763.58588,2000-04-30T05:02:35.921,15018.37114
134.96499,0.84825,-1215.42717,395577.82995,3385918.96521,1.11658,0.00822,10369382.56079,2000-04-30T12:42:54.250,15027.15073
134.97500,0.41784,-1200.55604,395422.63964,3385932.17325,1.11757,0.00890,10300848.43312,2000-04-29T17:40:49.880,15011.17641
134.98499,0.81744,-1216.18516,395609.28617,3385896.46909,1.12262,0.00893,10375539.18124,2000-04-30T14:25:32.342,15024.59653
134.99500,0.62883,-1207.42417,395518.56891,3385907.34623,1.11275,0.00876,10260785.62698,2000-04-29T06:32:51.343,15009.26511
135.00501,0.71135,-1218.44730,395547.17556,3385911.52740,1.10984,0.00900,10310498.39929,2000-04-29T20:21:31.807,15013.33565
135.01503,0.76986,-1221.04416,395575.35226,3385916.16531,1.11880,0.00911,10262467.77055,2000-04-29T07:00:51.635,15009.02436
135.02501,0.78325,-1219.72597,395578.42859,3385908.04243,1.12165,0.00878,10350540.11467,2000-04-30T07:28:51.522,15021.22309
135.03499,0.82306,-1222.55507,395609.18232,3385899.32539,1.12270,0.00870,10296621.56437,2000-04-29T16:30:14.862,15017.30164
135.04499,0.83537,-1220.82702,395627.23140,3385877.53467,1.12167,0.00994,10199843.76343,2000-04-28T13:37:20.294,14995.25545
135.05500,0.83195,-1226.05858,395629.12467,3385884.92111,1.12191,0.00872,10290427.49600,2000-04-29T14:47:01.959,15013.79128
135.06500,0.39043,-1204.89651,395424.73024,3385895.99769,1.11989,0.00908,10269363.35680,2000-04-29T08:55:57.353,15008.24218
135.07499,0.65410,-1211.95494,395520.78081,3385890.99158,1.11381,0.00903,10346514.41429,2000-04-30T06:21:50.316,15024.62849
135.08500,0.65046,-1217.37605,395563.21801,3385885.78232,1.11331,0.00928,10317902.64060,2000-04-29T22:24:56.753,15014.42011
135.09500,0.57156,-1211.76186,395519.65614,3385879.37835,1.11658,0.00858,10230271.93162,2000-04-28T22:04:18.653,15004.45206
135.10500,1.04788,-1222.96136,395744.19867,3385871.38248,1.12385,0.00851,10292603.75975,2000-04-29T15:23:12.734,15013.37034
135.11501,0.58230,-1206.16621,395476.85655,3385933.88364,1.12028,0.00911,10381567.57762,2000-04-30T16:06:07.489,15026.82087
135.12501,0.44622,-1195.98467,395423.12891,3385911.53143,1.11744,0.00988,10211677.16091,2000-04-28T16:54:29.722,15001.55351
135.13500,0.66677,-1208.21401,395522.99741,3385928.63513,1.10563,0.00845,10367859.48119,2000-04-30T12:17:31.691,15027.92911
135.14500,0.60710,-1202.15915,395537.71302,3385908.45221,1.11151,0.00906,10270728.45770,2000-04-29T09:18:44.338,15007.16733
135.15499,0.84762,-1212.60958,395610.87160,3385924.07423,1.10859,0.00976,10367635.40949,2000-04-30T12:13:53.557,15022.99211
135.16498,0.56056,-1200.74254,395475.40330,3385920.93373,1.11484,0.00889,10187944.45306,2000-04-28T10:19:00.020,14997.36254
135.17501,0.75354,-1208.30303,395608.11000,3385889.87764,1.11014,0.00895,10327112.78336,2000-04-30T00:58:24.232,15020.58666
135.18499,0.65965,-1198.61108,395529.23979,3385903.09040,1.11422,0.00853,10213651.70289,2000-04-28T17:27:27.864,15000.47074
135.19500,0.30607,-1190.27382,395410.21916,3385900.36231,1.11136,0.01027,10233644.20112,2000-04-28T23:00:40.243,15003.88107
135.20499,0.64498,-1199.67732,395523.22419,3385926.57255,1.10456,0.01154,10182477.63096,2000-04-28T08:47:54.295,15000.49692
135.21499,0.91532,-1207.60266,395647.72662,3385902.88081,1.10954,0.01342,10249233.12262,2000-04-29T03:20:22.078,15006.76870
135.22500,0.59294,-1201.18537,395522.10789,3385930.97362,1.11311,0.01328,10237576.05524,2000-04-29T00:06:13.969,15006.32312
135.23499,0.77736,-1198.28356,395583.36020,3385916.29515,1.11395,0.01400,10253591.70638,2000-04-29T04:33:07.641,15005.14693
135.24501,0.74223,-1197.58739,395586.93459,3385921.30743,1.12026,0.01526,10267828.53164,2000-04-29T08:30:19.060,15013.28913
135.25500,0.47136,-1184.83660,395423.18626,3385959.75234,1.11353,0.01153,10229736.53001,2000-04-28T21:55:27.818,14999.83112
135.26501,0.68284,-1190.39889,395530.82842,3385907.71210,1.10810,0.01160,10195696.43740,2000-04-28T12:28:16.644,14999.41774
135.27499,0.41902,-1178.08912,395446.00652,3385936.44878,1.11032,0.01221,10255590.09891,2000-04-29T05:06:24.745,15006.78928
135.28499,0.70436,-1187.04777,395504.59711,3385943.03630,1.11471,0.01163,10193621.25048,2000-04-28T11:53:44.456,14994.88247
135.29499,0.69172,-1192.64042,395540.90352,3385971.94960,1.11668,0.01151,10314984.90466,2000-04-29T21:36:24.289,15018.02567
135.30498,0.77206,-1200.55892,395560.10738,3385969.51758,1.11214,0.01197,10211982.57234,2000-04-28T16:59:39.099,14999.08167
135.31499,0.62748,-1190.21796,395509.93271,3385949.49176,1.11172,0.01132,10281343.43964,2000-04-29T12:15:42.262,15009.41172
135.32502,0.93586,-1210.55028,395667.81642,3385916.39209,1.10953,0.01246,10248547.24209,2000-04-29T03:09:03.285,15007.24884
135.33500,0.81771,-1195.24705,395638.25704,3385941.87352,1.11097,0.01214,10211795.35012,2000-04-28T16:56:29.998,14999.20314
135.34499,1.00088,-1204.12243,395749.30291,3385891.95412,1.11976,0.01260,10348637.83167,2000-04-30T06:57:07.952,15020.70913
135.35500,0.57257,-1188.06731,395504.28476,3385965.63444,1.11465,0.01495,10198878.85657,2000-04-28T13:21:08.838,14998.46843
135.36501,0.76774,-1190.53241,395621.72427,3385937.90172,1.11739,0.01738,10328030.56974,2000-04-30T01:13:40.074,15018.08004
135.37499,0.80231,-1191.07901,395657.05677,3385895.42354,1.11982,0.01573,10392286.26327,2000-04-30T19:04:45.535,15029.68451
135.38499,1.07464,-1205.80349,395764.01282,3385910.75350,1.11080,0.01430,10255166.33646,2000-04-29T04:59:16.733,15007.84053
135.39500,0.85803,-1192.85771,395628.48086,3385963.43541,1.10966,0.01515,10315502.21498,2000-04-29T21:44:55.747,15015.83274
135.40500,0.82196,-1194.93427,395639.16338,3385981.66368,1.11311,0.01530,10500293.03576,2000-05-02T01:04:39.571,15040.48911
135.41500,1.10582,-1205.28579,395811.41071,3385900.29212,1.10981,0.01553,10399440.28911,2000-04-30T21:03:50.598,15032.16796
135.42499,0.91408,-1198.16725,395726.31763,3385954.25935,1.11562,0.01518,10415377.71426,2000-05-01T01:29:25.300,15031.16759
135.43501,1.09557,-1207.45033,395769.02102,3385951.19298,1.11112,0.01736,10387708.69617,2000-04-30T17:48:28.596,15024.97282
135.44500,0.41227,-1176.89522,395501.73312,3385980.17509,1.12055,0.01731,10403195.48395,2000-04-30T22:06:26.707,15032.11977
135.45502,0.57821,-1182.07902,395587.32233,3385938.30625,1.12038,0.01724,10265626.72310,2000-04-29T07:53:41.009,15006.20460
135.46501,0.85350,-1198.18432,395845.67976,3385952.39653,1.12457,0.01770,10370618.26604,2000-04-30T13:03:28.624,15025.64249
135.47501,0.72677,-1202.68157,395701.97695,3385968.87508,1.12263,0.01887,10323677.47712,2000-04-30T00:01:13.846,15020.72509
135.48500,0.72432,-1206.43874,395997.51220,3385980.93947,1.12000,0.01716,10431984.50636,2000-05-01T06:06:15.257,15032.52577
135.49499,0.49267,-1186.16956,395500.22072,3385932.45390,1.11357,0.01591,10278697.71449,2000-04-29T11:31:30.580,15011.26988
135.50501,0.83702,-1204.38598,395554.73458,3385918.71385,1.11235,0.01489,10204009.99760,2000-04-28T14:46:40.204,14998.28636
135.51501,0.46125,-1182.59477,395383.96135,3385937.13019,1.11369,0.01567,10208398.98801,2000-04-28T15:59:53.540,15001.04205
135.52499,1.04024,-1210.86976,395686.87623,3385890.72093,1.11967,0.01485,10332420.59847,2000-04-30T02:26:51.015,15017.35737
135.53499,0.96746,-1202.48328,395650.46161,3385888.73841,1.11418,0.01470,10267920.55889,2000-04-29T08:31:51.906,15008.87117
135.54501,0.73834,-1202.77199,395573.41330,3385897.31677,1.12481,0.01475,10249817.47670,2000-04-29T03:30:10.473,15006.45867
135.55499,0.69184,-1201.44390,395528.70456,3385924.94291,1.12368,0.01565,10421266.97477,2000-05-01T03:07:38.908,15031.32808
135.56498,0.61491,-1198.55602,395483.30150,3385912.95377,1.12798,0.01572,10236166.54362,2000-04-28T23:42:37.719,15004.92104
135.57500,0.63155,-1200.49725,395502.83611,3385904.03714,1.12327,0.01761,10373707.62676,2000-04-30T13:54:59.050,15024.10206
135.58501,0.90732,-1207.61510,395609.00581,3385914.88516,1.12603,0.01875,10409629.95486,2000-04-30T23:53:47.279,15033.88163
135.59500,0.86170,-1202.30782,395592.84400,3385918.41854,1.12182,0.02134,10383851.84658,2000-04-30T16:44:05.141,15024.04381
135.60500,0.95874,-1204.67133,395635.75089,3385915.78905,1.11940,0.01947,10309761.46678,2000-04-29T20:09:22.739,15013.26111
135.61499,0.93381,-1198.35974,395616.38677,3385916.46636,1.12087,0.01786,10357117.45309,2000-04-30T09:18:39.601,15021.35834
135.62501,0.68909,-1185.09960,395539.06180,3385903.66191,1.11870,0.01718,10282797.99478,2000-04-29T12:39:58.038,15009.78338
135.63500,0.86349,-1200.23687,395612.80827,3385905.02132,1.11577,0.01640,10287937.38980,2000-04-29T14:05:39.771,15015.15261
135.64501,0.27989,-1175.39607,395327.95046,3385948.34977,1.11438,0.01624,10343292.76507,2000-04-30T05:28:13.498,15021.54189
135.65500,0.92986,-1196.53647,395647.41711,3385920.54221,1.11943,0.01598,10281836.00436,2000-04-29T12:23:50.593,15011.74570
135.66501,0.36262,-1168.18357,395426.85834,3385912.77925,1.12314,0.01321,10382835.20937,2000-04-30T16:27:14.137,15025.00684
135.67500,0.77949,-1184.47154,395551.92162,3385946.58011,1.11698,0.01567,10341540.75014,2000-04-30T04:58:57.132,15019.87908
135.68500,0.81129,-1191.33893,395572.60816,3385936.09975,1.12051,0.01642,10295540.04914,2000-04-29T16:12:17.921,15013.98653
135.69501,0.81260,-1177.62133,395581.98212,3385919.35576,1.11497,0.01648,10334127.54332,2000-04-30T02:55:29.885,15019.45932
135.70499,0.54702,-1172.18684,395456.18299,3385921.87984,1.11680,0.01633,10333819.52960,2000-04-30T02:50:16.169,15014.67635
135.71502,0.40445,-1164.17290,395382.54315,3385926.39066,1.11588,0.01509,10301264.00533,2000-04-29T17:47:51.224,15015.34511
135.72501,0.73742,-1184.41591,395515.08718,3385955.62788,1.12305,0.01438,10384235.37600,2000-04-30T16:50:31.605,15025.55729
135.73499,0.46549,-1174.81236,395470.65481,3385928.44162,1.11609,0.01595,10289079.47935,2000-04-29T14:24:37.556,15013.14279
135.74498,0.62910,-1179.03060,395461.12664,3385989.94554,1.11690,0.01522,10339240.17196,2000-04-30T04:20:32.246,15019.21816
135.75500,0.87115,-1184.02277,395603.62443,3385925.84190,1.12344,0.01548,10209667.02331,2000-04-28T16:21:01.068,14999.57180
135.76501,0.53480,-1165.64727,395494.76756,3385954.10044,1.12743,0.01454,10296381.56514,2000-04-29T16:26:15.013,15014.28056
135.77500,0.70546,-1174.71686,395510.11116,3385941.31937,1.12322,0.01557,10340211.60511,2000-04-30T04:36:47.377,15020.47942
135.78500,0.68788,-1175.47400,395477.10888,3385968.71788,1.12234,0.01467,10294444.75700,2000-04-29T15:53:59.095,15015.47918
135.79502,0.64846,-1172.63114,395490.07115,3385952.46659,1.12257,0.01464,10269021.88671,2000-04-29T08:50:17.908,15010.07493
135.80498,0.56257,-1175.47108,395477.65138,3385954.40402,1.12180,0.01492,10303022.95314,2000-04-29T18:17:02.937,15012.51639
135.81500,0.45382,-1158.93487,395377.66968,3385972.18599,1.11933,0.01610,10219435.72478,2000-04-28T19:03:50.448,15005.28120
135.82499,0.56151,-1159.82417,395436.07153,3385954.12119,1.12750,0.01354,10402602.44793,2000-04-30T21:56:48.737,15028.58969
135.83499,0.46517,-1163.45598,395443.99433,3385968.87371,1.12716,0.01434,10313729.83088,2000-04-29T21:15:22.195,15013.46954
135.84500,0.60614,-1158.58234,395474.29591,3385949.02336,1.12550,0.01364,10295747.57735,2000-04-29T16:15:50.977,15011.55509
135.85500,0.90795,-1171.89231,395647.95080,3385915.91599,1.12905,0.01231,10310816.20898,2000-04-29T20:26:56.531,15015.82872
135.86501,0.37095,-1150.05890,395408.11922,3385940.57636,1.12728,0.01158,10284745.29926,2000-04-29T13:12:23.991,15011.19331
135.87501,0.50091,-1162.09852,395474.71154,3385937.54448,1.12911,0.01048,10320582.67191,2000-04-29T23:09:37.121,15019.85438
135.88501,0.67686,-1162.11536,395515.86312,3385967.88105,1.12988,0.01019,10274475.04815,2000-04-29T10:21:14.531,15007.66948
135.89501,0.48532,-1160.09665,395486.24716,3385937.88797,1.13118,0.01016,10340020.70493,2000-04-30T04:33:27.397,15019.22015
135.90499,0.82854,-1169.43805,395600.89892,3385962.00395,1.13603,0.00998,10383480.00685,2000-04-30T16:38:02.888,15025.36932
135.91500,0.68485,-1171.44718,395598.27156,3385949.92763,1.12941,0.01000,10182882.04594,2000-04-28T08:54:31.296,14997.29759
135.92499,0.83880,-1176.81549,395678.69041,3385930.70755,1.13107,0.01220,10280453.19164,2000-04-29T12:00:45.877,15010.95895
135.93501,0.53810,-1166.26728,395590.02701,3385920.04000,1.13554,0.01335,10340413.16143,2000-04-30T04:40:08.316,15021.30043
135.94501,0.97254,-1181.85910,395745.00381,3385920.52359,1.13755,0.01378,10263797.67592,2000-04-29T07:23:04.568,15007.95254
135.95500,0.95295,-1177.23021,395762.90180,3385950.43416,1.14290,0.01216,10351480.79243,2000-04-30T07:44:36.140,15018.29699
135.96500,0.67063,-1166.79002,395664.76252,3385962.86171,1.14055,0.01287,10290453.05116,2000-04-29T14:47:18.610,15016.30582
135.97501,0.86666,-1175.08178,395793.66963,3385929.47882,1.13885,0.01230,10372025.42251,2000-04-30T13:26:56.754,15021.00597
135.98499,0.81696,-1176.10177,395843.94145,3385967.00165,1.13922,0.01304,10298235.30769,2000-04-29T16:57:05.168,15012.47024
135.99500,1.03574,-1186.15109,396306.87107,3385978.22107,1.13778,0.01185,10638014.07069,2000-05-03T15:19:48.941,15063.47407
136.00499,0.85336,-1173.76054,395620.64974,3385911.47410,1.13249,0.01227,10273675.56295,2000-04-29T10:07:55.927,15010.83321
136.01500,0.59681,-1163.18359,395470.98615,3385920.19930,1.12665,0.01239,10216818.54752,2000-04-28T18:20:10.293,15004.83599
136.02498,0.87155,-1184.84775,395523.38686,3385951.61251,1.12744,0.01416,10183005.70284,2000-04-28T08:56:42.008,14997.43183
136.03500,0.92235,-1177.19638,395592.12981,3385888.10808,1.12423,0.01575,10333044.18877,2000-04-30T02:37:23.501,15018.97303
136.04500,0.87739,-1170.89411,395584.27510,3385900.48063,1.12943,0.01616,10290662.07980,2000-04-29T14:50:57.536,15010.12707
136.05500,0.60319,-1150.91150,395441.89828,3385925.95584,1.12443,0.01395,10216530.70035,2000-04-28T18:15:24.287,14998.84174
136.06499,0.62037,-1152.29564,395443.20216,3385949.30103,1.12626,0.01416,10257539.15484,2000-04-29T05:38:48.793,15010.98578
136.07501,0.72475,-1159.00512,395488.97725,3385926.55592,1.12558,0.01434,10194427.09084,2000-04-28T12:07:05.292,14998.53568
136.08500,0.75534,-1164.70367,395534.55382,3385916.33122,1.12309,0.01481,10354120.24445,2000-04-30T08:28:39.031,15024.27840
136.09499,0.83363,-1160.26709,395567.28620,3385898.81437,1.12089,0.01703,10288135.47452,2000-04-29T14:08:44.684,15010.21456
136.10501,0.70982,-1151.81999,395492.52452,3385917.15911,1.12035,0.01611,10282600.56538,2000-04-29T12:36:44.427,15010.84316
136.11501,0.48798,-1137.94127,395361.30653,3385974.91077,1.12179,0.01685,10262669.31270,2000-04-29T07:04:24.356,15007.37486
136.12501,0.74899,-1152.23172,395487.53152,3385936.72732,1.12109,0.01527,10294619.51963,2000-04-29T15:56:55.379,15013.64532
136.13501,0.62267,-1137.27310,395440.32299,3385943.22710,1.12837,0.01527,10208330.97264,2000-04-28T15:58:38.573,14998.34390
136.14498,0.59812,-1141.39105,395411.84301,3385948.41160,1.11932,0.01451,10304463.49577,2000-04-29T18:40:53.596,15015.70112
136.15498,0.90580,-1150.20725,395573.47170,3385927.89950,1.12410,0.01482,10211327.15348,2000-04-28T16:48:46.222,14999.37801
136.16501,0.71180,-1144.95303,395504.78916,3385934.95083,1.11779,0.01291,10217316.65845,2000-04-28T18:28:28.460,15003.17384
136.17500,0.47478,-1140.32537,395404.02338,3385938.64584,1.11131,0.01272,10230186.88199,2000-04-28T22:03:03.123,15001.46192
136.18500,0.63276,-1140.18702,395473.55902,3385926.18003,1.11242,0.01198,10169806.11882,2000-04-28T05:16:47.859,14993.06141
136.19500,0.90456,-1151.54849,395579.73987,3385919.48499,1.11812,0.01277,10094227.45461,2000-04-27T08:17:05.863,14984.40203
136.20498,0.96526,-1153.27938,395587.38652,3385945.75249,1.11495,0.01277,10210553.17784,2000-04-28T16:35:44.288,15001.39052
136.21501,0.47921,-1142.04867,395361.51970,3385979.60930,1.11527,0.01201,10221640.15707,2000-04-28T19:40:32.294,15000.68419
136.22502,0.29443,-1132.93853,395475.61664,3385891.96510,1.12034,0.01302,10242876.92100,2000-04-29T01:34:38.105,15007.82796
136.23500,0.83135,-1155.59583,395670.66548,3385940.95786,1.12886,0.01255,10181228.79311,2000-04-28T08:27:07.916,14996.97508
136.24500,0.69039,-1143.97336,395595.05033,3385899.74679,1.12128,0.01243,10221900.05006,2000-04-28T19:44:57.206,15001.16218
136.25502,0.69678,-1157.85363,395573.23241,3385956.77457,1.11727,0.01291,10176631.02237,2000-04-28T07:10:33.525,14995.88364
136.26500,0.47092,-1137.67411,395524.24317,3385887.10257,1.12285,0.01140,10141819.50115,2000-04-27T21:30:23.669,14991.37827
136.27499,0.91611,-1153.84761,395671.64259,3385914.54048,1.12088,0.01108,10143985.45785,2000-04-27T22:06:25.555,14993.89068
136.28500,0.39469,-1143.29643,395535.14847,3385900.84453,1.12704,0.01032,10050374.19048,2000-04-26T20:06:30.865,14976.94462
136.29500,0.35291,-1142.52592,395501.19203,3385952.50511,1.12729,0.00966,10142228.16960,2000-04-27T21:37:13.544,14992.26814
136.30501,0.83623,-1145.84688,395571.93564,3385930.35306,1.12429,0.01037,10187217.78747,2000-04-28T10:06:48.777,14998.30007
136.31500,0.71247,-1149.54818,395474.18566,3385966.20771,1.11834,0.01004,10267825.05926,2000-04-29T08:30:15.078,15006.83454
136.32500,1.22768,-1164.08978,395690.06177,3385942.67707,1.11650,0.01021,10330334.38529,2000-04-30T01:52:09.446,15019.85566
136.33500,0.69032,-1138.84212,395461.56101,3385978.81662,1.12255,0.01022,10275019.02711,2000-04-29T10:30:11.624,15011.48814
136.34499,0.66455,-1127.66288,395453.67610,3385947.92680,1.12150,0.00942,10211726.39319,2000-04-28T16:55:21.078,15000.65231
136.35499,0.91860,-1142.53610,395548.51348,3385956.23769,1.11798,0.00950,10209451.87342,2000-04-28T16:17:20.654,14999.06484
136.36501,0.42892,-1124.22122,395329.68271,3385972.53393,1.12318,0.00985,10212920.34891,2000-04-28T17:15:13.363,15005.76222
136.37501,0.77670,-1133.49344,395412.29140,3386003.42108,1.11603,0.01008,10195905.42650,2000-04-28T12:31:45.982,14994.75542
136.38499,0.93938,-1136.00994,395509.97129,3385972.76480,1.11354,0.00985,10156072.72761,2000-04-28T01:27:38.899,14992.11397
136.39499,0.87873,-1134.67518,395581.12441,3385921.47597,1.11335,0.01036,10235737.57642,2000-04-28T23:35:32.279,15005.28711
136.40500,0.68989,-1127.43412,395460.35349,3385965.75538,1.11154,0.01001,10249128.42761,2000-04-29T03:18:37.186,15006.51299
136.41501,0.85093,-1144.20827,395533.22053,3385957.58337,1.10788,0.00985,10158381.94060,2000-04-28T02:06:14.354,14992.49815
136.42501,0.66281,-1133.60145,395455.67477,3385963.93028,1.10883,0.00967,10289668.69893,2000-04-29T14:34:18.725,15015.61075
136.43501,1.12224,-1156.83507,395696.35980,3385932.24579,1.11184,0.01075,10130107.60329,2000-04-27T18:14:56.096,14988.59484
136.44501,0.77341,-1137.76515,395552.46486,3385924.00762,1.11487,0.00982,10274746.15295,2000-04-29T10:25:33.080,15007.27640
136.45502,0.56377,-1124.66496,395481.68056,3385956.75994,1.11586,0.00968,10177911.74662,2000-04-28T07:31:39.698,14996.66880
136.46500,0.63900,-1134.91509,395490.93833,3385978.82685,1.11259,0.01019,10210222.48521,2000-04-28T16:30:19.960,15000.53337
136.47500,1.07871,-1151.81192,395678.58174,3385951.31846,1.11390,0.00986,10232681.90373,2000-04-28T22:44:29.074,15001.84988
136.48499,0.68337,-1139.15953,395513.74511,3385977.31060,1.12020,0.00971,10246022.62207,2000-04-29T02:26:49.130,15008.03327
136.49499,0.98091,-1137.24763,395634.36582,3385945.23866,1.11786,0.01091,10174801.39973,2000-04-28T06:39:50.689,14996.07870
136.50501,0.42380,-1107.54601,395379.55502,3385991.53341,1.11730,0.00947,10382752.32595,2000-04-30T16:25:33.824,15023.36982
136.51500,0.80989,-1123.16845,395518.16026,3385979.73093,1.12045,0.01283,10202422.62491,2000-04-28T14:20:11.119,15001.73503
136.52500,0.46559,-1108.31319,395381.89327,3386008.45418,1.12457,0.01222,10361946.88510,2000-04-30T10:38:54.865,15023.83098
136.53501,0.99509,-1129.94591,395644.92159,3385951.91870,1.12271,0.01155,10254666.22898,2000-04-29T04:50:47.620,15006.12204
136.54501,0.67085,-1114.25094,395466.04225,3386018.80561,1.12126,0.01499,10277277.89464,2000-04-29T11:07:52.410,15007.96783
136.55499,0.53577,-1104.05665,395437.67952,3386012.57441,1.12067,0.01368,10281703.63875,2000-04-29T12:21:32.831,15011.90033
136.56501,0.99485,-1124.45647,395806.30323,3385986.20511,1.11860,0.01243,10105135.45551,2000-04-27T11:18:48.126,14983.64457
136.57498,0.78924,-1117.06742,395688.82925,3386017.26310,1.12222,0.01218,10190193.34846,2000-04-28T10:56:37.879,15002.34394
136.58499,0.68615,-1120.14818,395531.03246,3385988.74977,1.12400,0.01160,10215246.85199,2000-04-28T17:53:57.025,15001.67506
136.59501,0.37064,-1104.06763,395389.26118,3386010.05291,1.12985,0.01139,10339661.42098,2000-04-30T04:27:30.986,15018.98216
136.60500,0.90799,-1121.90096,395586.90735,3386003.97370,1.13182,0.01072,10327238.47345,2000-04-30T01:00:32.010,15017.24378
136.61498,0.83918,-1129.30042,395576.30877,3385999.71526,1.12643,0.00870,10447617.78296,2000-05-01T10:26:46.103,15036.03693
136.62500,0.36257,-1109.91884,395372.40222,3386022.63174,1.12636,0.01017,10383884.21804,2000-04-30T16:44:43.826,15026.83180
136.63501,1.21037,-1137.58858,395721.35134,3385979.49450,1.13270,0.00962,10298765.97095,2000-04-29T17:06:00.284,15012.86676
136.64501,0.31323,-1102.23934,395395.44539,3386010.65749,1.13211,0.00978,10415254.91947,2000-05-01T01:27:28.530,15029.07381
136.65502,0.62567,-1118.48293,395502.58652,3386023.00823,1.13616,0.00944,10371655.18098,2000-04-30T13:20:51.661,15026.11182
136.66502,0.39214,-1105.02682,395442.81574,3385998.07629,1.12945,0.01049,10345921.40736,2000-04-30T06:11:55.975,15024.36515
136.67500,0.51331,-1108.87512,395537.80535,3385983.45380,1.12928,0.01072,10399697.52468,2000-04-30T21:08:19.902,15023.51841
136.68499,0.90571,-1124.96246,395797.51006,3385943.43550,1.13026,0.00918,10463718.66779,2000-05-01T14:55:21.946,15040.01470
136.69500,1.16181,-1147.25673,395684.27842,3385970.64485,1.12562,0.01000,10372040.55382,2000-04-30T13:27:15.780,15022.04212
136.70500,0.52572,-1116.17098,395408.80142,3386015.65212,1.12996,0.01039,10423676.13136,2000-05-01T03:47:43.226,15033.09294
136.71499,0.76358,-1130.76286,395513.52639,3385982.74269,1.12434,0.00962,10412094.83182,2000-05-01T00:34:49.024,15028.37254
136.72502,0.56527,-1128.74258,395434.17014,3385968.27236,1.12294,0.01039,10421272.22355,2000-05-01T03:07:43.436,15029.79007
136.73500,0.69835,-1123.05984,395496.70362,3385968.14672,1.12918,0.01055,10401382.03084,2000-04-30T21:36:20.073,15029.64708
136.74499,0.61819,-1132.59455,395442.72464,3386028.22532,1.13395,0.01024,10412134.74683,2000-05-01T00:35:28.774,15030.19727
136.75501,0.89479,-1129.51680,395560.10569,3385960.04472,1.13237,0.01036,10407957.68255,2000-04-30T23:25:51.655,15025.64779
136.76502,0.64980,-1119.83130,395559.98734,3385998.32847,1.13627,0.00963,10377119.46979,2000-04-30T14:51:47.734,15024.87711
136.77502,0.64817,-1107.63668,395612.05996,3385978.78396,1.13085,0.01054,10619572.62228,2000-05-03T10:12:46.301,15062.17937
136.78501,0.70225,-1115.41726,395628.37031,3385993.43555,1.12619,0.00983,10341227.14170,2000-04-30T04:53:35.255,15017.51381
136.79502,1.04831,-1131.07075,395744.69122,3386000.52504,1.12448,0.01073,10480748.06361,2000-05-01T19:38:48.337,15037.37788
136.80498,0.65984,-1113.35146,395552.76372,3386023.62330,1.12497,0.00986,10507215.03575,2000-05-02T03:00:15.935,15043.27319
136.81499,0.77369,-1119.70629,395626.98066,3385976.35177,1.12318,0.01053,10436368.37099,2000-05-01T07:19:04.717,15036.80582
136.82499,0.61682,-1117.62777,395594.30766,3386013.85219,1.12548,0.01073,10452356.24152,2000-05-01T11:45:39.847,15035.90798
136.83499,0.79625,-1126.92468,395628.23647,3385977.76002,1.12593,0.00965,10376760.05386,2000-04-30T14:45:54.667,15025.54645
136.84499,0.73362,-1117.15181,395649.36037,3385959.49189,1.12965,0.01049,10383305.34729,2000-04-30T16:34:45.087,15030.14497
136.85500,0.47028,-1110.53036,395490.98488,3385957.25633,1.12888,0.01038,10441583.68143,2000-05-01T08:46:13.960,15030.75614
136.86499,0.82726,-1119.21052,395589.75848,3385994.18470,1.13017,0.01002,10468267.16563,2000-05-01T16:11:03.845,15037.96210
136.87499,0.47936,-1113.57411,395423.89431,3386016.68488,1.13013,0.01003,10450009.83489,2000-05-01T11:06:26.222,15036.78766
136.88501,0.59128,-1109.48431,395496.08710,3386006.74316,1.12846,0.01093,10495773.87728,2000-05-01T23:49:24.795,15044.89687
136.89499,0.81982,-1124.60078,395551.53157,3386024.57462,1.12616,0.01078,10496721.77957,2000-05-02T00:05:15.611,15040.74195
136.90501,0.85097,-1115.03672,395585.36598,3385992.95946,1.12402,0.00999,10413904.65585,2000-05-01T01:04:47.027,15031.61917
136.91501,0.66021,-1102.60864,395522.46974,3385991.55885,1.12508,0.01053,10423058.28264,2000-05-01T03:37:27.323,15032.93882
136.92499,0.58878,-1106.99963,395454.77883,3386042.59214,1.12685,0.00985,10519113.68446,2000-05-02T06:18:22.626,15051.12217
136.93500,0.12102,-1086.97592,395301.53912,3386012.17983,1.12671,0.00996,10344266.58023,2000-04-30T05:44:09.026,15022.55542
136.94501,0.79283,-1122.34052,395577.05997,3385971.74403,1.12276,0.00960,10371588.23165,2000-04-30T13:19:35.276,15020.32395
136.95500,0.79569,-1124.16252,395536.24962,3386016.51290,1.12383,0.01076,10476442.70636,2000-05-01T18:27:21.695,15039.55210
136.96500,0.69093,-1122.38305,395571.67893,3385976.56813,1.12979,0.01030,10525478.49080,2000-05-02T08:04:24.680,15043.88882
136.97500,0.97829,-1132.99851,395649.57222,3386008.43244,1.12376,0.00945,10480975.84211,2000-05-01T19:42:45.859,15040.07629
136.98501,0.84275,-1118.83919,395570.74573,3385997.35128,1.11857,0.01087,10384881.66306,2000-04-30T17:01:11.912,15027.70458
136.99499,0.71266,-1118.95494,395521.90579,3386022.08180,1.12044,0.01036,10448344.41240,2000-05-01T10:38:59.334,15037.91730
137.00500,0.90171,-1122.09813,395596.09896,3386014.73452,1.12001,0.01017,10513331.56824,2000-05-02T04:42:04.029,15045.20921
137.01501,0.15875,-1095.57832,395307.75673,3386037.39214,1.10878,0.00961,10375053.92420,2000-04-30T14:17:25.103,15026.21036
137.02499,1.01172,-1126.27853,395648.94380,3386004.78005,1.11738,0.01110,10428093.52992,2000-05-01T05:01:25.469,15032.40291
137.03500,0.80347,-1113.69990,395579.39347,3385999.94988,1.11693,0.00974,10492131.64505,2000-05-01T22:48:45.133,15041.79519
137.04499,1.02517,-1120.16176,395626.82302,3386020.77004,1.12047,0.01183,10519794.66647,2000-05-02T06:29:50.897,15043.38081
137.05500,0.56692,-1107.48494,395468.51937,3385984.79096,1.11437,0.01353,10431201.87005,2000-05-01T05:53:18.555,15031.78080
137.06501,0.73064,-1110.05228,395526.21733,3385987.06193,1.12156,0.01256,10385606.91311,2000-04-30T17:13:26.856,15026.39245
137.07500,0.83237,-1121.73870,395540.51686,3386005.82806,1.12275,0.01167,10478067.23717,2000-05-01T18:54:16.092,15040.27614
137.08499,0.61299,-1099.08245,395447.06307,3386016.86035,1.11819,0.01201,10342871.85360,2000-04-30T05:21:05.769,15018.29984
137.09498,0.69363,-1102.87809,395468.41116,3386019.61331,1.11724,0.01200,10466745.13588,2000-05-01T15:45:43.405,15038.50342
137.10499,0.39333,-1089.73561,395334.52841,3386032.29397,1.11952,0.01166,10410051.75394,2000-05-01T00:00:39.677,15029.23624
137.11500,0.86468,-1107.42762,395586.30578,3385971.64794,1.12413,0.01265,10476801.39981,2000-05-01T18:33:12.172,15041.45538
137.12502,0.44435,-1097.87681,395333.83975,3386074.34613,1.11952,0.01165,10398537.99540,2000-04-30T20:48:48.369,15025.63227
137.13501,0.80419,-1100.76856,395497.09138,3386023.40930,1.12768,0.01256,10459804.21345,2000-05-01T13:49:55.858,15035.89452
137.14500,0.66272,-1105.86556,395484.49481,3386011.82946,1.12965,0.01163,10506439.45952,2000-05-02T02:47:08.321,15046.19608
137.15498,0.82750,-1119.28747,395519.94386,3386011.88391,1.12847,0.01291,10407999.15633,2000-04-30T23:26:28.274,15031.17228
137.16500,0.39580,-1102.69441,395350.98099,3386000.30971,1.12562,0.00978,10364832.11211,2000-04-30T11:26:59.383,15024.37976
137.17501,0.61027,-1118.45026,395448.37547,3386001.59511,1.13008,0.01086,10310582.34387,2000-04-29T20:22:54.512,15011.20477
137.18498,0.75593,-1121.34931,395470.51873,3386011.62477,1.13062,0.01233,10542776.14313,2000-05-02T12:52:56.441,15052.01862
137.19501,0.74651,-1119.66853,395504.96699,3386021.09467,1.12544,0.01199,10465317.23020,2000-05-01T15:21:44.916,15040.89745
137.20501,0.31729,-1095.83335,395335.21636,3386019.98156,1.13109,0.01162,10542040.98709,2000-05-02T12:40:33.862,15048.31355
137.21499,1.03911,-1128.45727,395668.06576,3386007.55803,1.12344,0.01069,10500558.04520,2000-05-02T01:09:05.193,15043.05764
137.22500,0.35099,-1094.40297,395351.23895,3386000.40329,1.11968,0.01051,10403021.22063,2000-04-30T22:03:23.917,15030.30922
137.23501,0.66351,-1114.74503,395495.20604,3386020.38169,1.12338,0.01001,10475384.98539,2000-05-01T18:09:37.940,15038.60852
137.24500,0.58648,-1108.47790,395410.30062,3386033.85486,1.12335,0.00984,10578733.54380,2000-05-02T22:52:01.933,15054.59130
137.25498,0.68582,-1113.75822,395489.54956,3385996.63988,1.12343,0.00980,10531465.86254,2000-05-02T09:44:14.316,15046.79955
137.26497,0.21163,-1095.14417,395265.01529,3386034.25121,1.12211,0.00978,10621573.77473,2000-05-03T10:46:03.144,15058.23715
137.27499,0.51133,-1115.21880,395432.14977,3386007.82554,1.12374,0.00961,10589130.15016,2000-05-03T01:45:18.773,15054.04775
137.28500,0.71786,-1121.78052,395490.90130,3386017.49038,1.12482,0.01014,10491960.27887,2000-05-01T22:45:44.019,15042.99137
137.29499,0.52307,-1107.55895,395400.14649,3386018.63414,1.12315,0.01268,10497700.64923,2000-05-02T00:21:30.822,15040.17823
137.30499,0.94625,-1122.96684,395644.46726,3386002.70918,1.12364,0.01324,10647282.97910,2000-05-03T17:54:36.183,15066.29202
137.31500,0.06715,-1080.03387,395195.12269,3386065.11445,1.12461,0.01323,10473453.68136,2000-05-01T17:37:23.354,15041.75917
137.32501,0.94646,-1119.17799,395627.74687,3385981.69557,1.12594,0.01376,10555460.53789,2000-05-02T16:24:12.182,15049.45185
137.33498,0.32958,-1101.76453,395392.97155,3386002.23262,1.12593,0.01016,10516333.13091,2000-05-02T05:31:57.939,15044.18345
137.34499,0.87106,-1133.95953,395620.87514,3385977.86764,1.12514,0.00997,10474260.06549,2000-05-01T17:50:44.461,15040.83692
137.35499,0.66144,-1124.73667,395525.24200,3385990.51641,1.13097,0.01016,10480504.50374,2000-05-01T19:34:53.601,15040.10126
137.36499,0.14596,-1102.75342,395369.30342,3386019.74770,1.12208,0.00961,10515929.58539,2000-05-02T05:25:05.091,15050.18878
137.37500,0.62191,-1123.05757,395574.62478,3385976.30714,1.11628,0.00889,10547330.24890,2000-05-02T14:08:35.768,15052.12093
137.38500,0.61198,-1121.11889,395564.32395,3386020.84299,1.12135,0.00962,10475474.86861,2000-05-01T18:10:53.679,15044.88029
137.39500,0.58106,-1104.50874,395598.48002,3385982.10709,1.11663,0.01041,10479666.90989,2000-05-01T19:20:50.437,15045.53594
137.40499,0.58382,-1110.96446,395619.83555,3386019.74546,1.11950,0.01053,10632267.79257,2000-05-03T13:44:17.193,15067.61469
137.41500,0.14869,-1095.60270,395707.61207,3385996.65200,1.12188,0.00976,10589060.44925,2000-05-03T01:44:00.149,15061.38517
137.42499,0.41098,-1101.34213,395561.10413,3385998.96433,1.12654,0.01050,10548345.54433,2000-05-02T14:25:32.797,15052.41488
137.43500,0.75667,-1121.52695,395414.35949,3386027.05240,1.12011,0.01037,10508555.69431,2000-05-02T03:22:27.852,15044.81177
137.44500,0.64993,-1121.32709,395356.76682,3386033.38703,1.12861,0.00927,10592159.32071,2000-05-03T02:35:48.059,15062.82935
137.45501,0.64056,-1115.94846,395393.26262,3386001.38329,1.12776,0.01148,10488423.69025,2000-05-01T21:46:52.786,15044.37260
137.46500,0.45706,-1113.22621,395277.97366,3386020.41802,1.12305,0.01185,10456518.56521,2000-05-01T12:55:01.908,15041.27047
137.47501,0.83237,-1127.82088,395532.05310,3385970.10565,1.12866,0.01275,10562374.70705,2000-05-02T18:19:20.030,15053.84675
137.48500,0.82574,-1131.21153,395493.19761,3385973.63090,1.13102,0.01224,10553473.73271,2000-05-02T15:50:59.617,15057.27157
137.49499,0.96219,-1133.38646,395516.51442,3385993.68329,1.12992,0.01400,10545229.47582,2000-05-02T13:33:35.464,15050.11010
137.50499,0.42920,-1119.57556,395311.91161,3386011.32216,1.13113,0.01275,10598163.86847,2000-05-03T04:15:46.892,15066.41788
137.51500,0.41543,-1122.84391,395303.79259,3386020.71768,1.12946,0.01366,10518073.92325,2000-05-02T06:00:52.731,15050.60517
137.52499,0.50637,-1116.68403,395340.87096,3385972.17917,1.12741,0.01212,10527700.34420,2000-05-02T08:41:25.002,15048.60016
137.53502,0.62731,-1126.66567,395386.50214,3386001.46083,1.13129,0.01175,10564423.66219,2000-05-02T18:53:30.595,15048.86455
137.54500,0.63047,-1127.55313,395607.08295,3386047.60563,1.13636,0.01084,10781980.80999,2000-05-05T07:19:18.236,15082.26446
137.55499,0.42387,-1114.01217,395378.44175,3386040.26430,1.13153,0.01042,10597513.45454,2000-05-03T04:04:51.711,15055.55516
137.56500,0.65748,-1109.77057,395456.75159,3386005.84188,1.13000,0.01272,10528207.86108,2000-05-02T08:49:53.869,15045.20697
137.57500,0.85615,-1122.73144,395512.94006,3386028.82890,1.12751,0.01413,10517592.48131,2000-05-02T05:52:54.375,15047.60479
137.58500,0.53029,-1107.61351,395404.38883,3386012.76154,1.12760,0.01327,10632179.91082,2000-05-03T13:42:41.554,15062.34208
137.59500,0.34976,-1094.49367,395303.57846,3386024.18522,1.12858,0.01352,10582700.54132,2000-05-02T23:58:09.951,15058.18911
137.60502,0.37048,-1094.26105,395315.27783,3386040.45395,1.12812,0.01348,10583457.58145,2000-05-03T00:10:48.118,15052.80084
137.61500,0.56517,-1103.11991,395430.90723,3385959.22567,1.12526,0.01429,10607221.99498,2000-05-03T06:46:40.290,15056.84133
137.62502,0.56566,-1097.75595,395395.50438,3386039.79084,1.12594,0.01322,10616186.69859,2000-05-03T09:16:08.735,15060.01310
137.63500,0.37693,-1083.93601,395284.81475,3386047.99783,1.12317,0.01361,10571777.67419,2000-05-02T20:56:03.145,15052.51718
137.64499,0.79245,-1099.46955,395473.08448,3386014.27326,1.12853,0.01335,10517172.45313,2000-05-02T05:45:54.173,15047.34747
137.65500,0.74714,-1100.02045,395453.71290,3386026.87495,1.12437,0.01356,10530679.95416,2000-05-02T09:31:14.804,15042.01736
137.66500,0.66738,-1098.74841,395389.58603,3386033.77143,1.12685,0.01353,10538763.40159,2000-05-02T11:45:52.962,15049.95341
137.67500,0.49379,-1099.70985,395345.52675,3386056.89164,1.12447,0.01436,10575356.84924,2000-05-02T21:55:36.368,15053.86523
137.68500,0.50976,-1105.84888,395370.40461,3385992.37893,1.12043,0.01319,10518655.65346,2000-05-02T06:10:37.498,15044.94496
137.69501,0.35533,-1104.59918,395276.51389,3386061.29865,1.11987,0.01345,10551187.47599,2000-05-02T15:12:51.626,15048.98268
137.70502,0.60335,-1110.07200,395426.09658,3385999.85175,1.11940,0.01410,10502672.51508,2000-05-02T01:44:08.379,15044.64416
137.71502,0.69622,-1112.34299,395462.40386,3385990.17360,1.12174,0.01320,10521193.15199,2000-05-02T06:52:46.501,15049.73489
137.72501,0.77949,-1116.43623,395476.00222,3385995.83538,1.12266,0.01435,10542686.50032,2000-05-02T12:51:04.236,15048.31816
137.73500,0.60023,-1105.81637,395416.23187,3385996.86035,1.12824,0.01343,10512792.85977,2000-05-02T04:32:52.810,15042.66009
137.74500,0.71899,-1112.32719,395445.21237,3386031.83178,1.13440,0.01360,10457806.92389,2000-05-01T13:16:28.425,15036.98459
137.75498,0.32089,-1095.56376,395284.74905,3386048.51693,1.13094,0.01360,10469136.02261,2000-05-01T16:25:12.099,15038.55253
137.76499,0.64416,-1098.73449,395399.59853,3386007.11941,1.12322,0.01409,10495881.16494,2000-05-01T23:51:09.277,15039.25053
137.77500,0.57639,-1098.02803,395337.95557,3386044.67568,1.12274,0.01672,10449504.98214,2000-05-01T10:58:01.585,15036.90395
137.78502,0.78507,-1094.78523,395450.78461,3386033.66436,1.12577,0.01408,10544289.23088,2000-05-02T13:17:58.699,15051.14563
137.79500,0.43563,-1077.15385,395345.33800,3386039.35248,1.12467,0.01378,10547696.30589,2000-05-02T14:14:34.709,15047.65859
137.80497,0.26197,-1063.94629,395197.15798,3386060.53724,1.12424,0.01450,10480211.00918,2000-05-01T19:29:50.117,15040.65760
137.81500,0.72062,-1078.46837,395435.34956,3386064.78891,1.13204,0.01448,10573879.92823,2000-05-02T21:31:05.689,15053.09434
137.82500,0.86678,-1084.18211,395510.19818,3386024.17349,1.13455,0.01518,10501991.80307,2000-05-02T01:32:53.656,15039.05806
137.83500,0.49882,-1064.28577,395310.79912,3386055.92881,1.13121,0.01503,10493091.51316,2000-05-01T23:04:31.652,15046.62086
137.84499,0.65646,-1064.21283,395375.00978,3386051.11399,1.13115,0.01412,10458063.36864,2000-05-01T13:20:49.063,15038.18732
137.85500,0.62586,-1070.41663,395355.26131,3386077.51136,1.13291,0.01508,10402910.85320,2000-04-30T22:01:38.549,15029.01592
137.86500,1.10432,-1102.57854,395551.56929,3386053.47456,1.12454,0.01453,10524963.73300,2000-05-02T07:55:52.149,15048.83060
137.87501,0.34905,-1070.38487,395241.55387,3386073.20530,1.13317,0.01469,10512329.52263,2000-05-02T04:25:09.659,15042.66790
137.88501,1.01669,-1102.69904,395545.54633,3386026.15142,1.13221,0.01486,10436943.76526,2000-05-01T07:28:50.553,15034.04230
137.89500,0.49500,-1081.14293,395349.97074,3386024.12871,1.12953,0.01203,10510229.59591,2000-05-02T03:50:05.803,15046.41309
137.90499,0.64176,-1083.66861,395351.91613,3386058.57427,1.12731,0.01234,10514986.81080,2000-05-02T05:09:27.407,15042.48748
137.91500,0.68459,-1087.05339,395441.64999,3386018.65939,1.13208,0.01208,10385580.49118,2000-04-30T17:12:43.582,15026.26453
137.92500,0.87067,-1092.84144,395479.62109,3386016.11801,1.13031,0.01230,10462735.34988,2000-05-01T14:38:38.271,15039.39864
137.93500,0.54742,-1091.82313,395478.30488,3386087.11782,1.13556,0.01237,10676692.20699,2000-05-04T02:04:27.069,15071.12001
137.94500,0.53887,-1080.62777,395467.99451,3386077.20812,1.13409,0.01314,10643478.61295,2000-05-03T16:51:03.554,15060.99988
137.95501,0.50711,-1070.29721,395406.03354,3386092.08730,1.13228,0.01112,10648262.47235,2000-05-03T18:10:38.624,15068.44888
137.96498,0.71486,-1076.64111,395430.45199,3386117.08334,1.13630,0.01322,10558594.76929,2000-05-02T17:16:11.657,15047.85156
137.97500,0.50644,-1062.20723,395396.26781,3386071.13539,1.13103,0.01156,10587068.35201,2000-05-03T01:10:56.388,15055.18153
137.98500,0.85028,-1065.87895,395535.55786,3386061.07965,1.13301,0.01245,10533807.88157,2000-05-02T10:23:15.146,15050.73097
137.99500,0.20574,-1038.68532,395232.53418,3386114.82287,1.13104,0.01358,10611521.71802,2000-05-03T07:58:24.105,15057.36776
138.00499,0.72027,-1052.38402,395464.81834,3386114.17573,1.13530,0.01494,10619914.95413,2000-05-03T10:18:12.745,15063.63173
138.01500,0.61084,-1040.55202,395383.27507,3386116.53030,1.14137,0.01445,10523006.91009,2000-05-02T07:23:13.156,15044.07183
138.02499,0.54848,-1024.24963,395328.98330,3386142.48798,1.13859,0.01413,10607331.43074,2000-05-03T06:48:32.246,15062.25272
138.03500,0.89433,-1034.56758,395496.72629,3386108.69543,1.13273,0.01315,10530417.03468,2000-05-02T09:26:38.904,15046.36685
138.04500,1.11236,-1042.44013,395539.92328,3386130.32019,1.13220,0.01252,10528752.10708,2000-05-02T08:58:52.284,15046.41318
138.05498,0.20840,-1005.95550,395192.88089,3386159.65258,1.13395,0.01444,10518645.90885,2000-05-02T06:10:35.810,15045.01450
138.06499,0.73358,-1025.63182,395380.88653,3386134.45135,1.13756,0.01248,10507200.68030,2000-05-02T02:59:50.821,15042.71686
138.07500,0.52280,-1019.42763,395311.14119,3386117.36373,1.13384,0.01418,10515805.53848,2000-05-02T05:23:13.072,15051.45723
138.08499,0.51573,-1024.71515,395353.54986,3386083.36883,1.13621,0.01421,10600226.29865,2000-05-03T04:50:14.646,15057.00247
138.09499,0.47062,-1013.21129,395291.64303,3386117.74382,1.12603,0.01702,10505187.33459,2000-05-02T02:26:14.260,15040.13018
138.10501,0.64757,-1033.50477,395369.98904,3386106.63993,1.12825,0.01773,10612770.68169,2000-05-03T08:19:19.950,15062.81571
138.11499,0.92362,-1031.42714,395486.69624,3386110.41164,1.12620,0.01592,10423648.03022,2000-05-01T03:47:12.178,15029.85577
138.12501,0.50470,-1021.51687,395342.82878,3386123.03127,1.11952,0.01684,10515094.22510,2000-05-02T05:11:20.022,15047.21297
138.13501,0.90594,-1039.73978,395514.11207,3386070.77946,1.12684,0.01563,10595945.49697,2000-05-03T03:38:49.504,15055.31510
138.14501,0.79400,-1037.33598,395428.86850,3386110.78281,1.12324,0.01472,10426410.55019,2000-05-01T04:33:14.691,15032.83789
138.15499,0.64798,-1026.66108,395389.26835,3386135.86784,1.12845,0.01433,10611432.48379,2000-05-03T07:56:46.690,15061.68920
138.16500,0.44103,-1018.52386,395296.43498,3386125.67647,1.12654,0.01303,10615571.26671,2000-05-03T09:05:57.311,15060.52467
138.17499,0.71057,-1025.02025,395423.56428,3386121.90072,1.12939,0.01529,10547282.17885,2000-05-02T14:07:42.325,15047.77501
138.18498,1.00783,-1036.18503,395592.59797,3386055.55529,1.12169,0.01390,10522943.52933,2000-05-02T07:21:56.087,15047.15333
138.19501,0.60760,-1020.14255,395379.23857,3386134.75649,1.12282,0.01424,10590552.44514,2000-05-03T02:08:47.554,15054.07596
138.20499,0.67130,-1030.30924,395455.42098,3386093.95032,1.12451,0.01274,10478137.91125,2000-05-01T18:55:17.125,15041.48155
138.21499,0.93603,-1032.97162,395506.03361,3386084.98422,1.12513,0.01303,10431532.07574,2000-05-01T05:58:34.204,15028.95218
138.22501,0.65691,-1024.27173,395383.22452,3386120.32545,1.13013,0.01276,10529240.89178,2000-05-02T09:06:53.961,15049.61464
138.23501,0.52857,-1013.79154,395301.52692,3386129.84584,1.12818,0.01273,10393911.13626,2000-04-30T19:31:31.771,15025.59383
138.24500,0.84428,-1028.94889,395450.46179,3386094.49001,1.11871,0.01749,10540704.78386,2000-05-02T12:18:06.343,15049.10734
138.25500,0.51834,-1015.06537,395332.40176,3386150.05754,1.12893,0.01615,10467131.89875,2000-05-01T15:51:48.155,15044.72973
138.26498,0.75543,-1021.55412,395475.29315,3386105.21143,1.13197,0.01384,10544388.37220,2000-05-02T13:19:33.061,15046.73920
138.27497,0.80702,-1018.58204,395505.24932,3386100.64152,1.13668,0.01307,10515401.04183,2000-05-02T05:16:16.091,15046.49247
138.28499,0.62294,-1008.10271,395391.59448,3386165.81015,1.12958,0.01238,10563036.70734,2000-05-02T18:30:14.745,15053.52815
138.29500,1.17981,-1025.85740,395606.84898,3386107.74608,1.13404,0.01246,10476921.44063,2000-05-01T18:35:03.058,15037.07809
138.30500,0.49956,-995.36607,395283.96030,3386130.33089,1.12527,0.01460,10552233.59975,2000-05-02T15:30:27.461,15052.05115
138.31500,0.43693,-987.24742,395286.31557,3386126.69303,1.12350,0.01295,10569032.63737,2000-05-02T20:10:09.929,15051.07738
138.32499,0.55121,-1001.35045,395332.07566,3386133.65910,1.11993,0.01449,10520327.51247,2000-05-02T06:38:29.707,15045.90102
138.33497,0.61529,-1008.77549,395379.35868,3386157.83995,1.11661,0.01357,10454260.64677,2000-05-01T12:17:17.654,15036.13924
138.34498,0.74552,-1012.94069,395347.45241,3386178.85203,1.12137,0.01393,10538757.04809,2000-05-02T11:45:43.150,15047.66162
138.35498,1.00170,-1020.48645,395481.74402,3386127.42810,1.12597,0.01430,10544050.18159,2000-05-02T13:13:54.090,15050.82134
138.36501,0.85328,-1022.76871,395483.58717,3386127.98815,1.12692,0.01318,10701686.20794,2000-05-04T09:01:03.836,15073.93224
138.37500,0.78033,-1008.87130,395467.35873,3386111.28649,1.13137,0.01477,10520970.77779,2000-05-02T06:49:15.083,15046.05620
138.38501,0.72704,-1013.59903,395449.33112,3386115.34910,1.12820,0.01402,10553028.53581,2000-05-02T15:43:12.315,15053.30755
138.39501,0.41135,-1001.67622,395349.07686,3386172.34941,1.13412,0.01246,10612340.86743,2000-05-03T08:12:03.978,15060.28949
138.40500,0.41838,-1002.24425,395259.69083,3386163.36779,1.13710,0.01393,10479724.03619,2000-05-01T19:21:46.590,15041.31412
138.41498,0.88080,-1017.79527,395516.97135,3386114.94658,1.12968,0.01245,10479218.64611,2000-05-01T19:13:13.653,15038.97137
138.42500,0.52125,-1006.89679,395369.69761,3386130.25542,1.12681,0.01370,10569565.40419,2000-05-02T20:19:02.741,15053.39340
138.43501,0.95706,-1028.51562,395548.99276,3386112.77186,1.12543,0.01263,10535930.02080,2000-05-02T10:58:23.302,15046.48619
138.44500,0.77180,-1022.97085,395445.22085,3386152.49024,1.12684,0.01269,10639085.77124,2000-05-03T15:37:53.070,15064.67950
138.45500,0.80046,-1018.35389,395512.91366,3386122.67863,1.12785,0.01174,10627386.35787,2000-05-03T12:22:43.149,15058.33201
138.46501,0.84344,-1019.69513,395514.19207,3386088.15654,1.11893,0.01401,10522106.27667,2000-05-02T07:08:02.765,15047.47021
138.47501,0.45965,-999.27989,395340.48085,3386156.66900,1.12292,0.01334,10528535.20491,2000-05-02T08:55:13.071,15048.02452
138.48501,0.50583,-1004.80002,395369.24537,3386164.95833,1.12806,0.01300,10688065.15784,2000-05-04T05:14:03.526,15071.46659
138.49499,0.34197,-992.43101,395245.29621,3386180.59926,1.12168,0.01317,10582711.84460,2000-05-02T23:58:14.263,15055.67861
138.50501,0.18248,-985.30125,395297.24084,3386137.40209,1.13096,0.01236,10620368.22670,2000-05-03T10:25:41.233,15060.66290
138.51500,1.09689,-1016.45102,395634.04485,3386129.90906,1.13014,0.01329,10677747.20394,2000-05-04T02:22:03.031,15073.03454
138.52499,0.67710,-1004.68276,395379.12142,3386199.17047,1.13069,0.01287,10632067.22233,2000-05-03T13:40:53.065,15060.67815
138.53500,1.10284,-1018.28025,395636.55369,3386113.31855,1.13400,0.01272,10602189.07021,2000-05-03T05:22:55.498,15058.53910
138.54501,0.58535,-985.37130,395298.21911,3386186.03285,1.13888,0.01324,10502674.07404,2000-05-02T01:44:11.464,15043.78947
138.55499,0.68250,-985.88595,395383.85099,3386128.24319,1.13343,0.01261,10664326.41400,2000-05-03T22:38:21.790,15069.84321
138.56501,0.85058,-994.88640,395461.32219,3386153.85117,1.13151,0.01412,10581453.25381,2000-05-02T23:37:12.524,15056.12360
138.57500,0.60449,-986.92203,395372.20168,3386181.14069,1.13380,0.01299,10650779.26806,2000-05-03T18:52:50.384,15061.74684
138.58500,0.73212,-1000.21995,395429.07752,3386163.71668,1.13997,0.01287,10603652.50349,2000-05-03T05:47:13.284,15060.14245
138.59499,0.79263,-997.48570,395501.39407,3386111.73381,1.14150,0.01332,10637214.72114,2000-05-03T15:06:30.918,15065.60554
138.60501,1.04314,-1009.77744,395605.08954,3386129.07032,1.13784,0.01282,10652988.45743,2000-05-03T19:29:33.752,15065.50876
138.61499,0.70795,-996.98388,395422.10127,3386132.69069,1.13843,0.01298,10541759.51449,2000-05-02T12:35:51.879,15046.39400
138.62500,0.94302,-1004.19897,395526.60101,3386124.63926,1.13756,0.01314,10574947.44907,2000-05-02T21:48:48.637,15055.23953
138.63501,0.74206,-997.06032,395404.45511,3386172.73952,1.13883,0.01362,10722522.84040,2000-05-04T14:48:34.525,15073.29303
138.64499,0.86915,-998.77586,395472.04510,3386162.78558,1.13422,0.01270,10526919.64989,2000-05-02T08:28:27.630,15046.22364
138.65500,0.91211,-992.84865,395504.93415,3386152.34379,1.13071,0.01348,10699099.89817,2000-05-04T08:18:04.880,15070.15809
138.66503,0.65521,-978.50148,395434.97904,3386133.42634,1.12366,0.01349,10703829.59931,2000-05-04T09:36:57.504,15077.70163
138.67501,0.66700,-971.60709,395381.61798,3386214.71957,1.13950,0.01192,10521442.44821,2000-05-02T06:57:12.152,15042.32942
138.68500,1.06691,-978.26420,395568.01760,3386136.13662,1.13680,0.01272,10589944.29953,2000-05-03T01:58:57.210,15056.39167
138.69501,0.73183,-961.97550,395383.30606,3386190.85865,1.13776,0.01349,10539898.88415,2000-05-02T12:04:38.793,15052.92934
138.70502,0.88191,-970.81124,395475.70200,3386168.40439,1.14023,0.01383,10667531.83179,2000-05-03T23:31:54.754,15067.75402
138.71501,0.46118,-952.94930,395325.88327,3386207.96508,1.13278,0.01304,10543765.31935,2000-05-02T13:09:10.185,15046.67071
138.72502,0.90239,-971.59595,395479.02743,3386180.60514,1.13423,0.01354,10658743.04383,2000-05-03T21:05:25.783,15064.93086
138.73499,0.83642,-964.58044,395438.55594,3386169.05557,1.13176,0.01348,10702060.86136,2000-05-04T09:07:25.199,15076.59087
138.74499,0.57245,-952.93587,395327.45373,3386202.23480,1.13308,0.01290,10586767.33254,2000-05-03T01:05:47.432,15055.46020
138.75500,0.89263,-971.69100,395473.71277,3386184.32515,1.13407,0.01185,10621850.08035,2000-05-03T10:50:42.403,15061.69842
138.76502,1.09474,-968.14791,395530.02250,3386180.51965,1.13969,0.01119,10494423.73890,2000-05-01T23:26:38.613,15041.55242
138.77499,0.77474,-955.74621,395405.60056,3386213.76994,1.14007,0.01221,10590626.17770,2000-05-03T02:10:11.612,15053.74646
138.78499,0.83766,-956.52514,395437.87557,3386206.12357,1.14193,0.01344,10688089.53552,2000-05-04T05:14:32.865,15072.87169
138.79499,0.85726,-953.40990,395415.14533,3386214.27170,1.13665,0.01253,10564119.38525,2000-05-02T18:48:21.329,15049.82178
138.80499,0.74221,-947.66552,395391.02380,3386178.83929,1.13584,0.01166,10625599.92023,2000-05-03T11:53:07.091,15059.26892
138.81501,0.81463,-954.35644,395438.07725,3386170.09354,1.12959,0.01121,10682248.76338,2000-05-04T03:37:13.886,15067.06194
138.82501,0.61996,-941.83473,395336.03654,3386216.87402,1.12956,0.01210,10601334.06435,2000-05-03T05:08:41.535,15056.17339
138.83499,0.89241,-952.40614,395452.43057,3386203.05769,1.13423,0.01071,10649292.87791,2000-05-03T18:28:01.852,15066.48215
138.84502,0.97670,-959.83162,395499.79017,3386232.92425,1.13521,0.01502,10672678.18472,2000-05-04T00:57:49.289,15070.62622
138.85498,0.62959,-943.55867,395356.42236,3386196.64281,1.13110,0.01380,10542234.29680,2000-05-02T12:43:40.022,15049.18662
138.86499,0.78333,-952.53031,395440.17894,3386172.69127,1.13111,0.01336,10623551.68438,2000-05-03T11:19:02.905,15062.33602
138.87499,0.31457,-931.79889,395192.90675,3386219.39606,1.13193,0.01365,10787965.78761,2000-05-05T08:59:01.888,15084.32949
138.88501,0.91875,-955.38806,395501.75508,3386174.14410,1.12388,0.01313,10721435.61468,2000-05-04T14:30:23.379,15073.58130
138.89500,0.31072,-929.33126,395242.43717,3386168.80845,1.12978,0.01389,10675286.82537,2000-05-04T01:41:07.147,15066.30007
138.90500,0.82676,-946.81622,395414.63094,3386198.10427,1.11771,0.01246,10499391.10795,2000-05-02T00:49:29.768,15049.73978
138.91501,0.59373,-928.06719,395348.59701,3386176.63795,1.12772,0.01353,10650962.37913,2000-05-03T18:55:53.973,15060.82020
138.92499,0.93665,-936.11311,395426.66291,3386221.97492,1.12636,0.01401,10587581.85793,2000-05-03T01:19:15.235,15052.97537
138.93499,0.86692,-930.72671,395419.35510,3386209.93979,1.12691,0.01255,10672027.71932,2000-05-04T00:46:56.011,15070.51897
138.94500,1.20290,-932.69280,395516.97764,3386222.03693,1.12991,0.01304,10509864.97069,2000-05-02T03:44:06.932,15045.46266
138.95499,0.42414,-899.31317,395221.74898,3386238.79636,1.13181,0.01343,10665894.70020,2000-05-03T23:04:43.797,15064.34916
138.96499,0.84970,-915.12593,395390.99489,3386229.24859,1.12471,0.01267,10570939.16047,2000-05-02T20:41:58.490,15054.66815
138.97501,0.47796,-897.06406,395199.82532,3386258.56704,1.12745,0.01126,10554482.57520,2000-05-02T16:07:44.142,15056.57976
138.98500,0.80037,-909.85723,395328.60146,3386212.50710,1.13045,0.01212,10447970.61821,2000-05-01T10:32:33.548,15034.78132
138.99500,0.47053,-892.81551,395200.97332,3386252.76152,1.12615,0.01340,10483120.33088,2000-05-01T20:18:28.443,15038.17384
139.00499,0.84913,-902.07233,395401.32611,3386239.07924,1.13268,0.01243,10529038.51239,2000-05-02T09:03:44.688,15049.20269
139.01500,1.13009,-908.38601,395484.62927,3386237.15906,1.13174,0.01323,10528350.11466,2000-05-02T08:52:11.958,15043.50154
139.02500,0.56155,-889.07872,395251.05946,3386251.64244,1.13106,0.01271,10544076.79808,2000-05-02T13:14:23.807,15049.48795
139.03500,0.49861,-881.01428,395202.25766,3386272.41402,1.12812,0.01249,10466052.52115,2000-05-01T15:33:58.451,15037.28129
139.04502,0.49925,-883.81925,395238.70421,3386263.38507,1.12651,0.01171,10603730.14235,2000-05-03T05:48:27.914,15055.71787
139.05500,0.62152,-890.99168,395224.98192,3386276.79483,1.12505,0.01502,10485942.66921,2000-05-01T21:05:19.310,15041.14634
139.06501,0.72241,-884.93675,395343.56512,3386225.47646,1.12459,0.01456,10573166.89124,2000-05-02T21:19:03.893,15050.69434
139.07503,0.61374,-894.57160,395281.83997,3386241.14083,1.12202,0.01363,10587047.93323,2000-05-03T01:10:30.195,15057.02779
139.08499,0.76748,-902.37909,395310.68035,3386257.17390,1.12125,0.01470,10521602.04383,2000-05-02T06:59:40.094,15048.96892
139.09501,0.50109,-894.88280,395278.87219,3386213.08257,1.12079,0.01331,10594333.66164,2000-05-03T03:11:48.556,15057.05596
139.10501,0.68340,-905.34986,395309.64980,3386239.00169,1.12033,0.01409,10519812.36794,2000-05-02T06:29:51.887,15044.14056
139.11501,1.32111,-938.60568,395603.75917,3386197.32967,1.12414,0.01411,10734096.59145,2000-05-04T18:01:03.309,15077.26280
139.12500,0.44853,-900.87938,395195.43307,3386244.99636,1.12233,0.01509,10601076.68800,2000-05-03T05:04:08.713,15059.41485
139.13503,0.53703,-901.41010,395263.04582,3386227.30772,1.12122,0.01696,10561742.37541,2000-05-02T18:08:42.421,15050.19349
139.14501,0.72925,-911.00597,395295.08269,3386251.53091,1.11975,0.01769,10672018.07881,2000-05-04T00:46:37.365,15071.24167
139.15499,0.82117,-921.10577,395350.69720,3386270.14579,1.12297,0.01665,10512356.23543,2000-05-02T04:25:31.078,15045.35962
139.16500,0.60232,-905.88361,395311.52728,3386223.88308,1.12521,0.01776,10549202.11500,2000-05-02T14:39:36.318,15052.44355
139.17502,0.76889,-907.71365,395388.84980,3386196.97537,1.13176,0.01737,10584638.53276,2000-05-03T00:30:28.438,15050.16287
139.18499,0.57260,-903.51011,395226.09297,3386287.73893,1.12695,0.01607,10541361.63480,2000-05-02T12:29:00.645,15049.69933
139.19499,0.66491,-916.44683,395320.28119,3386256.93088,1.12604,0.01421,10637182.71355,2000-05-03T15:06:06.189,15064.37106
139.20499,0.22450,-897.70828,395085.30586,3386297.71357,1.12462,0.01409,10654198.06221,2000-05-03T19:49:28.779,15065.75070
139.21500,0.49086,-913.88967,395262.46652,3386211.94164,1.12391,0.01180,10455216.42288,2000-05-01T12:33:13.132,15037.47577
139.22500,0.79525,-921.94602,395351.78751,3386249.99722,1.12703,0.01491,10611796.08072,2000-05-03T08:02:56.070,15060.43866
139.23499,0.59892,-914.25108,395334.23191,3386227.90596,1.12457,0.01442,10592335.20367,2000-05-03T02:38:38.434,15053.20028
139.24498,0.36578,-899.65506,395176.75308,3386246.29199,1.12457,0.01415,10534795.44314,2000-05-02T10:39:30.852,15052.75525
139.25499,0.88885,-928.46485,395393.33269,3386247.82049,1.11994,0.01402,10550457.01024,2000-05-02T15:00:31.835,15050.12157
139.26499,0.72947,-917.70777,395324.99331,3386237.21014,1.12619,0.01454,10546542.64449,2000-05-02T13:55:21.457,15050.23386
139.27499,0.38096,-905.52659,395203.43444,3386231.93595,1.12329,0.01523,10529056.54070,2000-05-02T09:03:56.134,15046.94763
139.28501,0.80378,-922.91658,395349.81208,3386247.49723,1.12779,0.01676,10490006.77287,2000-05-01T22:13:02.950,15041.79174
139.29501,0.46787,-901.45179,395221.71549,3386234.66277,1.12798,0.01554,10436802.77967,2000-05-01T07:26:24.242,15033.70745
139.30500,0.48827,-898.47478,395226.95889,3386283.82959,1.12917,0.01354,10509358.15593,2000-05-02T03:35:36.008,15041.67046
139.31501,0.76117,-913.36974,395353.02897,3386217.66827,1.12826,0.01370,10612068.92829,2000-05-03T08:07:31.696,15058.86332
139.32501,0.58511,-900.35263,395238.05552,3386283.12860,1.13544,0.01448,10535235.87046,2000-05-02T10:46:44.625,15048.62042
139.33501,0.66955,-899.12148,395293.11129,3386239.02719,1.13987,0.01533,10549017.41341,2000-05-02T14:36:44.245,15050.88635
139.34501,0.47252,-891.31202,395209.94426,3386260.38937,1.12661,0.01471,10583905.34215,2000-05-03T00:17:58.347,15056.94288
139.35500,0.64861,-896.15542,395248.20301,3386304.08907,1.13248,0.01401,10508746.39350,2000-05-02T03:25:29.522,15041.31530
139.36499,0.34019,-891.82186,395187.96480,3386268.23345,1.13423,0.01474,10474617.03989,2000-05-01T17:56:46.642,15039.19080
139.37501,0.82263,-907.52802,395408.24368,3386227.42787,1.13349,0.01434,10581104.78905,2000-05-02T23:31:21.641,15057.64681
139.38500,0.49810,-897.79731,395265.60117,3386243.60003,1.13282,0.01407,10602443.25363,2000-05-03T05:27:11.666,15060.46964
139.39499,0.41555,-897.75765,395215.44638,3386259.89251,1.13494,0.01483,10501339.42513,2000-05-02T01:22:04.442,15041.36636
139.40498,0.35048,-889.76868,395203.29043,3386244.66627,1.13453,0.01605,10530079.21344,2000-05-02T09:20:59.931,15050.61684
139.41500,0.76116,-905.65590,395348.33039,3386236.88189,1.13539,0.01840,10531494.50722,2000-05-02T09:44:47.140,15045.73353
139.42501,0.60946,-894.29353,395255.33186,3386241.70861,1.13469,0.01642,10491509.47809,2000-05-01T22:38:15.321,15044.20255
139.43500,0.39680,-896.69666,395160.54457,3386285.47047,1.13456,0.01563,10549633.46893,2000-05-02T14:47:01.411,15054.79092
139.44501,0.58790,-902.22106,395239.17690,3386253.66860,1.13350,0.01558,10513521.88132,2000-05-02T04:45:05.807,15045.96800
139.45501,0.77342,-903.94819,395379.54566,3386230.05102,1.13999,0.01604,10524635.94334,2000-05-02T07:50:12.765,15045.55540
139.46501,0.36916,-888.58267,395145.81090,3386297.13846,1.13010,0.01537,10522036.32120,2000-05-02T07:07:05.791,15045.86351
139.47501,0.32461,-887.62956,395180.23049,3386278.72056,1.13125,0.01391,10460577.68241,2000-05-01T14:02:41.902,15037.24606
139.48501,0.76917,-909.08961,395375.89451,3386233.57575,1.13187,0.01385,10622054.95738,2000-05-03T10:53:52.420,15061.53707
139.49500,0.62932,-912.20500,395250.94433,3386284.67971,1.13271,0.01425,10577822.04612,2000-05-02T22:36:47.276,15055.07366
139.50499,0.58624,-913.28086,395288.66776,3386247.69910,1.13090,0.01277,10553952.82898,2000-05-02T15:58:55.612,15052.89403
139.51499,0.41418,-919.42750,395336.49715,3386251.54889,1.13409,0.01428,10390549.87287,2000-04-30T18:35:34.938,15028.22570
139.52499,0.95389,-937.53114,395556.80737,3386210.45774,1.13466,0.01445,10458533.62910,2000-05-01T13:28:36.524,15040.72119
139.53500,0.53521,-914.85475,395348.03947,3386243.12363,1.12994,0.01500,10511054.75968,2000-05-02T04:03:58.016,15045.23505
139.54501,0.17833,-913.68098,395133.49685,3386280.14566,1.13966,0.01674,10450241.39584,2000-05-01T11:10:28.634,15036.08306
139.55501,0.65778,-918.58709,395394.11230,3386239.59376,1.13956,0.01617,10569279.77996,2000-05-02T20:14:28.332,15054.17297
139.56498,0.61569,-918.55259,395331.07951,3386242.51104,1.13370,0.01280,10518530.51762,2000-05-02T06:08:40.125,15047.13700
139.57499,0.62795,-922.44412,395402.34614,3386183.56468,1.14427,0.01322,10475396.55939,2000-05-01T18:09:37.899,15037.44692
139.58499,0.47398,-920.12654,395280.46570,3386261.41404,1.13744,0.01047,10464986.36362,2000-05-01T15:16:15.228,15041.46602
139.59498,0.34942,-915.21849,395254.24977,3386215.04209,1.13835,0.01081,10458549.62164,2000-05-01T13:28:56.116,15037.66833
139.60499,0.40330,-927.14374,395258.53884,3386232.89500,1.14193,0.01047,10505542.35528,2000-05-02T02:32:07.915,15045.17857
139.61497,0.64788,-933.85061,395374.77892,3386217.99327,1.14048,0.01094,10458581.20519,2000-05-01T13:29:27.030,15038.57304
139.62499,0.73450,-929.48172,395390.26439,3386228.53267,1.13427,0.01061,10564216.56412,2000-05-02T18:50:04.769,15051.30477
139.63501,0.39551,-910.26107,395267.80147,3386238.02717,1.13205,0.01098,10675402.54398,2000-05-04T01:43:08.683,15073.00252
139.64500,0.73978,-925.45561,395413.03332,3386223.34386,1.13220,0.00989,10525629.36466,2000-05-02T08:06:49.766,15048.89908
139.65500,0.93763,-942.52254,395474.08976,3386234.44737,1.12721,0.00982,10721939.26571,2000-05-04T14:38:29.866,15073.77020
139.66500,0.49869,-908.96869,395301.96275,3386191.92097,1.12351,0.01265,10345823.34197,2000-04-30T06:10:02.391,15023.92740
139.67500,0.51871,-917.88854,395315.97345,3386229.51928,1.13006,0.01146,10460208.85407,2000-05-01T13:56:36.426,15034.94201
139.68500,0.51689,-916.01722,395332.88385,3386181.43299,1.12954,0.01315,10432202.00609,2000-05-01T06:09:49.253,15038.50567
139.69500,0.55496,-912.57756,395334.49351,3386246.63897,1.12589,0.01308,10465913.09980,2000-05-01T15:31:38.179,15038.44929
139.70500,0.51014,-903.51504,395312.62609,3386211.14659,1.12960,0.01302,10256527.65155,2000-04-29T05:21:54.245,15006.72176
139.71500,0.56979,-900.12438,395370.34877,3386211.48816,1.12280,0.01303,10376216.68460,2000-04-30T14:36:37.760,15029.58439
139.72500,1.04386,-906.22776,395534.04557,3386237.97335,1.13265,0.01278,10497316.04546,2000-05-02T00:15:11.698,15045.30986
139.73500,0.39076,-879.45921,395276.11930,3386205.44020,1.12401,0.01246,10382576.40473,2000-04-30T16:22:46.447,15023.74517
139.74501,0.88308,-899.54961,395420.67476,3386232.86360,1.13051,0.01341,10476743.16912,2000-05-01T18:32:15.875,15041.74067
139.75500,0.38640,-875.53579,395217.82790,3386256.95721,1.13182,0.01264,10403709.86290,2000-04-30T22:14:51.907,15031.20845
139.76501,0.81262,-888.09917,395404.54050,3386230.45867,1.13251,0.01317,10520272.77689,2000-05-02T06:37:45.777,15047.89908
139.77499,0.57218,-881.48495,395300.95815,3386247.23051,1.13950,0.01318,10473727.34521,2000-05-01T17:42:00.355,15039.14822
139.78500,0.23440,-871.71500,395168.89314,3386275.03908,1.13832,0.01193,10543055.55717,2000-05-02T12:57:22.216,15046.31449
139.79500,0.80433,-892.13810,395361.11677,3386271.65157,1.13717,0.01061,10504674.10447,2000-05-02T02:17:47.586,15046.35207
139.80498,0.53715,-887.75930,395273.96476,3386238.36202,1.13298,0.01022,10498418.90727,2000-05-02T00:33:22.792,15041.69433
139.81500,0.58041,-880.60240,395275.58874,3386265.50051,1.13071,0.01154,10580018.19603,2000-05-02T23:13:22.496,15060.28962
139.82499,0.67019,-880.57533,395351.86531,3386221.78902,1.13900,0.00919,10540126.00393,2000-05-02T12:08:32.997,15048.23156
139.83501,0.43663,-881.21858,395263.81130,3386226.05952,1.13444,0.01115,10495075.82206,2000-05-01T23:37:37.741,15043.55748
139.84500,0.85397,-897.24471,395343.68631,3386257.99236,1.12826,0.01060,10517191.57681,2000-05-02T05:46:22.092,15048.74812
139.85501,0.79133,-902.67553,395397.35241,3386224.18697,1.12846,0.01100,10581968.54095,2000-05-02T23:45:56.869,15053.58662
139.86500,0.56491,-896.16650,395319.60349,3386265.03836,1.13237,0.01209,10434055.05967,2000-05-01T06:40:44.640,15034.09141
139.87501,0.62479,-899.53702,395379.92322,3386253.11062,1.13048,0.01270,10632953.06141,2000-05-03T13:55:40.156,15070.69744
139.88500,0.86683,-907.62011,395422.45205,3386247.89375,1.13074,0.01327,10553487.27759,2000-05-02T15:51:09.937,15048.14179
139.89501,0.81039,-909.34018,395408.78652,3386286.82777,1.13169,0.01318,10671723.99535,2000-05-04T00:41:55.423,15066.17460
139.90498,0.60352,-899.65432,395322.96820,3386260.22488,1.12624,0.01169,10533265.65797,2000-05-02T10:14:09.885,15050.94611
139.91501,0.46414,-880.19862,395319.71064,3386197.14574,1.11994,0.01097,10442768.28677,2000-05-01T09:05:58.265,15034.14608
139.92502,0.73728,-895.93992,395423.15452,3386209.48606,1.12234,0.01046,10489349.47287,2000-05-01T22:02:25.854,15044.44645
139.93502,0.55394,-883.28886,395333.70362,3386271.25575,1.11898,0.01035,10418887.75728,2000-05-01T02:28:00.684,15032.79098
139.94501,0.73352,-886.53351,395452.59564,3386194.61252,1.12133,0.01086,10564814.56018,2000-05-02T19:00:04.674,15053.30462
139.95500,0.73353,-888.04331,395453.64673,3386236.47837,1.11941,0.01051,10471656.79774,2000-05-01T17:07:40.963,15041.50713
139.96500,0.68749,-874.00944,395330.63897,3386272.48155,1.11201,0.01082,10414432.21376,2000-05-01T01:13:39.096,15031.81732
139.97501,0.53200,-871.36093,395334.79862,3386261.44241,1.11707,0.01169,10488348.38265,2000-05-01T21:45:49.198,15040.59571
139.98500,0.46806,-869.01446,395292.85006,3386266.56673,1.11664,0.01186,10474959.81305,2000-05-01T18:02:28.579,15042.27759
139.99498,0.49852,-871.88290,395316.30181,3386226.81582,1.11761,0.01444,10457932.10390,2000-05-01T13:18:50.940,15039.94568
140.00500,0.57428,-867.00597,395372.58847,3386220.75023,1.12188,0.01156,10475184.41237,2000-05-01T18:06:10.809,15040.29409
140.01503,0.92063,-896.15565,395517.81878,3386212.06547,1.12192,0.01171,10408073.92235,2000-04-30T23:27:40.089,15027.59151
140.02501,0.54954,-881.20897,395364.96256,3386274.45884,1.12257,0.01188,10651698.93406,2000-05-03T19:07:59.317,15070.19125
140.03502,0.59064,-873.94995,395419.85812,3386225.22730,1.13352,0.01269,10600251.62689,2000-05-03T04:50:40.469,15058.54973
140.04500,0.35091,-849.96184,395252.23732,3386296.74998,1.13169,0.01211,10581510.73452,2000-05-02T23:38:11.152,15053.81036
140.05500,0.71960,-868.73756,395395.97447,3386267.44712,1.12598,0.01296,10540598.21654,2000-05-02T12:16:27.196,15046.44943
140.06500,0.63570,-855.87149,395324.37578,3386303.73626,1.12793,0.01224,10582852.28032,2000-05-03T00:00:44.742,15055.42714
140.07500,0.38110,-841.06235,395260.33869,3386275.21484,1.13155,0.01221,10598138.93439,2000-05-03T04:15:30.257,15060.81678
140.08500,0.79902,-863.74039,395407.94422,3386293.69634,1.14136,0.01152,10578398.11509,2000-05-02T22:46:30.401,15055.73207
140.09499,0.44033,-846.82778,395308.32552,3386274.05091,1.13813,0.01098,10465711.85623,2000-05-01T15:28:19.232,15038.74105
140.10498,0.67674,-864.63417,395470.10794,3386233.21052,1.13148,0.01060,10543271.87946,2000-05-02T13:00:58.888,15051.37642
140.11501,0.38742,-853.39682,395282.70637,3386248.89449,1.12890,0.01112,10545770.38089,2000-05-02T13:42:41.316,15050.44334
140.12501,0.70402,-879.46370,395446.80968,3386283.79527,1.12555,0.01206,10565577.01475,2000-05-02T19:12:45.004,15052.95652
140.13500,0.79368,-878.02040,395541.47908,3386278.67115,1.12497,0.01271,10824086.09773,2000-05-05T19:01:04.862,15090.60576
140.14499,0.56217,-868.77026,395403.66931,3386304.87931,1.13240,0.01391,10640125.01623,2000-05-03T15:55:05.793,15062.11005
140.15498,1.20722,-903.07297,395505.49217,3386276.42216,1.12688,0.01434,10615873.04812,2000-05-03T09:10:57.520,15061.66424
140.16500,0.45545,-870.42733,395251.96659,3386242.93641,1.12433,0.01325,10547486.29195,2000-05-02T14:11:17.379,15047.92042
140.17499,1.08160,-881.72869,395541.92743,3386285.43690,1.13404,0.01301,10596866.57775,2000-05-03T03:54:15.604,15058.37163
140.18500,0.68814,-871.96678,395350.54043,3386306.17750,1.13400,0.01308,10642792.76985,2000-05-03T16:39:32.746,15065.77490
140.19498,0.91258,-887.24642,395449.01685,3386253.05604,1.13535,0.01357,10623975.92243,2000-05-03T11:26:04.391,15059.66507
140.20500,0.49533,-868.86271,395267.01652,3386286.83483,1.13579,0.01333,10467145.48959,2000-05-01T15:52:15.791,15041.02171
140.21500,0.74973,-882.07748,395428.00704,3386228.98635,1.13550,0.01292,10248045.98456,2000-04-29T03:00:39.086,15010.73361
140.22503,0.41614,-870.32484,395363.38742,3386235.14623,1.13639,0.01407,10432954.41412,2000-05-01T06:22:25.165,15035.77074
140.23500,0.82636,-883.95570,395393.23110,3386248.75088,1.13381,0.01360,10404740.11500,2000-04-30T22:32:16.895,15026.34022
140.24499,0.35636,-861.71571,395209.83215,3386279.20991,1.12715,0.01412,10515175.13463,2000-05-02T05:12:49.896,15046.24464
140.25499,0.96466,-879.57160,395488.81841,3386208.13643,1.13391,0.01526,10353123.25353,2000-04-30T08:11:55.504,15024.60378
140.26501,0.56258,-873.64096,395320.43555,3386271.05335,1.13351,0.01519,10372163.69824,2000-04-30T13:29:17.324,15024.70423
140.27500,0.60826,-878.07056,395442.62543,3386233.61042,1.13717,0.01568,10299998.22788,2000-04-29T17:26:26.386,15014.18998
140.28500,0.61565,-878.23819,395385.52366,3386256.23559,1.12676,0.01633,10407336.25177,2000-04-30T23:15:28.194,15034.09650
140.29500,0.59828,-869.26173,395387.72402,3386222.27611,1.12882,0.01536,10378495.58761,2000-04-30T15:15:01.608,15023.03103
140.30500,0.73364,-875.41959,395404.24364,3386214.85246,1.12758,0.01577,10326715.11171,2000-04-30T00:51:50.461,15021.78084
140.31500,0.50224,-865.44200,395253.76706,3386261.97738,1.13311,0.01706,10300277.60595,2000-04-29T17:31:10.860,15015.91144
140.32501,1.12490,-889.93959,395607.33866,3386212.94921,1.13862,0.01656,10271200.87333,2000-04-29T09:26:36.656,15011.56662
140.33500,0.51165,-865.30277,395257.70092,3386240.79318,1.13611,0.02153,10309033.33169,2000-04-29T19:57:02.699,15017.61687
140.34500,0.48921,-870.13461,395326.07317,3386245.26374,1.14368,0.02010,10243106.94777,2000-04-29T01:38:17.582,15002.69495
140.35499,0.67999,-878.95573,395399.60037,3386227.51007,1.13490,0.01676,10353221.80381,2000-04-30T08:13:42.023,15025.25433
140.36498,0.74282,-882.05757,395474.01375,3386203.59508,1.12979,0.01720,10336542.80098,2000-04-30T03:35:34.370,15017.94889
140.37498,0.69657,-881.51863,395379.33892,3386241.74632,1.12880,0.01511,10334665.04800,2000-04-30T03:04:11.024,15022.19014
140.38501,0.76003,-890.53797,395485.79576,3386155.93114,1.13664,0.01499,10385398.97203,2000-04-30T17:09:57.269,15027.11106
140.39502,0.65915,-889.97865,395393.72385,3386193.38923,1.13655,0.01367,10338370.67008,2000-04-30T04:06:06.135,15015.98967
140.40499,0.49399,-887.16668,395353.98947,3386195.71239,1.13684,0.01361,10283456.42825,2000-04-29T12:50:39.193,15012.72861
140.41500,0.60239,-894.56406,395384.08751,3386170.09070,1.13768,0.01460,10338800.25079,2000-04-30T04:13:18.095,15019.86008
140.42501,0.66877,-893.87079,395419.26953,3386205.72532,1.13701,0.01713,10426161.56231,2000-05-01T04:29:13.202,15033.03103
140.43500,0.65415,-885.32646,395391.11685,3386211.84358,1.13937,0.01739,10341138.36708,2000-04-30T04:52:07.661,15021.03297
140.44501,0.70043,-897.58335,395500.88027,3386152.51056,1.14119,0.01429,10404787.19464,2000-04-30T22:32:57.940,15028.66612
140.45500,0.72822,-903.19719,395456.76563,3386183.30524,1.12648,0.01417,10349729.15402,2000-04-30T07:15:15.124,15020.43946
140.46499,0.98196,-924.63324,395567.55732,3386180.89839,1.12990,0.01381,10369811.92344,2000-04-30T12:50:05.003,15028.34464
140.47500,0.42695,-903.09742,395373.71429,3386171.78131,1.13157,0.01301,10384879.01600,2000-04-30T17:01:02.887,15028.06805
140.48499,0.88019,-921.34959,395551.23836,3386154.88111,1.13025,0.01158,10277373.02415,2000-04-29T11:09:24.770,15010.63586
140.49500,0.45693,-906.00861,395451.86372,3386149.40705,1.13123,0.01239,10418665.68967,2000-05-01T02:24:18.710,15030.95372
140.50500,0.94995,-926.77368,395616.90537,3386159.02225,1.12874,0.01336,10429106.53521,2000-05-01T05:18:15.442,15034.91357
140.51500,0.60590,-915.95445,395512.80219,3386148.51066,1.13164,0.01396,10359755.18207,2000-04-30T10:02:23.048,15022.12252
140.52501,0.70233,-912.71444,395471.00909,3386144.49658,1.13277,0.01361,10407353.31668,2000-04-30T23:15:54.750,15030.75091
140.53501,0.58723,-908.62493,395474.28532,3386156.95709,1.13404,0.01355,10422154.79254,2000-05-01T03:22:21.500,15033.74289
140.54502,0.65231,-915.83468,395474.07882,3386178.67000,1.13698,0.01399,10377153.61918,2000-04-30T14:52:29.533,15024.85339
140.55501,0.64476,-916.57195,395582.86161,3386167.96071,1.13161,0.01362,10496246.47733,2000-05-01T23:57:22.805,15042.25855
140.56501,0.69468,-908.33996,395503.95280,3386166.11602,1.12942,0.01376,10503225.26022,2000-05-02T01:53:37.577,15046.03537
140.57501,0.86898,-912.37309,395523.44592,3386188.11214,1.12831,0.01403,10309843.92296,2000-04-29T20:10:35.847,15014.54609
140.58501,0.84139,-912.16842,395584.03574,3386147.56619,1.12877,0.01379,10327674.63964,2000-04-30T01:07:34.658,15021.98621
140.59500,0.96576,-917.26900,395615.08046,3386177.99963,1.13485,0.01369,10369408.49476,2000-04-30T12:43:19.165,15023.15794
140.60501,0.60487,-897.47518,395459.03672,3386186.41622,1.13187,0.01340,10319301.20654,2000-04-29T22:48:03.736,15016.98986
140.61501,0.61831,-906.29824,395514.33102,3386166.30394,1.13233,0.01393,10365041.43281,2000-04-30T11:30:26.958,15027.16206
140.62501,0.76117,-904.49659,395616.41142,3386149.93371,1.12919,0.01455,10393884.90961,2000-04-30T19:31:13.050,15028.89018
140.63499,0.72147,-900.96960,395551.86824,3386183.71904,1.13268,0.01377,10378181.84549,2000-04-30T15:09:25.780,15025.26898
140.64500,0.66611,-901.84128,395501.46440,3386207.57991,1.12965,0.01420,10326043.93000,2000-04-30T00:40:31.387,15020.41845
140.65502,0.84034,-906.58748,395624.50334,3386185.07985,1.13092,0.01483,10407631.47692,2000-04-30T23:20:29.018,15028.07683
140.66501,0.58358,-894.41549,395543.89421,3386223.40867,1.13602,0.01486,10326342.81335,2000-04-30T00:45:31.323,15019.92009
140.67502,0.31462,-878.57654,395808.71391,3386228.42229,1.13906,0.01517,10453540.99802,2000-05-01T12:05:22.129,15035.67128
140.68501,0.13580,-866.83487,396717.29497,3386298.48421,1.14832,0.01534,10771759.02858,2000-05-05T04:29:00.621,15083.37644
140.69499,0.49122,-891.81615,395706.33749,3386190.65723,1.13297,0.01528,10388217.40353,2000-04-30T17:56:42.692,15029.93936
140.70498,0.68958,-904.87156,395695.30637,3386185.66719,1.13617,0.01439,10473896.86872,2000-05-01T17:44:44.839,15038.64074
140.71500,0.57280,-899.89188,395469.51506,3386161.76444,1.13772,0.01559,10277319.79706,2000-04-29T11:08:29.426,15011.30001
140.72499,0.54962,-900.64642,395429.82141,3386181.38795,1.14213,0.01751,10263718.80673,2000-04-29T07:21:42.298,15006.56261
140.73501,0.43921,-906.34948,395336.86977,3386159.46133,1.14009,0.01595,10196429.19881,2000-04-28T12:40:23.296,15002.51287
140.74499,0.78961,-919.88994,395499.81880,3386158.00809,1.14097,0.01995,10353006.13759,2000-04-30T08:10:00.201,15023.11848
140.75498,0.46448,-919.04053,395340.66662,3386190.58768,1.13884,0.01693,10259834.84735,2000-04-29T06:17:19.478,15006.01602
140.76500,0.60930,-926.81294,395416.01860,3386149.28646,1.13058,0.01427,10277994.91881,2000-04-29T11:19:44.224,15010.93147
140.77500,0.71554,-920.86256,395508.93477,3386116.93733,1.12668,0.01359,10180165.71184,2000-04-28T08:09:17.200,14994.17712
140.78500,0.46744,-915.57335,395386.29542,3386168.10175,1.12223,0.01378,10261554.59168,2000-04-29T06:45:44.300,15010.28409
140.79499,0.64127,-926.24235,395542.77201,3386077.14052,1.13439,0.01647,10318462.91998,2000-04-29T22:34:12.902,15020.39213
140.80501,0.50355,-917.92868,395440.96770,3386138.76691,1.13029,0.01638,10207260.84426,2000-04-28T15:40:52.804,15000.58298
140.81501,0.57494,-916.84520,395460.32726,3386104.00397,1.12770,0.01621,10176915.65749,2000-04-28T07:15:11.787,14995.95456
140.82500,0.67159,-920.09548,395470.90108,3386132.42666,1.13219,0.01581,10265655.52965,2000-04-29T07:54:08.848,15009.52220
140.83498,0.86296,-938.03757,395649.39150,3386162.83251,1.13712,0.01691,10556192.41053,2000-05-02T16:36:15.371,15049.83894
140.84500,0.57895,-917.62002,395560.25173,3386157.91580,1.13539,0.01751,10323274.10017,2000-04-29T23:54:26.872,15017.99644
140.85499,0.73102,-907.95726,395603.07554,3386142.15265,1.13164,0.01332,10415457.67962,2000-05-01T01:30:54.829,15030.73395
140.86498,0.71900,-902.20524,395561.39830,3386165.64199,1.13149,0.01409,10325924.16575,2000-04-30T00:38:37.076,15016.24944
140.87502,0.52355,-898.19662,395497.37268,3386175.66543,1.13889,0.01364,10342613.41783,2000-04-30T05:16:35.866,15021.36241
140.88500,0.65587,-888.64135,395500.16625,3386174.76687,1.13356,0.01283,10353760.85721,2000-04-30T08:22:43.775,15022.60893
140.89499,0.81484,-889.37155,395577.55630,3386147.04036,1.13428,0.01099,10260804.59330,2000-04-29T06:33:12.308,15009.11604
140.90500,0.17407,-861.12078,395300.52871,3386220.09884,1.13912,0.01128,10329638.46278,2000-04-30T01:40:28.473,15019.53019
140.91498,0.64528,-883.68826,395531.47876,3386186.86508,1.14128,0.01174,10240326.28769,2000-04-29T00:51:58.181,15005.00351
140.92499,0.37277,-872.29414,395439.51551,3386171.24717,1.14205,0.01149,10391760.80496,2000-04-30T18:55:39.776,15029.09268
140.93498,0.21921,-870.28427,395301.15289,3386205.17114,1.14284,0.01171,10315082.40639,2000-04-29T21:37:45.290,15016.84863
140.94500,0.36712,-877.00200,395408.18763,3386184.91590,1.14169,0.01151,10317505.96578,2000-04-29T22:18:13.059,15017.36620
140.95499,0.56161,-886.31230,395471.77861,3386185.46025,1.14573,0.01255,10340273.92236,2000-04-30T04:37:46.557,15020.01261
140.96501,0.46503,-887.11757,395368.40256,3386194.85340,1.14124,0.01344,10341502.40230,2000-04-30T04:58:02.777,15021.24691
140.97500,0.65566,-892.49506,395486.15451,3386162.92779,1.14196,0.01432,10301291.13980,2000-04-29T17:47:55.016,15017.86009
140.98502,0.25320,-871.91165,395248.34602,3386172.04800,1.14191,0.01338,10474212.67671,2000-05-01T17:49:55.856,15042.08225
140.99500,0.34335,-871.10493,395327.44337,3386167.56547,1.14673,0.01408,10375424.53176,2000-04-30T14:23:28.951,15025.70643
141.00499,0.62797,-889.52025,395393.27342,3386177.44728,1.13975,0.01376,10294614.45709,2000-04-29T15:56:37.505,15012.45819
141.01501,0.17521,-878.92747,395246.48768,3386163.24388,1.13617,0.01237,10368747.48510,2000-04-30T12:32:09.720,15025.44990
141.02498,0.30479,-884.46597,395313.99801,3386182.43658,1.13680,0.01356,10324229.11239,2000-04-30T00:10:13.085,15017.90085
141.03498,0.63615,-894.99193,395453.36317,3386151.44695,1.13258,0.01455,10362942.02128,2000-04-30T10:55:33.248,15027.53589
141.04500,0.23123,-871.58697,395274.80530,3386171.88793,1.13118,0.01377,10331870.87091,2000-04-30T02:17:41.838,15013.67720
141.05499,0.57064,-883.80440,395440.88595,3386166.05983,1.13327,0.01419,10315688.01054,2000-04-29T21:47:56.019,15016.98362
141.06500,0.60153,-889.99343,395408.15385,3386166.64695,1.13796,0.01358,10298005.43922,2000-04-29T16:53:09.941,15014.43271
141.07500,0.28961,-882.54238,395246.31572,3386207.64081,1.13602,0.01420,10338922.55390,2000-04-30T04:15:06.876,15021.73659
141.08499,0.77240,-906.54619,395498.48936,3386125.22739,1.13443,0.01321,10333960.20398,2000-04-30T02:52:30.828,15019.58875
141.09501,0.40828,-898.31000,395391.99135,3386141.18311,1.13605,0.01175,10358458.07537,2000-04-30T09:40:49.130,15025.20040
141.10500,0.16965,-889.26703,395271.53894,3386133.87212,1.13709,0.01122,10334794.50180,2000-04-30T03:06:22.595,15020.70820
141.11497,0.48678,-897.95658,395408.99306,3386107.75659,1.13866,0.01232,10267246.54325,2000-04-29T08:20:35.260,15008.54599
141.12499,0.73551,-903.07987,395464.10893,3386166.49682,1.13588,0.01144,10231918.55400,2000-04-28T22:31:41.747,15007.30217
141.13501,0.65154,-906.80178,395470.96763,3386108.14060,1.13266,0.01128,10268308.55887,2000-04-29T08:38:16.178,15006.28400
141.14500,0.67629,-906.03002,395524.92070,3386097.13595,1.13037,0.01250,10375683.78868,2000-04-30T14:27:53.517,15025.91999
141.15501,0.50222,-895.61467,395378.12346,3386176.17822,1.13117,0.01143,10355553.89968,2000-04-30T08:52:13.865,15022.89516
141.16499,0.61198,-901.63703,395464.03320,3386154.67304,1.13498,0.01130,10290531.59338,2000-04-29T14:48:43.319,15014.80197
141.17500,0.45728,-888.02482,395418.50077,3386103.75594,1.13560,0.01195,10371903.20691,2000-04-30T13:24:50.459,15024.90618
141.18499,0.47350,-889.60533,395421.56504,3386128.94551,1.13357,0.01195,10295111.02740,2000-04-29T16:04:55.153,15011.04231
141.19500,0.41584,-881.32179,395369.91572,3386144.77506,1.13205,0.01190,10382652.31293,2000-04-30T16:24:00.756,15028.37804
141.20499,0.58333,-894.52208,395381.24665,3386151.97776,1.13976,0.01412,10383493.66640,2000-04-30T16:38:03.373,15026.17370
141.21500,0.32388,-893.56769,395338.83170,3386171.77200,1.14547,0.01529,10281879.32458,2000-04-29T12:24:29.461,15008.02714
141.22499,0.56767,-907.31202,395391.04510,3386173.93265,1.13358,0.01483,10396687.93007,2000-04-30T20:17:54.141,15028.27659
141.23500,0.15961,-893.66134,395269.25946,3386129.88822,1.13690,0.01468,10264787.84462,2000-04-29T07:39:34.047,15008.65974
141.24501,0.65883,-902.18924,395462.26690,3386133.32969,1.13866,0.01507,10378016.85191,2000-04-30T15:06:44.159,15027.54512
141.25502,0.40513,-898.01292,395337.83357,3386181.03923,1.13475,0.01517,10366325.86218,2000-04-30T11:51:51.239,15023.24299
141.26499,0.69933,-903.68017,395471.19749,3386152.78442,1.13396,0.01492,10348801.87732,2000-04-30T06:59:51.785,15024.18607
141.27498,0.66646,-904.07359,395492.95606,3386128.93048,1.13991,0.01542,10275101.16349,2000-04-29T10:31:23.376,15006.63266
141.28500,0.09666,-883.25412,395247.67279,3386138.65328,1.13496,0.01482,10400330.28391,2000-04-30T21:18:37.651,15032.63692
141.29499,0.47366,-904.40073,395408.47486,3386142.35496,1.13987,0.01471,10269542.71095,2000-04-29T08:58:54.548,15009.11517
141.30500,0.60722,-907.49298,395418.79549,3386147.15795,1.13483,0.01566,10272290.09265,2000-04-29T09:44:40.182,15012.78114
141.31498,0.33997,-902.25964,395321.13007,3386180.11749,1.13647,0.01343,10303532.69048,2000-04-29T18:25:20.128,15014.09655
141.32500,0.44704,-904.48108,395392.67783,3386125.60935,1.14140,0.01380,10421920.86469,2000-05-01T03:18:20.118,15034.75412
141.33498,0.57274,-914.40448,395431.49414,3386131.42726,1.14055,0.01269,10273488.33262,2000-04-29T10:04:40.200,15006.85860
141.34501,0.59503,-913.57416,395491.99193,3386105.86263,1.14797,0.01407,10356358.63763,2000-04-30T09:05:43.716,15026.22138
141.35502,-0.10479,-887.68568,395260.56028,3386166.02403,1.14063,0.01356,10329592.65615,2000-04-30T01:39:40.702,15021.17071
141.36500,0.57201,-910.66815,395401.99699,3386157.50850,1.14095,0.01265,10375427.37626,2000-04-30T14:23:42.053,15024.58668
141.37500,0.38644,-900.53835,395266.07811,3386174.05350,1.14136,0.01316,10532147.67979,2000-05-02T09:55:48.278,15048.08593
141.38500,0.17800,-881.04225,395233.39842,3386144.23209,1.13788,0.01269,10339349.36254,2000-04-30T04:22:23.262,15023.69004
141.39499,0.17141,-884.13127,395239.24666,3386143.39673,1.13989,0.01360,10510955.54785,2000-05-02T04:02:44.165,15045.02024
141.40498,0.30273,-882.50727,395274.99233,3386171.19652,1.13425,0.01275,10389358.30597,2000-04-30T18:15:59.197,15028.78416
141.41501,0.45205,-889.96469,395324.57048,3386173.39943,1.13919,0.01366,10368522.29864,2000-04-30T12:28:45.491,15022.23608
141.42500,0.45968,-890.11511,395351.41098,3386161.20259,1.14109,0.01389,10477412.02633,2000-05-01T18:43:31.999,15041.72649
141.43500,-0.12783,-870.92773,395091.65485,3386197.40239,1.13384,0.01322,10401341.93660,2000-04-30T21:35:43.020,15026.51818
141.44500,0.66107,-902.05834,395421.20662,3386178.08945,1.13468,0.01343,10475225.29815,2000-05-01T18:07:12.709,15039.31409
141.45502,0.51655,-898.36523,395373.52375,3386160.83539,1.13589,0.01327,10449095.20954,2000-05-01T10:51:39.352,15035.92991
141.46499,0.23332,-884.27253,395380.77692,3386148.47745,1.14004,0.01351,10424994.15432,2000-05-01T04:09:53.386,15036.93773
141.47499,0.03491,-880.52747,395262.83693,3386175.44542,1.14049,0.01342,10424024.59067,2000-05-01T03:53:45.183,15032.53334
141.48499,0.27125,-891.17774,395357.40417,3386137.41079,1.14039,0.01412,10333507.09154,2000-04-30T02:45:15.099,15019.90901
141.49499,0.29576,-894.32300,395298.14410,3386163.93652,1.14355,0.01320,10441676.24519,2000-05-01T08:47:52.180,15034.92808
141.50499,0.30416,-892.33175,395291.45643,3386162.64617,1.13782,0.01299,10516468.63801,2000-05-02T05:34:27.691,15049.23419
141.51499,0.12400,-879.43214,395249.39270,3386171.66439,1.14131,0.01427,10406541.14633,2000-04-30T23:02:20.397,15025.07255
141.52500,0.46002,-893.39103,395370.01705,3386186.89519,1.13726,0.01689,10447499.95474,2000-05-01T10:25:02.910,15039.56064
141.53500,0.41891,-903.28044,395476.82721,3386149.14084,1.14080,0.01597,10466039.12310,2000-05-01T15:33:56.398,15039.77358
141.54500,0.21790,-899.63440,395345.16949,3386167.63409,1.14395,0.01652,10374829.99296,2000-04-30T14:13:46.525,15026.43511
141.55500,0.28729,-900.26337,395347.33604,3386153.00685,1.13390,0.01445,10455070.84362,2000-05-01T12:31:08.285,15035.95701
141.56501,0.64909,-907.89512,395499.53029,3386154.09181,1.13139,0.01584,10515098.64043,2000-05-02T05:11:44.113,15045.44547
141.57500,0.09365,-890.10757,395405.04310,3386137.66610,1.13688,0.01540,10427150.67385,2000-05-01T04:45:52.478,15036.57121
141.58499,-0.01347,-888.28845,395473.17525,3386131.82886,1.13657,0.01466,10391515.80809,2000-04-30T18:51:53.788,15026.08644
141.59499,0.19133,-901.89698,395644.65852,3386151.99991,1.13879,0.01569,10539530.78752,2000-05-02T11:59:05.152,15052.75804
141.60500,0.70638,-928.30073,395543.51656,3386125.60304,1.12647,0.01554,10538849.52312,2000-05-02T11:47:34.544,15048.42425
141.61501,0.25117,-908.31290,395201.28755,3386147.20902,1.12738,0.01617,10350274.42262,2000-04-30T07:24:33.160,15023.40379
141.62499,0.14109,-899.28981,395117.42062,3386178.17823,1.12642,0.01486,10649548.94132,2000-05-03T18:32:17.089,15066.37251
141.63502,0.41784,-921.41763,395314.07862,3386139.16878,1.12341,0.01651,10452395.96900,2000-05-01T11:46:32.078,15036.66618
141.64501,0.65472,-925.79911,395396.39196,3386149.28154,1.12832,0.01709,10298489.52845,2000-04-29T17:01:26.925,15009.12178
141.65499,0.58584,-925.73685,395387.99688,3386136.47017,1.12581,0.01750,10384323.13490,2000-04-30T16:51:57.478,15027.03969
141.66501,0.67327,-929.68779,395473.67754,3386128.50135,1.13058,0.01488,10554993.10840,2000-05-02T16:16:32.647,15053.68392
141.67500,0.68544,-930.55616,395521.64283,3386095.41037,1.13262,0.01375,10267200.29727,2000-04-29T08:20:01.247,15011.17936
141.68499,0.25172,-913.15943,395282.46424,3386145.99087,1.12944,0.01306,10403223.02966,2000-04-30T22:07:09.433,15027.19830
141.69499,0.62703,-937.24010,395442.61248,3386134.67392,1.12822,0.01327,10422819.37498,2000-05-01T03:33:36.270,15030.75235
141.70500,0.57226,-929.08277,395430.04392,3386107.22809,1.13347,0.01323,10335826.06273,2000-04-30T03:23:47.784,15018.21328
141.71501,0.55840,-920.01732,395356.26629,3386168.34963,1.12743,0.01218,10352959.78168,2000-04-30T08:09:14.714,15024.38581
141.72499,0.66168,-925.66031,395428.12842,3386148.32798,1.12478,0.01184,10351299.28905,2000-04-30T07:41:40.318,15020.92440
141.73500,0.40915,-912.70517,395375.14236,3386150.07039,1.12774,0.01159,10452671.06295,2000-05-01T11:51:11.005,15040.42903
141.74502,0.53625,-916.86664,395532.77055,3386100.54905,1.13225,0.01219,10302901.38201,2000-04-29T18:14:50.410,15013.18896
141.75501,0.07821,-895.32460,395533.89031,3386092.09371,1.13909,0.01452,10187209.87208,2000-04-28T10:06:37.465,14999.92509
141.76500,0.26444,-912.79488,395514.69939,3386099.05493,1.13397,0.01406,10133004.13230,2000-04-27T19:03:08.250,14993.18889
141.77499,0.11474,-908.41927,395419.00782,3386080.15958,1.12501,0.01476,10231419.02461,2000-04-28T22:23:33.181,15003.21013
141.78499,0.59209,-929.14538,395494.33765,3386115.28283,1.12554,0.01421,10413580.79391,2000-05-01T00:59:35.615,15030.77885
141.79500,0.88801,-934.91535,395598.90792,3386107.28673,1.12939,0.01506,10384257.55639,2000-04-30T16:50:46.344,15027.10699
141.80500,0.58550,-913.63057,395424.03284,3386134.95128,1.12682,0.01500,10368765.82282,2000-04-30T12:32:43.206,15026.26682
141.81502,0.33727,-891.57320,395403.94099,3386130.99407,1.12552,0.01482,10365573.09968,2000-04-30T11:39:14.543,15026.19663
141.82503,0.12897,-883.49823,395288.56754,3386139.49413,1.12654,0.01592,10391919.21882,2000-04-30T18:58:27.464,15023.98905
141.83499,0.75749,-910.32364,395528.95442,3386126.01640,1.12301,0.01488,10343302.33164,2000-04-30T05:28:08.900,15022.14546
141.84499,0.52060,-900.97351,395417.02668,3386157.79364,1.12550,0.01569,10411394.18703,2000-05-01T00:23:06.259,15028.79083
141.85499,0.63924,-905.99732,395652.90084,3386114.56777,1.13163,0.01286,10514901.38772,2000-05-02T05:08:14.563,15045.69256
141.86500,0.60467,-897.78295,395542.39480,3386119.59805,1.12800,0.01306,10398624.15451,2000-04-30T20:50:15.257,15031.05641
141.87503,0.45282,-892.03454,395461.74299,3386162.92755,1.12054,0.01268,10347712.64143,2000-04-30T06:41:43.144,15023.00169
141.88502,0.73077,-897.20006,395713.58052,3386123.12615,1.12253,0.01373,10525888.58386,2000-05-02T08:11:19.024,15046.47080
141.89502,0.66948,-905.41258,395463.93933,3386137.09560,1.12545,0.01422,10232223.45572,2000-04-28T22:37:03.683,15005.39413
141.90501,0.54678,-901.49774,395391.31756,3386129.98158,1.13054,0.01390,10219267.72086,2000-04-28T19:01:09.547,15001.21943
141.91501,0.66438,-903.44606,395462.44584,3386143.01046,1.12971,0.01340,10221636.12398,2000-04-28T19:40:34.887,15003.18666
141.92501,0.28932,-890.16742,395400.53093,3386101.53138,1.13236,0.01347,10362115.64273,2000-04-30T10:41:55.755,15023.39870
141.93502,0.44259,-900.71404,395735.25032,3386069.49579,1.14123,0.01317,10107858.37096,2000-04-27T12:04:04.544,14988.90609
141.94500,0.23548,-888.54912,395568.60678,3386099.57052,1.13558,0.01314,10262111.92375,2000-04-29T06:55:01.322,15010.42546
141.95499,0.09821,-887.86253,395416.46352,3386113.50125,1.13206,0.01552,10266643.55484,2000-04-29T08:10:41.677,15007.32760
141.96500,0.73376,-911.50503,395470.50892,3386119.17315,1.12550,0.01195,10375063.92920,2000-04-30T14:17:46.065,15028.92337
141.97501,0.41900,-899.99633,395378.04973,3386107.37291,1.12702,0.01268,10280196.01893,2000-04-29T11:56:29.529,15008.85220
141.98501,0.43105,-895.07156,395537.87610,3386092.66032,1.12651,0.01294,10161873.66252,2000-04-28T03:04:31.960,14993.98603
141.99499,0.10533,-880.68001,395502.30238,3386108.79987,1.13108,0.01348,10145460.70851,2000-04-27T22:30:43.302,14994.17698
142.00500,0.60576,-903.09832,395434.13222,3386133.92724,1.12120,0.01376,10434815.78660,2000-05-01T06:53:37.078,15033.84144
142.01502,0.85569,-906.37594,395413.74116,3386120.77080,1.11652,0.01344,10278277.74953,2000-04-29T11:24:36.321,15010.38739
142.02501,0.69932,-896.14555,395358.36505,3386181.54600,1.11750,0.01364,10437584.11785,2000-05-01T07:39:37.336,15036.32357
142.03500,0.77278,-899.32594,395365.14294,3386166.75423,1.11143,0.01206,10414480.56566,2000-05-01T01:14:41.783,15032.55138
142.04498,0.83478,-903.17493,395430.41239,3386138.56457,1.11742,0.01143,10384899.09304,2000-04-30T17:01:37.597,15026.60366
142.05498,0.74305,-906.08772,395373.85135,3386148.04221,1.11275,0.01143,10534687.68091,2000-05-02T10:38:02.282,15050.34602
142.06500,0.83549,-911.80972,395460.32959,3386148.22366,1.12468,0.01175,10404928.60854,2000-04-30T22:35:16.202,15029.76238
142.07500,0.37105,-883.74178,395241.70399,3386134.21334,1.11994,0.01160,10336241.08899,2000-04-30T03:30:37.320,15017.76473
142.08499,1.31375,-921.39368,395588.73652,3386145.81093,1.11817,0.01269,10277445.59862,2000-04-29T11:10:42.769,15013.99247
142.09499,0.68969,-898.59651,395369.73378,3386135.23062,1.11763,0.01342,10245361.44696,2000-04-29T02:16:04.816,15006.91863
142.10499,0.39649,-879.70752,395215.56102,3386170.02621,1.12284,0.01148,10368137.91340,2000-04-30T12:22:16.572,15023.76233
142.11498,0.76503,-896.65298,395371.40378,3386160.00514,1.12150,0.01184,10297966.01308,2000-04-29T16:52:36.677,15015.92470
142.12499,0.59503,-882.20987,395296.79968,3386138.55256,1.12320,0.00919,10339920.17095,2000-04-30T04:31:47.129,15021.25106
142.13503,0.99767,-898.80386,395466.86497,3386161.84315,1.11271,0.00964,10189249.65489,2000-04-28T10:40:48.590,14995.64277
142.14502,0.60403,-887.43381,395335.19325,3386134.18389,1.11291,0.00926,10320574.58764,2000-04-29T23:09:31.752,15018.76187
142.15501,0.48747,-882.76596,395240.11204,3386182.46575,1.11761,0.00896,10364653.01947,2000-04-30T11:24:03.633,15023.42903
142.16502,0.34335,-867.75200,395211.27382,3386135.00577,1.11690,0.00975,10303456.53970,2000-04-29T18:24:11.592,15016.90872
142.17500,0.68227,-881.61844,395296.01710,3386207.55129,1.11700,0.00937,10289031.85453,2000-04-29T14:23:46.590,15009.76356
142.18498,0.73822,-881.83261,395366.61197,3386155.53537,1.11985,0.00823,10312327.59888,2000-04-29T20:51:55.276,15014.19902
142.19502,1.02458,-897.76309,395474.96419,3386179.75435,1.11516,0.01007,10353883.53495,2000-04-30T08:24:48.995,15022.31423
142.20499,0.30472,-869.66361,395139.43412,3386196.57150,1.11805,0.00887,10248854.43175,2000-04-29T03:14:11.242,15007.41173
142.21498,0.70160,-885.91326,395379.76704,3386155.34253,1.11723,0.01017,10293725.52138,2000-04-29T15:42:00.192,15014.04899
142.22500,0.75891,-886.76347,395378.19757,3386146.51648,1.11493,0.00911,10303728.33537,2000-04-29T18:28:40.468,15016.72151
142.23502,0.29507,-870.45652,395184.62752,3386201.13140,1.12632,0.00800,10330798.20421,2000-04-30T01:59:48.995,15018.95755
142.24501,0.89764,-887.17244,395466.64130,3386122.42184,1.11937,0.00962,10277334.00979,2000-04-29T11:08:51.099,15009.29252
142.25501,0.86722,-888.30846,395419.55871,3386165.22085,1.12519,0.00977,10403043.61487,2000-04-30T22:04:00.774,15031.79795
142.26502,0.39257,-862.97945,395240.77523,3386184.93784,1.12984,0.00905,10294056.91855,2000-04-29T15:47:35.773,15014.31477
142.27499,0.93748,-878.28891,395443.83453,3386212.47883,1.12789,0.00928,10395552.95766,2000-04-30T19:59:03.422,15030.21806
142.28500,0.50830,-858.82735,395348.03308,3386157.73323,1.12741,0.00904,10376496.59238,2000-04-30T14:41:25.809,15026.67746
142.29501,0.62060,-859.28953,395318.03368,3386215.66189,1.12289,0.01017,10354628.04886,2000-04-30T08:37:02.208,15021.06087
142.30500,0.39702,-852.70948,395295.49102,3386184.83105,1.12632,0.01062,10386913.32889,2000-04-30T17:35:06.325,15023.47463
142.31500,0.66363,-868.16929,395352.63638,3386219.69569,1.12327,0.01103,10298525.57634,2000-04-29T17:01:55.861,15017.67299
142.32500,0.53833,-859.27479,395373.31791,3386179.95587,1.13000,0.01143,10335711.49862,2000-04-30T03:21:42.991,15017.07144
142.33498,0.81292,-873.19480,395516.87844,3386204.60150,1.12614,0.01072,10369027.32592,2000-04-30T12:37:01.059,15026.21105
142.34501,0.55019,-868.17983,395459.27131,3386198.83501,1.13024,0.01257,10382088.08210,2000-04-30T16:14:35.173,15028.25269
142.35500,0.21658,-845.73120,395659.69461,3386234.27483,1.13294,0.01120,10576357.19225,2000-05-02T22:12:23.315,15051.57722
142.36501,0.78175,-863.76983,395436.15089,3386161.41634,1.12122,0.00883,10299521.13302,2000-04-29T17:18:37.166,15015.51935
142.37501,0.52396,-852.08900,395156.84792,3386214.13753,1.11776,0.00987,10240725.90615,2000-04-29T00:58:43.202,15003.92671
142.38500,0.61317,-855.36065,395207.22695,3386179.14739,1.11761,0.00997,10229608.38652,2000-04-28T21:53:20.001,15008.13731
142.39502,0.72706,-859.23227,395232.77155,3386184.80619,1.11600,0.00860,10291185.38997,2000-04-29T14:59:50.954,15014.51348
142.40500,0.75220,-854.07409,395220.34861,3386219.04648,1.12137,0.00910,10258667.38134,2000-04-29T05:57:36.193,15008.23255
142.41500,1.20989,-869.98446,395457.00799,3386152.99029,1.12017,0.00900,10168928.52239,2000-04-28T05:01:55.642,15000.15157
142.42502,0.24324,-833.07683,395029.50520,3386224.31049,1.11870,0.00958,10151384.88408,2000-04-28T00:09:45.333,14992.66945
142.43498,0.61382,-846.69441,395169.93764,3386214.31234,1.11835,0.00961,10277773.19551,2000-04-29T11:16:12.065,15012.37694
142.44500,0.86892,-861.43425,395281.61224,3386206.55213,1.11913,0.00920,10264654.72313,2000-04-29T07:37:27.546,15011.39095
142.45500,0.75041,-846.06203,395245.56776,3386191.67953,1.11902,0.01012,10249249.61926,2000-04-29T03:20:44.480,15005.55661
142.46501,0.82216,-855.03842,395270.19895,3386196.00664,1.11929,0.00922,10353564.04387,2000-04-30T08:19:14.104,15022.82962
142.47500,0.88681,-856.13408,395328.25661,3386170.52503,1.11617,0.00971,10232006.55773,2000-04-28T22:33:18.355,15002.60113
142.48500,0.32596,-835.69870,395062.93078,3386196.55527,1.11484,0.00922,10338762.23444,2000-04-30T04:12:34.250,15019.74381
142.49500,0.86641,-854.83212,395244.34384,3386254.39523,1.11705,0.00953,10233637.88402,2000-04-28T23:00:31.907,15005.69241
142.50498,0.72150,-854.45238,395218.93524,3386216.60865,1.11206,0.00935,10367752.25240,2000-04-30T12:15:50.930,15024.29519
142.51499,0.50877,-849.99885,395176.08731,3386176.17414,1.11322,0.00991,10281938.26979,2000-04-29T12:25:30.375,15015.05918
142.52500,0.86933,-858.95393,395246.90495,3386232.44574,1.11475,0.01174,10231503.79520,2000-04-28T22:25:10.392,15004.82694
142.53500,0.65702,-850.57009,395229.06864,3386181.81358,1.11887,0.01153,10263942.52814,2000-04-29T07:25:39.484,15009.12351
142.54499,0.73658,-858.64385,395228.33945,3386201.98318,1.11455,0.01162,10274741.63210,2000-04-29T10:25:40.667,15013.94513
142.55499,0.65395,-851.67291,395199.95669,3386178.93907,1.11520,0.01076,10315185.11053,2000-04-29T21:39:40.578,15014.19654
142.56499,0.98506,-858.56553,395314.84897,3386202.36745,1.11812,0.01243,10286528.64423,2000-04-29T13:42:01.797,15012.89595
142.57501,0.51698,-840.89723,395129.58338,3386215.11457,1.11790,0.01073,10208129.18515,2000-04-28T15:55:28.285,14999.30236
142.58499,0.57123,-839.14550,395146.87760,3386223.99918,1.11520,0.01209,10281725.33527,2000-04-29T12:22:03.852,15011.01349
142.59500,0.59628,-839.83620,395143.31425,3386242.33939,1.11586,0.01122,10356891.11165,2000-04-30T09:14:39.481,15024.34211
142.60501,0.90367,-848.19686,395310.64843,3386177.80383,1.12510,0.01246,10306713.58301,2000-04-29T19:18:30.738,15018.50130
142.61500,0.55372,-838.33089,395100.97325,3386241.95678,1.11826,0.01289,10216936.22556,2000-04-28T18:22:09.972,15005.30717
142.62501,0.74581,-845.65258,395251.88850,3386199.26594,1.12215,0.01249,10400855.76510,2000-04-30T21:27:29.441,15027.05137
142.63500,0.49106,-832.38890,395056.33367,3386255.26400,1.12123,0.01261,10199739.92191,2000-04-28T13:35:40.507,15005.22132
142.64500,0.48644,-825.77286,395087.48374,3386234.03227,1.11713,0.01285,10315806.69421,2000-04-29T21:49:56.570,15013.61914
142.65500,0.41435,-822.74294,395062.89786,3386238.67623,1.11711,0.01270,10355759.87356,2000-04-30T08:55:58.555,15021.97757
142.66501,0.49764,-830.93411,395068.29052,3386259.32679,1.11526,0.01274,10331183.99579,2000-04-30T02:06:14.701,15017.66446
142.67499,0.39586,-823.29979,395055.60512,3386242.55911,1.11320,0.01352,10335764.54238,2000-04-30T03:22:42.990,15018.98972
142.68499,0.98219,-854.66453,395341.63827,3386180.39412,1.11604,0.01217,10159835.81736,2000-04-28T02:30:28.807,14996.12748
142.69500,0.70107,-849.44209,395223.16212,3386207.69557,1.11892,0.01291,10345737.19845,2000-04-30T06:08:51.468,15022.90245
142.70501,0.32864,-829.17967,395072.20938,3386206.63930,1.11903,0.01170,10308388.08566,2000-04-29T19:46:18.460,15017.52767
142.71499,0.98029,-858.98629,395351.38466,3386189.37064,1.11599,0.01071,10204348.25653,2000-04-28T14:52:25.124,15000.39764
142.72500,0.79579,-852.33146,395247.67615,3386228.70700,1.12192,0.01086,10241837.23945,2000-04-29T01:17:05.410,15005.95131
142.73499,0.51961,-827.87842,395130.02193,3386222.90192,1.11365,0.01040,10248840.09643,2000-04-29T03:14:00.522,15010.77873
142.74498,0.58187,-833.28112,395201.92371,3386216.99550,1.11552,0.01159,10297720.95202,2000-04-29T16:48:31.809,15012.40262
142.75501,0.92092,-845.06165,395299.47742,3386210.61271,1.11523,0.01105,10317164.31348,2000-04-29T22:12:41.473,15017.61690
142.76501,0.60634,-834.73353,395160.95999,3386244.09104,1.12026,0.01021,10286870.77330,2000-04-29T13:47:38.533,15013.66679
142.77500,0.84418,-849.92274,395341.99156,3386148.41026,1.12532,0.01020,10198044.78771,2000-04-28T13:07:17.916,15000.28116
142.78501,0.77718,-846.34934,395185.92030,3386256.02333,1.11864,0.01057,10260698.04790,2000-04-29T06:31:34.490,15011.56063
142.79501,0.65923,-840.25383,395217.07436,3386197.69062,1.12310,0.01061,10190965.21369,2000-04-28T11:09:24.991,14997.84276
142.80503,1.09421,-850.59902,395387.06706,3386222.67392,1.11852,0.01114,10314359.90988,2000-04-29T21:25:58.695,15012.40433
142.81501,0.12044,-818.39203,394954.24382,3386273.36278,1.10939,0.01098,10365232.23476,2000-04-30T11:33:39.957,15025.99079
142.82500,0.77423,-837.80115,395215.62149,3386250.98938,1.11060,0.01378,10229023.02323,2000-04-28T21:43:38.762,15004.72325
142.83499,0.82606,-839.18260,395324.34921,3386170.86206,1.11213,0.01542,10351955.18588,2000-04-30T07:52:30.511,15022.92247
142.84500,0.75146,-837.28225,395247.21814,3386232.67814,1.11505,0.01424,10255308.54465,2000-04-29T05:01:39.145,15010.12467
142.85499,1.03668,-854.25544,395357.90123,3386192.85853,1.11867,0.01490,10281257.75827,2000-04-29T12:14:20.969,15016.06715
142.86500,0.69898,-837.02986,395240.70840,3386229.86729,1.12798,0.01477,10256226.05681,2000-04-29T05:16:54.255,15004.30466
142.87500,1.00372,-844.38162,395368.86980,3386217.64696,1.11768,0.01497,10268989.29242,2000-04-29T08:49:39.861,15008.96601
142.88501,0.66453,-839.25745,395219.14200,3386245.61914,1.12518,0.01401,10281833.34687,2000-04-29T12:23:46.368,15012.71695
142.89500,0.85406,-840.05144,395290.06494,3386228.92113,1.12274,0.01325,10251403.18889,2000-04-29T03:56:41.782,15011.76947
142.90500,0.54339,-835.04964,395189.52085,3386243.77282,1.12383,0.01423,10288301.13895,2000-04-29T14:11:37.899,15011.65155
142.91501,1.00926,-847.20269,395440.06846,3386254.20743,1.12906,0.01492,10356471.57892,2000-04-30T09:07:58.085,15021.64280
142.92500,0.54296,-822.02700,395131.22344,3386244.24769,1.12845,0.01466,10361904.54110,2000-04-30T10:38:11.468,15025.66895
142.93500,0.81290,-834.92163,395270.65939,3386208.84316,1.12266,0.01410,10321454.66992,2000-04-29T23:24:15.768,15016.02481
142.94500,1.07070,-845.43272,395320.60034,3386234.61710,1.12685,0.01401,10175484.12301,2000-04-28T06:51:14.162,15000.29548
142.95500,0.66451,-829.36086,395234.26331,3386194.88645,1.12468,0.01555,10219133.68878,2000-04-28T18:58:54.187,15003.06649
142.96500,0.78341,-831.71942,395232.33032,3386247.03521,1.12651,0.01962,10328342.35993,2000-04-30T01:18:52.823,15014.91007
142.97502,0.81596,-833.14163,395277.42357,3386204.32303,1.12764,0.01588,10382836.24710,2000-04-30T16:27:19.518,15026.94439
142.98500,0.74224,-837.39364,395225.98488,3386247.04066,1.13369,0.01707,10259168.03858,2000-04-29T06:06:00.268,15012.89589
142.99498,0.71084,-839.41723,395189.04910,3386258.56067,1.13594,0.01706,10201027.16001,2000-04-28T13:57:08.254,14998.64022
143.00499,0.44316,-830.54052,395228.54728,3386188.59544,1.14009,0.01635,10309222.91353,2000-04-29T20:00:06.564,15019.42845
143.01499,0.62103,-841.06970,395310.77575,3386223.72323,1.14211,0.01322,10418018.63896,2000-05-01T02:13:32.948,15033.04741
143.02498,1.10061,-855.29946,395502.39628,3386189.54521,1.14038,0.01330,10267881.48944,2000-04-29T08:31:15.705,15008.02521
143.03499,0.80699,-836.18652,395373.37269,3386196.65976,1.13573,0.01336,10383439.75742,2000-04-30T16:37:12.429,15027.94470
143.04500,0.75749,-829.11577,395305.25182,3386225.69226,1.13416,0.01245,10395091.52000,2000-04-30T19:51:31.253,15026.03748
143.05501,0.49620,-819.67366,395199.40709,3386221.38279,1.13743,0.01452,10306642.63817,2000-04-29T19:17:18.968,15018.07789
143.06499,0.57100,-822.81179,395247.77722,3386228.74530,1.13515,0.01394,10292157.64753,2000-04-29T15:15:56.081,15011.21909
143.07499,0.71168,-827.59871,395429.66293,3386224.46188,1.13297,0.01340,10282564.60005,2000-04-29T12:36:04.224,15011.32984
143.08499,0.65242,-832.24566,395416.16262,3386203.67171,1.13843,0.01425,10358160.59787,2000-04-30T09:35:57.413,15022.45961
143.09501,0.34183,-811.80004,395232.12847,3386245.96085,1.13466,0.01397,10286907.05760,2000-04-29T13:48:20.368,15016.69734
143.10501,0.83161,-829.30519,395478.10962,3386195.18017,1.13684,0.01415,10322452.01514,2000-04-29T23:40:41.235,15017.74991
143.11501,0.70835,-817.85833,395350.32213,3386243.14265,1.13528,0.01381,10303125.79156,2000-04-29T18:18:38.795,15014.87078
143.12500,0.79827,-815.62093,395407.13022,3386211.11579,1.13415,0.01356,10394855.53038,2000-04-30T19:47:21.463,15030.33357
143.13500,0.42752,-803.04722,395223.16315,3386264.39912,1.13182,0.01201,10308761.63757,2000-04-29T19:52:35.663,15018.06712
143.14501,0.67189,-807.51607,395357.08244,3386224.53205,1.12669,0.01306,10399804.68913,2000-04-30T21:10:05.958,15030.71772
143.15500,0.53888,-801.92744,395285.82755,3386247.90753,1.12595,0.01413,10306723.38218,2000-04-29T19:18:36.872,15017.17407
143.16500,0.61174,-794.74300,395449.34605,3386231.09624,1.13179,0.01194,10319400.77523,2000-04-29T22:49:50.416,15015.60421
143.17501,0.68550,-799.10862,395485.24008,3386241.83170,1.13308,0.01245,10399681.19031,2000-04-30T21:07:52.774,15032.76872
143.18502,0.93297,-811.87983,395517.14152,3386250.30009,1.13143,0.01270,10210405.31184,2000-04-28T16:33:12.298,14998.33358
143.19499,0.58750,-801.30573,395405.99455,3386228.47593,1.13173,0.01554,10348330.71442,2000-04-30T06:51:55.753,15023.29743
143.20499,0.52527,-796.61220,395319.76759,3386259.92589,1.13272,0.01289,10365429.00666,2000-04-30T11:36:55.878,15026.77710
143.21502,0.40832,-792.64078,395283.37411,3386256.78904,1.13836,0.01191,10280824.35070,2000-04-29T12:07:01.022,15015.36101
143.22500,0.50678,-796.96328,395270.87696,3386297.84132,1.13843,0.01144,10387078.79516,2000-04-30T17:37:43.421,15027.81829
143.23499,0.45229,-798.38329,395296.20341,3386218.11435,1.13502,0.01170,10238293.45379,2000-04-29T00:18:03.039,15009.10695
143.24499,0.73707,-807.41527,395404.21976,3386229.56019,1.13713,0.01320,10305566.91659,2000-04-29T18:59:19.369,15016.67095
143.25501,0.45208,-799.78390,395292.95770,3386224.58782,1.13261,0.01529,10307435.16562,2000-04-29T19:30:20.027,15018.57395
143.26501,0.57411,-800.51006,395319.89126,3386226.49146,1.13292,0.01440,10207658.76772,2000-04-28T15:47:26.274,14995.90931
143.27498,0.47314,-800.90194,395253.75316,3386264.97718,1.13481,0.01597,10353886.38513,2000-04-30T08:24:25.548,15024.66037
143.28500,0.58346,-797.46177,395281.90649,3386262.33769,1.12996,0.01339,10197033.82242,2000-04-28T12:50:17.496,15001.70955
143.29500,0.20617,-786.42946,395137.23464,3386241.18586,1.13261,0.01345,10297578.09830,2000-04-29T16:46:13.161,15014.05458
143.30500,0.57701,-800.28561,395274.17194,3386238.21799,1.13598,0.01407,10342228.72775,2000-04-30T05:10:17.294,15021.69911
143.31502,0.30410,-791.06410,395194.66132,3386217.25671,1.13094,0.01456,10226256.10250,2000-04-28T20:57:26.437,15004.10061
143.32082,0.73499,-807.42573,395253.10350,3386309.06742,1.13619,0.01016,10202722.50510,2000-04-28T14:24:53.535,15010.24567
