LONG_EAST,LAT_NORTH,TOPOGRAPHY,MOLA_RANGE,PLANET_RAD,C,A,EMPHEMERIS_TIME,UTC,ORBIT
143.32581,0.32709,-793.43165,395143.78640,3386264.49868,1.13474,0.01346,10186320.42883,2000-04-28T09:51:44.091,15001.04494
143.33499,0.38003,-791.41515,395198.45081,3386219.56605,1.12823,0.01425,10258423.66424,2000-04-29T05:53:36.351,15009.70566
143.34498,0.37127,-785.91009,395155.25740,3386273.30365,1.13089,0.01343,10216844.30866,2000-04-28T18:20:37.174,15002.26547
143.35500,0.58575,-802.12912,395288.94163,3386232.23599,1.12962,0.01358,10299057.32768,2000-04-29T17:10:45.789,15014.63599
143.36499,0.73344,-801.06585,395293.81329,3386287.23103,1.13444,0.01296,10399132.78429,2000-04-30T20:58:44.296,15027.52558
143.37500,0.48813,-798.59126,395187.13989,3386273.91129,1.13397,0.01340,10335154.31473,2000-04-30T03:12:24.033,15021.71195
143.38501,0.54475,-803.11957,395261.67281,3386234.31618,1.13659,0.01376,10291783.16181,2000-04-29T15:09:33.154,15010.57466
143.39500,0.47895,-803.22319,395183.82447,3386274.93322,1.12988,0.01366,10307524.42087,2000-04-29T19:31:49.930,15019.78238
143.40499,0.83202,-811.02228,395370.36646,3386225.00034,1.13286,0.01391,10378314.02905,2000-04-30T15:11:49.107,15024.55318
143.41501,0.44351,-795.63775,395161.96393,3386289.17173,1.13787,0.01326,10369120.05012,2000-04-30T12:38:26.580,15022.22366
143.42500,0.59480,-799.27199,395213.20640,3386265.33837,1.13056,0.01343,10380469.99596,2000-04-30T15:47:35.884,15028.47587
143.43501,0.50994,-802.23854,395213.61816,3386257.02531,1.12942,0.01304,10439240.05987,2000-05-01T08:07:16.505,15038.98340
143.44501,0.59877,-808.18557,395233.40339,3386268.63772,1.13370,0.01398,10294959.98884,2000-04-29T16:02:28.026,15012.76129
143.45500,0.70439,-804.63735,395324.10493,3386237.61064,1.13209,0.01339,10356252.82842,2000-04-30T09:04:01.913,15021.78709
143.46500,0.70817,-805.30110,395287.41381,3386254.81580,1.13426,0.01264,10344562.91106,2000-04-30T05:49:13.850,15026.31866
143.47501,0.66041,-800.29910,395260.19859,3386264.65345,1.13179,0.01351,10358403.25863,2000-04-30T09:39:50.681,15021.58381
143.48501,0.32411,-785.54586,395103.02928,3386295.85078,1.13097,0.01389,10413990.08120,2000-05-01T01:06:24.734,15032.86837
143.49500,0.75727,-796.47793,395263.02364,3386293.29587,1.13363,0.01391,10342505.47525,2000-04-30T05:14:50.341,15022.10576
143.50499,0.53538,-780.91400,395177.31499,3386290.09912,1.13103,0.01382,10439741.12763,2000-05-01T08:15:30.725,15036.99363
143.51498,0.38072,-777.79450,395110.13762,3386293.55145,1.12694,0.01240,10324423.32341,2000-04-30T00:13:32.227,15017.97833
143.52499,0.72558,-797.42457,395267.02457,3386275.06353,1.13140,0.01573,10452680.75500,2000-05-01T11:51:14.216,15037.01471
143.53500,0.66378,-800.14025,395258.63104,3386268.70643,1.14005,0.01686,10337836.28438,2000-04-30T03:56:59.334,15024.67449
143.54499,0.52850,-792.41246,395187.82319,3386280.52532,1.13854,0.01589,10367433.33682,2000-04-30T12:10:25.435,15027.54886
143.55497,0.62108,-797.64060,395268.54204,3386245.62236,1.13617,0.01507,10381730.31422,2000-04-30T16:08:42.109,15025.84366
143.56500,0.81857,-812.15705,395289.42669,3386284.71468,1.14266,0.01535,10313329.21374,2000-04-29T21:08:48.643,15017.17547
143.57499,0.55873,-790.44024,395200.70349,3386277.08990,1.13160,0.01575,10328529.73220,2000-04-30T01:21:51.936,15019.42632
143.58498,0.55876,-786.39274,395154.75228,3386273.64301,1.13288,0.01746,10232053.64550,2000-04-28T22:34:02.155,15009.07882
143.59500,0.82880,-796.47965,395308.33736,3386257.48402,1.13698,0.01649,10394698.36601,2000-04-30T19:44:57.594,15024.93554
143.60501,0.06743,-771.76837,394985.40912,3386302.48792,1.13998,0.01539,10325912.26518,2000-04-30T00:38:11.566,15021.56714
143.61499,0.56344,-796.49397,395162.77982,3386277.87765,1.14198,0.01463,10278273.20902,2000-04-29T11:24:22.551,15015.05839
143.62500,0.73702,-799.46935,395266.23080,3386264.11766,1.13976,0.01468,10344562.35219,2000-04-30T05:49:11.751,15023.47444
143.63499,0.49729,-782.52389,395138.90132,3386289.18914,1.13612,0.01410,10354357.77250,2000-04-30T08:32:34.743,15019.66735
143.64499,0.43595,-776.76261,395096.52054,3386295.66045,1.13183,0.01535,10353443.45113,2000-04-30T08:17:18.212,15025.24041
143.65501,0.59447,-782.37286,395195.23418,3386255.82890,1.13201,0.01691,10359632.47828,2000-04-30T10:00:20.279,15026.00505
143.66503,0.45657,-778.00785,395129.35984,3386276.38998,1.13362,0.01711,10325159.28035,2000-04-30T00:25:47.260,15015.13742
143.67500,0.44590,-781.22535,395091.99003,3386332.59654,1.12886,0.01691,10400659.84595,2000-04-30T21:24:10.976,15028.78466
143.68501,0.58303,-782.79896,395150.12428,3386273.38446,1.12833,0.01631,10399253.16054,2000-04-30T21:00:46.831,15030.58397
143.69501,0.39871,-772.75948,395065.33881,3386329.57866,1.12932,0.01623,10354534.31871,2000-04-30T08:35:22.611,15021.13162
143.70500,0.40134,-774.25141,395086.31228,3386293.55556,1.12607,0.01675,10358139.24783,2000-04-30T09:35:26.650,15027.84987
143.71499,-0.03861,-765.18975,394915.96523,3386285.68927,1.13456,0.01927,10358243.27734,2000-04-30T09:37:13.809,15024.45615
143.72500,0.46264,-776.71116,395121.09002,3386290.23900,1.13152,0.02073,10471839.00687,2000-05-01T17:10:37.360,15039.27118
143.73500,0.62571,-783.83092,395207.76860,3386287.63211,1.13872,0.01901,10349245.57042,2000-04-30T07:07:20.023,15021.41980
143.74498,0.08533,-760.78243,394989.69613,3386267.40791,1.13508,0.01800,10310018.80630,2000-04-29T20:13:30.335,15014.28121
143.75499,0.18257,-762.32517,394971.16989,3386314.70772,1.14010,0.01870,10316455.07942,2000-04-29T22:00:37.015,15020.13063
143.76498,0.39821,-778.37724,395023.41375,3386329.31158,1.13265,0.01825,10258549.55865,2000-04-29T05:55:46.487,15006.43216
143.77500,0.66078,-781.05230,395163.28628,3386305.61348,1.13150,0.01620,10337655.37371,2000-04-30T03:53:58.397,15021.47758
143.78501,0.80756,-787.19665,395230.96313,3386288.18796,1.12697,0.01562,10426144.94748,2000-05-01T04:28:50.974,15032.72573
143.79501,0.57526,-775.84794,395134.51720,3386297.80217,1.13125,0.01581,10272924.16994,2000-04-29T09:55:13.283,15013.94702
143.80499,0.47696,-777.01763,395083.76747,3386296.05068,1.12412,0.01586,10374681.18029,2000-04-30T14:11:03.837,15030.61081
143.81500,0.60981,-773.63203,395146.89595,3386310.44084,1.12571,0.02200,10387647.48766,2000-04-30T17:47:21.933,15022.83622
143.82500,0.53923,-779.36753,395135.51829,3386293.20736,1.12706,0.01925,10417955.78269,2000-05-01T02:12:30.023,15035.01665
143.83499,0.25698,-772.39024,395021.25925,3386265.54378,1.12402,0.01887,10321914.70130,2000-04-29T23:31:42.935,15018.79523
143.84502,0.80710,-793.73591,395232.33419,3386280.45135,1.12306,0.01869,10256170.40769,2000-04-29T05:15:54.481,15006.64464
143.85501,0.52533,-784.02481,395164.29894,3386258.19902,1.12443,0.01809,10439091.47554,2000-05-01T08:04:40.682,15036.07120
143.86500,0.56153,-781.67941,395106.36866,3386323.75104,1.12762,0.02130,10337006.43054,2000-04-30T03:43:13.075,15018.24095
143.87500,0.46533,-780.21641,395120.44502,3386265.17193,1.12379,0.02024,10404136.34668,2000-04-30T22:21:57.210,15027.47811
143.88501,0.76800,-788.83115,395204.20856,3386287.95081,1.13039,0.02016,10364815.48779,2000-04-30T11:26:47.804,15025.93082
143.89499,0.47201,-785.67377,395147.41637,3386244.79974,1.12506,0.02075,10351320.01188,2000-04-30T07:41:37.334,15025.35238
143.90501,0.86117,-799.00277,395290.20989,3386246.15293,1.13329,0.02089,10401900.45904,2000-04-30T21:44:52.698,15032.43672
143.91501,0.20027,-776.42110,394995.62047,3386265.03141,1.13474,0.01994,10319012.39543,2000-04-29T22:43:27.591,15017.85191
143.92499,0.79297,-797.66146,395271.81104,3386254.27983,1.12997,0.01990,10418729.39425,2000-05-01T02:25:20.441,15036.90504
143.93500,0.42219,-779.23039,395069.13004,3386263.24278,1.12854,0.01995,10540181.66276,2000-05-02T12:09:34.590,15046.69978
143.94500,0.62266,-788.16470,395167.20033,3386258.28866,1.12494,0.01932,10387932.61480,2000-04-30T17:52:03.865,15031.18043
143.95500,0.35994,-776.65593,395028.15645,3386281.28914,1.12801,0.01961,10391874.16056,2000-04-30T18:57:42.851,15023.47119
143.96499,0.55815,-784.86706,395123.05353,3386257.95115,1.12849,0.01936,10511475.61503,2000-05-02T04:11:03.406,15045.76425
143.97502,0.74406,-787.86532,395191.39203,3386280.18917,1.12477,0.01779,10431907.63201,2000-05-01T06:05:04.297,15034.70162
143.98500,0.69927,-779.13837,395172.50751,3386268.96094,1.13071,0.01708,10464273.62901,2000-05-01T15:04:27.809,15041.20727
143.99499,0.47915,-767.39689,395043.00263,3386315.38233,1.12848,0.01792,10340238.80909,2000-04-30T04:37:15.148,15018.63865
144.00501,0.11690,-762.57074,394919.90329,3386297.70131,1.12287,0.01730,10395015.34928,2000-04-30T19:50:05.934,15029.82377
144.01501,0.46264,-768.98959,395070.75151,3386276.92036,1.12591,0.01742,10372764.93619,2000-04-30T13:39:20.577,15025.83670
144.02498,0.27967,-767.74996,394984.25177,3386286.36162,1.13126,0.01833,10365864.62556,2000-04-30T11:44:21.828,15027.09552
144.03501,0.48946,-779.18654,395061.64196,3386272.15637,1.12976,0.01973,10289303.82715,2000-04-29T14:28:14.620,15006.93397
144.04501,0.56605,-785.01149,395132.70455,3386291.79817,1.13365,0.01875,10360834.23601,2000-04-30T10:20:15.573,15028.08659
144.05500,0.25768,-776.69733,394990.81835,3386291.09701,1.13016,0.01876,10382846.11720,2000-04-30T16:27:13.584,15025.92314
144.06501,0.58909,-787.12976,395134.01579,3386245.34622,1.13109,0.01899,10401064.16521,2000-04-30T21:30:51.302,15033.37995
144.07500,0.38481,-779.47221,395042.74292,3386281.46102,1.13080,0.01879,10399019.05111,2000-04-30T20:56:53.944,15027.74042
144.08500,0.25533,-769.19504,394997.71507,3386252.44070,1.13202,0.01646,10388055.43640,2000-04-30T17:54:01.010,15029.96749
144.09501,0.54536,-793.14565,395127.72947,3386281.52204,1.13411,0.01785,10441737.82803,2000-05-01T08:48:50.616,15035.77445
144.10501,0.19061,-774.89404,394986.58157,3386255.25704,1.13893,0.01739,10476447.42208,2000-05-01T18:27:31.144,15040.38582
144.11498,0.32717,-775.90126,395027.93224,3386291.52096,1.12812,0.01932,10398725.92237,2000-04-30T20:51:54.585,15028.88896
144.12500,0.78036,-792.96265,395218.87430,3386274.45973,1.13156,0.02047,10501227.85420,2000-05-02T01:20:19.854,15042.41211
144.13502,0.39948,-766.70352,395068.11761,3386266.98429,1.12237,0.01914,10372483.65544,2000-04-30T13:34:42.427,15025.49934
144.14500,0.09668,-764.38122,394922.13733,3386285.08920,1.12398,0.02030,10351997.50658,2000-04-30T07:53:03.277,15022.74520
144.15500,0.54636,-774.93295,395080.85898,3386291.76145,1.12228,0.01687,10366192.03225,2000-04-30T11:49:45.958,15027.14042
144.16500,0.23195,-759.19150,394962.15503,3386289.16444,1.12846,0.01657,10322825.42150,2000-04-29T23:46:56.213,15015.45115
144.17500,0.33325,-754.31734,394999.11023,3386295.37118,1.12826,0.01526,10425557.55392,2000-05-01T04:19:10.557,15033.87241
144.18500,0.63556,-771.31287,395131.76103,3386288.80001,1.12439,0.01542,10370060.74231,2000-04-30T12:54:12.285,15026.13756
144.19502,-0.00512,-741.61501,394854.40548,3386312.68387,1.13009,0.01517,10382633.94497,2000-04-30T16:23:47.867,15027.81737
144.20502,0.52477,-766.74420,395108.53041,3386266.45786,1.12267,0.01511,10400303.82750,2000-04-30T21:18:17.840,15031.94986
144.21501,0.32304,-754.86331,395004.46791,3386289.45216,1.12679,0.01682,10345652.46110,2000-04-30T06:07:23.300,15023.51963
144.22500,0.43203,-761.38247,395056.37283,3386273.13700,1.12471,0.01595,10353381.61988,2000-04-30T08:16:18.985,15023.39323
144.23500,0.11600,-752.33886,394929.80852,3386273.23818,1.12523,0.01453,10373352.67494,2000-04-30T13:49:09.068,15024.87089
144.24500,0.27239,-760.96290,394973.97833,3386281.92711,1.13389,0.01575,10366267.17819,2000-04-30T11:51:00.912,15025.33004
144.25499,0.49577,-774.79739,395099.84486,3386256.42664,1.12999,0.01559,10328466.86008,2000-04-30T01:21:04.242,15018.67023
144.26501,0.23236,-766.33570,394979.75353,3386294.35758,1.13046,0.01589,10360212.40054,2000-04-30T10:10:06.802,15025.99458
144.27498,0.59650,-771.90661,395135.76368,3386259.42078,1.12864,0.01557,10453631.86229,2000-05-01T12:07:08.525,15037.00640
144.28500,0.34812,-760.28811,395017.34862,3386279.18724,1.12762,0.01547,10299816.37919,2000-04-29T17:23:35.590,15017.78310
144.29502,0.32406,-761.52608,394997.62910,3386305.73944,1.12892,0.01551,10422223.28335,2000-05-01T03:23:45.680,15032.30748
144.30498,0.45625,-765.97133,395071.12017,3386277.20637,1.13138,0.01674,10332839.96923,2000-04-30T02:33:57.291,15018.92387
144.31500,0.44234,-759.22885,395054.99629,3386311.18301,1.13576,0.01349,10378455.93709,2000-04-30T15:14:11.402,15027.22594
144.32499,0.47172,-763.60574,395064.00121,3386296.64629,1.13232,0.01386,10332868.48268,2000-04-30T02:34:23.915,15020.70623
144.33498,0.85223,-786.40794,395226.00247,3386288.15175,1.12569,0.01422,10394124.53037,2000-04-30T19:35:17.645,15028.46486
144.34500,0.30696,-768.38643,395008.29227,3386287.53531,1.12650,0.01495,10282605.38575,2000-04-29T12:36:37.854,15012.14668
144.35498,0.09895,-754.13301,394904.89157,3386301.13921,1.12179,0.01440,10407659.66542,2000-04-30T23:20:53.283,15030.39440
144.36499,0.40126,-765.64418,395061.57446,3386272.05540,1.12465,0.01163,10259533.16066,2000-04-29T06:12:07.514,15010.14459
144.37498,0.41301,-768.55380,395050.88495,3386294.11646,1.12710,0.01313,10356298.11818,2000-04-30T09:04:55.717,15024.56750
144.38499,0.47369,-767.00963,395096.79644,3386285.58151,1.12735,0.01277,10473235.45233,2000-05-01T17:33:56.990,15036.07465
144.39500,0.66971,-768.26266,395127.27148,3386295.66181,1.12498,0.01222,10294479.55727,2000-04-29T15:54:35.581,15016.77425
144.40500,0.61218,-767.44486,395130.50219,3386298.89288,1.12812,0.01271,10317794.37487,2000-04-29T22:23:09.450,15020.03673
144.41502,0.53146,-768.98669,395150.31422,3386290.23454,1.13045,0.01196,10506426.13330,2000-05-02T02:47:19.817,15043.39140
144.42500,0.73186,-785.83339,395200.12915,3386286.51830,1.12461,0.01175,10484448.99794,2000-05-01T20:40:53.619,15041.58271
144.43499,0.37491,-762.49029,395036.17571,3386320.24318,1.13156,0.01377,10412569.98402,2000-05-01T00:42:58.358,15030.12274
144.44500,0.62734,-772.61835,395151.05959,3386297.50512,1.13227,0.01286,10374405.08954,2000-04-30T14:06:46.134,15026.73280
144.45499,0.28690,-753.42398,395007.22186,3386299.20439,1.13156,0.01427,10388973.84848,2000-04-30T18:09:44.664,15028.76518
144.46499,0.81871,-773.26211,395232.68380,3386277.44001,1.13377,0.01349,10526032.24626,2000-05-02T08:13:51.855,15049.01812
144.47501,0.45896,-768.46578,395084.37283,3386300.87408,1.13045,0.01364,10420671.59767,2000-05-01T02:57:55.498,15030.92302
144.48501,0.49509,-766.71091,395101.75811,3386307.97814,1.13136,0.01417,10483420.66435,2000-05-01T20:23:41.015,15040.90728
144.49500,0.40968,-769.78099,395061.55297,3386287.00432,1.12925,0.01550,10289725.20639,2000-04-29T14:35:32.725,15016.53033
144.50501,0.48740,-770.07859,395072.68647,3386319.23678,1.13152,0.01624,10384827.92528,2000-04-30T17:00:35.086,15026.37024
144.51499,0.56778,-779.35588,395125.96581,3386286.19949,1.13293,0.01572,10340371.80399,2000-04-30T04:39:34.097,15021.28364
144.52500,0.28098,-764.88888,394996.59355,3386314.20283,1.13482,0.01585,10455196.25768,2000-05-01T12:33:16.128,15036.64620
144.53502,0.64108,-789.31675,395171.65414,3386298.45056,1.13580,0.01605,10317381.43132,2000-04-29T22:16:20.591,15015.25320
144.54499,0.30274,-771.76653,395040.79497,3386284.91382,1.13623,0.01523,10314263.67701,2000-04-29T21:24:29.759,15016.25613
144.55500,0.52942,-779.91821,395133.68758,3386286.42473,1.13199,0.01430,10354766.67221,2000-04-30T08:39:22.716,15020.05194
144.56498,0.80224,-788.91139,395287.14488,3386267.83650,1.12747,0.01382,10426332.59925,2000-05-01T04:32:03.947,15037.55731
144.57500,0.59375,-782.30513,395165.75146,3386276.48501,1.12606,0.01219,10487857.37060,2000-05-01T21:37:36.198,15043.43439
144.58498,0.53398,-784.77116,395141.44489,3386266.80187,1.12334,0.01209,10345029.50121,2000-04-30T05:57:02.269,15021.97152
144.59500,0.73351,-792.00487,395227.24683,3386285.28876,1.12614,0.01266,10298904.74494,2000-04-29T17:08:25.413,15014.73111
144.60500,0.69690,-786.10285,395227.69112,3386260.18719,1.12843,0.01252,10517107.82910,2000-05-02T05:45:10.110,15048.84980
144.61500,0.38781,-776.44225,395056.18481,3386302.45362,1.12928,0.01383,10367343.83007,2000-04-30T12:08:59.460,15024.34291
144.62501,0.32179,-773.03562,395068.94277,3386279.33593,1.12473,0.01339,10351560.37759,2000-04-30T07:45:56.095,15023.20924
144.63501,0.69070,-785.22187,395222.15625,3386254.91619,1.12357,0.01341,10337603.25268,2000-04-30T03:53:14.295,15023.02712
144.64500,0.40918,-776.54503,395101.75002,3386258.16425,1.12509,0.01374,10378568.16815,2000-04-30T15:16:14.354,15022.60318
144.65500,0.87574,-785.65397,395250.44283,3386304.62535,1.13468,0.01434,10415338.39146,2000-05-01T01:28:55.339,15033.37234
144.66500,0.44871,-771.02145,395115.56497,3386272.62003,1.14376,0.01495,10367175.55759,2000-04-30T12:06:12.386,15024.49567
144.67499,0.61724,-775.50455,395144.39671,3386302.81444,1.13112,0.01696,10401870.47227,2000-04-30T21:44:19.921,15033.38917
144.68500,0.65568,-789.57431,395172.69118,3386290.58188,1.13457,0.01758,10340540.62135,2000-04-30T04:42:21.090,15019.92347
144.69500,0.86644,-800.47593,395286.66677,3386277.87025,1.13613,0.01553,10370519.61783,2000-04-30T13:01:57.717,15023.12852
144.70499,0.47884,-790.54130,395119.69332,3386288.76864,1.13153,0.01524,10361992.07615,2000-04-30T10:39:45.312,15025.47164
144.71500,0.71644,-796.07557,395215.25546,3386278.46496,1.12971,0.01452,10298960.65497,2000-04-29T17:09:17.962,15019.40795
144.72501,0.60191,-790.61930,395175.61704,3386278.68771,1.13009,0.01517,10389392.04855,2000-04-30T18:16:28.582,15024.24737
144.73499,0.60975,-785.16323,395184.64861,3386245.25216,1.13133,0.01473,10368183.45048,2000-04-30T12:23:02.539,15025.52370
144.74500,0.62789,-786.45712,395195.32483,3386249.34393,1.13238,0.01513,10352913.68037,2000-04-30T08:08:34.965,15022.36629
144.75500,0.86175,-793.32683,395227.99254,3386284.40383,1.13030,0.01513,10347881.00716,2000-04-30T06:44:33.761,15024.79538
144.76499,0.73127,-796.83083,395230.52814,3386279.01193,1.12915,0.01486,10354156.21579,2000-04-30T08:29:17.982,15024.45763
144.77499,0.54581,-789.62644,395162.59837,3386264.73599,1.12669,0.01285,10320191.74543,2000-04-29T23:03:02.435,15015.65064
144.78500,0.72281,-798.01088,395197.27176,3386298.42358,1.12715,0.01684,10437789.94219,2000-05-01T07:43:09.442,15039.76333
144.79499,0.67619,-792.76338,395222.80425,3386255.49277,1.13081,0.01764,10346687.37069,2000-04-30T06:24:42.709,15025.62810
144.80499,0.89795,-801.56806,395275.83280,3386300.34732,1.13288,0.01562,10379301.25296,2000-04-30T15:28:20.414,15023.17743
144.81501,0.67181,-797.53712,395210.40262,3386252.70327,1.13567,0.01627,10299682.00882,2000-04-29T17:21:11.489,15015.84963
144.82500,0.46350,-786.85100,395128.44769,3386276.13313,1.13632,0.01614,10308780.37125,2000-04-29T19:52:56.905,15013.83358
144.83500,0.60662,-800.55571,395146.81805,3386288.25883,1.13329,0.01634,10375341.12375,2000-04-30T14:22:17.595,15027.31531
144.84501,0.68259,-802.29779,395236.77541,3386235.81817,1.13361,0.01712,10402982.55950,2000-04-30T22:02:54.677,15030.29148
144.85499,0.69978,-798.23045,395214.24628,3386259.39480,1.13595,0.01581,10444613.26504,2000-05-01T09:36:57.899,15034.91334
144.86500,0.53433,-796.83740,395145.87632,3386245.87107,1.13343,0.01673,10440600.89773,2000-05-01T08:29:55.716,15042.95733
144.87499,0.84270,-806.15339,395253.72159,3386285.85387,1.13149,0.01563,10383926.99181,2000-04-30T16:45:13.464,15026.80825
144.88501,0.83098,-806.46315,395253.50759,3386276.92424,1.13345,0.01703,10328634.99898,2000-04-30T01:23:55.597,15021.27222
144.89498,0.53850,-803.50817,395166.34583,3386282.48708,1.13240,0.01368,10367423.52196,2000-04-30T12:10:09.474,15026.09384
144.90500,0.66701,-807.33687,395196.73160,3386290.56047,1.13141,0.01437,10365471.67488,2000-04-30T11:37:47.207,15018.57001
144.91502,0.87496,-823.25198,395311.66401,3386220.37766,1.13464,0.01436,10304409.80185,2000-04-29T18:39:55.732,15019.90078
144.92501,0.71762,-814.88533,395240.74249,3386246.89160,1.13424,0.01547,10520036.30583,2000-05-02T06:33:50.134,15046.94844
144.93500,0.95849,-823.80305,395324.14385,3386254.60566,1.13550,0.01621,10361055.70459,2000-04-30T10:24:01.624,15022.43880
144.94499,0.65408,-811.77051,395234.67906,3386252.12637,1.13886,0.01486,10353094.42203,2000-04-30T08:11:17.153,15027.18225
144.95499,0.78820,-805.07089,395213.38817,3386309.55253,1.12824,0.01507,10410120.67595,2000-05-01T00:01:47.324,15030.18148
144.96500,0.50979,-800.82417,395179.85106,3386250.05184,1.13123,0.01235,10377126.21752,2000-04-30T14:51:53.458,15025.39574
144.97500,0.68760,-808.06505,395216.50797,3386256.73154,1.13056,0.01294,10300270.43219,2000-04-29T17:30:54.218,15017.68870
144.98500,0.85883,-812.77651,395293.46488,3386260.32797,1.12695,0.01228,10329271.67546,2000-04-30T01:34:23.984,15018.64601
144.99501,0.39331,-797.94986,395091.31246,3386270.59271,1.12736,0.01346,10321768.00878,2000-04-29T23:29:16.852,15021.44911
145.00500,0.50124,-806.51039,395148.05964,3386256.82214,1.12098,0.01264,10279195.91746,2000-04-29T11:39:37.175,15015.10750
145.01501,0.87713,-817.97746,395298.36421,3386257.44665,1.12511,0.01313,10506219.99070,2000-05-02T02:43:26.505,15044.27319
145.02499,0.51994,-800.94082,395143.68295,3386253.12965,1.12363,0.01392,10419137.41361,2000-05-01T02:32:00.318,15033.75588
145.03499,0.63884,-806.50693,395156.78162,3386293.03657,1.12469,0.01500,10288364.79102,2000-04-29T14:12:31.256,15014.93167
145.04499,0.33845,-791.33466,395053.57540,3386294.43674,1.12167,0.01505,10411451.46953,2000-05-01T00:24:02.118,15030.01378
145.05498,0.54611,-805.74744,395156.30775,3386256.15514,1.12319,0.01495,10298840.88060,2000-04-29T17:06:59.677,15019.69410
145.06500,0.55767,-811.35716,395175.36074,3386252.99950,1.12391,0.01640,10305406.60275,2000-04-29T18:56:34.007,15014.11016
145.07501,0.54397,-804.02129,395159.39742,3386252.66142,1.12415,0.01633,10376612.46801,2000-04-30T14:43:17.627,15027.93342
145.08499,0.87005,-817.93806,395290.02698,3386253.72664,1.12619,0.01497,10431589.37860,2000-05-01T05:59:36.999,15033.85449
145.09501,0.66696,-813.46648,395178.93559,3386295.07928,1.12254,0.01570,10452463.87368,2000-05-01T11:47:30.013,15038.47167
145.10499,0.34437,-802.98869,395055.36185,3386285.15183,1.12519,0.01686,10458328.35869,2000-05-01T13:25:16.811,15035.56927
145.11500,0.96452,-832.47158,395372.09629,3386231.36451,1.12040,0.01631,10438417.16824,2000-05-01T07:53:27.644,15038.79037
145.12501,0.31103,-814.45814,395103.91618,3386249.86434,1.11899,0.01644,10387840.60691,2000-04-30T17:50:37.118,15026.06889
145.13500,0.75686,-833.24028,395247.45245,3386264.61507,1.11683,0.01704,10327158.52819,2000-04-30T00:59:10.623,15018.97081
145.14499,0.63171,-827.30038,395216.83184,3386223.44108,1.11349,0.01538,10476976.00134,2000-05-01T18:36:10.503,15043.91938
145.15500,0.28750,-810.15140,395078.89973,3386259.10757,1.10872,0.01509,10413897.52740,2000-05-01T01:04:47.823,15033.24378
145.16501,1.20251,-851.52799,395439.53489,3386238.76581,1.11589,0.01434,10285014.24924,2000-04-29T13:16:43.801,15009.85368
145.17498,0.69706,-836.87645,395286.45381,3386225.65175,1.11795,0.01701,10510548.46075,2000-05-02T03:55:47.697,15048.12730
145.18500,0.61588,-833.64655,395241.17272,3386249.74569,1.12152,0.01632,10430305.07237,2000-05-01T05:38:19.070,15034.55474
145.19500,0.63981,-833.46446,395234.23309,3386237.14659,1.12341,0.01669,10392263.33266,2000-04-30T19:04:13.423,15032.16616
145.20499,1.03708,-850.04004,395405.08352,3386215.15607,1.12010,0.01719,10396264.11001,2000-04-30T20:11:05.591,15028.09891
145.21500,0.83838,-837.38076,395318.44758,3386217.77874,1.12045,0.01659,10305508.06452,2000-04-29T18:58:19.347,15015.42736
145.22502,0.72354,-837.80922,395293.30820,3386226.45351,1.12335,0.01710,10453902.59385,2000-05-01T12:11:43.860,15037.29697
145.23500,0.67860,-838.02526,395250.06838,3386232.63504,1.12012,0.01617,10407117.92166,2000-04-30T23:11:48.735,15032.64376
145.24500,0.32986,-820.05420,395122.50167,3386223.78751,1.12199,0.01799,10446635.86485,2000-05-01T10:10:36.798,15039.52912
145.25500,0.64981,-837.86648,395268.42872,3386203.46497,1.12739,0.02198,10335161.11512,2000-04-30T03:12:30.848,15019.93086
145.26499,0.82690,-847.42727,395330.55338,3386189.40439,1.12563,0.01940,10381420.44609,2000-04-30T16:03:36.958,15027.67144
145.27498,0.74377,-838.30171,395273.65614,3386213.38397,1.12512,0.01915,10433969.35391,2000-05-01T06:39:27.518,15032.62579
145.28499,0.89782,-848.28220,395381.13463,3386191.73542,1.11844,0.01879,10348902.84216,2000-04-30T07:01:45.421,15023.41040
145.29500,0.67048,-833.51596,395232.29486,3386240.83264,1.11610,0.01938,10445594.13803,2000-05-01T09:53:13.180,15040.58370
145.30500,0.46491,-827.16223,395157.28785,3386227.71352,1.11473,0.01940,10296035.67170,2000-04-29T16:20:26.036,15018.56314
145.31500,0.75293,-834.14193,395260.00473,3386250.16644,1.12064,0.01924,10407795.57627,2000-04-30T23:23:10.782,15028.27190
145.32500,0.37841,-816.50773,395141.74592,3386205.50516,1.12290,0.01806,10411964.63325,2000-05-01T00:32:39.961,15033.88914
145.33500,0.68028,-825.29852,395217.62382,3386256.43367,1.12251,0.02032,10373230.55762,2000-04-30T13:47:10.444,15025.95048
145.34500,0.90713,-840.39932,395340.29832,3386233.02481,1.12424,0.01992,10388301.91309,2000-04-30T17:58:21.912,15031.25246
145.35500,0.34676,-816.55794,395098.15762,3386251.37904,1.12156,0.01737,10382360.16038,2000-04-30T16:19:07.782,15026.01284
145.36499,0.61724,-828.80578,395213.43725,3386246.64477,1.12251,0.02146,10463979.71848,2000-05-01T14:59:31.454,15041.86002
145.37500,0.69175,-828.89027,395269.45027,3386194.68207,1.12131,0.01754,10407110.99150,2000-04-30T23:11:49.173,15029.02213
145.38502,0.76995,-834.21419,395278.91200,3386217.44105,1.11576,0.01624,10327849.02213,2000-04-30T01:10:54.769,15018.44084
145.39501,0.55481,-823.28848,395196.51935,3386241.07943,1.11346,0.01630,10457417.26205,2000-05-01T13:10:06.172,15040.67374
145.40500,0.53427,-829.50350,395201.77744,3386224.87936,1.11732,0.01821,10352824.00733,2000-04-30T08:07:07.262,15020.18177
145.41499,0.64732,-833.85195,395238.00772,3386196.87803,1.11460,0.01853,10475299.59992,2000-05-01T18:08:14.538,15040.90303
145.42502,0.86520,-840.28836,395329.44470,3386210.61396,1.11176,0.01856,10473015.38053,2000-05-01T17:30:16.031,15038.80274
145.43497,0.34684,-814.32710,395092.51801,3386241.25517,1.11603,0.01839,10373553.68363,2000-04-30T13:52:32.634,15027.17003
145.44499,0.63196,-833.20093,395246.38562,3386207.30648,1.11264,0.01849,10486176.61377,2000-05-01T21:09:37.694,15043.01414
145.45500,0.68017,-833.47265,395253.31065,3386197.71069,1.11602,0.01827,10360458.27215,2000-04-30T10:14:03.222,15024.90370
145.46500,0.68646,-833.07183,395251.44959,3386239.59067,1.11901,0.01819,10518417.43772,2000-05-02T06:06:57.345,15051.30991
145.47500,0.79822,-835.82996,395301.21083,3386203.16114,1.11296,0.01779,10380419.43479,2000-04-30T15:46:56.601,15020.36816
145.48501,0.76565,-841.46721,395304.23999,3386202.16487,1.11671,0.01891,10528935.79641,2000-05-02T09:02:18.363,15047.29789
145.49499,0.48679,-833.70650,395191.67155,3386195.31672,1.11666,0.01817,10450956.27103,2000-05-01T11:22:28.707,15038.31151
145.50501,0.20969,-819.66032,395042.56156,3386237.71969,1.11429,0.01817,10493050.10276,2000-05-01T23:04:12.133,15042.25869
145.51499,0.89544,-857.29207,395381.85665,3386186.55647,1.11209,0.01652,10532796.68332,2000-05-02T10:06:31.834,15049.97567
145.52501,0.92381,-850.58791,395363.42931,3386183.41027,1.11415,0.01649,10529962.44224,2000-05-02T09:19:22.835,15049.77019
145.53501,0.48665,-835.90584,395155.79713,3386240.27638,1.11697,0.01622,10490290.13489,2000-05-01T22:18:06.180,15045.09491
145.54501,0.80500,-853.90685,395305.41711,3386216.18321,1.12063,0.01584,10381607.65166,2000-04-30T16:06:53.079,15025.79308
145.55502,0.61276,-833.77349,395216.72908,3386221.58989,1.12194,0.01559,10495859.85668,2000-05-01T23:50:54.552,15043.88900
145.56500,0.67315,-842.09994,395256.30845,3386210.24744,1.12132,0.01593,10535471.49193,2000-05-02T10:51:11.045,15049.61202
145.57499,0.73298,-840.03909,395265.73867,3386237.16110,1.12284,0.01422,10457580.08985,2000-05-01T13:12:52.843,15035.42625
145.58499,0.73091,-834.23754,395250.18228,3386233.17408,1.12029,0.01506,10488322.96288,2000-05-01T21:45:25.255,15046.76837
145.59500,0.12434,-809.68455,395000.88870,3386235.09497,1.12207,0.01270,10331270.46571,2000-04-30T02:07:42.581,15018.51518
145.60500,0.82121,-833.62571,395298.08537,3386211.54920,1.12015,0.01258,10473669.68417,2000-05-01T17:41:09.429,15040.67872
145.61499,0.56417,-835.56536,395168.46867,3386258.55667,1.12619,0.01307,10512251.33287,2000-05-02T04:24:08.593,15045.60168
145.62500,0.92079,-841.75328,395341.97479,3386212.87613,1.11378,0.01323,10594256.72059,2000-05-03T03:10:52.645,15059.34024
145.63501,0.26735,-817.17916,395036.07581,3386246.69278,1.11607,0.01256,10406486.22722,2000-04-30T23:01:26.913,15027.81295
145.64500,0.74636,-836.60056,395279.19791,3386193.60943,1.11330,0.01285,10445145.32682,2000-05-01T09:45:43.477,15034.84905
145.65499,0.57440,-827.82575,395186.92393,3386222.08711,1.11757,0.01427,10326644.98120,2000-04-30T00:50:40.307,15020.34236
145.66500,0.55383,-821.61186,395153.90608,3386249.56861,1.11619,0.01302,10447558.67944,2000-05-01T10:26:00.426,15038.82596
145.67499,0.38697,-815.27002,395101.40146,3386257.71529,1.11825,0.01294,10441438.69747,2000-05-01T08:43:49.213,15036.13391
145.68499,0.57099,-820.95271,395155.66726,3386254.88329,1.11841,0.01245,10456589.65515,2000-05-01T12:56:33.692,15038.84842
145.69501,0.59099,-826.20361,395178.72291,3386229.97274,1.12354,0.01202,10427868.21079,2000-05-01T04:57:43.439,15032.32496
145.70499,0.42283,-811.94248,395097.12755,3386258.69537,1.12699,0.01220,10487817.61636,2000-05-01T21:36:57.227,15043.77968
145.71500,0.94673,-835.06601,395327.81363,3386232.42155,1.12446,0.01244,10419275.60749,2000-05-01T02:34:30.195,15036.11100
145.72500,0.45901,-818.51589,395127.88856,3386239.14743,1.12775,0.01183,10411121.89631,2000-05-01T00:18:41.655,15029.50275
145.73502,0.57113,-818.71682,395145.14273,3386280.42071,1.12193,0.01212,10403540.70692,2000-04-30T22:12:21.464,15029.02254
145.74499,0.63255,-825.38304,395191.19923,3386248.09692,1.11928,0.01196,10452171.63064,2000-05-01T11:42:47.674,15043.77671
145.75500,0.71312,-832.62064,395247.07256,3386224.18260,1.12293,0.01202,10381186.34273,2000-04-30T15:59:39.648,15022.64577
145.76500,0.61514,-823.81513,395171.60329,3386256.73798,1.11821,0.01322,10425386.19898,2000-05-01T04:16:18.610,15033.09687
145.77501,0.61060,-827.29115,395200.13017,3386219.59785,1.11921,0.01230,10433694.45570,2000-05-01T06:34:43.068,15037.83908
145.78500,0.69118,-825.59772,395223.56440,3386234.23779,1.12130,0.01285,10436454.48356,2000-05-01T07:20:50.332,15035.09921
145.79501,0.41649,-807.35092,395093.43785,3386278.43382,1.11965,0.01305,10399199.28173,2000-04-30T20:59:52.095,15032.70649
145.80500,0.69436,-812.73958,395207.62433,3386255.85674,1.11386,0.01272,10549661.54236,2000-05-02T14:47:34.645,15048.73858
145.81499,0.97723,-826.49348,395345.50899,3386249.92480,1.11684,0.01323,10457589.40906,2000-05-01T13:13:02.278,15037.99136
145.82500,0.79394,-806.85946,395239.60346,3386244.48966,1.11671,0.01159,10488000.89738,2000-05-01T21:39:56.561,15046.36958
145.83499,0.63660,-800.75745,395201.07305,3386249.55000,1.11657,0.01211,10503588.65743,2000-05-02T01:59:50.111,15044.78054
145.84500,0.36069,-792.15267,395054.17436,3386271.55880,1.12180,0.01260,10508668.30083,2000-05-02T03:24:23.563,15046.46315
145.85500,0.84079,-803.35470,395284.33137,3386240.28074,1.11819,0.01213,10575472.30756,2000-05-02T21:57:50.023,15057.82848
145.86499,0.55750,-796.61894,395167.85329,3386252.15825,1.12183,0.01270,10574074.54318,2000-05-02T21:34:21.510,15055.91898
145.87501,0.71324,-791.37204,395197.22373,3386256.97481,1.11746,0.01261,10500490.84586,2000-05-02T01:08:12.571,15043.65331
145.88502,0.54108,-780.50010,395128.90811,3386275.61172,1.11688,0.01212,10598007.03234,2000-05-03T04:13:21.654,15060.09952
145.89500,1.03376,-795.61650,395297.24554,3386287.17046,1.12178,0.01311,10617146.53149,2000-05-03T09:32:27.588,15062.10378
145.90501,0.59335,-774.45073,395134.73275,3386288.83708,1.11746,0.01389,10570957.36609,2000-05-02T20:42:30.530,15054.52125
145.91500,0.72869,-776.67889,395164.92534,3386297.15098,1.11834,0.01403,10513901.42279,2000-05-02T04:51:38.338,15044.86787
145.92499,0.49776,-771.12353,395119.60375,3386300.49205,1.11972,0.01407,10579285.25631,2000-05-02T23:01:23.844,15052.22428
145.93500,0.27594,-753.55345,394961.65382,3386313.06419,1.12492,0.01369,10620079.62437,2000-05-03T10:21:20.510,15062.66337
145.94499,1.01929,-784.30266,395266.37775,3386310.04187,1.12281,0.01451,10542225.30408,2000-05-02T12:43:41.436,15053.55042
145.95498,0.56598,-771.55492,395147.13721,3386276.25588,1.12501,0.01462,10496342.71578,2000-05-01T23:58:53.344,15044.97323
145.96500,0.91023,-787.13517,395283.93954,3386271.04516,1.12212,0.01396,10448663.05392,2000-05-01T10:44:12.915,15035.25833
145.97499,0.73553,-785.05303,395153.75842,3386308.02594,1.12467,0.01500,10510236.23304,2000-05-02T03:50:23.861,15048.48199
145.98498,0.43011,-769.18095,395063.03722,3386312.76892,1.12492,0.01461,10526251.18749,2000-05-02T08:17:27.516,15048.40996
145.99499,0.84865,-786.68287,395227.61431,3386300.72945,1.13232,0.01333,10481420.28202,2000-05-01T19:50:23.504,15042.98787
146.00498,0.55440,-783.23612,395131.30873,3386268.86112,1.13826,0.01431,10443765.08296,2000-05-01T09:22:34.880,15036.96368
146.01500,0.94607,-796.67715,395283.73704,3386285.84420,1.12761,0.01610,10537912.43440,2000-05-02T11:31:53.091,15046.52038
146.02500,0.63712,-781.47611,395133.44071,3386337.22893,1.12603,0.01920,10588955.22614,2000-05-03T01:42:29.813,15058.64074
146.03501,0.88352,-791.99685,395284.67740,3386267.40833,1.12298,0.01872,10629903.79051,2000-05-03T13:05:08.881,15062.23369
146.04500,0.80287,-792.75592,395227.42572,3386301.71983,1.12630,0.02048,10581657.42189,2000-05-02T23:40:51.925,15057.85448
146.05497,0.17799,-758.65798,394912.67116,3386346.50799,1.12215,0.01974,10379650.46146,2000-04-30T15:34:08.735,15029.33281
146.06500,1.08900,-797.50651,395375.45898,3386265.32960,1.12262,0.01915,10465582.66297,2000-05-01T15:26:14.727,15037.62338
146.07501,0.71687,-777.62104,395144.21185,3386307.35915,1.12002,0.02002,10506104.72858,2000-05-02T02:41:42.433,15045.95777
146.08500,0.34961,-766.20936,395033.99615,3386286.77113,1.13227,0.02024,10397329.18370,2000-04-30T20:28:44.257,15025.64312
146.09500,0.59077,-780.01805,395174.65113,3386235.49732,1.12663,0.02201,10443201.80505,2000-05-01T09:13:20.973,15035.35202
146.10500,0.83808,-789.07357,395226.26966,3386272.38602,1.12788,0.02203,10312662.76703,2000-04-29T20:57:39.762,15017.51997
146.11500,0.70240,-779.16605,395160.85753,3386274.28050,1.12927,0.01976,10453892.89223,2000-05-01T12:11:23.651,15038.86538
146.12501,0.69587,-784.27393,395197.70781,3386244.48479,1.12307,0.02054,10348940.76545,2000-04-30T07:02:17.879,15021.30394
146.13502,0.81923,-788.87821,395280.58460,3386241.26762,1.12826,0.02139,10444421.51944,2000-05-01T09:33:49.794,15037.33092
146.14500,0.32802,-769.47350,395017.08375,3386322.29646,1.12735,0.01917,10464583.23707,2000-05-01T15:09:37.294,15044.06313
146.15498,0.48351,-764.61371,395095.03895,3386265.38690,1.13013,0.02055,10370232.88488,2000-04-30T12:57:02.006,15028.84697
146.16499,0.40454,-766.95086,395025.19772,3386327.81534,1.13045,0.01975,10322307.51041,2000-04-29T23:38:14.216,15025.85983
146.17500,0.81187,-784.64056,395235.27995,3386259.90504,1.13424,0.02100,10472581.82639,2000-05-01T17:22:48.400,15042.70488
146.18500,0.82005,-789.72202,395232.69401,3386253.92247,1.13249,0.01823,10436466.85757,2000-05-01T07:21:00.402,15039.59860
146.19500,0.79589,-790.93852,395208.31263,3386278.85874,1.13202,0.01825,10385557.02699,2000-04-30T17:12:35.472,15032.50488
146.20501,0.82315,-795.78831,395240.47498,3386241.15024,1.13216,0.01765,10462904.31571,2000-05-01T14:41:31.643,15042.69111
146.21501,0.53877,-780.69154,395117.90742,3386250.77430,1.13345,0.01822,10418695.08377,2000-05-01T02:24:54.256,15036.80243
146.22500,0.58621,-775.67283,395119.28442,3386280.89007,1.13442,0.01728,10425663.96052,2000-05-01T04:21:00.751,15035.80673
146.23501,0.66930,-778.44006,395135.74804,3386281.37152,1.13234,0.01781,10388499.53374,2000-04-30T18:01:32.654,15030.78224
146.24500,0.19724,-754.50177,394966.01964,3386280.00959,1.12575,0.01800,10322062.19601,2000-04-29T23:34:11.608,15022.52942
146.25499,0.58296,-761.42999,395115.28717,3386290.97697,1.13410,0.01737,10421434.60993,2000-05-01T03:10:15.448,15040.25852
146.26501,0.79135,-774.96535,395193.34721,3386259.88729,1.13093,0.01921,10243558.94361,2000-04-29T01:45:41.649,15011.72418
146.27500,0.50170,-764.69010,395065.57759,3386290.93851,1.13045,0.01763,10394687.56076,2000-04-30T19:44:36.669,15036.36353
146.28498,0.90340,-777.90018,395275.73260,3386242.99803,1.12610,0.01565,10415589.53693,2000-05-01T01:33:09.058,15035.89960
146.29501,0.61028,-761.87947,395134.29188,3386268.98483,1.12713,0.01551,10349760.77677,2000-04-30T07:16:04.611,15022.79434
146.30500,0.50054,-762.11871,395093.76306,3386296.70046,1.12962,0.01579,10420910.60427,2000-05-01T03:01:43.566,15039.85215
146.31500,0.46972,-751.92145,395056.58731,3386302.44198,1.12854,0.01493,10341259.28497,2000-04-30T04:54:14.237,15024.10105
146.32501,1.11773,-775.14574,395346.11099,3386247.33076,1.12711,0.01498,10416464.71325,2000-05-01T01:47:34.319,15036.18534
146.33500,0.43956,-747.61120,395057.11773,3386301.04632,1.12817,0.01622,10315195.36440,2000-04-29T21:39:44.814,15019.46573
146.34498,0.62475,-752.40205,395144.90819,3386291.64100,1.12331,0.01392,10305272.82493,2000-04-29T18:54:30.024,15022.76578
146.35499,0.52351,-739.71178,395124.67221,3386290.49670,1.12737,0.01437,10334507.37351,2000-04-30T03:01:31.081,15026.22842
146.36501,0.67464,-745.04665,395131.15869,3386294.26294,1.12793,0.01517,10365100.90154,2000-04-30T11:31:26.508,15027.52460
146.37500,0.95822,-758.25194,395271.22271,3386265.62092,1.12358,0.01609,10314857.95024,2000-04-29T21:34:12.416,15024.69677
146.38501,0.55063,-743.31519,395107.54964,3386299.97523,1.12400,0.01430,10397866.83942,2000-04-30T20:37:33.838,15033.39860
146.39499,0.90453,-755.10859,395248.12423,3386277.46439,1.12248,0.01474,10314056.34675,2000-04-29T21:20:50.485,15026.50362
146.40499,0.73019,-747.34423,395135.14757,3386334.59768,1.13164,0.01198,10247889.84687,2000-04-29T02:58:00.702,15008.63629
146.41501,0.61955,-749.02683,395127.93706,3386287.72864,1.12675,0.01293,10405614.43774,2000-04-30T22:46:48.822,15033.69799
146.42499,0.63203,-739.55365,395131.07437,3386291.04660,1.12486,0.01381,10306934.41335,2000-04-29T19:22:07.107,15020.01168
146.43501,0.77409,-748.94766,395199.90368,3386274.00260,1.12679,0.01366,10451748.94719,2000-05-01T11:35:40.871,15040.70901
146.44501,0.85638,-739.50872,395210.38937,3386305.00473,1.12846,0.01254,10215298.92122,2000-04-28T17:54:53.302,15006.51287
146.45500,0.67836,-728.52037,395183.98466,3386268.60864,1.12551,0.01328,10456641.42376,2000-05-01T12:57:14.673,15038.97022
146.46501,0.88046,-733.13672,395185.24762,3386334.00850,1.12450,0.01271,10331001.09135,2000-04-30T02:03:12.202,15023.50073
146.47502,0.76990,-728.77876,395190.86642,3386280.46043,1.12539,0.01275,10353195.68961,2000-04-30T08:13:23.096,15025.28476
146.48502,0.46604,-720.81064,395082.27129,3386290.28313,1.12512,0.01361,10437224.83821,2000-05-01T07:33:43.409,15043.68088
146.49501,0.83012,-737.90259,395210.11148,3386293.77466,1.13268,0.01258,10332958.81483,2000-04-30T02:35:49.040,15025.31338
146.50500,0.82848,-742.01887,395210.67722,3386306.24347,1.12936,0.01308,10421698.08163,2000-05-01T03:14:51.335,15037.82125
146.51499,0.83355,-744.97883,395187.27501,3386323.77740,1.13013,0.01283,10385188.97278,2000-04-30T17:06:33.850,15028.68322
146.52498,0.72657,-731.62545,395129.40193,3386320.69026,1.12584,0.01329,10410350.45833,2000-05-01T00:05:54.279,15036.43135
146.53500,0.91033,-742.53285,395221.93183,3386299.62554,1.12846,0.01304,10472900.53397,2000-05-01T17:28:14.646,15042.30107
146.54501,0.48943,-728.58518,395083.63078,3386289.99695,1.12708,0.01369,10313276.24427,2000-04-29T21:07:56.551,15020.88089
146.55499,0.71914,-723.30570,395124.67795,3386329.83601,1.12810,0.01348,10467375.34625,2000-05-01T15:56:13.162,15043.44229
146.56500,0.73240,-727.97118,395164.36171,3386283.70237,1.12433,0.01397,10339933.16045,2000-04-30T04:32:12.111,15023.23754
146.57501,0.75964,-730.35822,395159.67045,3386316.30390,1.12271,0.01454,10405801.47066,2000-04-30T22:50:05.839,15035.03778
146.58501,0.75838,-721.60751,395178.57256,3386310.18239,1.12636,0.01538,10377509.98560,2000-04-30T14:58:34.214,15028.58761
146.59501,0.95322,-737.31942,395275.86223,3386266.72262,1.12058,0.01515,10332069.92004,2000-04-30T02:21:03.454,15026.82981
146.60501,0.92595,-726.26107,395156.28139,3386371.66117,1.12320,0.01522,10391406.13630,2000-04-30T18:50:11.763,15032.07773
146.61500,0.93317,-730.17365,395238.14714,3386303.73643,1.12186,0.01519,10448065.33781,2000-05-01T10:34:14.250,15040.60433
146.62501,0.69574,-724.58973,395157.74475,3386286.28426,1.11711,0.01415,10538008.02471,2000-05-02T11:33:27.934,15056.29930
146.63501,0.10254,-681.66279,394823.94265,3386395.50843,1.12105,0.01333,10739104.86500,2000-05-04T19:24:59.786,15080.10711
146.64500,0.62966,-711.12413,395105.10229,3386318.00991,1.12142,0.01326,10695427.16182,2000-05-04T07:17:03.075,15077.99019
146.65500,0.60362,-705.76856,395068.48218,3386330.08855,1.12207,0.01409,10481174.63656,2000-05-01T19:46:09.537,15041.20469
146.66500,0.68809,-708.50946,395086.51059,3386358.37965,1.11881,0.01278,10546655.99267,2000-05-02T13:57:27.174,15059.49845
146.67499,0.44182,-691.62932,395022.83005,3386343.68931,1.12011,0.01387,10582709.15069,2000-05-02T23:58:24.473,15059.57511
146.68499,0.94021,-712.17770,395235.13236,3386319.68605,1.11725,0.01321,10659975.92930,2000-05-03T21:26:06.935,15076.94395
146.69501,0.84861,-705.64082,395170.15984,3386341.10372,1.12498,0.01328,10596641.76548,2000-05-03T03:50:43.584,15059.83851
146.70500,0.46477,-682.51253,394987.08010,3386391.41524,1.12192,0.01361,10491401.32806,2000-05-01T22:36:37.023,15047.24907
146.71501,0.75581,-696.58541,395098.54735,3386362.83340,1.11825,0.01241,10550889.72962,2000-05-02T15:08:07.516,15055.09501
146.72499,0.74041,-707.43440,395121.38135,3386359.43490,1.12411,0.01400,10638975.69936,2000-05-03T15:36:08.852,15069.53771
146.73500,0.66718,-700.78341,395111.05262,3386333.41759,1.12121,0.01419,10626132.77862,2000-05-03T12:02:18.155,15064.02753
146.74500,0.58238,-689.60588,395038.58325,3386357.22982,1.12354,0.01362,10543079.29053,2000-05-02T12:57:54.594,15052.93227
146.75501,0.57955,-702.63967,395102.20399,3386291.37054,1.11859,0.01372,10588622.06410,2000-05-03T01:36:58.445,15061.52327
146.76499,0.64462,-696.54353,395045.58811,3386394.14301,1.12508,0.01337,10481141.71242,2000-05-01T19:45:37.594,15042.86064
146.77500,0.90975,-702.05517,395158.96381,3386356.65780,1.12214,0.01331,10472026.72328,2000-05-01T17:13:49.519,15042.54626
146.78497,0.43459,-683.55203,394994.31345,3386370.25549,1.12985,0.01349,10646721.15210,2000-05-03T17:45:16.464,15068.26522
146.79498,0.99034,-699.03540,395213.56065,3386342.68299,1.12204,0.01389,10438466.03150,2000-05-01T07:54:21.967,15039.93886
146.80499,0.56482,-683.57997,395064.36380,3386371.76633,1.13091,0.01326,10521558.54998,2000-05-02T06:59:15.537,15051.44261
146.81499,0.90861,-688.27079,395190.35229,3386356.62083,1.13716,0.01409,10528863.41037,2000-05-02T09:00:56.931,15048.60723
146.82499,0.63650,-669.64962,395044.08887,3386385.57407,1.12760,0.01372,10503323.75623,2000-05-02T01:55:24.347,15049.12339
146.83501,1.12099,-685.63861,395280.62153,3386329.66105,1.13022,0.01390,10611791.10753,2000-05-03T08:03:00.147,15064.32769
146.84502,0.45585,-653.58699,394968.16005,3386395.77263,1.11977,0.01314,10588253.83087,2000-05-03T01:30:58.093,15056.27623
146.85501,0.18030,-641.91601,394838.36668,3386408.49566,1.12146,0.01425,10526546.16546,2000-05-02T08:22:23.760,15048.40822
146.86500,0.81462,-653.20849,395110.29741,3386385.60287,1.12810,0.01311,10705847.60532,2000-05-04T10:10:50.488,15077.77335
146.87501,0.96041,-658.93104,395145.39505,3386425.44337,1.12471,0.01354,10454595.65714,2000-05-01T12:23:12.504,15043.76186
146.88499,0.69995,-646.31473,395060.58508,3386410.37991,1.12561,0.01327,10663215.22722,2000-05-03T22:20:07.493,15070.46099
146.89500,0.66868,-642.43050,395031.76875,3386415.58186,1.13052,0.01424,10548480.99023,2000-05-02T14:28:03.062,15056.71632
146.90500,0.64208,-636.52965,395029.64132,3386413.24836,1.12927,0.01407,10540219.59438,2000-05-02T12:10:16.232,15048.88961
146.91500,0.51754,-629.42484,395020.21760,3386387.95426,1.13136,0.01711,10573923.02560,2000-05-02T21:31:57.017,15060.10782
146.92498,0.87465,-648.23832,395166.00494,3386398.00901,1.12608,0.01648,10544350.57427,2000-05-02T13:19:20.351,15051.33765
146.93500,0.94156,-646.55821,395169.43419,3386392.49541,1.12976,0.01558,10524387.85692,2000-05-02T07:46:23.192,15050.62740
146.94500,0.88205,-640.99577,395159.85611,3386380.01206,1.12820,0.01766,10624468.32856,2000-05-03T11:34:28.099,15065.20596
146.95500,1.28003,-664.68639,395357.30596,3386359.52523,1.12283,0.01699,10733095.71632,2000-05-04T17:44:49.345,15080.97806
146.96501,0.88799,-644.54210,395195.30269,3386406.73883,1.12526,0.01745,10638407.42465,2000-05-03T15:26:48.759,15065.82632
146.97500,0.69702,-633.87379,395082.52332,3386420.44051,1.12154,0.02042,10652569.56854,2000-05-03T19:22:51.455,15068.07007
146.98499,0.80115,-635.41171,395192.57917,3386418.52034,1.12424,0.01711,10691232.96935,2000-05-04T06:07:21.364,15077.24472
146.99499,0.95385,-634.71393,395219.54561,3386369.41408,1.12879,0.01741,10537276.27589,2000-05-02T11:21:13.550,15052.21133
147.00500,0.69554,-616.37055,395020.24835,3386419.38451,1.12119,0.01475,10546185.60824,2000-05-02T13:49:42.696,15048.19595
147.01500,1.00938,-623.50282,395194.44038,3386362.00610,1.12202,0.01573,10619481.19368,2000-05-03T10:11:27.559,15068.49262
147.02500,1.01777,-623.82489,395184.37383,3386394.92345,1.11974,0.01521,10530209.85820,2000-05-02T09:23:24.666,15053.66847
147.03501,0.80312,-615.24251,395067.22733,3386414.38087,1.12496,0.01576,10461916.81735,2000-05-01T14:25:17.356,15036.78874
147.04501,0.84567,-613.50420,395067.44072,3386415.21954,1.12444,0.01512,10614381.59780,2000-05-03T08:46:22.527,15060.33185
147.05500,0.68739,-622.82425,395056.51852,3386396.85342,1.13156,0.01431,10639496.63932,2000-05-03T15:44:49.299,15071.95318
147.06500,0.59551,-618.70072,394974.50625,3386432.71635,1.13271,0.01479,10570166.01884,2000-05-02T20:29:23.275,15060.47315
147.07502,0.87696,-625.71262,395122.31099,3386405.96047,1.12874,0.01540,10547379.64596,2000-05-02T14:09:43.974,15056.06336
147.08500,1.17592,-644.96636,395265.11469,3386391.38434,1.12716,0.01527,10564768.63323,2000-05-02T18:59:28.698,15055.02032
147.09499,0.93685,-624.63596,395129.13998,3386406.04284,1.12509,0.01934,10576743.96089,2000-05-02T22:19:06.475,15057.77560
147.10499,0.86847,-635.60587,395122.16268,3386389.93127,1.13078,0.01783,10469735.92091,2000-05-01T16:35:38.703,15041.03134
147.11499,0.86921,-640.84707,395134.99213,3386371.80714,1.12583,0.01831,10575004.92242,2000-05-02T21:49:57.136,15057.28411
147.12500,0.72048,-630.97126,395051.39726,3386395.58464,1.13611,0.01737,10461491.50617,2000-05-01T14:18:12.104,15039.37699
147.13501,0.63257,-627.43623,395032.12660,3386396.10845,1.12079,0.01728,10530167.67922,2000-05-02T09:22:45.346,15055.67212
147.14500,1.00123,-644.52697,395190.96092,3386378.41264,1.12870,0.01815,10517673.83440,2000-05-02T05:54:42.860,15048.56274
147.15499,0.79513,-645.64365,395065.27607,3386423.75758,1.13250,0.01753,10510366.30049,2000-05-02T03:52:45.525,15045.41374
147.16500,0.90039,-651.94927,395172.53801,3386346.18255,1.12963,0.01612,10562391.34198,2000-05-02T18:19:53.190,15059.59560
147.17499,0.64261,-640.45551,395013.90841,3386400.80170,1.12808,0.01751,10530061.37684,2000-05-02T09:21:00.945,15052.72087
147.18500,1.19063,-663.56505,395259.38404,3386361.66986,1.12710,0.01772,10524433.62347,2000-05-02T07:47:15.107,15050.08245
147.19500,0.49426,-637.93494,394974.48376,3386403.31620,1.12408,0.01690,10555033.32250,2000-05-02T16:17:12.828,15055.42265
147.20501,0.78026,-648.85657,395103.88864,3386364.89064,1.12886,0.01794,10506714.66720,2000-05-02T02:51:46.850,15051.19292
147.21502,0.83115,-655.17077,395129.53965,3386388.91066,1.12522,0.01685,10525043.78354,2000-05-02T07:57:21.954,15050.90916
147.22500,0.78602,-648.11381,395097.29000,3386409.39989,1.13255,0.01876,10550735.68997,2000-05-02T15:05:43.796,15054.44521
147.23500,0.93494,-659.12248,395180.12555,3386357.46184,1.13141,0.01785,10527514.34110,2000-05-02T08:38:25.609,15053.96855
147.24499,0.78595,-657.54632,395099.64835,3386381.78359,1.13192,0.01878,10548374.39320,2000-05-02T14:26:08.907,15052.31409
147.25500,0.60079,-650.87854,395071.66196,3386360.99093,1.12581,0.01871,10663818.88754,2000-05-03T22:30:25.612,15068.00327
147.26500,1.09318,-674.86144,395256.61785,3386345.51021,1.13352,0.01683,10548456.50055,2000-05-02T14:27:33.798,15055.01220
147.27500,0.54239,-652.94975,395027.10017,3386371.51719,1.13274,0.01660,10503426.31694,2000-05-02T01:56:57.732,15049.93263
147.28498,0.85978,-665.46414,395155.24353,3386369.71204,1.13225,0.01655,10480350.02778,2000-05-01T19:32:19.569,15043.58489
147.29501,0.33594,-651.05091,394923.01497,3386378.29646,1.13228,0.01624,10515748.72258,2000-05-02T05:22:20.006,15047.61045
147.30502,1.35592,-687.44409,395371.26637,3386334.42957,1.12958,0.01688,10453679.48595,2000-05-01T12:07:53.301,15044.52590
147.31500,0.84188,-664.61322,395117.20369,3386389.29581,1.13535,0.01553,10579508.61301,2000-05-02T23:05:07.290,15062.57428
147.32500,0.64228,-657.74202,395085.63017,3386362.42815,1.13388,0.01596,10495803.91556,2000-05-01T23:50:01.708,15040.43891
147.33499,0.83406,-657.46843,395181.69597,3386336.68939,1.13496,0.01721,10460422.32737,2000-05-01T14:00:24.175,15039.60669
147.34500,0.94525,-664.89449,395197.67062,3386390.73504,1.12984,0.01626,10571850.12091,2000-05-02T20:57:25.936,15056.94860
147.35501,0.46491,-647.90720,394987.19827,3386381.93851,1.13285,0.01600,10561772.01950,2000-05-02T18:09:18.638,15053.60979
147.36499,1.20487,-674.28294,395322.85927,3386326.58632,1.12820,0.01607,10444154.77473,2000-05-01T09:29:13.702,15040.92799
147.37498,0.70124,-657.90053,395096.23696,3386410.25704,1.12608,0.01641,10569243.71518,2000-05-02T20:13:57.060,15059.48009
147.38501,0.97996,-671.30106,395214.97190,3386371.10159,1.12844,0.01735,10502124.06936,2000-05-02T01:35:16.642,15049.13867
147.39500,0.90242,-670.42209,395215.46921,3386333.14359,1.12662,0.01652,10500044.84496,2000-05-02T01:00:37.283,15045.52554
147.40499,0.80048,-663.22611,395252.45850,3386364.22983,1.12612,0.01550,10462254.72040,2000-05-01T14:30:50.054,15040.59239
147.41500,0.97912,-673.44945,395393.54678,3386327.85727,1.12048,0.01307,10449107.15432,2000-05-01T10:51:41.690,15041.75491
147.42501,0.98002,-671.92122,395338.66480,3386345.65707,1.12357,0.01429,10466464.92008,2000-05-01T15:40:58.538,15039.75696
147.43499,0.73677,-661.55622,395271.43041,3386339.15184,1.13172,0.01358,10529674.28182,2000-05-02T09:14:21.986,15049.84578
147.44502,1.06415,-670.68896,395335.05330,3386360.21974,1.12335,0.01372,10529822.81394,2000-05-02T09:16:59.211,15051.89903
147.45501,0.69661,-661.02890,395226.35878,3386354.82680,1.12592,0.01435,10435879.34452,2000-05-01T07:11:14.186,15037.84046
147.46502,0.71790,-661.45641,395206.69023,3386369.47981,1.12906,0.01366,10562552.08262,2000-05-02T18:22:25.351,15052.44810
147.47501,0.94741,-662.46768,395309.10624,3386355.16243,1.12555,0.01422,10466227.86311,2000-05-01T15:36:53.122,15041.17065
147.48502,0.82200,-663.12013,395281.71113,3386332.53293,1.12288,0.01270,10565012.68232,2000-05-02T19:03:20.177,15054.70200
147.49501,0.71351,-658.24310,395174.82921,3386393.32604,1.12644,0.01246,10520533.01821,2000-05-02T06:42:06.228,15047.36388
147.50499,1.06053,-672.62712,395303.53173,3386377.36260,1.12044,0.01104,10534566.51851,2000-05-02T10:35:51.336,15053.01572
147.51501,0.72921,-658.45691,395143.00638,3386430.25832,1.12330,0.01182,10506898.93197,2000-05-02T02:54:57.282,15044.12257
147.52500,0.95856,-655.93113,395264.42609,3386418.36947,1.12269,0.01298,10553130.85321,2000-05-02T15:45:12.170,15051.57541
147.53501,0.61704,-658.76285,395144.61506,3386377.01896,1.12508,0.01446,10579383.34877,2000-05-02T23:02:55.702,15058.15024
147.54499,0.74647,-672.62329,395179.91226,3386358.97119,1.11746,0.01489,10498707.10406,2000-05-02T00:38:20.962,15045.78532
147.55499,0.72397,-681.98788,395203.69203,3386331.52937,1.12030,0.01831,10619562.07948,2000-05-03T10:12:31.830,15064.83755
147.56498,0.84276,-683.33342,395248.12632,3386329.82696,1.11916,0.01942,10448758.98540,2000-05-01T10:45:51.590,15036.32805
147.57499,0.68251,-682.84656,395164.11010,3386356.95834,1.11823,0.01946,10521790.83648,2000-05-02T07:02:51.610,15054.53126
147.58499,0.75081,-694.63558,395203.34543,3386343.53514,1.12108,0.01983,10445682.88645,2000-05-01T09:54:31.597,15039.48469
147.59500,0.34877,-677.48163,395030.64934,3386341.13247,1.12084,0.01900,10664504.31780,2000-05-03T22:41:29.578,15070.94281
147.60500,0.77290,-691.60063,395176.88710,3386339.32312,1.12260,0.01996,10622141.65398,2000-05-03T10:55:33.812,15063.92824
147.61499,0.36106,-681.55020,395030.31269,3386323.07699,1.12489,0.01935,10559426.58430,2000-05-02T17:30:11.820,15055.05938
147.62500,0.20818,-675.62218,394981.13391,3386316.71351,1.12092,0.02109,10610823.27386,2000-05-03T07:46:42.974,15062.45897
147.63499,0.58935,-692.15133,395125.74646,3386339.56884,1.11799,0.02097,10608711.08519,2000-05-03T07:11:42.243,15062.11836
147.64499,0.62289,-695.26827,395156.69680,3386344.21371,1.12227,0.02059,10389124.08274,2000-04-30T18:11:54.361,15031.03606
147.65499,1.01453,-711.67956,395316.84316,3386305.41430,1.12530,0.01847,10369973.60239,2000-04-30T12:52:49.866,15025.02309
147.66500,0.53074,-691.14080,395058.99364,3386362.35087,1.12642,0.01755,10430139.07485,2000-05-01T05:35:30.376,15038.51076
147.67498,1.06732,-712.23063,395331.72431,3386310.63163,1.12650,0.01776,10412583.08111,2000-05-01T00:42:55.383,15029.96242
147.68500,0.72862,-704.50999,395194.15497,3386337.13224,1.12285,0.01691,10425391.25792,2000-05-01T04:16:24.873,15038.35407
147.69500,0.40244,-681.16610,395022.34163,3386375.10918,1.11987,0.02278,10498028.56133,2000-05-02T00:27:10.282,15045.72352
147.70500,0.79298,-702.51155,395176.05720,3386365.04800,1.12516,0.01994,10465625.29881,2000-05-01T15:27:05.524,15043.59139
147.71500,0.79512,-697.58286,395222.67565,3386325.14551,1.12718,0.01882,10506905.33654,2000-05-02T02:55:04.680,15048.35558
147.72501,0.55375,-688.81413,395093.77452,3386341.26830,1.12534,0.02050,10332437.75430,2000-04-30T02:27:14.257,15020.91644
147.73501,0.85658,-700.18590,395205.57088,3386371.67334,1.12784,0.01918,10454790.46906,2000-05-01T12:26:18.658,15042.18757
147.74500,0.66229,-691.53963,395084.73112,3386396.19157,1.12369,0.01993,10379086.52627,2000-04-30T15:24:45.808,15028.76331
147.75500,0.81825,-701.05369,395213.28615,3386336.18388,1.12257,0.01924,10457071.26768,2000-05-01T13:04:26.865,15042.54351
147.76501,0.77164,-696.35597,395140.25619,3386361.39330,1.12773,0.01974,10372528.72391,2000-04-30T13:35:21.042,15029.71000
147.77502,0.71387,-694.30923,395147.52506,3386363.51194,1.12860,0.02040,10295670.12630,2000-04-29T16:14:17.964,15021.14032
147.78500,0.82450,-698.32609,395189.74996,3386361.44454,1.13064,0.01931,10506819.55708,2000-05-02T02:53:30.398,15047.48363
147.79499,0.44795,-679.12711,395015.48216,3386368.77305,1.13006,0.01889,10455023.62034,2000-05-01T12:30:26.716,15040.43939
147.80499,0.46030,-685.58839,395048.39013,3386361.34590,1.12783,0.01685,10452839.49869,2000-05-01T11:53:50.890,15038.37323
147.81500,0.81454,-707.70020,395191.32598,3386354.38094,1.12603,0.01691,10420161.92680,2000-05-01T02:49:14.992,15034.88203
147.82500,0.75997,-695.37282,395142.17929,3386362.89959,1.12749,0.01760,10439021.21604,2000-05-01T08:03:41.331,15035.76408
147.83501,0.84460,-705.96593,395201.77830,3386365.77632,1.13114,0.01730,10381711.28219,2000-04-30T16:08:19.385,15028.82741
147.84500,1.11242,-720.15418,395325.32180,3386337.77051,1.13115,0.01745,10439331.89536,2000-05-01T08:08:43.783,15039.13315
147.85500,0.20013,-679.75758,394950.84937,3386360.93365,1.13686,0.01596,10452380.12526,2000-05-01T11:46:13.394,15040.71400
147.86499,0.86266,-711.15038,395205.53105,3386342.35102,1.12687,0.01793,10468340.72153,2000-05-01T16:12:20.667,15040.56322
147.87500,0.62174,-702.20754,395094.95679,3386386.29014,1.12306,0.01668,10451898.99327,2000-05-01T11:38:02.678,15044.18126
147.88501,0.62403,-701.37996,395096.16290,3386375.72875,1.12030,0.01446,10501470.28415,2000-05-02T01:24:25.405,15045.93648
147.89500,0.61736,-694.29201,395057.99917,3386401.93352,1.12539,0.01487,10410845.74624,2000-05-01T00:13:54.739,15035.83030
147.90500,1.10630,-703.97145,395301.96657,3386363.25904,1.12514,0.01627,10513687.20904,2000-05-02T04:48:01.397,15048.65973
147.91500,0.52321,-689.23142,395045.33964,3386394.28288,1.12769,0.01570,10415771.94834,2000-05-01T01:36:02.424,15035.45346
147.92499,0.65286,-692.53369,395089.94853,3386400.34239,1.12005,0.01186,10359173.15496,2000-04-30T09:52:44.535,15027.41168
147.93499,0.70117,-695.17200,395130.83431,3386373.74981,1.12576,0.01198,10572288.91993,2000-05-02T21:04:43.341,15055.07879
147.94500,0.63612,-690.55805,395095.33577,3386348.03769,1.12749,0.01143,10392047.52136,2000-04-30T19:00:44.589,15033.63659
147.95499,0.50659,-689.43409,395026.05147,3386401.12510,1.12605,0.01347,10422313.79112,2000-05-01T03:25:05.172,15033.56937
147.96501,0.69506,-698.71497,395158.99872,3386341.35282,1.12892,0.01511,10445285.13880,2000-05-01T09:47:57.217,15037.60740
147.97501,0.56453,-692.89541,395028.58575,3386411.25221,1.12487,0.01484,10463307.39019,2000-05-01T14:48:26.574,15043.10398
147.98500,0.79554,-708.00141,395165.63797,3386357.61671,1.12727,0.01436,10526466.97984,2000-05-02T08:21:11.522,15045.92673
147.99498,1.01637,-716.84034,395267.18709,3386354.71864,1.13043,0.01418,10368291.52477,2000-04-30T12:24:48.551,15028.09614
148.00500,0.64399,-695.85279,395126.19675,3386374.16862,1.12872,0.01446,10444242.83709,2000-05-01T09:30:47.786,15038.84380
148.01500,0.58321,-696.84178,395072.16387,3386381.63099,1.13594,0.01384,10531483.31474,2000-05-02T09:44:37.098,15055.59528
148.02499,0.90464,-707.54732,395218.01659,3386372.84400,1.13419,0.01419,10389702.39463,2000-04-30T18:21:36.060,15028.51859
148.03498,0.87192,-702.65283,395228.98557,3386332.46495,1.12724,0.01414,10455363.89476,2000-05-01T12:35:59.743,15045.20434
148.04501,0.91921,-707.31736,395235.23282,3386369.11196,1.13257,0.01420,10417180.76279,2000-05-01T01:59:35.115,15034.37787
148.05499,1.01694,-706.14036,395286.17854,3386342.21270,1.13107,0.01437,10471757.28575,2000-05-01T17:09:09.073,15045.16370
148.06500,0.48792,-690.36390,395052.46462,3386349.93343,1.12486,0.01742,10456948.88628,2000-05-01T13:02:25.157,15038.64421
148.07498,0.48920,-699.00641,395060.72586,3386380.54562,1.12318,0.01661,10415665.76244,2000-05-01T01:34:21.797,15033.92518
148.08499,0.78239,-705.19375,395169.08984,3386377.09301,1.12397,0.01691,10492768.58518,2000-05-01T22:59:28.780,15046.36375
148.09501,0.86445,-713.92516,395228.31103,3386357.58328,1.12889,0.01598,10427098.28115,2000-05-01T04:44:47.840,15036.64511
148.10498,0.72489,-706.92269,395160.33267,3386336.08165,1.12832,0.01661,10487453.53492,2000-05-01T21:31:01.068,15046.44302
148.11500,0.97452,-721.65010,395270.32674,3386336.78967,1.14183,0.01634,10423048.36750,2000-05-01T03:37:23.297,15036.10958
148.12501,0.75798,-711.80888,395215.81916,3386321.60473,1.13440,0.01666,10405785.56363,2000-04-30T22:49:37.660,15032.38066
148.13501,1.15136,-725.72932,395373.60926,3386297.87634,1.12979,0.01746,10466917.35853,2000-05-01T15:48:33.479,15040.49642
148.14502,0.49545,-698.96328,395057.09715,3386377.81564,1.12915,0.01684,10439986.85875,2000-05-01T08:19:41.752,15035.06491
148.15500,0.82990,-713.31242,395231.28845,3386337.47197,1.12600,0.01693,10470632.47767,2000-05-01T16:50:33.010,15043.47689
148.16500,0.52846,-708.92852,395124.19644,3386341.68333,1.12628,0.01677,10440618.53100,2000-05-01T08:30:06.996,15037.04667
148.17499,0.71687,-713.25013,395129.69531,3386396.46457,1.13034,0.01696,10420948.41427,2000-05-01T03:02:27.349,15035.89834
148.18498,0.65291,-707.71577,395181.26721,3386323.90117,1.12677,0.01685,10470734.55981,2000-05-01T16:52:11.832,15046.41696
148.19501,0.71050,-709.33646,395172.50517,3386362.84439,1.12475,0.01728,10444780.28661,2000-05-01T09:39:39.386,15037.36789
148.20501,0.94068,-722.30900,395285.45675,3386329.14116,1.12526,0.01756,10498237.79335,2000-05-02T00:30:35.941,15047.57434
148.21501,0.85255,-721.49709,395298.84778,3386320.72910,1.12240,0.01806,10515541.57812,2000-05-02T05:19:01.524,15051.76636
148.22500,0.82714,-726.53419,395237.73689,3386358.76011,1.12077,0.01666,10433111.54044,2000-05-01T06:25:03.931,15034.73240
148.23499,0.31184,-708.13508,395029.85259,3386407.68710,1.12555,0.01839,10625065.38786,2000-05-03T11:44:14.726,15061.79125
148.24498,0.66171,-729.60309,395219.31806,3386327.23492,1.11912,0.01882,10568989.54279,2000-05-02T20:09:46.549,15060.21972
148.25499,0.61770,-726.58933,395209.63230,3386359.01719,1.12333,0.01883,10587022.61700,2000-05-03T01:10:11.098,15063.42457
148.26499,0.54690,-722.92719,395174.45298,3386330.04946,1.12878,0.01899,10552204.84986,2000-05-02T15:29:55.217,15053.59140
148.27499,0.65158,-727.89330,395235.64822,3386376.54115,1.12513,0.01899,10755662.80679,2000-05-05T00:00:54.749,15087.45253
148.28501,0.21015,-715.01353,395319.33104,3386370.21681,1.12968,0.01909,10625013.04291,2000-05-03T11:43:09.418,15065.29777
148.29498,0.63099,-739.88962,395073.80892,3386322.98727,1.12517,0.01733,10418529.35993,2000-05-01T02:22:09.662,15030.84833
148.30500,0.70295,-740.45672,395142.65651,3386282.18078,1.11863,0.01876,10514863.27704,2000-05-02T05:07:41.453,15048.66519
148.31500,0.77871,-748.52417,395201.94581,3386335.83933,1.12583,0.01582,10454669.72948,2000-05-01T12:24:24.176,15040.43632
148.32498,0.75040,-748.18104,395202.78940,3386311.88732,1.11831,0.01639,10486146.49395,2000-05-01T21:09:02.550,15045.62116
148.33498,0.49978,-748.28030,395124.03056,3386300.85914,1.12191,0.01525,10460587.34002,2000-05-01T14:03:01.412,15041.25533
148.34499,0.32146,-737.99270,395026.18903,3386342.37973,1.12191,0.01616,10472368.27227,2000-05-01T17:19:26.921,15045.94540
148.35499,0.83077,-766.58197,395269.15410,3386297.24251,1.12744,0.01816,10495943.54148,2000-05-01T23:52:16.503,15044.92395
148.36498,0.56556,-750.58268,395148.93713,3386290.86022,1.12936,0.01579,10510461.38928,2000-05-02T03:54:18.414,15050.37024
148.37500,0.18184,-745.03052,394989.94828,3386309.14797,1.12435,0.01781,10587000.73727,2000-05-03T01:09:59.714,15062.62962
148.38502,0.89906,-770.96551,395310.52589,3386275.61440,1.12385,0.01761,10433146.79550,2000-05-01T06:25:39.070,15039.61838
148.39501,0.66759,-760.88232,395184.72644,3386300.28359,1.12275,0.01734,10396498.01841,2000-04-30T20:14:54.929,15030.20091
148.40499,0.54822,-763.03534,395171.45807,3386285.03462,1.12642,0.01859,10445470.31265,2000-05-01T09:51:11.806,15037.58158
148.41501,0.76463,-769.23339,395244.91828,3386265.30898,1.12020,0.01827,10419708.57572,2000-05-01T02:41:42.028,15035.02051
148.42500,0.45977,-760.29013,395097.97341,3386290.67823,1.12419,0.01587,10508189.77108,2000-05-02T03:16:32.261,15051.13909
148.43500,0.70948,-771.94161,395189.48339,3386299.37414,1.12199,0.01455,10397001.49660,2000-04-30T20:23:23.740,15028.56248
148.44501,0.29065,-755.77551,395038.24291,3386279.07122,1.12603,0.01463,10479929.74925,2000-05-01T19:25:35.449,15042.57583
148.45500,0.66671,-771.76469,395199.18374,3386278.12786,1.12930,0.01491,10540944.38973,2000-05-02T12:22:20.434,15054.52367
148.46499,0.51294,-760.72198,395103.63421,3386301.59780,1.11918,0.01451,10511141.41001,2000-05-02T04:05:40.425,15048.51427
148.47500,0.60497,-771.49703,395145.73167,3386287.52805,1.12857,0.01487,10524757.70006,2000-05-02T07:52:41.915,15049.47171
148.48501,0.34288,-759.25261,395040.50445,3386308.69714,1.12342,0.01460,10472381.67647,2000-05-01T17:19:43.467,15043.20398
148.49501,0.65200,-771.96339,395156.16074,3386278.36196,1.12501,0.01752,10545062.18605,2000-05-02T13:30:56.729,15056.40584
148.50500,0.18170,-751.49419,394968.94669,3386288.27202,1.12812,0.01734,10399417.70115,2000-04-30T21:03:38.253,15031.58372
148.51501,0.73773,-773.33080,395164.92608,3386337.47682,1.12895,0.01766,10554063.60294,2000-05-02T16:01:02.280,15053.90431
148.52499,0.50834,-759.33173,395098.99321,3386281.73639,1.12677,0.01814,10519864.33316,2000-05-02T06:31:01.302,15048.76720
148.53500,0.54608,-766.33536,395136.95934,3386264.14465,1.12290,0.01768,10546941.35288,2000-05-02T14:02:20.883,15052.27778
148.54501,0.56539,-763.26419,395126.87685,3386285.06122,1.12435,0.01481,10535634.87627,2000-05-02T10:53:54.892,15051.50012
148.55500,0.43609,-764.52484,395097.94672,3386295.74457,1.13325,0.01541,10549599.41623,2000-05-02T14:46:46.192,15053.17382
148.56499,0.55342,-773.51397,395137.33727,3386293.30867,1.12688,0.01509,10586550.33838,2000-05-03T01:02:22.531,15058.95587
148.57499,0.73508,-779.90034,395208.12412,3386272.57876,1.12438,0.01612,10548830.01199,2000-05-02T14:33:49.177,15056.34156
148.58499,0.61316,-773.69034,395160.50989,3386272.07717,1.12326,0.01561,10468218.23910,2000-05-01T16:10:16.165,15041.99532
148.59499,0.53859,-776.95887,395154.46557,3386245.92627,1.13016,0.01730,10619946.38706,2000-05-03T10:19:02.083,15059.86790
148.60499,0.55393,-784.02378,395183.59221,3386253.25156,1.12991,0.01544,10490909.42281,2000-05-01T22:28:18.294,15045.99485
148.61498,0.48335,-781.46446,395098.74197,3386291.51895,1.12528,0.01617,10690753.35121,2000-05-04T05:59:15.983,15076.99799
148.62499,0.89811,-803.66931,395302.97208,3386230.56397,1.12291,0.01853,10482470.81684,2000-05-01T20:07:53.424,15038.57151
148.63502,0.65172,-798.39300,395221.36470,3386237.53683,1.12255,0.01727,10529504.29157,2000-05-02T09:11:49.271,15050.39061
148.64501,0.39768,-789.24365,395076.96459,3386256.41844,1.11835,0.01869,10583380.46882,2000-05-03T00:09:38.043,15058.39649
148.65499,0.77156,-806.49025,395269.04292,3386244.88807,1.12715,0.01796,10549265.75584,2000-05-02T14:40:59.035,15054.91934
148.66500,0.31094,-792.11861,395042.45306,3386269.80872,1.12009,0.01795,10559502.15676,2000-05-02T17:31:44.042,15054.90209
148.67502,0.86681,-808.17460,395302.85486,3386225.71327,1.12873,0.01815,10476816.98569,2000-05-01T18:33:35.665,15041.08995
148.68501,0.69263,-805.05463,395258.49273,3386215.66590,1.12527,0.01807,10600392.50589,2000-05-03T04:53:10.758,15062.71646
148.69500,0.48049,-804.88045,395128.25397,3386238.86305,1.12734,0.01797,10465419.55116,2000-05-01T15:23:34.604,15041.48451
148.70501,0.17334,-785.15227,394981.26708,3386264.38829,1.12948,0.01610,10492728.23778,2000-05-01T22:58:54.322,15045.64606
148.71500,0.45921,-802.88293,395088.18193,3386285.35817,1.13263,0.01715,10490137.71399,2000-05-01T22:15:39.846,15041.11771
148.72501,0.73617,-807.69200,395222.80897,3386246.78326,1.13222,0.01571,10401994.49072,2000-04-30T21:46:36.776,15035.44927
148.73499,0.57727,-800.02816,395126.02760,3386267.06083,1.12969,0.01342,10613988.50181,2000-05-03T08:39:43.740,15065.09215
148.74500,0.12257,-788.57758,394961.31100,3386290.58602,1.13239,0.01252,10545439.74340,2000-05-02T13:37:17.540,15049.31904
148.75499,0.38690,-789.50210,395069.45653,3386256.51801,1.12980,0.01290,10660002.79364,2000-05-03T21:26:46.732,15070.79735
148.76499,0.51619,-806.11383,395131.92553,3386256.97903,1.13503,0.01352,10489241.69231,2000-05-01T22:00:42.742,15045.10529
148.77498,0.51139,-794.18776,395091.64126,3386267.88665,1.13238,0.01361,10521250.75024,2000-05-02T06:54:09.081,15044.80101
148.78500,0.54258,-805.53608,395149.76708,3386249.34086,1.13135,0.01331,10634361.47554,2000-05-03T14:19:15.780,15066.75216
148.79500,0.41984,-807.37949,395107.52652,3386232.84073,1.12866,0.01342,10534169.07722,2000-05-02T10:29:28.370,15053.71662
148.80500,0.68775,-820.75965,395177.79154,3386274.95805,1.13493,0.01348,10507313.85664,2000-05-02T03:01:51.597,15048.53145
148.81501,0.39661,-807.92499,395080.53429,3386277.23588,1.13662,0.01366,10631646.36067,2000-05-03T13:33:56.922,15067.00939
148.82499,0.34335,-810.59359,395098.68596,3386231.90227,1.12585,0.01318,10577339.08467,2000-05-02T22:28:54.663,15059.21018
148.83500,0.31805,-804.82232,395052.11966,3386251.26102,1.12641,0.01292,10498437.89667,2000-05-02T00:33:53.984,15042.84129
148.84499,0.53295,-822.67278,395138.18744,3386242.93039,1.12853,0.01306,10606656.81309,2000-05-03T06:37:31.361,15062.44465
148.85499,0.52934,-821.74112,395133.29157,3386264.31224,1.12224,0.01388,10668268.07205,2000-05-03T23:44:17.256,15077.32820
148.86499,0.40116,-820.80073,395099.95208,3386243.19676,1.12507,0.01384,10607487.67407,2000-05-03T06:51:18.506,15062.48394
148.87501,0.10225,-811.28991,394997.15304,3386217.24995,1.12929,0.01292,10665296.84368,2000-05-03T22:54:52.390,15065.85588
148.88501,0.81335,-845.72552,395304.46217,3386237.98473,1.13206,0.01278,10608728.91555,2000-05-03T07:11:56.084,15065.13429
148.89499,0.43500,-828.02841,395137.34372,3386245.08161,1.13311,0.01282,10560409.03607,2000-05-02T17:46:37.157,15052.88501
148.90500,0.73109,-842.58387,395244.52155,3386242.40242,1.13385,0.01317,10665513.71554,2000-05-03T22:58:34.934,15070.84786
148.91501,-0.07354,-805.77103,394868.87145,3386273.53525,1.13345,0.01277,10613501.02077,2000-05-03T08:31:34.863,15064.89341
148.92499,0.34165,-826.39033,395079.47796,3386257.99590,1.13158,0.01319,10688247.87715,2000-05-04T05:17:29.917,15076.43686
148.93500,0.34091,-826.45133,395078.84782,3386232.14244,1.13207,0.01386,10574902.05399,2000-05-02T21:48:13.171,15055.75332
148.94502,0.45411,-828.85070,395106.43755,3386252.39027,1.12057,0.01409,10583104.08398,2000-05-03T00:05:06.715,15054.61530
148.95498,0.38953,-823.03991,395069.01410,3386231.54941,1.12769,0.01373,10646204.33510,2000-05-03T17:36:38.091,15068.54389
148.96500,0.01270,-817.90965,394923.95287,3386247.10668,1.12485,0.01345,10592025.29068,2000-05-03T02:33:36.500,15059.50951
148.97503,0.02956,-815.73911,394919.93281,3386273.24040,1.12791,0.01392,10582427.34750,2000-05-02T23:53:36.978,15059.39982
148.98500,0.36566,-832.77070,395089.33870,3386209.40506,1.12211,0.01442,10650728.53072,2000-05-03T18:51:57.827,15069.39894
148.99497,0.66903,-782.50323,395194.72190,3386372.75974,1.13577,0.01342,10330257.54257,2000-04-30T01:50:31.153,15023.14042
149.00498,0.49957,-807.29127,395122.05543,3386317.84067,1.13413,0.01236,10422148.26363,2000-05-01T03:22:10.927,15037.58292
149.01498,0.28661,-816.79814,395098.34110,3386234.13896,1.12877,0.01307,10535283.88865,2000-05-02T10:47:49.973,15050.66356
149.02498,0.38861,-825.49708,395068.36290,3386278.27254,1.12772,0.01244,10647209.39174,2000-05-03T17:53:30.335,15065.83670
149.03499,0.47565,-832.99452,395134.78382,3386223.38568,1.13233,0.01305,10606362.20220,2000-05-03T06:32:32.355,15063.35802
149.04501,0.20235,-816.07982,395000.33155,3386260.57086,1.13105,0.01294,10550415.30434,2000-05-02T15:00:16.340,15052.91167
149.05499,0.43562,-838.41174,395097.46260,3386276.53376,1.13402,0.01242,10638012.99534,2000-05-03T15:19:59.585,15066.16919
149.06501,0.35673,-820.06896,395072.12676,3386261.52673,1.13595,0.01253,10704748.34933,2000-05-04T09:52:20.813,15073.66346
149.07500,0.30315,-819.25788,394999.14510,3386289.71633,1.12543,0.01331,10679182.63895,2000-05-04T02:46:18.174,15074.58544
149.08498,0.69430,-833.65763,395186.41118,3386274.73063,1.12833,0.01240,10559545.81794,2000-05-02T17:32:18.862,15054.21868
149.09499,0.31278,-818.13396,395067.09434,3386241.84304,1.12803,0.01342,10678840.06666,2000-05-04T02:40:34.701,15072.55629
149.10500,0.66422,-826.91167,395173.58796,3386253.43134,1.12231,0.01276,10697901.13872,2000-05-04T07:58:18.367,15075.78924
149.11500,0.23890,-808.64374,395013.02253,3386263.91737,1.13123,0.01300,10717567.36990,2000-05-04T13:25:52.306,15079.16356
149.12500,0.43633,-812.85355,395069.48322,3386276.83992,1.13342,0.01460,10653827.20732,2000-05-03T19:43:44.337,15068.20366
149.13500,0.07090,-794.81111,394947.28205,3386272.61835,1.13793,0.01693,10720270.94935,2000-05-04T14:11:02.919,15079.09138
149.14501,0.13673,-791.68041,394993.91001,3386261.41419,1.13948,0.01511,10765584.58555,2000-05-05T02:46:12.068,15085.31674
149.15501,0.61327,-816.69673,395149.43450,3386279.52176,1.13980,0.01518,10545267.66685,2000-05-02T13:34:16.175,15055.70299
149.16502,0.61033,-810.51269,395128.30701,3386288.53932,1.13498,0.01480,10599443.52014,2000-05-03T04:37:16.963,15056.94987
149.17500,0.50432,-805.23067,395114.18007,3386274.38883,1.13708,0.01480,10738890.29722,2000-05-04T19:21:20.632,15083.71772
149.18499,0.31664,-781.00803,394997.77404,3386293.33230,1.13606,0.01594,10647632.69475,2000-05-03T18:00:32.955,15064.66705
149.19502,0.33510,-782.93153,395051.85729,3386300.62445,1.14225,0.01773,10672100.34984,2000-05-04T00:48:08.705,15074.67741
149.20500,0.27889,-779.35904,394974.51349,3386312.82415,1.14111,0.01990,10715463.84666,2000-05-04T12:50:51.318,15077.98262
149.21501,0.63054,-790.72676,395158.99511,3386264.85235,1.13926,0.01803,10601685.62410,2000-05-03T05:14:36.259,15062.48770
149.22502,0.54914,-791.15596,395131.23640,3386288.65509,1.13863,0.01908,10604703.03519,2000-05-03T06:04:55.503,15061.00102
149.23502,0.54899,-788.46472,395114.71701,3386303.12007,1.13248,0.01897,10657705.41784,2000-05-03T20:48:16.009,15066.14031
149.24501,0.35094,-788.43149,395038.87606,3386273.13754,1.12564,0.01672,10630474.76605,2000-05-03T13:14:25.467,15067.21322
149.25502,0.32525,-784.69310,395010.01433,3386311.94542,1.13470,0.01803,10683049.40215,2000-05-04T03:50:32.462,15075.41354
149.26499,0.45502,-782.41440,395154.06587,3386268.36742,1.13249,0.01744,10656598.50339,2000-05-03T20:29:51.222,15067.91511
149.27501,0.07644,-767.80457,394923.06061,3386314.00613,1.13806,0.01750,10697817.96572,2000-05-04T07:56:41.259,15078.47466
149.28501,0.87614,-801.76083,395261.94432,3386301.55285,1.13375,0.01817,10581863.92912,2000-05-02T23:44:15.770,15054.98544
149.29499,0.65910,-795.24790,395313.69012,3386240.22347,1.13688,0.01814,10625322.98880,2000-05-03T11:48:30.538,15062.10203
149.30498,0.45807,-786.32241,395219.20401,3386286.75102,1.13672,0.01844,10527130.28814,2000-05-02T08:32:08.477,15050.50248
149.31499,0.65575,-798.52981,395281.18805,3386317.34949,1.13241,0.01906,10589923.72905,2000-05-03T01:58:26.586,15059.47689
149.32498,0.57939,-796.96359,395257.38862,3386300.82209,1.13623,0.01857,10604014.21318,2000-05-03T05:53:21.949,15063.23833
149.33498,0.36798,-779.60555,395185.00212,3386285.93100,1.13994,0.01907,10699094.47102,2000-05-04T08:18:03.530,15073.41726
149.34500,0.32901,-782.33962,395109.81425,3386304.22141,1.13773,0.01857,10634555.66880,2000-05-03T14:22:26.313,15066.63131
149.35500,0.78648,-799.47630,395299.28159,3386261.95842,1.13380,0.01655,10514379.81642,2000-05-02T04:59:32.631,15045.73420
149.36498,0.42766,-791.51166,395124.88288,3386294.45180,1.12996,0.01745,10618705.22972,2000-05-03T09:58:12.955,15063.20661
149.37501,0.52945,-792.30344,395175.20527,3386249.05129,1.13402,0.01782,10575193.44987,2000-05-02T21:53:06.101,15055.62098
149.38500,0.40112,-787.33595,395121.84747,3386265.07213,1.13709,0.01698,10621837.16088,2000-05-03T10:50:34.099,15065.40887
149.39499,0.42070,-790.63960,395068.48285,3386294.02981,1.13484,0.01634,10515021.40932,2000-05-02T05:10:18.804,15051.13760
149.40501,0.30346,-785.57146,395019.01638,3386293.32924,1.14164,0.01687,10562129.16799,2000-05-02T18:15:18.674,15054.24489
149.41501,0.55853,-796.66348,395093.79717,3386323.51423,1.14218,0.01660,10581397.28898,2000-05-02T23:36:31.475,15056.12450
149.42499,0.32776,-792.41962,395042.09944,3386271.83984,1.14117,0.01710,10552771.00998,2000-05-02T15:39:22.333,15055.13133
149.43500,0.01352,-782.02242,394923.96548,3386282.59945,1.13837,0.01649,10526100.94091,2000-05-02T08:14:57.982,15054.22273
149.44501,0.47180,-799.52927,395109.29604,3386263.44369,1.14094,0.01546,10619753.37873,2000-05-03T10:15:41.312,15058.36826
149.45500,0.87582,-822.36258,395260.55278,3386251.70545,1.14050,0.01515,10588569.77208,2000-05-03T01:36:06.042,15058.51058
149.46500,0.16839,-805.04251,394997.10552,3386260.76934,1.13934,0.01481,10694686.40758,2000-05-04T07:04:39.644,15075.93313
149.47499,0.55122,-818.59835,395169.55742,3386209.56693,1.13893,0.01575,10577989.14591,2000-05-02T22:39:39.432,15055.38577
149.48499,0.66879,-831.06251,395208.18282,3386236.09361,1.13558,0.01450,10544352.01301,2000-05-02T13:19:02.995,15053.52637
149.49500,0.23571,-816.13888,395024.10077,3386271.58323,1.14273,0.01383,10564625.18527,2000-05-02T18:57:00.979,15056.07801
149.50500,0.31041,-828.15987,395066.87959,3386246.65635,1.13851,0.01374,10613087.57626,2000-05-03T08:24:40.073,15064.28678
149.51500,0.56821,-836.56265,395210.80940,3386186.79573,1.14053,0.01407,10480882.08363,2000-05-01T19:41:09.754,15044.66788
149.52500,0.66842,-845.05944,395199.49581,3386253.54700,1.13767,0.01421,10538373.55534,2000-05-02T11:39:27.270,15054.88524
149.53501,0.31958,-827.23688,395102.52957,3386197.15045,1.13262,0.01407,10605839.23790,2000-05-03T06:23:50.807,15058.84936
149.54501,0.26376,-833.29992,395079.40032,3386218.85748,1.12975,0.01495,10418756.02556,2000-05-01T02:25:52.513,15031.22629
149.55500,0.62676,-847.23720,395220.64629,3386217.59400,1.13327,0.01504,10553107.65643,2000-05-02T15:44:56.107,15050.90746
149.56501,0.43081,-831.75559,395146.72638,3386239.59437,1.13731,0.01758,10522033.10337,2000-05-02T07:07:01.778,15048.75149
149.57501,0.51781,-835.38575,395182.10488,3386199.62427,1.13851,0.01609,10609079.03807,2000-05-03T07:17:46.294,15062.04197
149.58499,0.33282,-825.30731,395061.47548,3386258.95580,1.14543,0.01685,10468258.03196,2000-05-01T16:10:50.044,15043.35617
149.59499,0.36463,-823.04881,395066.51534,3386253.94435,1.15353,0.01615,10577775.49472,2000-05-02T22:36:08.230,15057.10423
149.60500,0.46929,-827.13364,395189.27493,3386202.02357,1.14233,0.01579,10511875.96402,2000-05-02T04:17:47.969,15050.13360
149.61500,0.42143,-823.90978,395071.26876,3386283.02205,1.14008,0.01608,10585716.12680,2000-05-03T00:48:29.612,15058.94520
149.62500,0.49075,-827.60217,395179.93663,3386213.87340,1.14001,0.01611,10587941.90378,2000-05-03T01:25:36.301,15061.59048
149.63502,0.51094,-827.87434,395172.85372,3386222.93574,1.13822,0.01632,10580813.06450,2000-05-02T23:26:46.904,15060.10559
149.64502,0.27526,-818.89307,395058.40985,3386260.73935,1.14001,0.01603,10544888.58566,2000-05-02T13:27:57.787,15051.45137
149.65500,0.42113,-824.29190,395115.80539,3386266.74680,1.14097,0.01665,10681305.04684,2000-05-04T03:21:45.575,15070.32531
149.66500,0.64924,-834.91782,395201.07792,3386236.50420,1.13698,0.01609,10549740.53555,2000-05-02T14:48:51.118,15047.51280
149.67499,0.35130,-827.81045,395165.49292,3386181.43082,1.14038,0.01595,10618509.85603,2000-05-03T09:54:56.424,15065.33566
149.68500,0.56630,-834.73570,395151.37324,3386281.37256,1.14476,0.01628,10469963.92449,2000-05-01T16:39:14.075,15043.94556
149.69500,0.27200,-822.85380,395087.97767,3386212.18633,1.14265,0.01610,10711687.99199,2000-05-04T11:48:04.292,15074.35995
149.70497,0.57597,-840.80478,395183.38031,3386249.62820,1.14370,0.01561,10632584.28644,2000-05-03T13:49:41.888,15066.15640
149.71499,0.70437,-842.69105,395268.15485,3386209.82000,1.14439,0.01630,10608924.53264,2000-05-03T07:15:18.751,15065.16860
149.72501,0.63763,-843.86171,395219.62833,3386241.47222,1.14545,0.01619,10594015.38403,2000-05-03T03:06:47.744,15057.68635
149.73501,0.12048,-821.01940,395035.75457,3386221.87915,1.14685,0.01582,10647277.81951,2000-05-03T17:54:27.844,15066.15380
149.74500,0.37860,-828.40693,395126.39105,3386245.62922,1.14730,0.01641,10594701.40106,2000-05-03T03:18:12.890,15057.41593
149.75500,0.76025,-850.50790,395295.04077,3386205.52357,1.14305,0.01687,10742645.82215,2000-05-04T20:23:50.260,15083.47338
149.76501,0.68426,-841.11847,395257.61845,3386202.14705,1.13931,0.01547,10561471.17242,2000-05-02T18:04:20.147,15051.95174
149.77501,0.35501,-832.98722,395094.33759,3386270.19905,1.13762,0.01685,10637606.55156,2000-05-03T15:13:14.976,15070.56329
149.78499,0.82800,-849.93819,395307.95103,3386215.51456,1.14316,0.01611,10609333.50825,2000-05-03T07:22:03.016,15061.79479
149.79500,0.54321,-829.67672,395185.28214,3386240.27259,1.14423,0.01759,10565847.98879,2000-05-02T19:17:09.991,15055.90459
149.80500,0.33064,-816.88230,395072.08933,3386262.88885,1.14027,0.01874,10604377.29229,2000-05-03T05:59:27.634,15063.13793
149.81500,0.60970,-830.19653,395236.29053,3386245.54021,1.14290,0.01776,10736669.73931,2000-05-04T18:44:19.907,15084.17728
149.82501,0.03649,-804.44610,394956.42913,3386274.69988,1.13796,0.01896,10604889.73446,2000-05-03T06:07:56.113,15061.70878
149.83500,0.57095,-836.32274,395175.22653,3386246.01046,1.14802,0.01855,10592883.03432,2000-05-03T02:47:53.231,15055.77491
149.84500,0.46702,-834.05467,395147.56043,3386251.22162,1.14798,0.01824,10710495.88253,2000-05-04T11:28:00.774,15076.79115
149.85500,0.36742,-830.88630,395096.74926,3386258.49293,1.14965,0.01779,10549139.00184,2000-05-02T14:38:49.051,15050.45664
149.86499,0.43347,-838.21312,395121.36827,3386254.30309,1.15145,0.01552,10610363.26961,2000-05-03T07:39:08.330,15064.01715
149.87500,0.55842,-855.27871,395185.83138,3386231.03479,1.14932,0.01563,10654264.68854,2000-05-03T19:50:52.181,15069.66112
149.88500,0.24114,-837.48205,395109.24353,3386200.26562,1.14624,0.01499,10540701.79989,2000-05-02T12:18:08.153,15051.33524
149.89500,0.52096,-854.09002,395145.87985,3386267.04462,1.15108,0.01265,10635996.17596,2000-05-03T14:46:19.971,15061.57024
149.90499,0.30748,-849.28041,395095.34154,3386220.17998,1.15428,0.01412,10602794.41668,2000-05-03T05:33:01.076,15064.93920
149.91502,0.66290,-866.37037,395233.06352,3386263.17293,1.15140,0.01284,10673826.82383,2000-05-04T01:16:53.917,15072.35553
149.92499,0.35589,-853.57519,395115.16559,3386252.45559,1.14363,0.01338,10543656.21227,2000-05-02T13:07:21.335,15050.94487
149.93500,0.39386,-851.88032,395152.27169,3386193.88032,1.14494,0.01395,10714668.67821,2000-05-04T12:37:32.645,15079.12914
149.94502,0.31939,-856.41125,395086.94667,3386240.73944,1.14361,0.01373,10602126.13963,2000-05-03T05:21:49.860,15061.28920
149.95500,0.72816,-873.93953,395289.87099,3386163.47846,1.13913,0.01352,10720763.51370,2000-05-04T14:19:10.008,15080.80332
149.96500,0.34548,-857.90834,395058.84696,3386231.25081,1.13739,0.01365,10650011.09456,2000-05-03T18:39:55.178,15075.20797
149.97499,0.27076,-857.99837,395042.00615,3386251.89539,1.14057,0.01322,10627398.22283,2000-05-03T12:22:53.657,15073.68029
149.98501,0.74174,-877.01917,395265.06035,3386191.59312,1.14505,0.01407,10526415.11873,2000-05-02T08:19:57.388,15060.22151
149.99500,0.22767,-854.16876,395058.73122,3386196.79010,1.14476,0.01366,10618781.13285,2000-05-03T09:59:24.330,15067.09449
150.00501,0.17180,-851.05340,394986.91651,3386263.61646,1.15118,0.01234,10686980.15273,2000-05-04T04:56:04.877,15078.44119
150.01500,0.49730,-860.61688,395114.91877,3386226.66389,1.15279,0.01355,10657363.65023,2000-05-03T20:42:23.985,15076.10353
150.02501,0.28956,-856.12030,395038.49680,3386242.20332,1.15099,0.01368,10578609.63299,2000-05-02T22:49:57.651,15064.41134
150.03500,0.68110,-870.84170,395279.09218,3386159.29611,1.15613,0.01347,10607991.65085,2000-05-03T06:59:44.599,15065.11133
150.04500,0.53728,-854.39335,395127.69106,3386219.66446,1.14845,0.01442,10593718.56195,2000-05-03T03:01:45.564,15064.80282
150.05500,0.31629,-848.85056,395039.75608,3386238.92549,1.15177,0.01338,10613910.28960,2000-05-03T08:38:20.834,15069.41577
150.06499,0.33547,-852.59392,395074.92412,3386256.01789,1.15131,0.01303,10737255.85890,2000-05-04T18:54:06.095,15087.30491
150.07498,0.45615,-857.57472,395098.18750,3386231.95850,1.15343,0.01391,10589909.93219,2000-05-03T01:58:15.028,15064.06160
150.08501,0.39345,-857.05676,395147.10511,3386182.49557,1.15393,0.01325,10624926.53544,2000-05-03T11:41:58.672,15071.41887
150.09501,0.22405,-847.86302,395002.38359,3386234.03901,1.15675,0.01367,10676630.61891,2000-05-04T02:03:38.175,15078.34451
150.10499,0.55004,-851.76160,395189.06216,3386218.91330,1.16177,0.01567,10553396.32633,2000-05-02T15:49:44.193,15060.48657
150.11497,0.50697,-853.30837,395157.98943,3386199.63482,1.15738,0.01640,10622861.34331,2000-05-03T11:07:42.824,15069.94630
150.12499,0.47236,-845.46035,395131.79126,3386234.29748,1.15324,0.01727,10730075.11527,2000-05-04T16:54:21.993,15084.95913
150.13499,0.31432,-834.00347,395089.68829,3386218.22751,1.15664,0.02034,10628658.82226,2000-05-03T12:44:09.206,15066.38599
150.14498,0.72775,-847.04491,395236.02395,3386228.42266,1.15705,0.01767,10776232.85792,2000-05-05T05:43:45.775,15093.82353
150.15500,0.25459,-828.84363,395034.12278,3386243.71274,1.15650,0.01856,10613945.07780,2000-05-03T08:38:59.650,15068.16894
150.16500,0.23625,-831.87196,395034.34979,3386230.00125,1.15279,0.01770,10709814.56972,2000-05-04T11:16:43.245,15082.34166
150.17500,0.22852,-831.37441,395034.54311,3386232.90692,1.15319,0.01711,10629665.41714,2000-05-03T13:01:06.654,15070.65922
150.18500,0.44469,-829.94902,395115.22930,3386223.42646,1.15644,0.01690,10637372.32428,2000-05-03T15:09:29.542,15075.21246
150.19500,0.41973,-833.99664,395088.80192,3386254.85899,1.14436,0.01791,10607837.78059,2000-05-03T06:57:13.509,15067.98324
150.20500,0.38767,-829.41317,395072.26528,3386233.60570,1.15123,0.01781,10577749.16184,2000-05-02T22:35:45.420,15059.22030
150.21501,0.29861,-830.83634,395063.52377,3386229.74043,1.14877,0.01727,10646357.31886,2000-05-03T17:39:09.259,15074.42292
150.22501,0.24423,-832.23363,395060.37396,3386219.81546,1.15374,0.01939,10701430.74722,2000-05-04T08:57:06.455,15083.39246
150.23500,0.48344,-843.23824,395109.38540,3386238.37805,1.14966,0.02286,10678802.40692,2000-05-04T02:39:53.167,15073.46051
150.24502,0.42723,-840.68696,395093.43189,3386247.60919,1.14722,0.02216,10739869.18896,2000-05-04T19:37:38.128,15085.51928
150.25501,0.17992,-818.12951,394998.50496,3386251.96113,1.14308,0.01873,10624732.16773,2000-05-03T11:38:47.400,15069.78424
150.26500,0.45634,-822.83165,395114.54387,3386243.14348,1.14039,0.01704,10676706.94995,2000-05-04T02:05:04.962,15077.57829
150.27500,0.10885,-806.36843,394950.45598,3386249.37847,1.14043,0.01780,10671899.03942,2000-05-04T00:44:45.199,15077.58418
150.28499,0.82025,-827.45981,395278.96569,3386229.32709,1.14107,0.01607,10620014.38226,2000-05-03T10:20:04.586,15072.70096
150.29501,0.31901,-802.62272,395030.71533,3386261.55686,1.14184,0.01693,10575192.00215,2000-05-02T21:53:04.456,15063.72017
150.30500,0.46593,-805.56516,395105.78486,3386246.13326,1.13675,0.01514,10600446.86496,2000-05-03T04:53:57.694,15065.74440
150.31500,0.57495,-820.43890,395081.17793,3386306.58392,1.13712,0.01478,10621286.52344,2000-05-03T10:41:13.880,15068.84569
150.32499,0.50964,-816.12147,395103.33610,3386279.60987,1.14265,0.01424,10628849.88321,2000-05-03T12:47:24.466,15071.76331
150.33499,0.53757,-819.42852,395182.05606,3386182.69003,1.13608,0.01527,10689005.85599,2000-05-04T05:29:53.371,15075.80010
150.34500,0.59110,-822.39232,395110.37859,3386299.18796,1.14116,0.01467,10631693.39056,2000-05-03T13:34:55.064,15069.23969
150.35498,0.42681,-816.86390,395092.90721,3386234.73958,1.14005,0.01460,10540134.06095,2000-05-02T12:08:46.545,15059.20464
150.36499,0.49708,-822.12381,395129.13559,3386247.23978,1.13624,0.01461,10722175.13483,2000-05-04T14:42:48.742,15088.43001
150.37499,0.75139,-839.15105,395250.72839,3386209.94644,1.13880,0.01389,10608742.03476,2000-05-03T07:12:14.646,15069.34039
150.38501,0.52010,-826.70389,395118.35990,3386260.52261,1.13886,0.01427,10619309.63362,2000-05-03T10:08:18.970,15071.76658
150.39500,0.61795,-834.39117,395192.20837,3386231.36570,1.13823,0.01488,10658667.29447,2000-05-03T21:04:25.225,15073.73492
150.40500,0.38699,-821.81763,395078.99687,3386243.18281,1.13561,0.01634,10742048.99918,2000-05-04T20:14:08.265,15088.80154
150.41501,0.62773,-822.88760,395160.81143,3386236.91694,1.13664,0.01448,10614205.38324,2000-05-03T08:43:11.947,15065.32891
150.42500,0.65434,-826.81848,395218.10738,3386215.51494,1.14166,0.01441,10582321.96691,2000-05-02T23:51:55.189,15066.75888
150.43500,0.28708,-819.32741,395026.26621,3386237.81221,1.14063,0.01408,10530817.78141,2000-05-02T09:33:23.350,15054.74762
150.44501,0.33096,-825.81354,395054.21870,3386239.99737,1.13350,0.01459,10614511.50430,2000-05-03T08:48:16.158,15068.31929
150.45499,0.39850,-829.91358,395082.55373,3386238.12389,1.14167,0.01478,10538106.93825,2000-05-02T11:35:00.072,15056.58259
150.46500,0.54284,-830.38661,395171.35346,3386204.56510,1.14206,0.01416,10688175.44298,2000-05-04T05:16:11.226,15080.80143
150.47502,0.64601,-836.75507,395184.38475,3386225.24598,1.13198,0.01440,10639526.93857,2000-05-03T15:45:10.627,15074.90857
150.48503,0.52993,-839.85039,395170.38789,3386216.28747,1.13810,0.01536,10602904.05133,2000-05-03T05:34:58.696,15066.88418
150.49500,0.34876,-835.67203,395097.50795,3386211.90144,1.13451,0.01537,10568316.54365,2000-05-02T19:58:32.023,15060.42651
150.50500,0.42995,-852.91358,395138.79817,3386203.24309,1.13271,0.01495,10666586.65206,2000-05-03T23:16:12.837,15078.66366
150.51499,0.50666,-856.38305,395148.70630,3386205.91695,1.13600,0.01453,10606253.48049,2000-05-03T06:30:33.031,15070.62654
150.52499,0.78153,-864.91255,395326.40918,3386146.60405,1.13448,0.01458,10616847.14131,2000-05-03T09:27:21.142,15065.68459
150.53498,0.59210,-854.08223,395212.47200,3386198.87272,1.13019,0.01455,10673867.68768,2000-05-04T01:17:40.268,15077.11024
150.54500,0.40372,-849.44813,395103.22972,3386225.04517,1.13013,0.01358,10636323.85845,2000-05-03T14:51:55.589,15069.42763
150.55499,0.32401,-845.69027,395070.93496,3386249.36620,1.13302,0.01283,10729696.85184,2000-05-04T16:48:06.454,15087.32466
150.56500,0.73279,-857.74291,395231.22671,3386195.43576,1.12788,0.01591,10628461.77187,2000-05-03T12:40:50.557,15071.60931
150.57498,0.27846,-847.69889,395075.01055,3386219.88280,1.13461,0.01562,10666544.44002,2000-05-03T23:15:32.608,15078.59654
150.58501,0.44102,-856.40474,395159.56303,3386168.99245,1.13057,0.01542,10608202.55443,2000-05-03T07:03:12.677,15070.76732
150.59501,0.76752,-865.18099,395240.42847,3386210.74199,1.12608,0.01700,10556916.39686,2000-05-02T16:48:19.292,15062.32044
150.60499,0.28518,-844.12185,395062.37494,3386236.20166,1.13151,0.01515,10602476.02959,2000-05-03T05:27:43.294,15063.46206
150.61500,0.85491,-867.09575,395327.32236,3386180.67966,1.13340,0.01339,10567678.84249,2000-05-02T19:47:46.654,15065.54996
150.62501,0.52344,-857.86144,395156.10053,3386217.87923,1.12420,0.01312,10602416.26170,2000-05-03T05:26:43.051,15062.79097
150.63502,0.53767,-850.59550,395148.25243,3386232.76168,1.12817,0.01245,10591525.03624,2000-05-03T02:25:02.425,15065.38885
150.64499,0.67847,-855.55997,395239.92592,3386213.89119,1.12960,0.01293,10606310.76425,2000-05-03T06:31:38.396,15070.49741
150.65498,0.56701,-850.14505,395234.45984,3386177.24726,1.12879,0.01371,10672832.44691,2000-05-04T01:00:17.625,15075.80618
150.66499,0.52302,-846.60537,395168.59219,3386199.57560,1.12366,0.01274,10622541.68830,2000-05-03T11:02:06.678,15071.37331
150.67498,0.57944,-844.69616,395227.72801,3386168.65427,1.12885,0.01481,10692063.41867,2000-05-04T06:20:40.822,15084.39465
150.68499,0.47218,-841.84905,395175.53675,3386188.96280,1.12248,0.01517,10700904.74022,2000-05-04T08:48:09.333,15082.16547
150.69500,0.50919,-850.09154,395195.85811,3386193.29174,1.12612,0.01341,10624342.27406,2000-05-03T11:32:04.135,15073.04745
150.70500,0.82290,-859.16373,395308.00563,3386187.11697,1.12229,0.01629,10708655.99592,2000-05-04T10:57:27.580,15080.01774
150.71499,0.50756,-842.72819,395178.73692,3386201.12734,1.12843,0.01734,10491243.37573,2000-05-01T22:33:44.755,15047.93012
150.72498,0.44534,-837.10025,395125.43405,3386238.99949,1.13031,0.01780,10618850.68384,2000-05-03T10:00:27.991,15067.15447
150.73498,0.45039,-829.80876,395156.35192,3386186.64839,1.12643,0.01964,10584984.04134,2000-05-03T00:36:07.715,15067.58202
150.74498,0.46673,-835.45027,395176.63933,3386200.61097,1.12816,0.01902,10616473.06762,2000-05-03T09:20:49.562,15072.13392
150.75500,0.43259,-843.10739,395168.96410,3386191.38303,1.12793,0.02078,10565202.84966,2000-05-02T19:06:28.833,15060.53450
150.76500,1.00133,-866.83737,395419.97553,3386134.09104,1.13166,0.01923,10697037.17245,2000-05-04T07:43:38.634,15083.91347
150.77499,0.41967,-842.77065,395210.81925,3386175.38342,1.13855,0.01882,10587253.77567,2000-05-03T01:13:48.656,15062.57632
150.78500,0.17848,-836.29677,395119.84790,3386193.96394,1.13019,0.01625,10688248.59634,2000-05-04T05:17:07.518,15081.34915
150.79499,0.83692,-861.62435,395333.23809,3386157.68368,1.12683,0.01539,10543526.69918,2000-05-02T13:05:03.431,15058.60443
150.80499,0.64748,-854.38534,395245.57292,3386197.18898,1.13303,0.01772,10579209.34669,2000-05-02T23:00:01.614,15058.14972
150.81500,0.82766,-864.71664,395337.70487,3386156.12025,1.13500,0.01574,10595046.02959,2000-05-03T03:23:43.515,15066.98690
150.82501,0.75732,-858.90136,395295.88651,3386158.85204,1.12923,0.01554,10585918.43118,2000-05-03T00:51:44.469,15062.98687
150.83502,0.59621,-859.04978,395241.50675,3386160.50100,1.12861,0.01487,10465280.64239,2000-05-01T15:20:56.509,15044.02872
150.84500,0.57102,-859.67105,395182.49925,3386186.73519,1.12622,0.01413,10544955.07000,2000-05-02T13:29:08.353,15058.94039
150.85498,0.97274,-879.40654,395395.12533,3386155.57062,1.12029,0.01488,10544219.00238,2000-05-02T13:16:41.265,15061.22201
150.86499,0.56061,-865.22793,395201.31819,3386175.10121,1.12431,0.01411,10598543.17799,2000-05-03T04:22:05.364,15066.68254
150.87499,0.55096,-867.74731,395216.97269,3386173.58656,1.12343,0.01518,10547358.53447,2000-05-02T14:09:04.732,15059.00036
150.88500,0.40672,-864.49345,395206.27205,3386164.56837,1.12610,0.01505,10590171.10288,2000-05-03T02:02:28.796,15067.95899
150.89500,0.44193,-868.23190,395191.72414,3386196.78705,1.12450,0.01428,10555989.06648,2000-05-02T16:32:48.775,15058.68593
150.90500,0.54856,-877.49932,395227.74514,3386142.67267,1.12204,0.01526,10554520.67857,2000-05-02T16:08:24.062,15057.27243
150.91501,0.94687,-899.26863,395369.39403,3386149.76063,1.13009,0.01447,10590558.72332,2000-05-03T02:08:59.173,15067.05215
150.92498,0.65484,-896.35216,395234.05801,3386172.99733,1.12280,0.01462,10513192.66211,2000-05-02T04:39:36.312,15054.02924
150.93499,0.63726,-901.64270,395279.83428,3386124.40285,1.12005,0.01612,10606837.35538,2000-05-03T06:40:30.984,15069.05558
150.94501,0.89578,-910.48957,395356.97687,3386136.24427,1.12607,0.01675,10560819.46913,2000-05-02T17:53:27.742,15063.08906
150.95499,0.87627,-913.42643,395364.66921,3386120.38599,1.12785,0.01800,10565087.96642,2000-05-02T19:04:27.193,15063.79291
150.96500,0.72254,-910.99855,395305.87779,3386111.05316,1.12094,0.01666,10623951.62662,2000-05-03T11:25:38.609,15071.48827
150.97501,0.27728,-898.36728,395119.14109,3386165.51249,1.12583,0.02195,10634173.55572,2000-05-03T14:15:56.978,15072.71808
150.98499,0.99917,-933.33160,395429.86000,3386110.39475,1.13039,0.01982,10580412.85947,2000-05-02T23:20:13.317,15063.65474
150.99498,0.69879,-920.50806,395288.96409,3386156.79101,1.13009,0.01771,10542380.43866,2000-05-02T12:46:02.761,15060.71943
151.00500,0.61961,-915.79453,395269.40526,3386112.45103,1.13117,0.01744,10546691.09261,2000-05-02T13:58:05.626,15055.24925
151.01500,0.85001,-931.40837,395361.75303,3386116.02094,1.12895,0.01750,10542501.36859,2000-05-02T12:48:14.676,15057.32326
151.02497,0.84118,-931.62344,395350.82048,3386142.18267,1.12766,0.01726,10529464.75788,2000-05-02T09:10:55.914,15056.20719
151.03500,0.83434,-926.23652,395384.67067,3386076.10943,1.12474,0.01347,10584635.05471,2000-05-03T00:30:24.292,15063.03014
151.04500,0.42178,-919.19063,395186.50501,3386127.21422,1.12769,0.01075,10562811.40366,2000-05-02T18:26:44.924,15060.99672
151.05498,0.87160,-941.48348,395363.91561,3386127.91732,1.12731,0.01178,10526386.10608,2000-05-02T08:19:34.523,15057.35651
151.06500,0.70799,-930.54583,395327.47100,3386091.67455,1.13213,0.01190,10686050.21332,2000-05-04T04:40:37.366,15079.86529
151.07499,0.79809,-941.23644,395397.28885,3386070.39589,1.13283,0.01244,10498569.55643,2000-05-02T00:35:53.841,15052.89132
151.08498,0.12876,-921.68466,395017.40383,3386168.34311,1.12903,0.01236,10645441.81348,2000-05-03T17:23:33.629,15077.90406
151.09500,0.48869,-929.10115,395214.62686,3386104.97501,1.12911,0.01259,10471207.07872,2000-05-01T16:59:53.117,15046.23883
151.10500,0.88553,-942.62955,395398.25204,3386078.62247,1.11995,0.01206,10635105.09430,2000-05-03T14:31:27.564,15073.37649
151.11500,0.41715,-925.02041,395184.53094,3386134.31136,1.12490,0.01289,10457885.47423,2000-05-01T13:17:51.104,15044.52708
151.12500,0.51174,-930.71859,395226.47091,3386113.70442,1.12934,0.01278,10523440.19050,2000-05-02T07:30:24.631,15058.53280
151.13500,0.80464,-943.11459,395343.33187,3386119.31945,1.12079,0.01152,10582440.50854,2000-05-02T23:53:56.106,15059.90400
151.14500,0.43909,-928.88854,395259.41280,3386075.17518,1.12203,0.01002,10617486.17605,2000-05-03T09:37:55.941,15069.74472
151.15500,0.71546,-944.09578,395294.16147,3386122.33182,1.12859,0.01050,10616141.13795,2000-05-03T09:15:31.433,15072.06430
151.16499,0.65426,-945.74442,395332.36028,3386076.05337,1.12356,0.01042,10512835.75879,2000-05-02T04:33:39.120,15058.65063
151.17500,0.45366,-937.23599,395219.69772,3386095.25500,1.12132,0.00950,10506842.66144,2000-05-02T02:54:02.394,15052.93952
151.18501,0.92058,-955.37151,395382.06365,3386125.59503,1.12297,0.01459,10475808.63809,2000-05-01T18:16:29.447,15051.81229
151.19501,0.61921,-947.93912,395264.52820,3386134.94555,1.12455,0.01600,10533572.65812,2000-05-02T10:19:33.022,15054.14681
151.20500,0.53511,-943.75329,395268.54083,3386105.13132,1.13058,0.01344,10530238.13753,2000-05-02T09:23:48.863,15054.99982
151.21500,0.48761,-939.57816,395242.02262,3386124.32057,1.13220,0.01297,10623298.76099,2000-05-03T11:14:57.613,15068.55562
151.22501,0.38383,-940.47869,395195.30054,3386106.89197,1.13881,0.01291,10625586.81071,2000-05-03T11:53:00.767,15067.37812
151.23499,0.34801,-939.59760,395179.83082,3386097.62670,1.13146,0.01296,10601683.97987,2000-05-03T05:14:41.423,15070.65347
151.24499,0.60042,-951.48512,395282.60081,3386115.37006,1.13480,0.01328,10617106.56032,2000-05-03T09:31:35.669,15071.08828
151.25500,0.43265,-946.44510,395212.68744,3386117.54747,1.12964,0.01255,10517297.38659,2000-05-02T05:48:09.765,15055.02720
151.26501,0.69368,-963.87309,395365.32635,3386045.39544,1.13122,0.01415,10598505.28635,2000-05-03T04:21:39.656,15065.67492
151.27499,0.56462,-963.68006,395263.17910,3386119.31516,1.13453,0.01505,10522433.52019,2000-05-02T07:13:44.016,15054.53542
151.28501,0.54289,-959.08213,395280.82113,3386082.37592,1.12933,0.01529,10560051.58973,2000-05-02T17:40:46.045,15053.72245
151.29500,0.81500,-969.53455,395408.21113,3386098.33297,1.13064,0.01731,10511561.85986,2000-05-02T04:12:34.853,15054.32141
151.30499,0.50166,-945.83151,395251.77161,3386090.84701,1.12987,0.01552,10604620.06304,2000-05-03T06:03:33.843,15066.73538
151.31497,0.25923,-936.49455,395172.40681,3386079.30690,1.13561,0.01528,10577783.03688,2000-05-02T22:36:06.027,15060.27632
151.32501,0.56838,-942.94627,395271.36737,3386095.05285,1.13485,0.01636,10547870.58720,2000-05-02T14:17:40.731,15060.90064
151.33500,0.48784,-947.34271,395260.43748,3386106.64951,1.13586,0.01637,10563175.41157,2000-05-02T18:32:52.527,15061.34452
151.34501,0.60084,-949.87409,395360.44903,3386046.10238,1.13830,0.01584,10563931.31126,2000-05-02T18:45:31.565,15060.20172
151.35501,0.67002,-952.04892,395336.45790,3386099.91368,1.13613,0.01772,10666268.56561,2000-05-03T23:11:00.422,15075.81500
151.36498,0.71791,-948.17151,395364.79149,3386057.59116,1.14000,0.01692,10457130.16050,2000-05-01T13:05:20.489,15049.04999
151.37502,0.62060,-941.92334,395283.24152,3386124.69920,1.13224,0.01645,10560085.67470,2000-05-02T17:41:18.051,15058.74637
151.38501,0.41169,-936.59478,395228.98376,3386095.15907,1.12582,0.01650,10577351.57499,2000-05-02T22:29:08.739,15065.48550
151.39499,0.41015,-941.13391,395200.27888,3386126.73197,1.12690,0.01564,10590301.49433,2000-05-03T02:04:55.007,15061.48542
151.40500,0.38306,-935.73837,395229.65610,3386074.70206,1.12050,0.01639,10457817.61407,2000-05-01T13:16:48.545,15049.10795
151.41502,0.66780,-952.70450,395340.48501,3386095.47974,1.12883,0.02067,10608699.40553,2000-05-03T07:11:34.733,15064.65110
151.42500,0.85681,-960.09045,395426.63393,3386073.57209,1.12541,0.01861,10560503.82531,2000-05-02T17:48:20.750,15060.61466
151.43500,0.47196,-942.01937,395248.44949,3386106.75765,1.11944,0.01921,10553208.29428,2000-05-02T15:46:43.849,15058.56875
151.44500,0.51105,-934.67735,395305.46512,3386057.31330,1.12465,0.01877,10604724.28303,2000-05-03T06:05:16.189,15065.24334
151.45500,0.77562,-955.26872,395377.88130,3386098.58963,1.12927,0.01854,10505974.61714,2000-05-02T02:39:24.806,15052.14472
151.46500,0.67427,-950.26053,395330.67352,3386077.43784,1.12201,0.01819,10539185.35837,2000-05-02T11:52:55.791,15061.12195
151.47501,0.76187,-952.45928,395385.35220,3386076.46105,1.12102,0.01879,10503707.75871,2000-05-02T02:01:40.462,15052.82332
151.48500,0.37758,-941.74535,395226.95651,3386096.77897,1.12613,0.02114,10441773.35818,2000-05-01T08:49:27.331,15043.54874
151.49499,0.72235,-954.46967,395395.09986,3386060.89757,1.11779,0.01808,10519145.95229,2000-05-02T06:18:55.659,15051.43469
151.50499,0.53160,-947.03062,395306.02816,3386081.62084,1.12000,0.02024,10501097.59599,2000-05-02T01:18:03.297,15051.67885
151.51499,0.70489,-952.68513,395409.04461,3386033.92747,1.12272,0.01720,10581770.11823,2000-05-02T23:42:50.951,15064.73718
151.52499,0.69363,-951.62427,395384.53632,3386053.52052,1.11904,0.01751,10512456.06202,2000-05-02T04:27:20.941,15055.83929
151.53502,0.53156,-950.62282,395324.99824,3386075.46333,1.11976,0.01667,10593601.70152,2000-05-03T02:59:54.843,15062.30928
151.54499,0.99393,-966.49276,395534.90605,3386034.97385,1.12236,0.01413,10543640.87040,2000-05-02T13:07:09.927,15060.29494
151.55499,0.97580,-964.59677,395476.20940,3386070.28709,1.12614,0.01507,10431037.20250,2000-05-01T05:50:22.002,15042.94133
151.56500,0.76531,-959.75727,395455.78593,3386050.84866,1.12754,0.01464,10709193.24515,2000-05-04T11:06:19.811,15080.91042
151.57498,0.82257,-969.57690,395429.35822,3386063.32952,1.12158,0.01465,10442721.56565,2000-05-01T09:05:05.555,15044.62212
151.58500,0.59420,-960.34807,395375.18916,3386078.04114,1.12170,0.01521,10570601.04444,2000-05-02T20:36:32.133,15059.59366
151.59500,0.61841,-961.78521,395329.53550,3386074.23044,1.12065,0.01600,10647109.46959,2000-05-03T17:51:35.877,15075.26920
151.60502,0.74900,-968.36733,395411.54462,3386067.47113,1.12173,0.01377,10550501.94433,2000-05-02T15:01:29.811,15057.68175
151.61500,1.18205,-980.62578,395580.27512,3386057.55823,1.11601,0.01542,10517344.14506,2000-05-02T05:48:57.010,15056.39811
151.62500,0.45908,-949.97325,395296.88347,3386058.92956,1.12396,0.01550,10484496.74298,2000-05-01T20:41:28.654,15049.81896
151.63502,0.67127,-959.93998,395360.11658,3386076.35007,1.12543,0.01444,10579484.42105,2000-05-02T23:04:42.175,15059.66288
151.64501,0.92170,-968.79951,395498.03876,3386047.56085,1.12952,0.01535,10596871.03144,2000-05-03T03:54:17.861,15069.04890
151.65500,0.77029,-964.07704,395413.50614,3386058.95412,1.13104,0.01486,10580967.02318,2000-05-02T23:29:20.012,15064.54855
151.66501,0.82572,-966.01418,395426.16350,3386078.86006,1.12401,0.01535,10634168.60762,2000-05-03T14:15:47.693,15070.35613
151.67501,0.47230,-963.54229,395309.08148,3386049.83764,1.12168,0.01451,10582658.17407,2000-05-02T23:57:32.411,15067.17660
151.68500,0.75623,-977.33295,395419.15934,3386053.60767,1.12035,0.01571,10564449.86310,2000-05-02T18:54:02.969,15061.97550
151.69501,0.88105,-984.93172,395507.82414,3386030.46735,1.11860,0.01482,10553343.76341,2000-05-02T15:48:52.271,15055.84827
151.70501,0.65724,-972.40328,395433.04452,3386034.19103,1.12061,0.01518,10604455.76271,2000-05-03T06:00:44.497,15067.58323
151.71500,0.92576,-985.81016,395495.35966,3386029.38023,1.11660,0.01478,10557359.08276,2000-05-02T16:55:57.612,15054.66739
151.72503,0.47579,-970.01997,395301.31272,3386070.85471,1.12032,0.01484,10594255.79898,2000-05-03T03:10:39.189,15070.01189
151.73499,0.96573,-982.30861,395541.16635,3386012.26790,1.12206,0.01514,10609048.26190,2000-05-03T07:17:19.750,15068.44886
151.74499,0.76899,-980.63972,395440.66094,3386035.12931,1.11431,0.01554,10567492.74327,2000-05-02T19:44:43.268,15061.87340
151.75499,0.94408,-990.78256,395498.40039,3386047.22559,1.11095,0.01496,10593897.23567,2000-05-03T03:04:58.144,15065.34096
151.76500,0.84773,-990.54077,395496.50022,3386033.20758,1.11463,0.01458,10645076.12085,2000-05-03T17:17:35.773,15071.21750
151.77500,0.67232,-984.15410,395395.97907,3386035.95924,1.11361,0.01405,10553975.85147,2000-05-02T15:59:32.845,15058.71753
151.78500,0.63258,-977.34220,395385.25831,3386040.33021,1.11727,0.01191,10568280.01621,2000-05-02T19:57:41.294,15060.61603
151.79500,0.88992,-990.22366,395514.83924,3386006.86726,1.11320,0.01172,10675379.92140,2000-05-04T01:42:45.803,15078.80840
151.80499,0.91252,-990.23517,395482.85998,3386041.41150,1.11446,0.01250,10528578.26444,2000-05-02T08:56:12.178,15054.64685
151.81499,0.65139,-988.69586,395427.11523,3386025.75165,1.11815,0.01324,10593013.41591,2000-05-03T02:50:00.369,15064.53678
151.82498,1.17499,-1007.27360,395618.65143,3386015.97659,1.11754,0.01665,10591613.27696,2000-05-03T02:26:46.019,15064.43236
151.83499,0.74736,-987.01543,395449.51051,3386010.58312,1.12047,0.01277,10585556.25226,2000-05-03T00:45:41.069,15063.31594
151.84501,0.94787,-996.15861,395514.41297,3386014.60214,1.11801,0.01366,10640350.69799,2000-05-03T15:59:03.331,15073.61337
151.85501,0.87246,-995.92951,395514.05514,3386004.67896,1.12641,0.01354,10537471.84948,2000-05-02T11:24:20.441,15057.20871
151.86500,0.56894,-990.85632,395394.55365,3386001.05085,1.11982,0.01459,10542307.23616,2000-05-02T12:44:49.081,15059.58977
151.87499,0.70049,-990.53426,395415.30396,3386035.83695,1.12023,0.01565,10575432.31048,2000-05-02T21:57:07.489,15063.87780
151.88500,0.60852,-995.37970,395414.70309,3386013.95430,1.11970,0.01305,10590466.19898,2000-05-03T02:07:32.541,15064.73359
151.89500,0.96693,-1009.14346,395504.75534,3386020.71206,1.11754,0.01285,10668603.91338,2000-05-03T23:49:52.271,15081.08600
151.90499,0.79743,-1008.21037,395500.08228,3385996.30040,1.11382,0.01229,10580855.35798,2000-05-02T23:27:32.312,15059.26064
151.91501,1.03832,-1018.19077,395595.99944,3385970.15023,1.11597,0.01352,10601300.62051,2000-05-03T05:08:16.284,15063.35783
151.92500,0.79034,-1007.46930,395447.04301,3386011.91488,1.11650,0.01251,10650402.44822,2000-05-03T18:46:38.666,15075.33380
151.93499,0.43634,-991.47010,395354.81114,3385991.33717,1.11736,0.01278,10582397.12755,2000-05-02T23:53:13.494,15064.31553
151.94500,1.05719,-1018.87980,395607.24592,3385964.01029,1.11778,0.01297,10646343.51182,2000-05-03T17:38:50.213,15072.27539
151.95499,0.86989,-1012.66223,395502.34254,3385994.31414,1.11471,0.01299,10589412.67589,2000-05-03T01:50:06.597,15063.58400
151.96500,0.84109,-1015.09951,395500.87056,3385996.94303,1.11371,0.01174,10627302.90721,2000-05-03T12:21:41.637,15071.89159
151.97500,0.68955,-1005.14988,395421.14324,3386002.18382,1.11800,0.01152,10595402.38728,2000-05-03T03:29:54.163,15064.17031
151.98501,1.03216,-1023.10383,395597.21658,3385976.08788,1.12520,0.01179,10583039.76560,2000-05-03T00:03:51.868,15065.70419
151.99500,1.00636,-1022.03457,395572.71088,3385974.36172,1.11947,0.01162,10557419.94522,2000-05-02T16:56:57.256,15059.95339
152.00499,0.75474,-1017.00924,395474.95278,3386017.83980,1.11348,0.01285,10676146.78266,2000-05-04T01:55:44.933,15080.11795
152.01502,0.89211,-1007.59243,395531.17325,3386042.06065,1.11910,0.01151,10759241.40856,2000-05-05T01:00:27.212,15085.95445
152.02499,0.31034,-977.36765,395547.45243,3385980.66338,1.11965,0.01321,10658413.44264,2000-05-03T20:59:53.740,15074.81484
152.03501,1.24879,-1022.88489,395792.66310,3385951.29664,1.11850,0.01002,10698426.83416,2000-05-04T08:06:51.099,15082.26205
152.04500,0.61146,-1000.05341,395500.16909,3386031.60115,1.11527,0.01045,10659484.39613,2000-05-03T21:17:50.308,15074.12938
152.05499,0.70121,-1002.00726,395542.72688,3386003.21481,1.11138,0.01072,10667111.04496,2000-05-03T23:24:54.820,15071.98642
152.06501,0.91268,-1005.05761,395647.98352,3386032.63604,1.11536,0.01054,10859832.89124,2000-05-06T04:56:47.921,15107.75833
152.07501,0.73493,-1015.93250,395540.94455,3385974.39236,1.11683,0.01006,10491494.89520,2000-05-01T22:37:56.342,15051.10599
152.08500,0.71758,-1015.34690,395457.69684,3386021.07735,1.11786,0.01032,10512254.07356,2000-05-02T04:24:03.914,15050.85347
152.09498,0.86595,-1024.40153,395545.34011,3386014.55835,1.11462,0.01067,10653909.89048,2000-05-03T19:45:01.823,15074.05466
152.10499,0.39516,-1003.34989,395510.34790,3385951.37656,1.11619,0.00993,10478406.22944,2000-05-01T18:59:57.496,15049.33767
152.11499,0.40635,-999.79585,395627.85358,3385935.07055,1.11646,0.01127,10422875.71605,2000-05-01T03:34:16.686,15043.24122
152.12500,0.22305,-990.67764,395557.29566,3385954.65117,1.12144,0.01025,10478736.87349,2000-05-01T19:05:27.176,15049.23638
152.13499,1.05516,-1027.05784,395701.11645,3385937.41607,1.11586,0.01353,10617959.40742,2000-05-03T09:45:51.914,15069.52620
152.14499,0.57861,-1012.82330,395435.90614,3386006.57785,1.11226,0.01158,10600133.89984,2000-05-03T04:48:46.579,15063.39320
152.15499,0.88964,-1022.18792,395504.93278,3386004.44725,1.11467,0.01487,10530580.24014,2000-05-02T09:29:31.602,15055.68934
152.16500,0.68590,-1014.96862,395488.31476,3385961.10386,1.11150,0.01462,10528750.84862,2000-05-02T08:59:03.491,15055.96185
152.17497,0.75306,-1017.33775,395470.86415,3386017.36087,1.11342,0.01468,10576487.43706,2000-05-02T22:14:39.304,15065.36721
152.18498,0.71900,-1017.76134,395480.06063,3385989.13436,1.11509,0.01636,10604756.64029,2000-05-03T06:05:40.410,15067.60614
152.19500,0.69491,-1016.41533,395481.90769,3385991.93560,1.11678,0.01462,10566079.78868,2000-05-02T19:21:16.828,15060.75994
152.20501,0.90026,-1023.28824,395576.31774,3385956.68574,1.11408,0.01512,10500464.20867,2000-05-02T01:07:40.154,15049.69671
152.21500,0.77460,-1020.68496,395533.97788,3385965.98286,1.10966,0.01513,10522139.45897,2000-05-02T07:08:52.681,15053.24628
152.22499,0.74440,-1019.31539,395528.47578,3385966.90143,1.10865,0.01629,10500395.06155,2000-05-02T01:06:21.260,15051.85338
152.23500,0.36470,-998.02045,395409.27396,3385978.85108,1.10729,0.01795,10537489.49831,2000-05-02T11:24:39.670,15056.69441
152.24498,0.70653,-1016.16110,395483.12382,3385979.24727,1.10374,0.01635,10591301.87800,2000-05-03T02:21:26.858,15067.21545
152.25498,0.61111,-1010.32041,395397.83934,3386022.68726,1.10904,0.01411,10617799.75761,2000-05-03T09:43:08.115,15063.85936
152.26501,0.84000,-1013.95946,395511.97079,3385975.89919,1.10896,0.01409,10549014.34348,2000-05-02T14:36:43.426,15057.24333
152.27499,0.95221,-1020.25082,395562.73358,3385972.04556,1.10379,0.01586,10665538.91093,2000-05-03T22:58:45.396,15078.49288
152.28500,0.42007,-1000.81817,395321.02491,3386003.45440,1.10539,0.01421,10486921.28203,2000-05-01T21:21:45.584,15048.37186
152.29501,0.57682,-1004.94764,395433.97659,3386000.29529,1.10399,0.01551,10609836.65519,2000-05-03T07:30:26.065,15068.04027
152.30501,0.67559,-1005.29550,395533.68162,3385962.32194,1.10881,0.01596,10552254.85268,2000-05-02T15:30:34.645,15058.86363
152.31501,0.36794,-995.35015,395319.70504,3386044.42036,1.10629,0.02025,10528371.38734,2000-05-02T08:52:44.075,15057.27861
152.32501,0.91807,-1009.23625,395599.46837,3385988.00086,1.10392,0.02132,10614357.93519,2000-05-03T08:45:42.765,15068.23937
152.33499,0.60341,-994.45451,395494.42028,3386002.76045,1.09808,0.01944,10424469.44939,2000-05-01T04:00:43.561,15037.46683
152.34500,0.72321,-997.69926,395440.15369,3386040.20354,1.09701,0.01926,10664079.97805,2000-05-03T22:34:23.094,15074.38955
152.35500,0.60967,-996.82055,395437.52727,3385995.01652,1.09520,0.02058,10621010.14858,2000-05-03T10:36:42.649,15068.02419
152.36499,0.19336,-979.22592,395361.26729,3386015.68077,1.09336,0.01871,10511582.71579,2000-05-02T04:12:39.977,15053.83486
152.37498,0.59171,-998.10444,395442.43740,3386006.01776,1.09473,0.02004,10562548.17716,2000-05-02T18:22:07.830,15063.23351
152.38500,0.26295,-987.70543,395293.84199,3386008.86021,1.09854,0.01924,10613860.72526,2000-05-03T08:37:25.450,15071.85076
152.39500,0.76223,-1001.20212,395535.18797,3385965.69747,1.09691,0.01993,10561211.57047,2000-05-02T18:00:03.841,15055.54420
152.40500,0.33049,-986.68804,395311.94010,3386022.14398,1.09863,0.02000,10454355.90531,2000-05-01T12:19:03.763,15044.57725
152.41501,0.80515,-1007.08150,395511.16741,3385988.52168,1.09234,0.02043,10522418.45055,2000-05-02T07:13:26.704,15055.41595
152.42499,0.24122,-982.61466,395335.78646,3385977.36856,1.09312,0.01952,10633123.66651,2000-05-03T13:58:27.485,15070.16977
152.43500,0.55915,-1000.34463,395402.03238,3386021.33526,1.09630,0.02142,10558619.77070,2000-05-02T17:16:53.436,15055.93822
152.44501,0.36439,-987.74612,395584.81030,3385933.78883,1.09705,0.01953,10555924.10604,2000-05-02T16:31:49.300,15062.95103
152.45501,0.23835,-982.76920,395487.00416,3385992.91118,1.10122,0.02014,10399271.06324,2000-04-30T21:00:49.813,15040.96704
152.46500,0.10614,-981.50003,395369.44883,3386006.44584,1.10038,0.02087,10524896.94982,2000-05-02T07:54:45.005,15052.72831
152.47499,0.45298,-998.31029,395561.64324,3385950.42597,1.10317,0.01937,10579653.97693,2000-05-02T23:07:24.090,15064.25344
152.48498,0.18064,-981.70206,395390.39147,3385996.91823,1.09956,0.01910,10411217.37571,2000-05-01T00:19:55.291,15040.75130
152.49498,0.32250,-983.96839,395427.84956,3385969.30533,1.09886,0.02013,10470371.10381,2000-05-01T16:46:01.253,15047.83711
152.50500,0.57901,-997.00432,395541.57508,3385977.39405,1.10009,0.02017,10572834.31433,2000-05-02T21:13:40.055,15061.66022
152.51500,0.57844,-992.73398,395515.25624,3385975.39688,1.09756,0.02036,10480615.00755,2000-05-01T19:36:44.506,15049.56097
152.52498,0.44201,-995.74874,395464.21156,3385985.02975,1.09904,0.01943,10566114.64839,2000-05-02T19:21:43.611,15060.35019
152.53501,-0.02379,-970.04426,395384.90041,3385971.48367,1.10333,0.02084,10463762.79663,2000-05-01T14:55:53.011,15046.91053
152.54500,0.77338,-1007.01082,395506.58948,3386004.46114,1.10670,0.02161,10576415.33729,2000-05-02T22:13:24.309,15064.46017
152.55500,0.35615,-984.91117,395415.90861,3385951.29238,1.10343,0.02206,10601207.99639,2000-05-03T05:06:34.681,15069.02920
152.56500,0.76406,-1006.08031,395496.28288,3385985.64049,1.10371,0.02194,10483281.24573,2000-05-01T20:21:13.964,15043.86296
152.57501,0.78653,-1003.85043,395480.14851,3385986.97093,1.09916,0.02152,10616687.41297,2000-05-03T09:24:41.167,15073.27523
152.58500,0.48227,-989.08285,395420.20501,3385959.11271,1.10397,0.02108,10498305.94540,2000-05-02T00:31:35.025,15055.80569
152.59500,0.73595,-1002.25617,395505.28835,3385967.43052,1.10132,0.02147,10530816.33525,2000-05-02T09:33:28.579,15058.31197
152.60499,0.33927,-983.98732,395298.74262,3385967.99295,1.09579,0.02079,10592248.71445,2000-05-03T02:37:25.332,15063.34366
152.61500,0.74760,-1001.72660,395472.85593,3385983.78177,1.09536,0.01882,10453229.04511,2000-05-01T12:00:25.078,15045.05428
152.62500,0.78800,-1009.50150,395477.55809,3385990.72295,1.09849,0.01788,10493206.27168,2000-05-01T23:06:36.709,15051.29293
152.63501,0.51776,-1001.81830,395449.84744,3385968.26265,1.09950,0.01828,10573312.41154,2000-05-02T21:21:42.697,15064.34660
152.64499,0.62923,-1008.95386,395512.84621,3385959.31945,1.10058,0.01629,10491728.00905,2000-05-01T22:41:55.048,15051.28882
152.65501,0.58123,-1004.91592,395530.88556,3385957.09763,1.10265,0.01727,10490911.50974,2000-05-01T22:28:29.203,15048.91810
152.66503,0.36366,-1001.73692,395426.85950,3385971.47444,1.10307,0.01516,10378998.71558,2000-04-30T15:23:04.134,15034.25253
152.67500,0.55034,-1013.60445,395454.16757,3385973.04913,1.10326,0.01615,10553642.68185,2000-05-02T15:54:00.490,15059.52108
152.68500,0.54787,-1014.16428,395426.48278,3385975.49702,1.09900,0.01799,10383848.99518,2000-04-30T16:44:01.355,15036.92724
152.69498,0.84718,-1017.78362,395557.89363,3385950.75018,1.09657,0.01650,10540511.24634,2000-05-02T12:15:03.919,15057.57718
152.70499,0.55747,-1010.07333,395480.69932,3385949.52468,1.09640,0.01625,10611180.53628,2000-05-03T07:52:55.561,15070.13936
152.71499,0.43278,-1008.62246,395385.45261,3386018.64883,1.10492,0.01575,10485977.56471,2000-05-01T21:06:07.462,15047.15903
152.72500,0.62974,-1015.86189,395494.77486,3385957.45905,1.10099,0.01639,10535724.18756,2000-05-02T10:55:21.246,15053.14194
152.73500,0.74499,-1014.51203,395528.28448,3385964.33643,1.10293,0.01568,10524166.42900,2000-05-02T07:42:33.873,15058.42885
152.74498,0.70448,-1014.86630,395500.26674,3385978.71479,1.09615,0.01625,10588834.41620,2000-05-03T01:40:30.015,15066.47726
152.75499,0.78209,-1016.70938,395553.29335,3385939.37963,1.09891,0.01666,10579419.55450,2000-05-02T23:03:31.059,15060.30980
152.76501,0.73944,-1024.70631,395551.30453,3385971.12171,1.09969,0.01590,10566762.89731,2000-05-02T19:32:36.468,15062.24788
152.77501,0.21611,-998.90783,395355.62505,3385960.37185,1.09916,0.01636,10544559.45966,2000-05-02T13:22:28.912,15060.56860
152.78502,0.43558,-1009.49442,395429.41421,3385956.80953,1.09297,0.01774,10590708.75551,2000-05-03T02:11:42.186,15066.06935
152.79500,0.78510,-1029.19699,395537.94108,3385976.48143,1.10045,0.01836,10576758.51791,2000-05-02T22:19:17.963,15062.23593
152.80498,0.35839,-1010.98230,395393.88598,3385957.28575,1.09938,0.02073,10597194.30094,2000-05-03T03:59:51.187,15065.78303
152.81501,0.73721,-1028.31237,395550.03807,3385955.83217,1.10544,0.01983,10671123.05154,2000-05-04T00:31:54.455,15078.75553
152.82501,0.81020,-1035.37840,395570.89146,3385956.90348,1.10564,0.01913,10501790.10316,2000-05-02T01:29:41.219,15051.15251
152.83500,0.82150,-1028.98026,395581.66655,3385933.29413,1.10418,0.01718,10712015.80089,2000-05-04T11:53:25.247,15083.14828
152.84503,0.77996,-1029.00244,395574.80086,3385951.74269,1.10098,0.01601,10578015.17979,2000-05-02T22:40:04.746,15060.25220
152.85499,0.63614,-1028.81689,395479.39926,3385972.74398,1.10435,0.01646,10608270.18893,2000-05-03T07:04:21.490,15070.06734
152.86499,0.36269,-1016.79758,395358.91278,3385977.04683,1.10575,0.01607,10557996.17059,2000-05-02T17:06:25.210,15058.72458
152.87499,0.66968,-1027.20319,395536.55300,3385933.75992,1.10094,0.01653,10553765.31333,2000-05-02T15:55:52.384,15059.89415
152.88500,0.45724,-1019.67133,395424.68325,3385984.73985,1.10390,0.01608,10705731.85717,2000-05-04T10:08:35.736,15081.44504
152.89500,0.56332,-1025.64178,395521.47687,3385892.39746,1.10366,0.01625,10553259.01444,2000-05-02T15:47:28.528,15058.56500
152.90499,0.83446,-1040.33727,395596.76609,3385944.36069,1.10553,0.01580,10566818.19464,2000-05-02T19:33:26.669,15057.69109
152.91502,0.88942,-1044.48130,395648.94111,3385938.70560,1.10905,0.01554,10656578.20101,2000-05-03T20:29:31.197,15075.12496
152.92500,0.58578,-1028.62185,395454.56502,3386006.84451,1.10589,0.01921,10642971.43695,2000-05-03T16:42:38.468,15074.84405
152.93498,0.49395,-1023.78855,395465.04565,3385950.30717,1.10038,0.01676,10664674.32130,2000-05-03T22:44:25.606,15072.01604
152.94500,0.36508,-1014.66633,395360.77919,3385991.15260,1.10387,0.01507,10632701.39420,2000-05-03T13:51:32.973,15068.38262
152.95499,0.64701,-1027.21753,395499.26586,3385968.88084,1.10272,0.01511,10577671.54746,2000-05-02T22:34:18.660,15063.83659
152.96498,0.60397,-1025.99864,395479.02411,3385987.43917,1.10149,0.01553,10641563.51904,2000-05-03T16:19:13.573,15072.27269
152.97499,0.55633,-1025.27310,395527.46635,3385899.97690,1.10454,0.01690,10536880.49869,2000-05-02T11:14:29.974,15055.31606
152.98501,0.61501,-1038.82553,395519.68691,3385921.66656,1.10546,0.01868,10612336.64158,2000-05-03T08:11:57.292,15068.66747
152.99499,0.53217,-1034.84883,395410.91573,3385954.21053,1.10281,0.01578,10609893.94109,2000-05-03T07:31:22.659,15066.00345
153.00498,0.54316,-1035.76841,395456.23978,3385940.72958,1.10523,0.01578,10618471.90738,2000-05-03T09:54:21.859,15070.92657
153.01500,0.53488,-1029.91939,395567.04536,3385926.25282,1.11133,0.01604,10506459.16083,2000-05-02T02:47:25.589,15046.93523
153.02499,0.26083,-1017.93992,395418.68254,3385928.74885,1.10723,0.01601,10501206.43268,2000-05-02T01:19:41.543,15052.84815
153.03500,0.63231,-1033.62918,395493.15876,3385949.37576,1.10347,0.01681,10482686.10014,2000-05-01T20:11:18.900,15044.28601
153.04499,0.70058,-1035.81820,395541.59564,3385923.31215,1.10114,0.01387,10663677.99114,2000-05-03T22:27:48.954,15076.37006
153.05500,0.61324,-1031.21216,395477.59239,3385947.28513,1.10574,0.01375,10530185.66132,2000-05-02T09:22:48.096,15053.84784
153.06501,0.28722,-1021.76646,395370.89690,3385926.33010,1.11000,0.01410,10513391.57002,2000-05-02T04:43:05.615,15053.56124
153.07500,0.52420,-1039.20756,395421.78073,3385947.52094,1.10580,0.01333,10512078.85522,2000-05-02T04:21:03.748,15053.37544
153.08501,0.43422,-1037.07474,395423.81444,3385941.85306,1.11203,0.01341,10544374.96443,2000-05-02T13:19:21.438,15059.22052
153.09501,0.53772,-1036.84713,395455.51073,3385920.78393,1.11094,0.01369,10537280.07536,2000-05-02T11:21:10.453,15058.31882
153.10500,0.96914,-1058.32431,395682.99745,3385899.81357,1.11041,0.01225,10552725.40654,2000-05-02T15:38:37.850,15062.03957
153.11501,0.56657,-1043.13090,395499.08749,3385950.38991,1.11005,0.01306,10522148.75151,2000-05-02T07:08:44.444,15052.97195
153.12500,0.23559,-1028.86812,395444.86307,3385936.09005,1.10716,0.01278,10458209.33365,2000-05-01T13:23:09.063,15047.15104
153.13501,0.77787,-1053.46409,395652.00466,3385904.66181,1.10099,0.01241,10478432.68511,2000-05-01T19:00:22.935,15046.55527
153.14501,0.85984,-1055.33620,395613.13071,3385895.16530,1.10054,0.01321,10530932.51857,2000-05-02T09:35:25.294,15058.06236
153.15502,0.30476,-1036.54346,395303.80845,3385987.10208,1.10078,0.01318,10677870.53246,2000-05-04T02:24:17.137,15078.53095
153.16501,0.54413,-1046.66836,395422.38784,3385952.93424,1.10347,0.01439,10542163.69886,2000-05-02T12:42:43.108,15054.68995
153.17500,0.71486,-1051.33341,395559.74944,3385919.22546,1.09894,0.01548,10568058.35691,2000-05-02T19:54:16.667,15060.27617
153.18501,0.58579,-1042.90105,395500.20458,3385903.25228,1.10256,0.01537,10498651.22388,2000-05-02T00:37:24.520,15051.23610
153.19500,0.90599,-1060.24718,395616.02158,3385911.87653,1.10191,0.01489,10751099.55065,2000-05-04T22:45:01.217,15088.26159
153.20500,0.41227,-1040.92157,395395.50044,3385943.35016,1.10845,0.01584,10552122.64839,2000-05-02T15:28:35.720,15056.99478
153.21501,1.03225,-1069.28682,395639.22846,3385918.87541,1.10699,0.01304,10469631.29783,2000-05-01T16:33:44.637,15044.22761
153.22502,0.39455,-1040.29223,395383.46471,3385945.38239,1.10144,0.01351,10653869.11619,2000-05-03T19:44:14.992,15076.38890
153.23500,0.60450,-1049.13111,395472.55098,3385918.87631,1.10391,0.01352,10775820.14042,2000-05-05T05:36:49.249,15091.06064
153.24501,0.61946,-1052.99075,395470.09579,3385919.16875,1.10947,0.01271,10524299.59460,2000-05-02T07:44:53.899,15052.65252
153.25501,0.92107,-1068.01267,395630.13040,3385896.63564,1.10887,0.01208,10595588.77097,2000-05-03T03:32:59.092,15062.55131
153.26501,0.12798,-1035.75821,395246.35121,3385946.73026,1.11079,0.01438,10586325.70479,2000-05-03T00:58:40.014,15064.59921
153.27499,0.65314,-1058.25357,395476.00691,3385955.01512,1.10515,0.01396,10659546.49698,2000-05-03T21:18:56.264,15077.61935
153.28497,0.45372,-1045.76790,395409.14271,3385914.59307,1.10881,0.01341,10565189.36241,2000-05-02T19:06:24.175,15061.03623
153.29498,0.83032,-1065.20614,395565.25736,3385923.91624,1.10879,0.01580,10542903.55458,2000-05-02T12:54:47.929,15058.76336
153.30499,0.76021,-1062.98237,395541.42080,3385919.16503,1.11318,0.01586,10534958.13636,2000-05-02T10:42:27.658,15052.47603
153.31499,0.31203,-1041.51920,395323.95339,3385955.08384,1.11312,0.01793,10581247.30669,2000-05-02T23:33:55.089,15062.67149
153.32499,0.29160,-1039.90223,395359.69394,3385937.49418,1.11303,0.01616,10686581.08879,2000-05-04T04:49:34.342,15076.48003
153.33501,0.44714,-1043.82337,395452.09906,3385908.85106,1.10799,0.01594,10575517.36843,2000-05-02T21:58:26.258,15064.92557
153.34501,0.68984,-1054.56261,395560.09294,3385920.80919,1.10568,0.01689,10619254.19258,2000-05-03T10:07:22.604,15067.70888
153.35501,0.39862,-1036.50189,395412.66033,3385940.09793,1.10894,0.01645,10622961.68583,2000-05-03T11:09:09.506,15068.51525
153.36502,0.18460,-1028.27718,395283.78199,3385964.22411,1.10601,0.01599,10644377.59904,2000-05-03T17:05:57.429,15071.89634
153.37502,0.57632,-1046.56489,395526.86889,3385887.60072,1.10195,0.01534,10574709.43777,2000-05-02T21:44:47.905,15064.30454
153.38501,0.20927,-1035.90635,395342.09695,3385979.40128,1.10882,0.01807,10543550.74195,2000-05-02T13:05:35.263,15057.48115
153.39500,0.48768,-1039.12915,395427.43391,3385898.33088,1.10499,0.02049,10626330.86137,2000-05-03T12:05:16.941,15074.38684
153.40501,0.61424,-1048.58217,395447.32090,3385934.58954,1.10411,0.01938,10571259.31810,2000-05-02T20:47:32.978,15058.46158
153.41498,0.35438,-1035.87460,395313.80306,3385962.35015,1.09907,0.01772,10699486.88790,2000-05-04T08:24:37.952,15078.00012
153.42498,0.47453,-1039.84913,395399.86505,3385953.40315,1.10714,0.01568,10522634.05926,2000-05-02T07:16:49.667,15056.41818
153.43500,0.62078,-1044.59212,395494.59064,3385895.85392,1.10576,0.01538,10563234.11321,2000-05-02T18:33:46.309,15058.81787
153.44500,0.51600,-1049.49947,395441.56177,3385940.62165,1.10727,0.01619,10596206.58764,2000-05-03T03:43:05.456,15063.96990
153.45499,0.27774,-1036.12895,395365.23338,3385916.03066,1.09988,0.01500,10514802.70368,2000-05-02T05:06:33.097,15053.88163
153.46499,0.37235,-1042.58832,395444.75523,3385893.90190,1.10089,0.01605,10599935.19314,2000-05-03T04:45:16.896,15064.60768
153.47501,0.39608,-1044.31592,395407.22624,3385919.14165,1.10592,0.01482,10529076.16800,2000-05-02T09:04:29.391,15054.88402
153.48500,0.41605,-1046.43473,395431.44815,3385931.94531,1.10264,0.01669,10575391.23756,2000-05-02T21:56:17.059,15064.62556
153.49501,0.54965,-1058.64029,395590.93424,3385878.96420,1.10407,0.01569,10499425.16472,2000-05-02T00:50:20.212,15050.37546
153.50501,0.50156,-1052.06924,395500.02506,3385924.37311,1.09733,0.01548,10521828.96092,2000-05-02T07:03:41.079,15052.88833
153.51500,0.52191,-1045.00290,395488.30768,3385878.56488,1.10044,0.01494,10538269.08650,2000-05-02T11:37:35.733,15056.06108
153.52499,0.35938,-1044.72119,395411.96746,3385921.86891,1.10590,0.01635,10586406.39994,2000-05-03T00:59:59.327,15063.57027
153.53500,0.70591,-1053.40627,395575.15749,3385894.14496,1.10281,0.01548,10407499.71336,2000-04-30T23:18:15.345,15038.05711
153.54499,0.28148,-1036.95574,395388.91378,3385912.01288,1.11535,0.01558,10535084.35138,2000-05-02T10:44:35.536,15055.02488
153.55500,0.33955,-1040.24437,395378.85417,3385935.05265,1.10753,0.01474,10587880.94702,2000-05-03T01:24:26.107,15060.10220
153.56500,0.29439,-1040.91748,395382.69886,3385913.49333,1.10756,0.01590,10588583.20194,2000-05-03T01:36:09.174,15062.34925
153.57499,0.46786,-1044.90208,395463.12190,3385902.99905,1.10314,0.01615,10588823.70422,2000-05-03T01:40:15.415,15062.99129
153.58499,0.82392,-1057.70561,395633.01967,3385880.01872,1.10527,0.01706,10547010.78795,2000-05-02T14:03:29.186,15059.87315
153.59500,0.44206,-1041.12115,395425.55567,3385923.39983,1.10781,0.01677,10556243.06426,2000-05-02T16:37:09.360,15059.96298
153.60500,0.52821,-1048.47647,395479.65978,3385890.09382,1.10662,0.01467,10561008.66588,2000-05-02T17:56:37.733,15059.22369
153.61500,0.29234,-1036.60576,395366.74746,3385900.98877,1.10952,0.01604,10565268.94266,2000-05-02T19:07:36.377,15056.77032
153.62501,0.94820,-1074.29886,395641.96662,3385921.00764,1.10835,0.01435,10632243.67387,2000-05-03T13:43:55.379,15069.03155
153.63502,0.38808,-1047.64416,395349.30849,3385913.40250,1.10796,0.01494,10470182.97137,2000-05-01T16:43:00.023,15046.04603
153.64502,0.55236,-1063.32132,395458.39526,3385903.30947,1.10394,0.01539,10640789.39008,2000-05-03T16:06:12.070,15073.55906
153.65501,0.53476,-1065.01031,395433.74250,3385888.74252,1.10259,0.01444,10508861.22885,2000-05-02T03:27:29.105,15053.14050
153.66501,0.38749,-1066.85063,395408.37749,3385889.09156,1.10375,0.01448,10552415.77693,2000-05-02T15:33:18.089,15058.54125
153.67499,0.53202,-1070.92531,395496.33953,3385891.37500,1.10750,0.01633,10603098.16761,2000-05-03T05:38:09.954,15067.01827
153.68498,0.63824,-1071.41788,395529.66815,3385850.55303,1.10414,0.01493,10486097.94431,2000-05-01T21:08:02.180,15051.72810
153.69500,0.44606,-1062.35343,395409.87873,3385901.07792,1.10285,0.01513,10500477.25810,2000-05-02T01:07:53.117,15047.77707
153.70499,0.44887,-1065.03469,395428.92421,3385875.45720,1.10335,0.01465,10548146.18858,2000-05-02T14:22:12.149,15054.50555
153.71499,0.69169,-1073.32907,395497.06532,3385905.19843,1.10353,0.01645,10474063.59295,2000-05-01T17:47:29.017,15049.07919
153.72501,0.55427,-1059.49975,395487.58428,3385855.64483,1.10431,0.01422,10583408.48466,2000-05-03T00:09:54.210,15059.92864
153.73498,0.66046,-1055.62134,395529.48548,3385893.11069,1.10462,0.01379,10479592.76526,2000-05-01T19:19:39.306,15048.55116
153.74498,0.37626,-1047.37272,395360.70269,3385921.37258,1.10945,0.01178,10523816.73636,2000-05-02T07:36:46.626,15052.40411
153.75499,0.49403,-1045.75653,395447.64019,3385870.29528,1.10128,0.01153,10591583.14818,2000-05-03T02:26:08.892,15064.55301
153.76501,0.69344,-1061.04922,395511.63211,3385908.36555,1.10558,0.01276,10548202.48989,2000-05-02T14:23:03.667,15058.67772
153.77501,0.45816,-1052.32991,395404.57668,3385933.22118,1.11050,0.01085,10567836.10548,2000-05-02T19:50:29.577,15060.82795
153.78500,0.38839,-1049.76053,395368.97598,3385915.27956,1.11054,0.01081,10517341.97448,2000-05-02T05:48:54.926,15053.53227
153.79500,0.74177,-1065.84266,395567.35161,3385852.85157,1.10392,0.01010,10709802.79629,2000-05-04T11:16:30.325,15083.20159
153.80499,0.53348,-1066.10798,395459.65886,3385909.30788,1.10972,0.00992,10560828.92949,2000-05-02T17:53:40.081,15056.07317
153.81499,0.65399,-1071.57716,395476.05835,3385918.80887,1.10922,0.00993,10673764.31845,2000-05-04T01:15:59.636,15077.49362
153.82497,0.90370,-1081.96914,395620.60746,3385890.41609,1.11128,0.01028,10549135.54450,2000-05-02T14:38:40.176,15055.46419
153.83499,0.13905,-1050.36437,395347.96309,3385881.26787,1.10988,0.00998,10477190.32695,2000-05-01T18:39:44.217,15048.77786
153.84500,0.60556,-1063.39795,395451.54150,3385930.86334,1.11722,0.01064,10588005.86088,2000-05-03T01:26:33.615,15062.93387
153.85501,0.67016,-1064.64864,395523.93725,3385900.71346,1.10957,0.01011,10623770.61574,2000-05-03T11:22:40.254,15068.86478
153.86500,0.58835,-1059.12625,395455.15852,3385924.51258,1.10532,0.00995,10600607.63419,2000-05-03T04:56:33.585,15064.45795
153.87500,0.46854,-1053.31921,395415.34290,3385901.49920,1.10853,0.01043,10667084.59547,2000-05-03T23:24:36.461,15074.36689
153.88501,0.77330,-1075.18456,395554.81720,3385895.09294,1.10397,0.01174,10502963.01803,2000-05-02T01:49:13.307,15054.75870
153.89498,0.08841,-1047.60092,395296.73023,3385882.72670,1.10674,0.01542,10531595.41470,2000-05-02T09:46:38.693,15052.12426
153.90499,0.40153,-1054.88722,395383.86358,3385897.22007,1.10994,0.01215,10630408.92871,2000-05-03T13:13:22.126,15069.33664
153.91500,0.76508,-1083.11969,395553.90712,3385916.22604,1.10610,0.01172,10635071.78567,2000-05-03T14:31:00.979,15069.60682
153.92500,0.40048,-1065.50355,395383.11691,3385895.31807,1.10951,0.01102,10429550.84828,2000-05-01T05:25:38.027,15037.35663
153.93500,0.49998,-1072.67387,395455.01701,3385904.01445,1.11327,0.01027,10605658.97245,2000-05-03T06:20:45.382,15068.01574
153.94500,0.43094,-1069.66318,395452.48495,3385909.33938,1.10978,0.01100,10646828.05824,2000-05-03T17:46:50.527,15071.80339
153.95499,0.63280,-1074.59061,395515.80750,3385896.30328,1.10908,0.01067,10617582.72769,2000-05-03T09:39:36.254,15070.40583
153.96499,0.77185,-1079.40522,395564.18432,3385873.78791,1.10843,0.01002,10567035.91824,2000-05-02T19:36:57.098,15064.61764
153.97500,0.41298,-1063.54899,395414.59218,3385873.15377,1.11302,0.01061,10660406.16943,2000-05-03T21:33:14.984,15079.94780
153.98501,0.46203,-1062.54072,395434.50660,3385880.34513,1.10658,0.00956,10626490.16162,2000-05-03T12:07:59.788,15075.38976
153.99500,0.64764,-1076.75955,395479.85414,3385905.12174,1.11072,0.00995,10679896.38995,2000-05-04T02:57:55.336,15082.68556
154.00501,0.61813,-1072.18467,395479.97397,3385898.99357,1.11096,0.01005,10693084.75948,2000-05-04T06:37:48.021,15085.72162
154.01498,0.63138,-1069.02661,395456.83092,3385927.90309,1.10939,0.01024,10812896.72823,2000-05-05T15:54:33.878,15104.06260
154.02499,0.42559,-1066.22486,395437.52335,3385909.27512,1.11531,0.01002,10737042.04284,2000-05-04T18:50:24.511,15087.21070
154.03500,0.58537,-1076.44474,395451.22147,3385911.03156,1.10868,0.01041,10697706.80004,2000-05-04T07:54:44.411,15088.32753
154.04501,0.82050,-1084.11541,395565.69054,3385926.69119,1.11022,0.01116,10744252.98745,2000-05-04T20:50:40.141,15093.71325
154.05499,0.67374,-1072.11225,395514.50124,3385908.92692,1.10814,0.00986,10788030.39741,2000-05-05T09:00:15.179,15097.27829
154.06500,0.72365,-1078.92851,395525.54423,3385933.21117,1.10760,0.00986,10901711.91789,2000-05-06T16:34:50.129,15114.32431
154.07498,0.63635,-1066.83618,395529.99388,3385887.97655,1.10721,0.00984,10736663.37811,2000-05-04T18:44:15.362,15092.64910
154.08499,0.66159,-1076.89823,395507.71126,3385872.84711,1.10739,0.00954,10717752.35894,2000-05-04T13:28:51.178,15089.42962
154.09500,0.53767,-1069.83656,395461.72757,3385894.34652,1.10946,0.01040,10652883.17791,2000-05-03T19:27:47.637,15078.58182
154.10499,0.52907,-1067.87229,395423.34877,3385910.29089,1.10127,0.01083,10650575.65611,2000-05-03T18:49:25.669,15078.26588
154.11500,0.97926,-1088.83000,395609.30744,3385904.08723,1.10621,0.00999,10613267.91988,2000-05-03T08:27:35.909,15076.93624
154.12499,0.18401,-1062.17821,395329.37416,3385887.20748,1.10775,0.01109,10662093.21940,2000-05-03T22:01:21.847,15078.64522
154.13502,0.81945,-1091.72027,395559.36176,3385875.56725,1.10551,0.01386,10575162.86258,2000-05-02T21:52:30.597,15071.92709
154.14501,0.66358,-1085.45939,395508.84678,3385887.85974,1.10816,0.01215,10728470.14252,2000-05-04T16:27:38.747,15090.90936
154.15499,0.63730,-1082.93600,395549.19967,3385840.42645,1.11050,0.01218,10658011.85969,2000-05-03T20:53:26.087,15079.97833
154.16500,0.73577,-1085.84842,395486.59568,3385933.97690,1.10617,0.01253,10637944.10607,2000-05-03T15:19:01.883,15076.93372
154.17497,0.60616,-1085.13526,395485.29421,3385863.37963,1.10844,0.01568,10652326.43488,2000-05-03T19:18:36.171,15080.27189
154.18498,0.60355,-1087.48425,395486.77880,3385858.15908,1.11274,0.01296,10703771.01433,2000-05-04T09:36:06.992,15087.13281
154.19499,0.75836,-1090.32234,395544.96975,3385866.89683,1.10528,0.01274,10608043.47695,2000-05-03T07:00:35.463,15075.30213
154.20500,0.49223,-1086.71240,395493.70936,3385857.05117,1.10907,0.01285,10697048.18645,2000-05-04T07:43:57.840,15083.95171
154.21500,0.36145,-1086.18835,395369.53104,3385893.57441,1.10030,0.01401,10658405.76828,2000-05-03T21:00:01.725,15079.03478
154.22500,0.40554,-1084.44263,395421.77745,3385852.39676,1.10943,0.01410,10523604.54238,2000-05-02T07:33:15.217,15063.46634
154.23501,0.42467,-1092.61916,395402.52101,3385883.87175,1.10654,0.01308,10716430.10052,2000-05-04T13:07:02.714,15087.37263
154.24500,0.28457,-1082.08560,395312.92485,3385914.47289,1.11051,0.01277,10622599.00368,2000-05-03T11:03:04.900,15073.68112
154.25500,0.62129,-1098.03962,395532.69065,3385845.89239,1.11056,0.01325,10564928.42784,2000-05-02T19:02:02.020,15066.87732
154.26499,0.55779,-1088.49202,395420.31520,3385873.57422,1.10490,0.01275,10621896.48806,2000-05-03T10:51:26.832,15072.79908
154.27499,0.22450,-1080.63307,395265.55075,3385904.21279,1.10563,0.01291,10615518.30843,2000-05-03T09:05:16.815,15075.92019
154.28501,0.74848,-1101.60593,395536.33543,3385850.50317,1.10391,0.01276,10650176.69936,2000-05-03T18:42:44.435,15081.98801
154.29501,0.65871,-1096.12393,395484.90300,3385885.77105,1.10321,0.01329,10563851.87243,2000-05-02T18:44:10.918,15071.61496
154.30500,0.20936,-1080.82564,395314.20750,3385877.71398,1.10018,0.01335,10659560.76638,2000-05-03T21:19:16.474,15079.04648
154.31500,0.81051,-1109.63176,395683.51680,3385863.39461,1.10627,0.01359,10624312.77889,2000-05-03T11:31:42.866,15077.22088
154.32499,0.02435,-1072.18366,395286.45415,3385869.82372,1.10696,0.01245,10695839.80585,2000-05-04T07:23:47.353,15089.19487
154.33500,0.64216,-1100.51777,395494.52609,3385884.25941,1.09869,0.01345,10605635.58837,2000-05-03T06:20:23.304,15074.65858
154.34500,0.65567,-1097.35253,395502.55397,3385863.34996,1.10132,0.01306,10572525.73027,2000-05-02T21:08:31.507,15070.17616
154.35501,0.77372,-1105.88874,395564.11945,3385886.18164,1.10240,0.01165,10638869.11153,2000-05-03T15:34:29.152,15075.82586
154.36499,0.26822,-1076.72244,395321.62100,3385909.05936,1.10545,0.01308,10600274.31681,2000-05-03T04:51:01.184,15074.98500
154.37501,0.70091,-1097.48704,395538.18850,3385881.47766,1.10342,0.01257,10685704.89586,2000-05-04T04:34:55.257,15083.75914
154.38500,0.62179,-1094.27768,395516.01691,3385862.81112,1.10142,0.01244,10678606.32936,2000-05-04T02:36:41.950,15083.26368
154.39499,0.40888,-1082.76731,395393.24244,3385876.49857,1.09673,0.01427,10540109.56548,2000-05-02T12:08:17.027,15067.04749
154.40501,0.07642,-1069.20822,395213.22377,3385927.51970,1.10163,0.01392,10504937.46452,2000-05-02T02:22:05.001,15057.44180
154.41500,0.41079,-1078.94053,395411.21688,3385884.21399,1.10311,0.01409,10638817.36942,2000-05-03T15:33:33.965,15080.98892
154.42500,0.70125,-1094.86440,395522.09091,3385887.33363,1.10631,0.01178,10690796.99781,2000-05-04T05:59:43.115,15087.11458
154.43501,0.38305,-1081.70756,395376.72175,3385903.80271,1.09761,0.01012,10705686.15862,2000-05-04T10:07:52.733,15093.43016
154.44500,0.59449,-1085.79683,395482.97597,3385851.62681,1.10376,0.01199,10651761.99750,2000-05-03T19:09:10.034,15082.69364
154.45501,0.33249,-1080.85087,395378.26297,3385926.77524,1.09777,0.01092,10619404.91591,2000-05-03T10:09:58.091,15072.55175
154.46499,0.40819,-1081.65134,395476.96676,3385839.80874,1.10535,0.01128,10634696.39331,2000-05-03T14:24:44.065,15081.11048
154.47502,0.41669,-1078.71046,395392.60508,3385904.96744,1.10566,0.01104,10584286.79104,2000-05-03T00:24:27.896,15066.57026
154.48500,0.12314,-1066.92492,395271.38393,3385892.10749,1.10427,0.01159,10526607.11318,2000-05-02T08:23:13.787,15066.84932
154.49500,0.51627,-1083.87400,395486.53695,3385850.79939,1.10970,0.01500,10665913.42827,2000-05-03T23:04:53.387,15082.11552
154.50500,0.64432,-1089.21015,395507.55558,3385870.63213,1.10722,0.01340,10703894.65711,2000-05-04T09:37:59.589,15091.36735
154.51500,0.20449,-1067.01625,395330.04716,3385886.38427,1.10973,0.01411,10607914.86250,2000-05-03T06:58:16.948,15075.33033
154.52501,0.03036,-1064.54998,395224.88562,3385926.36743,1.11048,0.01417,10710980.75540,2000-05-04T11:36:10.557,15087.59534
154.53501,0.45245,-1074.40167,395425.61162,3385881.91256,1.10478,0.01438,10672689.81651,2000-05-04T00:57:46.847,15085.38520
154.54499,0.66147,-1082.77558,395535.66848,3385842.36907,1.10705,0.01481,10714297.55502,2000-05-04T12:31:26.402,15091.20266
154.55500,0.47926,-1071.91464,395457.73120,3385881.58292,1.10018,0.01464,10525303.30011,2000-05-02T08:01:21.983,15061.88307
154.56501,0.51755,-1072.85219,395462.51409,3385887.80742,1.10622,0.01456,10580502.12686,2000-05-02T23:21:30.210,15073.13768
154.57502,0.25777,-1060.49901,395314.69896,3385893.07642,1.11070,0.01371,10737382.66583,2000-05-04T18:56:10.288,15092.07793
154.58501,0.52113,-1068.94377,395433.29432,3385885.21252,1.10690,0.01462,10513414.28482,2000-05-02T04:43:13.414,15061.31384
154.59501,0.32575,-1054.28686,395358.90024,3385904.06023,1.10731,0.01475,10625039.03509,2000-05-03T11:43:35.136,15078.90126
154.60501,0.35513,-1058.41793,395318.73629,3385949.13875,1.10819,0.01469,10609711.36759,2000-05-03T07:28:21.580,15073.06763
154.61498,0.55836,-1066.17870,395447.52506,3385906.85703,1.10782,0.01498,10692717.83099,2000-05-04T06:31:35.885,15088.69771
154.62500,0.38968,-1056.33765,395389.54334,3385900.96671,1.10547,0.01398,10653670.68148,2000-05-03T19:40:45.577,15082.21554
154.63500,0.40861,-1056.71365,395359.12307,3385953.99872,1.10060,0.01393,10608470.07141,2000-05-03T07:07:34.521,15077.58483
154.64500,0.13213,-1043.53488,395249.84802,3385931.84069,1.10324,0.01594,10670193.41736,2000-05-04T00:16:19.118,15082.01588
154.65501,0.63049,-1055.04383,395476.74169,3385885.53539,1.10433,0.01757,10589773.85193,2000-05-03T01:55:54.266,15071.18344
154.66502,0.43877,-1046.39110,395373.42560,3385904.70683,1.11087,0.01938,10610149.33204,2000-05-03T07:35:29.856,15073.23650
154.67501,0.49766,-1054.45454,395387.74910,3385935.04564,1.10850,0.02076,10648873.20890,2000-05-03T18:20:55.528,15081.97780
154.68500,0.13039,-1043.68519,395274.63845,3385904.20653,1.09955,0.02052,10692254.02286,2000-05-04T06:23:57.579,15085.35362
154.69500,0.36347,-1052.99291,395346.10081,3385913.45465,1.10008,0.01963,10623657.53920,2000-05-03T11:20:38.885,15078.59248
154.70499,0.07604,-1041.54146,395222.71226,3385945.47501,1.10374,0.02275,10629446.69550,2000-05-03T12:57:10.098,15075.72488
154.71501,0.66872,-1058.53041,395476.99446,3385916.15226,1.10673,0.02102,10602260.47207,2000-05-03T05:23:59.747,15074.52655
154.72499,0.34031,-1043.58200,395372.82572,3385880.34363,1.10220,0.02201,10622556.53672,2000-05-03T11:02:22.301,15076.01763
154.73499,0.83923,-1068.77057,395548.43108,3385919.60730,1.10359,0.02116,10679421.98958,2000-05-04T02:50:17.425,15088.65577
154.74500,0.36603,-1049.72629,395396.69103,3385877.05406,1.10389,0.02408,10673620.00253,2000-05-04T01:13:29.011,15083.57172
154.75499,0.46777,-1058.99872,395410.89960,3385898.26895,1.10374,0.02272,10612088.87860,2000-05-03T08:07:53.453,15077.85815
154.76499,0.43154,-1060.25288,395428.48720,3385893.33582,1.10630,0.02428,10657764.12717,2000-05-03T20:49:14.599,15084.35212
154.77500,0.23012,-1049.89718,395317.08026,3385886.92525,1.10418,0.02429,10641182.51488,2000-05-03T16:12:55.702,15079.84071
154.78499,0.36801,-1054.42454,395359.06838,3385900.68741,1.10266,0.02454,10628251.82215,2000-05-03T12:37:14.333,15078.10068
154.79499,0.29098,-1052.58788,395355.39687,3385884.78340,1.10691,0.02319,10670173.78157,2000-05-04T00:15:58.282,15082.83149
154.80499,0.63665,-1062.38765,395483.35828,3385908.04241,1.10274,0.02329,10609415.23065,2000-05-03T07:23:26.355,15077.69383
154.81500,0.53119,-1054.71097,395452.07397,3385910.97830,1.10202,0.02349,10618417.70491,2000-05-03T09:53:22.159,15076.09353
154.82500,0.18628,-1038.28240,395298.40567,3385891.94433,1.10019,0.02283,10575668.35671,2000-05-02T22:00:59.043,15069.51401
154.83498,0.55557,-1058.50285,395449.67498,3385914.04472,1.09688,0.01977,10588450.66164,2000-05-03T01:33:54.584,15071.77327
154.84499,0.58438,-1051.62290,395505.87164,3385863.41794,1.09818,0.01869,10563483.01653,2000-05-02T18:37:46.421,15067.24885
154.85500,0.33387,-1045.08589,395341.34907,3385943.23982,1.10112,0.01885,10606630.03942,2000-05-03T06:36:55.145,15075.69459
154.86499,0.72699,-1061.75328,395546.76691,3385870.83568,1.10368,0.01775,10451748.07295,2000-05-01T11:35:30.392,15054.05464
154.87501,0.75914,-1059.64105,395571.05059,3385850.23853,1.10289,0.01945,10629971.78926,2000-05-03T13:05:59.685,15078.99916
154.88502,0.30171,-1046.77338,395388.47223,3385895.65177,1.10317,0.01891,10542635.73602,2000-05-02T12:50:16.146,15068.36331
154.89500,0.32156,-1050.84113,395368.11298,3385912.41809,1.10581,0.01835,10529242.04781,2000-05-02T09:07:07.815,15063.06268
154.90500,0.78307,-1069.03422,395581.01102,3385845.57414,1.10490,0.02098,10600976.21704,2000-05-03T05:02:34.759,15076.00174
154.91500,0.27556,-1045.89863,395347.05024,3385907.88232,1.10578,0.02046,10534016.98936,2000-05-02T10:26:39.391,15063.94396
154.92501,0.46964,-1050.25688,395441.64043,3385886.48650,1.11823,0.02087,10605022.77451,2000-05-03T06:10:05.210,15074.31651
154.93501,0.88808,-1067.76170,395592.05381,3385888.25902,1.12039,0.02099,10603436.50924,2000-05-03T05:43:47.623,15076.36317
154.94501,0.78888,-1066.42660,395576.17485,3385847.39936,1.11172,0.02015,10613154.62587,2000-05-03T08:25:38.870,15071.21258
154.95500,0.08499,-1049.75913,395248.18034,3385945.39875,1.11860,0.02075,10530592.65336,2000-05-02T09:29:37.395,15063.32563
154.96501,0.74104,-1075.11081,395606.28670,3385828.27893,1.11200,0.01802,10586325.99882,2000-05-03T00:58:25.773,15073.28549
154.97500,0.14285,-1048.89396,395308.30408,3385866.17023,1.11798,0.01940,10589141.02584,2000-05-03T01:45:28.959,15073.66096
154.98500,0.22556,-1056.07152,395379.11157,3385895.65333,1.11850,0.01893,10523062.14270,2000-05-02T07:24:02.664,15063.77779
154.99501,0.49379,-1064.87377,395502.23592,3385861.08052,1.11225,0.01616,10603780.05913,2000-05-03T05:49:33.096,15073.75557
155.00499,0.43895,-1063.74925,395359.02927,3385920.13717,1.10866,0.01593,10599656.53429,2000-05-03T04:40:52.730,15073.30281
155.01499,0.78814,-1074.76596,395532.34869,3385870.22562,1.11066,0.01533,10683117.94155,2000-05-04T03:51:51.931,15084.56581
155.02498,0.39949,-1061.83586,395361.58055,3385914.73198,1.11228,0.01483,10533787.73962,2000-05-02T10:23:04.630,15064.01176
155.03501,0.52430,-1068.86206,395486.26010,3385868.94804,1.11182,0.01570,10570789.02602,2000-05-02T20:39:46.628,15068.95639
155.04500,0.37340,-1057.86237,395440.28334,3385879.35615,1.11235,0.01278,10653829.08404,2000-05-03T19:43:37.834,15082.89677
155.05500,0.23770,-1055.07334,395352.68871,3385867.42522,1.10852,0.01204,10515225.57248,2000-05-02T05:13:41.550,15063.04327
155.06499,0.42766,-1057.45829,395400.60484,3385890.64100,1.10380,0.01248,10605141.64393,2000-05-03T06:12:19.597,15071.13919
155.07497,0.48212,-1072.66173,395485.17089,3385857.31543,1.10689,0.01282,10542735.95898,2000-05-02T12:51:56.568,15066.29545
155.08498,0.58716,-1066.12815,395512.69014,3385870.60318,1.11030,0.01188,10683371.25884,2000-05-04T03:56:03.285,15083.14083
155.09502,0.48107,-1062.11207,395444.64504,3385893.00727,1.10945,0.01180,10521683.17603,2000-05-02T07:01:12.598,15063.43275
155.10502,0.55957,-1071.42403,395600.70753,3385923.01403,1.11426,0.01086,10600724.27123,2000-05-03T04:58:29.198,15079.37632
155.11500,0.71297,-1075.46092,395611.41912,3385910.22332,1.11169,0.01212,10590161.47569,2000-05-03T02:02:24.547,15073.99831
155.12500,0.28197,-1052.96422,395445.36423,3385869.09002,1.10930,0.01194,10611593.26452,2000-05-03T07:59:34.503,15075.95537
155.13501,0.77602,-1076.79188,395629.77372,3385868.58182,1.11035,0.01091,10577485.99566,2000-05-02T22:31:13.475,15070.70761
155.14498,0.05527,-1049.96698,395291.04289,3385926.39212,1.10560,0.01210,10535262.22567,2000-05-02T10:47:33.381,15059.84708
155.15499,0.55746,-1070.47159,395512.09530,3385880.40413,1.10590,0.01197,10616108.02759,2000-05-03T09:14:56.233,15075.39599
155.16500,0.63260,-1075.35966,395569.26271,3385840.47437,1.10053,0.01429,10596837.16444,2000-05-03T03:53:41.479,15075.77504
155.17500,0.26559,-1063.40749,395424.63117,3385899.67423,1.10533,0.01368,10577836.22638,2000-05-02T22:37:05.621,15074.82574
155.18501,0.64116,-1076.00723,395551.08069,3385890.38120,1.10813,0.01370,10590882.95570,2000-05-03T02:14:24.476,15070.90292
155.19500,0.13529,-1053.07492,395333.52325,3385891.85381,1.10732,0.01186,10635339.72313,2000-05-03T14:35:21.750,15083.92975
155.20499,0.63740,-1077.28656,395534.64326,3385899.62712,1.10274,0.01170,10556540.61899,2000-05-02T16:42:10.845,15068.74724
155.21500,0.59701,-1074.39891,395538.41936,3385897.45948,1.10570,0.01224,10592327.60651,2000-05-03T02:38:24.980,15072.18102
155.22500,0.20876,-1059.22496,395414.21539,3385860.21857,1.10606,0.01287,10545380.79538,2000-05-02T13:36:05.019,15064.76544
155.23501,0.77365,-1082.76855,395553.12428,3385897.40644,1.11085,0.01116,10711225.35564,2000-05-04T11:40:15.450,15091.64019
155.24499,0.15419,-1063.27397,395333.83693,3385904.15616,1.10530,0.01119,10622596.80114,2000-05-03T11:02:55.340,15081.30894
155.25501,0.41101,-1072.81015,395417.59373,3385914.18304,1.10347,0.01209,10556183.91963,2000-05-02T16:36:15.176,15070.37863
155.26500,0.41301,-1070.91183,395469.49802,3385862.13991,1.10220,0.01182,10664508.76403,2000-05-03T22:41:41.870,15083.95808
155.27501,0.37816,-1067.42654,395453.75606,3385869.16576,1.10317,0.01167,10578646.25853,2000-05-02T22:50:37.151,15072.47388
155.28500,0.33680,-1069.21475,395405.74563,3385927.21379,1.10303,0.01082,10695709.17872,2000-05-04T07:21:28.851,15089.20149
155.29499,0.03368,-1058.87844,395299.28792,3385885.10202,1.10361,0.01119,10496358.50169,2000-05-01T23:58:59.130,15056.92748
155.30500,0.44984,-1079.45715,395471.81007,3385882.00894,1.10809,0.01132,10619785.22220,2000-05-03T10:16:20.366,15078.30507
155.31500,0.46327,-1079.78115,395467.27191,3385860.82643,1.10735,0.01244,10684967.87813,2000-05-04T04:22:29.398,15088.72720
155.32502,0.31377,-1078.49750,395374.74475,3385917.22033,1.11032,0.01388,10582574.44768,2000-05-02T23:56:08.234,15071.51358
155.33497,0.28169,-1075.92914,395388.51303,3385889.47558,1.11234,0.01495,10617515.67257,2000-05-03T09:38:25.540,15079.38634
155.34498,0.31066,-1075.26570,395447.41695,3385837.84398,1.11512,0.01330,10606068.74237,2000-05-03T06:27:36.094,15075.28955
155.35501,0.29075,-1076.70590,395422.93503,3385865.59213,1.11285,0.01172,10684645.70888,2000-05-04T04:17:18.993,15085.66416
155.36501,0.20773,-1075.24533,395387.45371,3385848.35287,1.10536,0.01065,10662452.89575,2000-05-03T22:07:25.971,15082.91082
155.37501,0.20223,-1077.05240,395378.59274,3385881.77918,1.10534,0.01338,10609642.21101,2000-05-03T07:27:15.879,15075.81174
155.38501,0.50637,-1087.65362,395497.66388,3385860.28410,1.11084,0.01193,10721052.59162,2000-05-04T14:24:04.458,15096.09529
155.39498,0.65586,-1095.09756,395588.99563,3385837.10725,1.11048,0.01225,10603766.92029,2000-05-03T05:49:21.460,15071.27171
155.40501,0.45760,-1093.91930,395524.00736,3385863.84217,1.11614,0.01194,10645900.22641,2000-05-03T17:31:26.913,15079.38931
155.41502,0.18999,-1075.60709,395375.48141,3385883.05896,1.10785,0.01083,10661341.01327,2000-05-03T21:48:52.366,15085.24543
155.42501,0.51811,-1091.09564,395532.66577,3385866.79760,1.10607,0.01103,10659634.59939,2000-05-03T21:20:28.157,15080.33876
155.43503,0.64576,-1095.16273,395595.56831,3385831.82363,1.10216,0.01098,10660003.11594,2000-05-03T21:26:35.258,15084.25960
155.44502,0.46320,-1087.88908,395491.00835,3385862.31578,1.10973,0.01178,10662484.48424,2000-05-03T22:07:58.451,15083.58937
155.45501,0.56743,-1089.36086,395550.54872,3385858.78655,1.10129,0.01083,10842407.05621,2000-05-06T00:06:48.668,15110.88715
155.46498,0.09009,-1071.54412,395364.82928,3385868.34643,1.10400,0.01110,10600223.20958,2000-05-03T04:50:14.804,15072.86061
155.47501,0.48310,-1082.22874,395519.44723,3385852.53646,1.09881,0.01085,10616401.87714,2000-05-03T09:19:45.756,15075.67532
155.48501,0.59850,-1091.85510,395527.58936,3385907.42116,1.10220,0.01011,10687570.29165,2000-05-04T05:06:01.399,15084.96222
155.49499,0.26486,-1074.90066,395392.49746,3385882.38740,1.10481,0.00975,10717425.82651,2000-05-04T13:23:37.340,15091.16314
155.50499,0.51671,-1082.64376,395507.94790,3385882.65796,1.10799,0.00987,10652179.68275,2000-05-03T19:16:09.311,15082.42924
155.51500,0.48828,-1079.02378,395442.04487,3385886.96148,1.10599,0.01165,10625020.90529,2000-05-03T11:43:33.791,15073.77818
155.52499,0.30841,-1073.74284,395383.76948,3385868.34763,1.10277,0.01142,10688067.80566,2000-05-04T05:14:17.422,15087.63766
155.53500,0.79154,-1099.32759,395585.24535,3385895.10058,1.10534,0.01135,10767880.30609,2000-05-05T03:24:35.958,15099.59245
155.54499,0.15805,-1068.33733,395319.52040,3385886.83439,1.10950,0.01142,10751632.01457,2000-05-04T22:53:39.035,15093.14129
155.55499,0.54605,-1088.53601,395499.40624,3385896.73853,1.11077,0.01048,10728843.86787,2000-05-04T16:33:51.508,15093.73744
155.56499,0.48800,-1080.38377,395449.43012,3385882.98989,1.10790,0.01061,10735204.05931,2000-05-04T18:19:50.444,15087.53705
155.57498,0.22007,-1072.95799,395372.56406,3385899.35960,1.11301,0.01067,10650057.61362,2000-05-03T18:40:41.669,15078.52007
155.58499,0.66102,-1092.51653,395530.88370,3385897.58377,1.11430,0.01028,10783155.03687,2000-05-05T07:39:01.793,15102.06728
155.59500,0.50464,-1080.97136,395490.87214,3385868.96674,1.10456,0.01107,10666427.38051,2000-05-03T23:13:32.681,15082.90711
155.60500,0.55871,-1084.26455,395489.92777,3385901.06639,1.10518,0.00848,10741915.56978,2000-05-04T20:11:39.980,15095.16969
155.61500,0.22093,-1066.37706,395378.17660,3385854.16108,1.10231,0.00991,10781385.49264,2000-05-05T07:09:26.871,15099.88435
155.62499,0.42048,-1078.34330,395419.63930,3385901.80836,1.10595,0.00951,10816206.40861,2000-05-05T16:49:53.371,15109.66191
155.63500,0.57360,-1083.42118,395554.87209,3385883.79212,1.11189,0.00955,10565076.41775,2000-05-02T19:04:16.723,15066.73170
155.64500,0.23580,-1070.95554,395406.62153,3385885.34992,1.11214,0.00936,10680043.47187,2000-05-04T03:00:34.870,15085.13650
155.65500,0.59109,-1084.84386,395530.39118,3385841.58527,1.11164,0.00969,10651242.31117,2000-05-03T19:00:31.583,15080.83329
155.66500,0.26897,-1079.16519,395405.83560,3385893.75505,1.11248,0.00879,10700607.22163,2000-05-04T08:43:18.574,15089.80459
155.67501,0.50462,-1083.09399,395504.88988,3385855.54988,1.11102,0.01044,10639355.43564,2000-05-03T15:42:18.825,15080.40065
155.68499,0.66229,-1096.06649,395563.00923,3385890.81653,1.10529,0.00905,10726168.31602,2000-05-04T15:49:22.601,15090.75915
155.69499,0.73359,-1099.60348,395633.11131,3385845.82106,1.10677,0.00927,10724741.16657,2000-05-04T15:25:24.543,15092.75155
155.70502,0.71248,-1101.84907,395591.07609,3385854.00307,1.11151,0.00972,10720935.71671,2000-05-04T14:22:00.794,15093.39863
155.71499,0.75498,-1110.06931,395564.27607,3385905.36305,1.11188,0.00907,10836138.95291,2000-05-05T22:22:01.190,15111.67475
155.72502,0.80149,-1113.31699,395670.92493,3385856.21738,1.10935,0.01039,10636935.88744,2000-05-03T15:02:11.184,15079.41601
155.73502,0.14802,-1086.09405,395351.45436,3385876.44778,1.10450,0.00957,10779382.58867,2000-05-05T06:36:07.742,15100.94335
155.74500,0.62657,-1101.89627,395594.46832,3385839.09923,1.10792,0.00878,10654044.28654,2000-05-03T19:47:10.771,15079.33636
155.75501,0.71483,-1106.95354,395560.55384,3385883.06001,1.11133,0.01043,10622914.50454,2000-05-03T11:08:28.507,15075.62240
155.76502,0.17485,-1078.85998,395367.56671,3385876.84966,1.11190,0.01027,10683153.75650,2000-05-04T03:52:14.403,15087.48946
155.77499,0.64511,-1096.85873,395546.24038,3385864.99031,1.11260,0.00887,10671645.25769,2000-05-04T00:40:33.615,15082.02171
155.78500,0.74526,-1107.49244,395622.95944,3385860.98939,1.10798,0.00985,10651553.08113,2000-05-03T19:05:39.557,15082.52576
155.79501,0.21976,-1087.36039,395399.10672,3385869.39776,1.11088,0.00903,10681933.93197,2000-05-04T03:32:02.798,15084.09107
155.80501,0.74775,-1114.14762,395607.39874,3385845.56489,1.11537,0.01013,10641810.88126,2000-05-03T16:23:14.245,15081.81002
155.81499,0.50916,-1105.76519,395509.39953,3385871.27463,1.11167,0.00886,10565582.10254,2000-05-02T19:12:54.358,15064.50904
155.82501,0.44783,-1098.06767,395490.58063,3385834.30516,1.11222,0.01058,10659020.07448,2000-05-03T21:10:07.706,15083.47059
155.83499,0.72254,-1109.47933,395631.13914,3385846.04038,1.11223,0.01139,10864377.67672,2000-05-06T06:12:43.543,15112.88223
155.84499,0.38209,-1092.73573,395455.91731,3385849.08040,1.11052,0.01245,10614207.85831,2000-05-03T08:43:13.291,15075.03219
155.85498,0.40068,-1092.46745,395438.83147,3385914.08273,1.11337,0.01336,10663757.21743,2000-05-03T22:29:03.096,15085.22547
155.86499,0.56508,-1097.44355,395522.54511,3385865.62151,1.11426,0.01206,10781848.40388,2000-05-05T07:17:17.266,15098.08409
155.87500,0.53596,-1096.25830,395517.68217,3385885.44562,1.10930,0.01212,10656396.18139,2000-05-03T20:26:23.142,15086.92103
155.88501,0.59909,-1094.07495,395574.39349,3385862.44729,1.11962,0.01181,10664641.89188,2000-05-03T22:43:48.193,15081.54848
155.89499,0.74798,-1097.12169,395576.15987,3385881.11948,1.11596,0.01120,10674943.83016,2000-05-04T01:35:30.103,15083.58946
155.90500,0.49330,-1084.58563,395488.39584,3385874.46478,1.12502,0.01184,10832739.31462,2000-05-05T21:25:23.081,15111.48346
155.91500,0.66939,-1091.13656,395575.06200,3385873.98323,1.11368,0.01261,10620664.03026,2000-05-03T10:31:01.464,15075.76709
155.92500,0.38402,-1077.02613,395447.81421,3385878.14927,1.11754,0.01172,10657986.16111,2000-05-03T20:52:50.603,15082.84891
155.93499,0.39476,-1077.99932,395475.63978,3385923.20840,1.12541,0.01112,10687742.03301,2000-05-04T05:08:56.571,15084.56469
155.94501,0.46309,-1076.39420,395558.17135,3385841.72250,1.12351,0.01196,10649032.98562,2000-05-03T18:23:49.780,15083.02098
155.95502,0.62138,-1087.18165,395608.25175,3385883.85462,1.12267,0.01002,10602914.20382,2000-05-03T05:34:56.688,15075.18251
155.96500,0.80488,-1097.31592,395673.45028,3385882.47440,1.11398,0.01128,10653906.51980,2000-05-03T19:44:58.415,15080.44364
155.97499,0.50892,-1086.03659,395521.30511,3385886.00858,1.11551,0.00949,10638340.20611,2000-05-03T15:25:33.082,15078.67495
155.98499,0.77681,-1101.48253,395700.32264,3385843.94985,1.11845,0.01105,10697348.83972,2000-05-04T07:49:02.320,15087.49441
155.99499,0.30861,-1083.56602,395471.41389,3385886.65279,1.12105,0.01011,10601741.59664,2000-05-03T05:15:30.189,15072.82143
156.00500,0.65609,-1094.88073,395616.01143,3385869.50666,1.12390,0.01011,10640111.70859,2000-05-03T15:55:04.426,15078.74064
156.01500,0.70630,-1090.45990,395624.63746,3385840.07391,1.12071,0.01127,10693753.92556,2000-05-04T06:49:02.844,15087.62331
156.02500,0.32696,-1081.73579,395473.98762,3385883.72901,1.11962,0.01044,10718796.00242,2000-05-04T13:46:33.729,15093.12994
156.03501,0.66915,-1089.75386,395604.31960,3385873.61254,1.11806,0.01080,10620912.64960,2000-05-03T10:34:52.808,15077.27193
156.04500,0.58638,-1087.75869,395603.25292,3385851.25913,1.11826,0.00954,10610777.03679,2000-05-03T07:46:06.736,15075.78143
156.05500,0.63181,-1094.69314,395622.04436,3385857.70719,1.11589,0.01027,10720126.88498,2000-05-04T14:08:34.103,15092.20234
156.06501,0.72137,-1091.69582,395650.56842,3385849.15203,1.11495,0.01058,10727955.46945,2000-05-04T16:19:06.949,15090.72718
156.07500,0.69339,-1091.66408,395626.49116,3385886.39111,1.11444,0.01030,10770838.17208,2000-05-05T04:13:35.187,15100.18407
156.08498,0.59324,-1081.41890,395603.44297,3385847.97560,1.11029,0.00986,10601266.81033,2000-05-03T05:07:40.195,15074.31718
156.09499,0.61040,-1086.80705,395565.34351,3385877.40059,1.11874,0.01349,10587741.99986,2000-05-03T01:22:06.457,15067.49967
156.10501,0.52798,-1085.06611,395570.14695,3385860.37124,1.11171,0.01299,10667704.80113,2000-05-03T23:34:46.429,15087.22515
156.11500,0.46311,-1077.67589,395521.21728,3385885.17309,1.11515,0.01565,10674800.67980,2000-05-04T01:33:10.517,15080.97302
156.12500,0.39991,-1075.73428,395498.64065,3385880.98754,1.10845,0.01460,10663271.83454,2000-05-03T22:21:00.583,15082.95661
156.13501,0.59580,-1089.02237,395561.08818,3385869.04068,1.10796,0.01461,10689169.10120,2000-05-04T05:32:24.900,15088.73591
156.14500,0.40669,-1083.22241,395514.88053,3385880.10034,1.10844,0.01458,10619201.97810,2000-05-03T10:06:34.899,15077.00282
156.15500,0.63366,-1096.57224,395623.56660,3385843.16522,1.10665,0.01400,10755888.64708,2000-05-05T00:04:38.153,15100.10342
156.16500,0.50741,-1088.68221,395544.31769,3385858.30296,1.10605,0.01160,10705268.22290,2000-05-04T10:00:52.347,15090.09115
156.17499,0.30608,-1076.65672,395501.02385,3385830.87628,1.11043,0.01364,10708388.74328,2000-05-04T10:53:00.984,15087.39513
156.18499,0.92754,-1102.10161,395684.90134,3385887.31125,1.10858,0.01120,10641758.63924,2000-05-03T16:22:31.474,15080.91183
156.19500,0.23652,-1072.43305,395422.77784,3385865.83652,1.10697,0.01149,10694784.22474,2000-05-04T07:05:59.978,15092.88483
156.20500,0.75976,-1093.56999,395745.50527,3385793.12859,1.11007,0.01237,10647365.96234,2000-05-03T17:55:58.067,15078.34520
156.21501,0.26343,-1074.39139,395427.38475,3385874.08459,1.10477,0.01211,10671624.71871,2000-05-04T00:40:13.670,15085.11422
156.22499,0.39340,-1081.01811,395534.94921,3385831.40246,1.10710,0.01253,10714643.24275,2000-05-04T12:37:16.122,15091.07700
156.23501,0.76486,-1103.51937,395665.34229,3385841.03985,1.11032,0.01138,10703464.59085,2000-05-04T09:30:51.035,15094.20584
156.24500,0.47402,-1091.23971,395592.16354,3385837.04715,1.11204,0.01119,10638266.17730,2000-05-03T15:24:14.675,15081.02796
156.25500,0.61337,-1096.78915,395655.64256,3385804.43779,1.10873,0.01237,10765940.57738,2000-05-05T02:52:16.576,15100.08189
156.26500,0.74098,-1105.38368,395693.82502,3385826.48018,1.10481,0.01148,10788851.91604,2000-05-05T09:14:05.211,15099.90817
156.27498,0.60891,-1105.27463,395638.64461,3385835.97367,1.10756,0.01206,10656052.09355,2000-05-03T20:20:41.859,15083.19472
156.28500,0.50387,-1107.22183,395576.89843,3385845.51343,1.10694,0.01204,10642173.68409,2000-05-03T16:29:31.829,15078.39318
156.29501,0.24801,-1097.69891,395474.91448,3385868.08570,1.11194,0.01115,10726191.97187,2000-05-04T15:49:43.631,15093.29809
156.30500,0.52795,-1107.42287,395601.14419,3385804.94084,1.11262,0.01312,10674191.27870,2000-05-04T01:23:04.312,15080.44591
156.31499,0.72028,-1120.40244,395657.42004,3385834.77081,1.11173,0.01210,10748510.08148,2000-05-04T22:01:48.964,15095.55879
156.32500,0.74386,-1118.49555,395680.73847,3385824.90457,1.10904,0.01187,10552052.60478,2000-05-02T15:27:26.543,15065.08039
156.33498,0.44600,-1105.95579,395576.41664,3385847.05893,1.11439,0.01252,10596347.59447,2000-05-03T03:45:27.058,15076.86829
156.34499,0.60800,-1109.17064,395651.12062,3385798.85224,1.11662,0.01421,10665543.45772,2000-05-03T22:58:47.419,15083.82460
156.35501,0.65523,-1110.69935,395654.87823,3385827.51367,1.11250,0.01460,10622156.33485,2000-05-03T10:55:51.902,15076.84564
156.36499,0.29129,-1092.36034,395464.04773,3385876.79057,1.11470,0.01367,10642940.15440,2000-05-03T16:42:06.861,15081.05669
156.37500,0.96539,-1122.60357,395763.82114,3385825.83029,1.11292,0.01498,10650662.46575,2000-05-03T18:50:56.684,15080.05430
156.38502,0.33205,-1095.69708,395497.37630,3385852.67893,1.11098,0.01633,10667631.50311,2000-05-03T23:33:39.492,15083.30195
156.39501,0.58219,-1107.68207,395597.25600,3385839.19239,1.10516,0.01644,10554130.42975,2000-05-02T16:01:58.147,15069.30750
156.40500,0.41005,-1104.74237,395519.26855,3385844.02599,1.10700,0.01800,10622929.22285,2000-05-03T11:08:41.139,15079.51767
156.41499,0.73134,-1117.35117,395679.61107,3385836.97826,1.10673,0.01682,10647516.36539,2000-05-03T17:58:19.391,15081.43594
156.42500,0.76844,-1120.13788,395696.52074,3385820.23919,1.10601,0.01710,10601994.81215,2000-05-03T05:19:41.168,15074.08183
156.43499,0.24868,-1096.10733,395459.89139,3385861.81393,1.11063,0.01758,10664367.45331,2000-05-03T22:39:17.048,15081.91877
156.44502,0.72404,-1117.88135,395715.13126,3385808.39924,1.10635,0.01786,10627112.39782,2000-05-03T12:18:16.458,15077.74344
156.45501,0.57528,-1115.50607,395594.88269,3385855.99427,1.10430,0.01648,10699884.28663,2000-05-04T08:31:10.412,15087.73997
156.46500,0.98758,-1131.27552,395821.97735,3385811.55501,1.10505,0.01496,10591175.04354,2000-05-03T02:19:18.386,15073.40664
156.47500,0.76293,-1116.26378,395700.26270,3385809.97183,1.10601,0.01411,10654388.89593,2000-05-03T19:52:51.389,15082.95762
156.48499,0.57045,-1110.77246,395631.69463,3385832.15316,1.10976,0.01283,10697613.06527,2000-05-04T07:53:23.025,15089.79988
156.49501,0.67229,-1106.89093,395682.98922,3385832.17509,1.11343,0.01273,10580729.92114,2000-05-02T23:25:21.510,15071.49793
156.50499,0.23920,-1088.25495,395520.12438,3385810.25045,1.11153,0.01213,10604144.41289,2000-05-03T05:55:28.877,15073.80030
156.51501,0.61723,-1109.86034,395635.15175,3385841.75819,1.11255,0.01236,10598039.22808,2000-05-03T04:13:53.958,15073.59765
156.52500,1.10457,-1129.68125,395866.14543,3385791.44586,1.10770,0.01306,10642537.65099,2000-05-03T16:35:27.759,15082.09741
156.53500,0.34741,-1092.49074,395548.00928,3385838.91661,1.10867,0.01305,10587159.06525,2000-05-03T01:12:22.013,15074.13657
156.54499,0.60498,-1107.14927,395655.15366,3385835.47197,1.11168,0.01322,10688497.25445,2000-05-04T05:21:17.261,15087.22750
156.55498,0.80281,-1111.89543,395722.85180,3385813.89497,1.11473,0.01390,10663626.43631,2000-05-03T22:26:58.402,15085.91253
156.56500,0.61424,-1101.18423,395683.59899,3385794.90816,1.10298,0.01682,10763234.29992,2000-05-05T02:07:00.348,15095.42308
156.57500,0.85135,-1118.48583,395705.94229,3385858.20173,1.09875,0.01667,10629847.95532,2000-05-03T13:03:54.215,15080.00012
156.58499,0.51760,-1106.15495,395631.15335,3385850.37296,1.10936,0.01530,10590621.67635,2000-05-03T02:10:14.542,15069.61461
156.59500,0.50372,-1096.84209,395603.71080,3385820.35150,1.10585,0.01654,10588700.89673,2000-05-03T01:38:22.236,15077.26163
156.60500,0.83998,-1103.06186,395744.04702,3385816.30836,1.10547,0.01584,10690341.59369,2000-05-04T05:52:21.124,15085.09641
156.61500,0.67279,-1094.60035,395681.59064,3385820.69079,1.10442,0.01368,10651885.39435,2000-05-03T19:11:09.941,15082.30831
156.62499,0.42805,-1088.78846,395532.44795,3385831.85614,1.10374,0.01084,10615708.82186,2000-05-03T09:08:09.965,15075.68944
156.63500,0.55530,-1092.31190,395623.63405,3385800.61752,1.10116,0.01052,10577744.85461,2000-05-02T22:35:32.675,15070.99681
156.64500,0.54901,-1095.73256,395616.63998,3385841.39362,1.10382,0.01068,10677530.96855,2000-05-04T02:18:33.431,15088.80835
156.65500,0.72266,-1100.58044,395695.70276,3385823.32002,1.09842,0.00970,10616713.18974,2000-05-03T09:25:04.142,15075.78680
156.66500,0.59627,-1088.54699,395623.96824,3385841.40261,1.10611,0.01042,10636021.35844,2000-05-03T14:46:39.017,15079.59729
156.67499,0.64794,-1091.59112,395664.81313,3385797.49053,1.10642,0.00954,10573652.00195,2000-05-02T21:27:21.447,15073.07049
156.68502,0.73052,-1096.52440,395678.90028,3385832.00360,1.10971,0.01000,10636388.12526,2000-05-03T14:52:59.432,15077.66004
156.69500,0.40803,-1085.67683,395559.01366,3385856.69188,1.10277,0.00789,10539188.38879,2000-05-02T11:52:53.476,15065.90554
156.70499,0.68866,-1100.33439,395682.12743,3385854.62789,1.10451,0.00815,10632424.96594,2000-05-03T13:46:42.296,15080.39208
156.71499,0.39373,-1081.72904,395593.39831,3385815.39394,1.11242,0.00921,10615999.29038,2000-05-03T09:13:05.623,15073.84279
156.72500,0.86731,-1103.61585,395763.34878,3385821.96587,1.10591,0.00922,10554341.21320,2000-05-02T16:05:23.466,15070.96299
156.73500,0.57164,-1088.46336,395633.21117,3385789.18215,1.10719,0.00915,10632456.47215,2000-05-03T13:47:32.483,15077.59623
156.74499,0.70684,-1097.25451,395695.74429,3385820.63034,1.11337,0.00795,10604252.28546,2000-05-03T05:57:18.125,15072.56837
156.75500,0.35100,-1073.52257,395558.98492,3385826.32196,1.11306,0.00981,10546700.34275,2000-05-02T13:58:01.646,15071.52383
156.76500,0.96056,-1100.83659,395778.75051,3385822.94004,1.11277,0.00848,10747378.58934,2000-05-04T21:42:39.124,15094.87748
156.77499,0.67189,-1084.17672,395699.72908,3385804.54711,1.11771,0.00849,10604739.73531,2000-05-03T06:05:33.828,15075.72612
156.78500,0.37242,-1072.16151,395544.55639,3385824.01206,1.11990,0.01134,10533427.77728,2000-05-02T10:16:55.342,15064.94753
156.79500,0.62359,-1085.73533,395660.75501,3385824.17784,1.11725,0.01142,10630387.98623,2000-05-03T13:12:51.352,15076.54896
156.80497,0.66092,-1081.09835,395708.13275,3385789.39234,1.11951,0.01219,10608021.34159,2000-05-03T07:00:19.784,15072.85641
156.81501,0.46338,-1074.49871,395587.81059,3385830.07801,1.11603,0.01270,10634159.22694,2000-05-03T14:15:45.360,15082.25093
156.82499,0.78238,-1088.05912,395752.00880,3385808.49277,1.11043,0.01568,10690213.68061,2000-05-04T05:50:01.387,15085.64954
156.83497,0.54874,-1082.98150,395651.10023,3385804.37049,1.10857,0.01496,10632749.52139,2000-05-03T13:52:30.085,15078.31815
156.84499,1.08045,-1103.98182,395883.53523,3385780.17048,1.11320,0.01357,10593225.69835,2000-05-03T02:53:37.020,15074.42751
156.85499,0.51969,-1088.59308,395590.50058,3385854.02763,1.10885,0.01227,10636148.30556,2000-05-03T14:48:57.354,15081.34165
156.86498,0.69403,-1093.61546,395712.64682,3385792.11364,1.10753,0.01247,10534705.21690,2000-05-02T10:38:11.490,15062.21645
156.87499,0.54403,-1089.63326,395643.52977,3385794.66915,1.10450,0.01335,10519417.42491,2000-05-02T06:23:28.435,15062.71320
156.88501,0.55524,-1082.19796,395622.51963,3385822.48850,1.10487,0.01140,10617011.48977,2000-05-03T09:30:06.426,15078.80751
156.89499,0.56549,-1089.59749,395678.67306,3385810.05396,1.10949,0.01268,10670896.77495,2000-05-04T00:28:07.060,15083.35317
156.90500,0.65125,-1092.13015,395711.03946,3385772.83167,1.10800,0.01116,10587297.27271,2000-05-03T01:14:41.543,15071.49781
156.91501,0.66583,-1100.54001,395735.29635,3385800.52912,1.10622,0.01195,10589283.82617,2000-05-03T01:47:42.152,15071.30628
156.92501,0.97992,-1108.00005,395857.04665,3385781.39863,1.10423,0.01303,10650012.85671,2000-05-03T18:39:58.108,15080.45111
156.93501,0.39345,-1082.56693,395604.58806,3385798.29625,1.10671,0.01282,10625821.50896,2000-05-03T11:56:43.403,15077.70424
156.94501,0.83558,-1097.50733,395763.88714,3385789.19381,1.10857,0.01304,10623323.02330,2000-05-03T11:15:14.602,15076.62885
156.95501,0.89580,-1097.47280,395809.93699,3385785.11188,1.11019,0.01264,10667642.25188,2000-05-03T23:33:57.287,15082.63144
156.96500,0.18349,-1073.50516,395495.57080,3385827.99811,1.10529,0.01302,10651925.44496,2000-05-03T19:11:55.066,15083.80329
156.97500,0.52848,-1089.17839,395662.11019,3385777.43993,1.10748,0.01298,10664471.22556,2000-05-03T22:41:05.256,15085.27653
156.98501,0.62536,-1095.47327,395691.33125,3385808.23432,1.10960,0.01285,10691993.97757,2000-05-04T06:19:54.212,15085.39683
156.99499,1.04901,-1116.57140,395938.92153,3385772.86182,1.10796,0.01173,10603351.97965,2000-05-03T05:42:13.841,15073.07476
157.00502,0.30445,-1079.99656,395557.12672,3385781.53950,1.10438,0.01316,10703891.75110,2000-05-04T09:38:01.866,15090.38585
157.01500,0.47131,-1090.48177,395613.22401,3385816.22245,1.10717,0.01237,10624642.33517,2000-05-03T11:37:15.761,15076.96236
157.02499,0.81612,-1102.93478,395756.42063,3385768.11150,1.10397,0.01373,10556696.58692,2000-05-02T16:44:41.701,15067.84158
157.03500,0.17397,-1072.54868,395507.18471,3385794.67898,1.10340,0.01260,10674867.02112,2000-05-04T01:34:20.806,15083.38022
157.04501,0.87153,-1108.67789,395775.74268,3385802.42963,1.10634,0.01306,10659152.61731,2000-05-03T21:12:29.804,15084.07508
157.05498,0.28976,-1084.42576,395553.68999,3385801.82957,1.10343,0.01493,10765940.79122,2000-05-05T02:52:18.882,15095.01866
157.06498,0.67671,-1103.74175,395730.15009,3385779.60245,1.10221,0.01509,10592850.40093,2000-05-03T02:47:23.143,15078.11099
157.07500,0.40154,-1093.66731,395582.84983,3385808.02282,1.10657,0.01467,10789896.35714,2000-05-05T09:31:27.673,15103.19309
157.08499,0.98855,-1110.39198,395831.26694,3385776.56710,1.10454,0.01554,10562448.03480,2000-05-02T18:20:41.227,15067.17319
157.09498,0.47267,-1093.76328,395634.90442,3385815.98493,1.09978,0.01354,10706116.20548,2000-05-04T10:15:15.574,15090.07740
157.10499,0.52341,-1092.04949,395656.52313,3385757.27483,1.10491,0.01220,10648932.13997,2000-05-03T18:22:05.349,15080.60512
157.11500,0.73155,-1108.94961,395725.43529,3385798.08565,1.09699,0.01412,10611248.69919,2000-05-03T07:53:58.491,15077.57426
157.12501,0.44208,-1092.42546,395639.77734,3385774.77141,1.09519,0.01304,10572196.21153,2000-05-02T21:03:05.537,15070.22127
157.13501,0.78465,-1110.88508,395770.08873,3385782.76644,1.10431,0.01165,10666485.07856,2000-05-03T23:14:32.832,15084.72389
157.14501,0.60586,-1110.56974,395674.33540,3385793.25496,1.09873,0.01231,10557933.38994,2000-05-02T17:05:25.679,15067.46795
157.15499,0.36408,-1096.03138,395620.03014,3385766.41197,1.10049,0.01198,10763721.14824,2000-05-05T02:15:17.546,15099.61768
157.16501,0.71360,-1112.64803,395702.46734,3385781.78082,1.09674,0.01448,10576276.76209,2000-05-02T22:11:08.886,15070.50573
157.17499,0.56539,-1107.73073,395669.08837,3385775.90539,1.09889,0.01294,10573913.78867,2000-05-02T21:31:52.443,15069.33568
157.18501,0.25303,-1092.68663,395527.11412,3385784.65559,1.09189,0.01346,10758600.12852,2000-05-05T00:49:58.324,15099.12218
157.19502,1.26234,-1142.12616,395971.31373,3385757.08790,1.09673,0.01359,10577499.41329,2000-05-02T22:31:30.922,15066.93820
157.20501,0.51399,-1105.44049,395629.06527,3385793.65497,1.10100,0.01440,10590747.62941,2000-05-03T02:12:06.762,15075.63125
157.21501,0.69317,-1117.16197,395722.49989,3385775.73206,1.09750,0.01444,10666981.65013,2000-05-03T23:22:49.969,15085.53382
157.22501,0.93613,-1124.92653,395782.57395,3385761.44260,1.09523,0.01412,10669610.40626,2000-05-04T00:06:35.467,15083.68105
157.23501,0.14094,-1095.03107,395500.53470,3385777.01358,1.09836,0.01460,10665861.64014,2000-05-03T23:04:19.391,15086.50562
157.24501,0.55482,-1111.30726,395620.04216,3385799.69506,1.09889,0.01468,10582355.67950,2000-05-02T23:52:28.255,15072.25106
157.25499,0.52757,-1108.06601,395702.81376,3385737.96723,1.09967,0.01513,10587909.27582,2000-05-03T01:24:59.850,15071.52032
157.26501,0.92192,-1126.24118,395961.18902,3385750.00507,1.09720,0.01333,10537263.12993,2000-05-02T11:20:45.340,15067.85237
157.27499,0.38316,-1107.04132,395703.22388,3385813.47960,1.10571,0.01409,10528446.41830,2000-05-02T08:53:53.164,15065.88785
157.28499,0.57692,-1112.75608,395787.20066,3385774.69080,1.10637,0.01297,10463267.76565,2000-05-01T14:47:38.902,15053.88487
157.29499,0.63398,-1117.45200,395798.42583,3385792.41439,1.10998,0.01249,10521585.35812,2000-05-02T06:59:25.840,15065.25290
157.30500,0.58356,-1113.33015,395751.91119,3385765.58954,1.10902,0.01283,10552544.63601,2000-05-02T15:35:34.879,15064.74877
157.31501,0.68534,-1111.37314,395857.65143,3385734.47105,1.11740,0.01334,10628976.17067,2000-05-03T12:49:31.207,15079.24784
157.32501,0.31035,-1098.22679,395688.16514,3385741.81754,1.11050,0.01374,10493720.27738,2000-05-01T23:15:14.333,15056.25040
157.33499,0.48678,-1114.15143,395740.32080,3385783.11565,1.11754,0.01334,10658789.14617,2000-05-03T21:06:17.627,15083.12732
157.34498,0.67105,-1116.56808,395790.57237,3385743.87279,1.11600,0.01391,10611283.77152,2000-05-03T07:54:36.661,15077.91261
157.35498,0.39777,-1112.35882,395727.86651,3385755.65895,1.11600,0.01388,10668678.73772,2000-05-03T23:51:09.958,15081.53660
157.36498,0.37114,-1108.49366,395684.77139,3385728.23054,1.11215,0.01286,10593380.08146,2000-05-03T02:56:14.935,15073.25812
157.37500,0.37207,-1119.29983,395693.01726,3385773.84165,1.10977,0.01299,10590755.74422,2000-05-03T02:12:28.723,15074.28401
157.38500,0.76253,-1131.12383,395817.59479,3385771.60552,1.11093,0.01300,10575252.81649,2000-05-02T21:54:09.087,15070.03022
157.39501,0.65848,-1125.68479,395811.39790,3385708.75196,1.10545,0.01281,10582537.06550,2000-05-02T23:55:23.022,15074.65370
157.40502,0.33563,-1108.43527,395634.54209,3385765.90822,1.10047,0.01368,10572999.53206,2000-05-02T21:16:41.246,15067.44707
157.41501,0.63384,-1127.16227,395761.63661,3385762.84603,1.10223,0.01319,10622378.65693,2000-05-03T10:59:31.839,15079.68650
157.42498,0.31162,-1114.88842,395610.34336,3385780.91001,1.09979,0.01358,10736668.93321,2000-05-04T18:44:23.140,15095.16174
157.43499,0.18090,-1107.22147,395588.45596,3385772.17769,1.09929,0.01492,10636900.55497,2000-05-03T15:01:47.631,15075.63105
157.44500,0.98571,-1136.30051,395894.47077,3385755.79300,1.10194,0.01371,10632097.55068,2000-05-03T13:41:35.434,15082.64473
157.45500,0.60988,-1123.51131,395779.05450,3385747.67565,1.09891,0.01062,10643233.78621,2000-05-03T16:47:01.860,15082.92766
157.46501,0.69178,-1130.34807,395794.24140,3385746.32674,1.10492,0.01222,10565146.46754,2000-05-02T19:05:49.764,15070.99551
157.47502,0.34667,-1117.96596,395716.12940,3385768.12361,1.10335,0.01374,10658540.94644,2000-05-03T21:02:17.691,15087.05107
157.48500,0.79241,-1133.52859,395861.72294,3385746.96573,1.10351,0.01371,10606783.21783,2000-05-03T06:39:34.143,15077.60002
157.49499,0.89930,-1143.06255,395930.47883,3385721.30916,1.10672,0.01242,10551332.51253,2000-05-02T15:15:29.516,15062.91662
157.50499,0.46942,-1129.73559,395774.70126,3385756.80714,1.10727,0.01279,10566333.56150,2000-05-02T19:25:25.131,15072.47476
157.51501,0.56361,-1131.48690,395780.83111,3385728.01785,1.10384,0.01245,10585433.40158,2000-05-03T00:43:48.384,15072.55306
157.52499,0.53794,-1135.98963,395797.35106,3385734.66104,1.10485,0.01336,10645433.29922,2000-05-03T17:23:51.444,15078.47355
157.53500,0.80516,-1135.03809,395896.33784,3385721.94989,1.10737,0.01202,10625480.69541,2000-05-03T11:51:19.461,15077.64212
157.54501,0.85773,-1141.04711,395907.03459,3385751.57790,1.10470,0.01266,10682196.95725,2000-05-04T03:36:37.796,15093.08812
157.55499,0.67752,-1133.57157,395807.35840,3385766.48072,1.10508,0.01335,10590273.09779,2000-05-03T02:04:19.581,15072.21310
157.56500,0.67098,-1138.37639,395785.77486,3385777.26646,1.10817,0.01265,10529587.86952,2000-05-02T09:13:00.638,15067.01608
157.57500,0.60987,-1130.73432,395796.09352,3385732.51615,1.11136,0.01183,10630443.28673,2000-05-03T13:14:05.737,15081.55415
157.58501,0.63010,-1125.17111,395787.21159,3385763.91755,1.11544,0.01565,10581864.88517,2000-05-02T23:44:21.513,15064.96214
157.59500,0.61911,-1120.46284,395738.08561,3385771.93501,1.11495,0.01535,10587314.03053,2000-05-03T01:15:15.168,15071.70374
157.60499,0.97741,-1138.55745,395896.45808,3385748.47090,1.11535,0.01511,10691435.89797,2000-05-04T06:10:34.467,15091.66133
157.61499,0.49634,-1117.90316,395772.46344,3385744.56852,1.11645,0.01477,10578442.32611,2000-05-02T22:47:11.255,15070.16071
157.62500,0.82765,-1133.13085,395885.70994,3385734.93332,1.11274,0.01483,10608512.57776,2000-05-03T07:08:31.117,15077.61633
157.63499,0.54791,-1118.27701,395771.70714,3385765.97163,1.11751,0.01467,10634063.94957,2000-05-03T14:14:22.557,15077.64071
157.64499,0.74302,-1129.29956,395938.34340,3385701.20306,1.11511,0.01530,10612724.00057,2000-05-03T08:18:30.995,15079.10389
157.65499,0.94340,-1138.61955,395991.63522,3385683.79461,1.11575,0.01291,10577169.91494,2000-05-02T22:25:56.931,15070.87791
157.66501,0.68212,-1130.16395,395789.78689,3385775.01248,1.11459,0.01156,10611273.44449,2000-05-03T07:54:28.512,15074.09749
157.67500,0.94612,-1137.49376,395932.77558,3385735.08542,1.11176,0.01195,10630118.21347,2000-05-03T13:08:28.196,15079.09486
157.68499,0.75921,-1128.92522,395823.04175,3385765.20163,1.10925,0.01226,10587440.00456,2000-05-03T01:17:07.740,15073.38261
157.69501,0.53647,-1114.07920,395728.91998,3385743.65142,1.10992,0.01258,10566621.62103,2000-05-02T19:30:15.086,15067.69786
157.70501,0.50937,-1115.37032,395685.29360,3385793.07621,1.11063,0.01178,10719939.29290,2000-05-04T14:05:37.141,15094.27616
157.71500,0.69915,-1124.51344,395814.41120,3385792.68519,1.11320,0.01193,10636214.79050,2000-05-03T14:50:13.535,15079.04774
157.72497,0.56665,-1115.74899,395731.87027,3385774.34982,1.11086,0.01115,10606381.62420,2000-05-03T06:33:00.969,15077.74783
157.73498,1.00638,-1131.65683,395895.77451,3385760.23458,1.10920,0.01135,10690023.88068,2000-05-04T05:47:01.792,15086.99580
157.74501,0.47224,-1109.13065,395700.33539,3385774.06292,1.11566,0.01380,10687818.07513,2000-05-04T05:10:07.765,15090.69366
157.75501,0.56326,-1116.85066,395742.62260,3385778.02752,1.11451,0.01315,10602689.70515,2000-05-03T05:31:27.055,15072.61138
157.76500,0.57580,-1114.23546,395725.52519,3385779.80436,1.11732,0.01377,10643988.79763,2000-05-03T16:59:43.841,15080.47297
157.77500,0.89775,-1131.99654,395882.45179,3385743.56166,1.11598,0.01295,10672627.33299,2000-05-04T00:56:57.190,15085.12047
157.78500,0.69949,-1124.12544,395834.19286,3385739.89735,1.11483,0.01326,10662336.57156,2000-05-03T22:05:23.981,15081.50752
157.79499,0.56333,-1122.87715,396030.84439,3385706.00771,1.11835,0.01365,10577339.45053,2000-05-02T22:28:47.682,15072.61522
157.80500,0.70330,-1140.57573,395997.81124,3385753.48570,1.11901,0.01762,10690257.18544,2000-05-04T05:50:49.883,15087.67040
157.81500,0.78328,-1136.95718,395986.33266,3385735.31721,1.12294,0.01598,10711211.30632,2000-05-04T11:40:03.502,15092.23109
157.82501,0.28578,-1121.33109,395705.90174,3385769.68735,1.11784,0.01602,10662674.07128,2000-05-03T22:11:08.353,15085.15943
157.83500,1.23142,-1155.11581,396158.14517,3385707.90018,1.11856,0.01424,10689357.43991,2000-05-04T05:35:51.373,15087.32292
157.84502,0.58791,-1132.69043,395944.31072,3385743.14660,1.11512,0.01470,10577073.67877,2000-05-02T22:24:24.147,15072.34110
157.85501,1.09829,-1157.92146,396140.34056,3385705.53495,1.11648,0.01445,10518054.75031,2000-05-02T06:00:44.596,15063.92325
157.86500,0.73400,-1145.35916,395982.96555,3385725.09406,1.12174,0.01452,10757772.07593,2000-05-05T00:36:11.758,15097.63105
157.87500,0.92779,-1156.50030,396052.14560,3385724.70345,1.11804,0.01594,10602623.65246,2000-05-03T05:30:16.762,15074.98160
157.88501,0.87138,-1154.97700,396028.04406,3385697.63763,1.12035,0.01320,10666924.71150,2000-05-03T23:22:07.182,15084.13140
157.89500,0.71818,-1155.47218,395948.09427,3385740.19365,1.11786,0.01341,10641267.48738,2000-05-03T16:14:22.455,15080.09164
157.90499,0.88622,-1163.14169,396123.72516,3385688.59658,1.11745,0.01437,10519853.50388,2000-05-02T06:30:40.322,15065.60784
157.91499,1.15371,-1176.80673,396181.78762,3385711.96191,1.11450,0.01351,10617469.14512,2000-05-03T09:37:46.420,15075.70579
157.92501,0.71513,-1156.24936,395971.19316,3385717.00193,1.11462,0.01373,10684730.51345,2000-05-04T04:18:47.228,15086.02143
157.93501,0.72831,-1159.92900,395920.26184,3385717.12266,1.11746,0.01387,10578636.30905,2000-05-02T22:50:26.676,15073.19019
157.94501,0.80648,-1163.69651,396020.83798,3385707.59617,1.11780,0.01557,10648625.08926,2000-05-03T18:17:03.212,15082.32124
157.95501,1.09569,-1178.81552,396084.67044,3385709.46465,1.11658,0.01752,10571051.91752,2000-05-02T20:44:03.733,15069.89950
157.96500,0.75381,-1167.71449,395995.37088,3385689.73615,1.11762,0.01534,10666536.62833,2000-05-03T23:15:32.725,15086.50186
157.97500,0.79064,-1168.49200,395983.26012,3385698.03359,1.11825,0.01582,10688593.03086,2000-05-04T05:23:06.140,15086.46487
157.98499,0.80596,-1171.96843,395980.29771,3385704.57881,1.11069,0.01686,10496269.10943,2000-05-01T23:57:40.683,15058.02538
157.99499,0.81132,-1168.37130,395968.73429,3385717.82455,1.11338,0.01678,10677662.57247,2000-05-04T02:21:04.289,15085.09071
158.00499,0.84063,-1170.33357,396009.93383,3385684.85291,1.11206,0.01386,10564892.90900,2000-05-02T19:01:33.367,15070.33233
158.01501,0.41764,-1154.38512,395777.85113,3385721.75949,1.11397,0.01355,10736448.92536,2000-05-04T18:40:45.315,15100.32106
158.02498,0.83900,-1171.19913,396028.70121,3385658.85188,1.11154,0.01454,10515808.36314,2000-05-02T05:23:24.997,15063.07881
158.03500,0.95911,-1178.23021,395992.91404,3385712.79224,1.12149,0.01370,10452892.45832,2000-05-01T11:54:46.532,15054.83981
158.04499,0.80887,-1176.49316,395977.26471,3385664.36110,1.12198,0.01298,10548297.56053,2000-05-02T14:24:45.870,15065.84900
158.05500,0.44592,-1166.13356,395792.91723,3385739.05173,1.11628,0.01398,10640353.77684,2000-05-03T15:59:05.888,15084.33335
158.06500,0.67940,-1166.06206,395937.52555,3385675.98141,1.11715,0.01382,10564342.26013,2000-05-02T18:52:19.644,15067.63659
158.07500,1.11922,-1184.76667,396112.02648,3385682.59979,1.11845,0.01529,10528867.12298,2000-05-02T09:01:06.210,15069.46828
158.08500,0.63792,-1169.19373,395935.53194,3385658.27440,1.10994,0.01565,10610103.93746,2000-05-03T07:34:58.123,15075.75055
158.09501,0.90369,-1180.94385,396022.93727,3385698.33383,1.11650,0.01732,10463926.26615,2000-05-01T14:58:40.259,15055.61179
158.10502,0.81235,-1177.86240,395970.14381,3385699.19222,1.11696,0.01649,10536788.63176,2000-05-02T11:13:06.138,15064.57145
158.11499,0.94026,-1181.62078,396035.13632,3385677.21321,1.11703,0.01522,10638527.90795,2000-05-03T15:28:47.622,15081.52485
158.12500,0.95000,-1183.20437,396044.60090,3385673.28993,1.11928,0.01370,10509214.45182,2000-05-02T03:33:30.709,15056.69283
158.13503,0.77626,-1180.26296,395950.65260,3385699.21739,1.11561,0.01074,10499497.39863,2000-05-02T00:51:25.492,15062.61311
158.14502,0.70339,-1172.52161,395954.93411,3385644.61344,1.11741,0.01028,10574415.91783,2000-05-02T21:40:06.823,15071.54789
158.15500,0.75664,-1178.43733,395959.66101,3385685.24242,1.11813,0.00767,10488540.71347,2000-05-01T21:48:52.550,15059.99016
158.16502,1.24308,-1205.22214,396161.04005,3385658.21942,1.11343,0.00880,10578337.72607,2000-05-02T22:45:37.011,15072.90518
158.17499,0.81325,-1185.60429,395966.22794,3385682.33433,1.11653,0.00834,10520313.43843,2000-05-02T06:38:20.992,15061.37268
158.18500,0.83908,-1188.82498,396051.67941,3385605.02827,1.11970,0.00825,10485977.90275,2000-05-01T21:06:21.130,15059.45162
158.19500,1.19061,-1209.25702,396128.85323,3385674.38091,1.11674,0.00766,10453126.86176,2000-05-01T11:58:37.952,15054.99137
158.20499,0.68567,-1178.56666,395932.39442,3385681.21995,1.11313,0.00877,10486891.36805,2000-05-01T21:21:27.260,15057.65494
158.21500,0.77154,-1183.56385,395965.67634,3385649.30912,1.11659,0.00963,10439187.28112,2000-05-01T08:06:24.818,15053.30704
158.22503,1.11936,-1201.22990,396113.97286,3385639.49274,1.11425,0.01115,10510988.30845,2000-05-02T04:03:09.452,15060.79797
158.23501,0.53564,-1177.43918,395815.68357,3385690.69827,1.11707,0.01161,10578046.39727,2000-05-02T22:40:44.183,15075.58674
158.24499,0.68192,-1189.43342,395956.09396,3385669.30960,1.11782,0.01409,10496934.69097,2000-05-02T00:08:46.125,15060.24397
158.25500,0.79967,-1190.80647,395974.98479,3385638.93005,1.11976,0.01270,10534082.13471,2000-05-02T10:27:54.742,15065.67516
158.26500,0.86912,-1193.01420,395985.56858,3385662.34442,1.11616,0.01050,10445990.51560,2000-05-01T09:59:44.550,15053.02390
158.27499,0.73633,-1190.11708,395915.58205,3385665.69241,1.12074,0.01097,10438556.61865,2000-05-01T07:55:52.619,15052.55489
158.28500,0.71813,-1185.75668,395977.53451,3385651.63798,1.12206,0.01206,10393815.35788,2000-04-30T19:30:06.942,15043.71495
158.29499,0.69887,-1176.78610,395927.75556,3385653.16777,1.12563,0.01101,10520856.84512,2000-05-02T06:47:36.343,15065.86306
158.30500,0.97603,-1195.90609,396081.30234,3385639.10327,1.12161,0.00832,10441716.06072,2000-05-01T08:48:28.629,15051.94293
158.31501,0.67372,-1177.57711,395949.38997,3385648.11203,1.12228,0.00847,10478850.91032,2000-05-01T19:07:22.897,15061.51406
158.32499,0.46697,-1166.72370,395839.74621,3385677.44670,1.12634,0.00795,10477418.08013,2000-05-01T18:43:34.481,15058.10447
158.33500,0.67319,-1180.69165,395983.96700,3385658.48040,1.12376,0.00860,10399678.13327,2000-04-30T21:07:58.720,15045.77646
158.34501,1.05369,-1192.45096,396075.82491,3385658.08995,1.12465,0.01250,10450649.66055,2000-05-01T11:17:28.020,15044.07519
158.35499,0.82197,-1180.11144,395978.19216,3385639.26306,1.11810,0.01173,10489698.02935,2000-05-01T22:08:06.376,15060.49441
158.36500,1.05788,-1190.31353,396092.41231,3385652.66303,1.12097,0.01303,10437461.33193,2000-05-01T07:37:38.690,15050.82406
158.37501,0.55110,-1171.89292,395829.44930,3385691.69496,1.11520,0.01206,10424573.12025,2000-05-01T04:02:51.541,15048.52678
158.38500,1.19197,-1196.99794,396147.55551,3385641.92182,1.11265,0.01299,10428096.57956,2000-05-01T05:01:39.223,15047.40046
158.39499,0.75253,-1172.93827,395959.24270,3385643.21062,1.11716,0.01359,10488593.23473,2000-05-01T21:49:50.294,15059.36183
158.40499,0.96724,-1184.34943,396035.27461,3385661.98611,1.11638,0.01274,10410240.04035,2000-05-01T00:04:00.996,15049.26444
158.41501,0.71122,-1180.79323,395935.20200,3385680.95425,1.11533,0.01348,10516457.02047,2000-05-02T05:34:16.583,15063.24738
158.42501,1.05868,-1190.37830,396071.25348,3385619.96932,1.11582,0.01324,10402391.39505,2000-04-30T21:53:08.467,15045.03841
158.43500,0.42473,-1169.36563,395846.97262,3385640.42255,1.11765,0.01330,10480128.81601,2000-05-01T19:28:50.058,15055.07492
158.44499,0.90002,-1189.44178,395966.57552,3385681.82818,1.11460,0.01209,10401539.54469,2000-04-30T21:39:04.553,15044.59148
158.45499,0.64508,-1166.53838,395857.77817,3385677.52169,1.11860,0.01028,10701751.97248,2000-05-04T09:02:17.689,15090.03185
158.46499,0.54927,-1174.53155,395782.31887,3385714.32119,1.11644,0.00929,10622957.20473,2000-05-03T11:09:17.238,15079.63702
158.47501,0.54699,-1177.47438,395820.11380,3385685.33070,1.10760,0.01039,10557142.28147,2000-05-02T16:52:19.415,15070.66086
158.48500,1.00017,-1190.42084,396038.44523,3385670.16139,1.11369,0.01068,10626101.55131,2000-05-03T12:01:38.015,15078.45594
158.49498,0.66267,-1179.88876,395913.42704,3385671.12850,1.11591,0.01751,10503408.63305,2000-05-02T01:56:39.335,15065.37488
158.50499,0.82050,-1190.87138,395976.82075,3385667.22556,1.11341,0.01452,10524247.91682,2000-05-02T07:44:03.678,15060.71274
158.51499,0.63922,-1187.58467,395893.26810,3385644.98767,1.11459,0.01506,10603149.35533,2000-05-03T05:39:10.829,15078.23986
158.52498,0.41161,-1180.73153,395797.58544,3385675.20791,1.11202,0.01256,10398197.44162,2000-04-30T20:43:09.202,15041.17187
158.53499,0.81443,-1195.35456,396015.06050,3385603.49410,1.11421,0.01158,10635113.06198,2000-05-03T14:31:38.113,15079.28715
158.54500,0.37807,-1179.45541,395844.74175,3385660.95995,1.11189,0.01195,10574613.01829,2000-05-02T21:43:23.753,15073.11862
158.55500,0.97752,-1209.05986,396043.39374,3385644.07149,1.11302,0.01252,10550979.70529,2000-05-02T15:09:21.258,15071.07256
158.56501,0.45897,-1189.68573,395849.29478,3385648.03364,1.11215,0.01160,10598341.55814,2000-05-03T04:18:49.011,15076.42460
158.57501,0.85498,-1199.65843,396040.82898,3385603.69443,1.11406,0.01175,10398861.15892,2000-04-30T20:54:06.914,15045.84493
158.58501,0.92774,-1200.64878,396049.23824,3385622.23486,1.10983,0.01087,10535976.19262,2000-05-02T10:59:30.160,15066.15715
158.59501,0.43827,-1185.67607,395814.81734,3385669.17555,1.10823,0.01109,10550058.89777,2000-05-02T14:54:11.946,15068.83340
158.60498,0.83543,-1195.99644,395951.17418,3385657.39286,1.10973,0.00977,10510890.71081,2000-05-02T04:01:18.068,15060.73548
158.61500,0.46794,-1185.06425,395870.22388,3385637.29026,1.11301,0.00988,10504690.40661,2000-05-02T02:17:54.590,15059.93676
158.62500,0.60812,-1195.52204,395868.74798,3385661.09177,1.10701,0.00976,10572920.66292,2000-05-02T21:15:06.728,15072.12267
158.63500,0.55776,-1188.40450,395859.25801,3385642.62514,1.11320,0.00991,10569165.18923,2000-05-02T20:12:31.233,15070.85197
158.64501,0.98725,-1201.57610,396090.00969,3385617.77715,1.11697,0.01169,10433197.08264,2000-05-01T06:26:27.332,15050.76690
158.65500,0.36412,-1175.22583,395749.02640,3385707.16986,1.11486,0.01191,10550904.95960,2000-05-02T15:08:10.351,15066.15431
158.66500,0.69690,-1188.88087,395972.20911,3385632.19968,1.11452,0.01217,10556759.17311,2000-05-02T16:45:41.943,15067.64014
158.67500,0.46259,-1182.94282,395843.76467,3385677.78864,1.11042,0.01170,10617126.06980,2000-05-03T09:31:57.262,15078.70043
158.68500,0.63718,-1192.32218,395852.35263,3385690.25172,1.10964,0.01243,10547121.53357,2000-05-02T14:05:10.886,15067.23898
158.69501,0.93306,-1204.72000,395986.61019,3385690.07680,1.10836,0.01207,10682142.43077,2000-05-04T03:35:30.909,15086.87675
158.70499,0.59138,-1190.40269,395853.81872,3385688.59185,1.10869,0.01204,10685984.10257,2000-05-04T04:39:24.786,15087.57181
158.71501,0.59919,-1193.43568,395849.07845,3385649.31981,1.11130,0.01168,10525180.49778,2000-05-02T07:59:22.965,15061.83084
158.72502,0.88266,-1203.92541,395960.08568,3385665.25290,1.11440,0.00902,10707470.57781,2000-05-04T10:37:45.473,15092.86168
158.73501,0.36896,-1184.37820,395863.97938,3385618.71087,1.11345,0.00988,10480426.79336,2000-05-01T19:33:36.808,15059.47850
158.74500,0.86222,-1206.36892,395980.62754,3385674.41292,1.11455,0.00971,10634012.83631,2000-05-03T14:13:27.035,15079.22686
158.75500,0.36254,-1188.67178,395789.33920,3385669.35457,1.12184,0.01005,10429267.31040,2000-05-01T05:20:50.017,15048.82892
158.76501,0.63467,-1196.98422,395895.52463,3385669.32135,1.12211,0.00974,10623044.19971,2000-05-03T11:10:35.854,15082.41389
158.77499,0.83185,-1203.16954,395998.50150,3385628.36946,1.11820,0.00967,10581530.47905,2000-05-02T23:38:41.475,15074.13171
158.78500,0.55691,-1194.87382,395847.49297,3385678.49316,1.11503,0.01046,10496942.15513,2000-05-02T00:08:53.024,15058.52528
158.79498,0.70352,-1202.30208,395948.83984,3385632.54086,1.12252,0.01040,10528968.72824,2000-05-02T09:02:40.453,15066.07749
158.80500,0.78589,-1206.48525,395943.69048,3385647.09405,1.11880,0.00897,10432981.05637,2000-05-01T06:22:49.979,15053.86055
158.81500,0.19966,-1182.98336,395726.38099,3385676.29827,1.11729,0.00994,10545984.63816,2000-05-02T13:46:18.674,15066.28484
158.82500,0.66231,-1198.29751,395906.55406,3385633.49204,1.11351,0.01003,10541348.90997,2000-05-02T12:28:59.785,15062.91430
158.83499,0.58924,-1201.13356,395900.86701,3385637.71721,1.11316,0.00860,10546114.53838,2000-05-02T13:48:25.437,15071.95181
158.84500,0.65424,-1206.30564,395888.72620,3385657.70235,1.10807,0.01139,10476772.00874,2000-05-01T18:32:40.451,15055.51789
158.85500,0.59935,-1194.43401,395900.69515,3385645.67841,1.12215,0.01003,10587637.23472,2000-05-03T01:20:28.929,15069.93030
158.86502,0.78919,-1200.87663,395931.89602,3385657.77914,1.11366,0.00771,10623391.84870,2000-05-03T11:16:26.428,15080.80322
158.87498,0.60852,-1194.49215,395843.44434,3385680.39302,1.12173,0.00776,10523499.23268,2000-05-02T07:31:24.774,15064.76610
158.88501,0.79515,-1202.64676,395938.33980,3385680.27101,1.11908,0.00864,10595863.81389,2000-05-03T03:37:36.976,15075.66717
158.89500,0.71947,-1198.94449,395941.38315,3385633.40492,1.12683,0.00768,10503121.32780,2000-05-02T01:51:40.823,15061.61160
158.90500,0.87500,-1207.86046,395980.19802,3385681.52402,1.12286,0.00872,10658992.90574,2000-05-03T21:09:42.797,15082.42603
158.91502,0.74235,-1203.74485,395968.63139,3385677.23336,1.12010,0.00814,10730581.12079,2000-05-04T17:02:41.458,15094.98767
158.92501,0.56130,-1197.57289,395831.28841,3385695.59452,1.12127,0.00888,10709763.78756,2000-05-04T11:15:54.040,15091.82616
158.93499,0.89554,-1215.30101,396008.79296,3385637.59228,1.12160,0.00764,10524459.36605,2000-05-02T07:47:29.551,15065.48699
158.94502,0.85734,-1217.02118,395975.97041,3385658.15215,1.12369,0.00903,10612857.17632,2000-05-03T08:20:42.349,15077.39583
158.95501,0.72390,-1219.25597,395893.68903,3385714.75373,1.12298,0.00828,10613219.37754,2000-05-03T08:26:53.931,15080.11548
158.96499,0.63761,-1207.64209,395899.75570,3385648.36762,1.12493,0.00799,10718079.44542,2000-05-04T13:34:25.016,15092.96349
158.97500,0.86952,-1221.91979,395974.87724,3385700.18662,1.12270,0.00801,10561133.33631,2000-05-02T17:58:47.124,15069.47003
158.98500,0.57411,-1206.19331,395891.37699,3385659.47536,1.12092,0.00925,10665001.48455,2000-05-03T22:49:49.850,15086.40079
158.99499,0.78667,-1219.84600,395920.97184,3385705.90950,1.12464,0.00845,10595605.89181,2000-05-03T03:33:09.316,15070.14034
159.00500,0.59016,-1210.97391,395933.93477,3385643.71928,1.12510,0.00949,10597209.99984,2000-05-03T03:59:51.151,15076.30009
159.01501,0.80448,-1216.53160,395929.25609,3385681.31122,1.12480,0.00992,10687488.44030,2000-05-04T05:04:40.911,15089.99266
159.02499,0.61890,-1200.53292,395911.82348,3385672.89202,1.12419,0.00857,10602091.48339,2000-05-03T05:21:21.818,15073.67346
159.03501,1.13733,-1227.99656,396099.56368,3385669.38661,1.12157,0.00889,10647715.48219,2000-05-03T18:01:40.934,15083.49589
159.04499,0.62166,-1201.04957,395869.06292,3385688.66901,1.12479,0.00880,10660548.68559,2000-05-03T21:35:39.770,15081.48619
159.05498,0.74752,-1205.44080,395951.14901,3385681.05553,1.12498,0.01126,10650909.68159,2000-05-03T18:55:01.216,15084.11018
159.06500,0.49851,-1197.29371,395872.39878,3385719.62296,1.12190,0.01049,10592996.42237,2000-05-03T02:49:55.237,15072.39572
159.07500,0.88305,-1207.89325,396034.16627,3385689.56186,1.12194,0.00787,10621859.93927,2000-05-03T10:50:43.282,15080.75413
159.08500,0.32445,-1176.68148,395879.92214,3385756.01075,1.12562,0.00864,10570975.21936,2000-05-02T20:42:39.772,15069.19527
159.09502,0.70061,-1197.55284,395857.77989,3385675.56351,1.12071,0.00737,10590925.70435,2000-05-03T02:15:24.239,15076.58170
159.10499,0.96981,-1212.95157,395988.27493,3385687.73833,1.11916,0.00833,10673706.83067,2000-05-04T01:14:55.018,15087.25902
159.11500,0.54817,-1189.08416,395796.35628,3385663.48291,1.12041,0.00768,10722273.66801,2000-05-04T14:44:21.507,15090.66601
159.12498,0.69315,-1199.35130,395915.11506,3385677.19585,1.12174,0.00848,10618430.68126,2000-05-03T09:53:35.940,15078.20361
159.13500,0.65423,-1196.99376,395944.54752,3385653.45972,1.12276,0.00976,10753124.08938,2000-05-04T23:18:22.495,15095.18530
159.14500,0.84883,-1198.41566,395902.02260,3385662.62854,1.12303,0.01097,10628370.75838,2000-05-03T12:39:28.756,15076.49558
159.15501,0.46712,-1182.34176,395728.35873,3385709.98986,1.12100,0.01118,10701286.58649,2000-05-04T08:54:36.146,15094.58840
159.16501,0.64855,-1184.91769,395859.20036,3385642.88743,1.12105,0.01107,10614687.10938,2000-05-03T08:51:17.913,15075.68994
159.17501,0.38061,-1172.86956,395700.78520,3385702.93715,1.12539,0.01012,10659802.01810,2000-05-03T21:23:11.259,15084.01738
159.18499,0.80522,-1197.85041,395927.76466,3385652.20977,1.11607,0.00893,10723956.21389,2000-05-04T15:12:42.068,15091.37530
159.19500,0.77111,-1204.51522,395898.78928,3385658.74269,1.12027,0.00757,10792706.65633,2000-05-05T10:18:17.120,15098.32411
159.20502,0.82933,-1210.34406,395950.47029,3385650.29954,1.12225,0.00733,10685757.60653,2000-05-04T04:35:39.341,15090.24370
159.21501,0.82682,-1201.55815,395922.07579,3385639.63345,1.11834,0.01084,10660756.49363,2000-05-03T21:39:12.873,15084.59974
159.22500,0.47535,-1193.34359,395801.07137,3385668.38589,1.11953,0.00932,10813377.12211,2000-05-05T16:02:45.708,15106.88586
159.23500,0.78990,-1205.50599,395931.61661,3385624.40377,1.11631,0.00916,10645966.12407,2000-05-03T17:32:32.897,15080.99223
159.24498,0.84489,-1211.37021,395944.56352,3385665.65665,1.12435,0.00871,10720431.79030,2000-05-04T14:13:43.754,15093.26508
159.25500,0.44202,-1196.46174,395784.90642,3385659.08400,1.11547,0.00976,10696825.57782,2000-05-04T07:40:12.596,15090.15922
159.26498,0.69142,-1205.27345,395913.21725,3385645.76022,1.12072,0.00936,10724986.04432,2000-05-04T15:29:38.240,15093.48687
159.27499,1.00206,-1213.45997,395996.05732,3385649.80808,1.12116,0.00887,10812259.81314,2000-05-05T15:44:05.131,15103.94379
159.28501,0.66117,-1196.15154,395905.96773,3385641.97350,1.11584,0.00974,10834483.81171,2000-05-05T21:54:36.931,15109.31852
159.29498,0.79136,-1204.96647,395907.44496,3385679.56503,1.12114,0.00964,10650779.34496,2000-05-03T18:52:50.645,15081.19270
159.30499,0.76323,-1204.29849,395971.05380,3385642.63877,1.11714,0.00850,10798383.83646,2000-05-05T11:53:03.461,15102.01019
159.31499,0.71277,-1200.88913,395969.12124,3385630.08603,1.10989,0.00898,10817866.30641,2000-05-05T17:17:44.395,15110.32615
159.32499,0.71900,-1201.80327,395863.99504,3385655.39618,1.10638,0.00990,10829288.20739,2000-05-05T20:28:00.534,15101.75162
159.33500,0.74067,-1202.34340,395870.98315,3385655.55379,1.10640,0.00871,10638155.99389,2000-05-03T15:22:25.233,15085.08559
159.34498,0.42526,-1183.00920,395739.72346,3385684.72797,1.11161,0.00943,10802369.15229,2000-05-05T12:59:26.099,15106.41026
159.35499,0.67270,-1193.85155,395854.47625,3385639.40737,1.11287,0.00942,10715754.87657,2000-05-04T12:55:39.463,15089.66683
159.36498,0.89552,-1201.62538,395923.69486,3385659.24394,1.11854,0.00943,10696077.40133,2000-05-04T07:27:49.461,15088.27185
159.37499,0.92414,-1208.08545,395977.92640,3385640.64744,1.11135,0.00881,10800662.19629,2000-05-05T12:30:47.957,15109.31216
159.38502,0.55018,-1193.63330,395787.07061,3385674.65754,1.10821,0.00923,10700017.82406,2000-05-04T08:33:35.453,15090.04675
159.39501,0.51445,-1190.21755,395751.93595,3385686.04194,1.11386,0.00907,10626483.23130,2000-05-03T12:07:43.937,15078.47187
159.40502,0.84042,-1207.44488,395908.41367,3385683.10608,1.11433,0.00946,10770267.64157,2000-05-05T04:04:25.290,15097.08117
159.41500,0.45308,-1189.21660,395781.98394,3385654.90688,1.10626,0.00933,10817626.94870,2000-05-05T17:13:34.170,15107.33816
159.42500,0.76705,-1205.96165,395874.51692,3385690.94163,1.10441,0.00873,10769744.72944,2000-05-05T03:55:35.593,15098.54824
159.43500,0.62818,-1190.16268,395824.30329,3385665.32239,1.10598,0.00954,10718662.42092,2000-05-04T13:44:14.015,15091.13351
159.44499,0.67943,-1197.53689,395830.86107,3385690.27686,1.11030,0.00995,10810729.84819,2000-05-05T15:18:44.209,15104.73851
159.45502,0.38146,-1182.84311,395718.52749,3385684.32668,1.10807,0.00904,10683723.28475,2000-05-04T04:01:46.982,15085.79163
159.46501,0.97605,-1211.53995,395957.85768,3385696.44387,1.10980,0.00869,10815715.39531,2000-05-05T16:41:46.813,15107.91795
159.47500,0.61661,-1204.35369,395816.04310,3385683.36623,1.10573,0.00966,10564745.89731,2000-05-02T18:58:57.400,15067.83851
159.48500,0.70100,-1214.08010,395880.61727,3385643.29442,1.10676,0.00912,10753046.93164,2000-05-04T23:17:13.644,15099.43278
159.49500,0.58433,-1210.04003,395809.32780,3385662.66701,1.10395,0.01018,10692086.56306,2000-05-04T06:21:18.202,15085.99126
159.50501,0.78710,-1216.22924,395904.86908,3385629.86407,1.10799,0.01183,10746784.74273,2000-05-04T21:32:46.155,15098.54301
159.51501,0.33533,-1195.87501,395709.98555,3385666.79172,1.10910,0.01020,10715171.08527,2000-05-04T12:46:03.195,15093.12051
159.52501,0.43364,-1200.29715,395771.68235,3385646.48775,1.11267,0.01274,10783535.95234,2000-05-05T07:45:27.268,15102.80002
159.53499,0.90132,-1222.02577,395937.83881,3385666.83763,1.11357,0.01113,10662002.67423,2000-05-03T21:59:50.739,15080.43372
159.54499,0.66539,-1205.53414,395877.50883,3385624.72161,1.10879,0.01286,10682610.21711,2000-05-04T03:43:21.826,15087.40037
159.55501,0.51126,-1197.33013,395826.48620,3385634.37278,1.10627,0.01179,10672423.64495,2000-05-04T00:53:30.269,15086.36284
159.56502,0.58429,-1203.50453,395849.17189,3385649.67951,1.10127,0.01221,10689810.64036,2000-05-04T05:43:18.300,15090.78922
159.57501,0.73413,-1212.71991,395886.22708,3385662.45724,1.10237,0.01201,10627910.21218,2000-05-03T12:31:31.510,15075.87677
159.58500,0.60663,-1205.74748,395864.98067,3385627.27763,1.09996,0.01228,10749592.09786,2000-05-04T22:19:36.225,15097.24415
159.59501,0.71125,-1206.58455,395895.43092,3385623.34378,1.10545,0.01335,10754334.78624,2000-05-04T23:38:38.146,15096.99110
159.60501,0.78645,-1211.24882,395923.33145,3385641.48890,1.10140,0.01265,10746594.25932,2000-05-04T21:29:32.950,15096.22613
159.61499,0.88949,-1222.51794,395945.02206,3385634.79585,1.10602,0.01232,10699507.43200,2000-05-04T08:24:59.107,15089.89658
159.62500,0.45489,-1203.46465,395789.59371,3385645.95821,1.10215,0.01353,10758616.03312,2000-05-05T00:49:58.960,15098.10004
159.63500,0.77600,-1216.78762,395910.72432,3385637.04519,1.10409,0.01244,10808376.83307,2000-05-05T14:39:14.983,15103.67222
159.64500,0.45098,-1201.32195,395774.15292,3385648.17418,1.10524,0.01223,10748422.60561,2000-05-04T22:00:09.872,15093.86394
159.65500,0.87493,-1219.28646,395940.99869,3385652.85690,1.10566,0.01244,10714301.81980,2000-05-04T12:31:28.699,15090.84151
159.66499,0.70921,-1218.56355,395857.00133,3385669.67602,1.10837,0.01190,10717073.82443,2000-05-04T13:17:43.300,15094.23422
159.67500,0.51779,-1210.00125,395792.33645,3385646.93142,1.10754,0.01222,10749695.28760,2000-05-04T22:21:10.624,15096.64922
159.68501,0.51698,-1215.43281,395807.74537,3385647.27007,1.10733,0.01203,10768729.32777,2000-05-05T03:38:26.448,15097.37761
159.69501,0.33349,-1206.71509,395693.24790,3385693.35542,1.11026,0.01208,10750837.24000,2000-05-04T22:40:25.474,15096.04266
159.70499,0.89403,-1232.22262,395935.68563,3385641.00959,1.11174,0.00991,10802489.28796,2000-05-05T13:01:17.268,15103.41501
159.71500,0.68607,-1223.60195,395918.95443,3385634.26771,1.10789,0.01109,10728336.19143,2000-05-04T16:25:22.651,15091.99595
159.72499,0.51139,-1212.77586,395777.88811,3385674.32298,1.11225,0.01058,10736404.73800,2000-05-04T18:39:50.884,15084.99471
159.73501,0.64271,-1221.07427,395865.49507,3385624.66676,1.11211,0.01224,10750550.48163,2000-05-04T22:35:39.162,15090.55952
159.74501,0.68089,-1226.23639,395864.89149,3385659.24879,1.10938,0.01066,10649028.66158,2000-05-03T18:23:36.848,15073.94181
159.75500,0.72010,-1230.28015,395886.55065,3385641.20677,1.11435,0.01036,10755090.80601,2000-05-04T23:51:24.918,15094.39547
159.76500,0.71249,-1231.46540,395898.61242,3385646.74811,1.11399,0.01051,10730135.74922,2000-05-04T16:55:20.571,15092.14654
159.77498,0.64111,-1230.29130,395865.36344,3385674.23722,1.11219,0.00943,10808910.74837,2000-05-05T14:48:25.623,15097.76029
159.78501,0.57142,-1222.85722,395854.06079,3385650.73258,1.10809,0.00905,10770946.50602,2000-05-05T04:15:37.282,15098.07344
159.79503,1.20057,-1248.62683,396080.77076,3385647.00635,1.11677,0.01273,10715512.93936,2000-05-04T12:51:44.735,15077.11509
159.80499,0.71763,-1222.00265,395879.31932,3385668.06480,1.11268,0.00903,10765841.38497,2000-05-05T02:50:36.339,15098.03325
159.81500,0.53919,-1218.23666,395828.78389,3385672.21518,1.11524,0.00987,10787832.81205,2000-05-05T08:57:04.999,15095.17720
159.82500,0.58808,-1214.72977,395790.45176,3385689.28072,1.11527,0.00905,10656223.66187,2000-05-03T20:23:32.176,15076.88796
159.83500,0.65129,-1218.76057,395814.04129,3385676.47556,1.11364,0.01064,10898946.08519,2000-05-06T15:49:04.957,15115.43418
159.84500,0.73757,-1218.73130,395837.03499,3385685.54272,1.12046,0.01017,10805210.10590,2000-05-05T13:46:38.844,15101.57591
159.85500,0.48211,-1211.91427,395766.09208,3385668.10661,1.11712,0.00895,10883536.48326,2000-05-06T11:32:12.256,15112.37524
159.86499,0.76982,-1223.84362,395822.21020,3385714.94466,1.12140,0.00847,10716906.63121,2000-05-04T13:15:02.349,15086.25530
159.87499,0.72720,-1225.00892,395846.88394,3385678.52391,1.12302,0.00803,10857042.66863,2000-05-06T04:10:36.630,15107.34919
159.88499,0.73614,-1219.85265,395845.64717,3385690.37929,1.12679,0.00845,10848223.58800,2000-05-06T01:43:35.057,15105.56792
159.89500,0.95445,-1225.06035,395941.39652,3385679.13213,1.12514,0.00808,10685620.23111,2000-05-04T04:33:17.864,15080.60134
159.90500,0.75110,-1211.54379,395829.54269,3385710.08898,1.12223,0.00882,10753935.00740,2000-05-04T23:32:10.445,15092.09187
159.91502,0.48310,-1199.55821,395740.67337,3385665.83690,1.12184,0.00710,10892565.35561,2000-05-06T14:02:35.586,15111.21175
159.92501,0.52675,-1202.95004,395735.90728,3385712.60147,1.11288,0.00722,10765814.98036,2000-05-05T02:50:10.395,15096.00855
159.93501,0.56302,-1206.48180,395805.76799,3385680.64549,1.11064,0.00736,10686597.59524,2000-05-04T04:49:49.460,15086.31685
159.94500,0.78263,-1212.77888,395867.90005,3385671.94465,1.10794,0.00701,10798573.98105,2000-05-05T11:56:09.419,15095.02583
159.95497,0.51898,-1205.76793,395733.64331,3385732.07656,1.10932,0.00705,10617923.51458,2000-05-03T09:45:11.947,15074.01831
159.96501,1.06146,-1230.83305,396058.15463,3385658.46437,1.11116,0.00700,10766611.06249,2000-05-05T03:03:16.103,15093.18185
159.97500,0.62052,-1217.58177,395815.80075,3385708.34716,1.11669,0.00723,10671992.74564,2000-05-04T00:46:20.584,15084.70556
159.98499,0.77497,-1219.86153,395939.71562,3385673.47903,1.11731,0.00755,10784199.59657,2000-05-05T07:56:28.158,15097.54512
159.99499,0.95177,-1225.41521,396026.49900,3385640.32062,1.11869,0.00657,10685212.34448,2000-05-04T04:26:41.447,15082.69328
160.00500,0.51435,-1214.57496,395860.25969,3385655.93205,1.11527,0.00796,10790201.31330,2000-05-05T09:36:34.555,15094.50494
160.01501,0.86707,-1220.70979,396015.15639,3385661.61232,1.11641,0.01130,10787952.55426,2000-05-05T08:58:57.586,15098.70704
160.02499,0.50984,-1207.35890,395801.28683,3385683.56059,1.11993,0.00956,10578046.68178,2000-05-02T22:40:31.433,15064.48334
160.03499,0.75464,-1212.60520,395958.53876,3385654.85271,1.12663,0.01004,10751817.55216,2000-05-04T22:56:48.396,15092.09859
160.04500,0.76356,-1210.60867,395969.16016,3385657.94173,1.12705,0.00719,10777444.86910,2000-05-05T06:04:00.544,15096.49074
160.05499,0.50903,-1204.93908,395877.09032,3385668.74453,1.12282,0.00702,10744623.63115,2000-05-04T20:56:53.809,15092.77337
160.06500,0.72489,-1211.35494,395933.53651,3385680.52228,1.12046,0.00733,10684540.59915,2000-05-04T04:15:29.576,15081.11764
160.07500,0.62817,-1208.44903,395927.78340,3385641.42359,1.11902,0.00744,10743346.41633,2000-05-04T20:35:39.995,15090.57512
160.08499,0.83363,-1220.27683,395981.66399,3385692.84086,1.12462,0.00796,10769676.33928,2000-05-05T03:54:28.181,15093.88165
160.09498,0.81067,-1216.63225,396099.42764,3385641.82421,1.12174,0.00722,10709831.59190,2000-05-04T11:17:05.656,15086.26419
160.10501,0.62555,-1215.63814,395988.85994,3385659.41911,1.12372,0.00662,10764754.27657,2000-05-05T02:32:22.733,15091.59206
160.11499,0.53752,-1212.60523,395907.19591,3385633.03149,1.11920,0.00809,10676006.50037,2000-05-04T01:53:18.380,15079.71117
160.12501,0.87833,-1232.42819,395917.16523,3385641.49271,1.11627,0.00720,10652196.05624,2000-05-03T19:16:27.781,15076.74558
160.13500,0.73338,-1222.96234,395876.38950,3385628.00502,1.11264,0.00690,10766318.67058,2000-05-05T02:58:29.938,15095.83346
160.14499,0.57205,-1218.31443,395807.85555,3385609.45029,1.10981,0.00636,10667010.95846,2000-05-03T23:23:22.939,15082.77744
160.15500,0.79434,-1224.34305,395899.92574,3385628.83476,1.11400,0.00810,10756720.58577,2000-05-05T00:18:34.607,15095.95017
160.16500,0.79930,-1224.56307,395866.90211,3385640.28411,1.11733,0.00685,10632388.94230,2000-05-03T13:46:25.212,15070.82929
160.17499,0.92453,-1225.75202,395958.00703,3385624.70516,1.11672,0.00667,10878742.23217,2000-05-06T10:12:12.544,15111.18003
160.18500,0.52138,-1203.87261,395789.76139,3385622.11011,1.11823,0.00735,10720646.63182,2000-05-04T14:17:15.239,15087.70717
160.19501,0.85025,-1228.66331,395879.84784,3385650.73734,1.12516,0.00724,10656323.03638,2000-05-03T20:25:26.488,15077.79120
160.20500,0.40143,-1211.41013,395749.81804,3385625.26912,1.11899,0.00722,10712285.14163,2000-05-04T11:57:56.585,15085.53012
160.21499,0.64139,-1225.47013,395842.57161,3385610.31488,1.12005,0.00786,10661603.17539,2000-05-03T21:53:17.706,15077.58026
160.22500,0.69753,-1223.03892,395857.64235,3385611.17125,1.12362,0.00685,10678269.80580,2000-05-04T02:31:11.498,15079.20636
160.23499,0.58180,-1225.14834,395822.49849,3385655.91413,1.11684,0.00724,10627984.23910,2000-05-03T12:32:56.252,15075.27888
160.24499,0.75098,-1232.65628,395890.87094,3385605.43653,1.11128,0.00740,10682034.12857,2000-05-04T03:33:54.223,15080.15630
160.25500,0.84578,-1232.77729,395864.42716,3385624.99963,1.11611,0.00756,10727794.71327,2000-05-04T16:16:21.894,15088.35168
160.26500,0.49139,-1223.93640,395751.79778,3385646.78248,1.11061,0.00757,10760072.24583,2000-05-05T01:14:19.567,15091.81310
160.27500,0.65775,-1224.52237,395776.53080,3385659.24798,1.11751,0.00668,10768133.74940,2000-05-05T03:28:42.633,15095.88129
160.28501,0.81277,-1226.04081,395913.59536,3385624.44383,1.12275,0.00826,10912217.50468,2000-05-06T19:30:16.304,15113.74056
160.29500,0.59014,-1216.38864,395791.23732,3385643.49333,1.12365,0.00676,10684328.89473,2000-05-04T04:12:02.137,15081.00227
160.30502,0.69401,-1221.06778,395830.90776,3385642.29029,1.12481,0.00729,10793223.42689,2000-05-05T10:26:53.801,15095.54242
160.31499,0.75041,-1230.86670,395828.06471,3385671.75170,1.12594,0.00721,10547146.26232,2000-05-02T14:05:32.117,15061.69543
160.32501,0.46836,-1214.60700,395771.20469,3385614.25451,1.11536,0.00805,10807875.62382,2000-05-05T14:31:04.024,15098.78859
160.33499,0.88656,-1240.07303,395906.45784,3385650.07257,1.12292,0.00740,10591513.40631,2000-05-03T02:25:04.859,15067.40712
160.34501,0.75193,-1228.04573,395874.20100,3385632.12400,1.11865,0.00773,10658791.97665,2000-05-03T21:06:24.846,15079.18826
160.35501,0.62616,-1223.95631,395833.96043,3385622.02560,1.12090,0.00993,10656838.13502,2000-05-03T20:33:48.652,15079.09560
160.36500,0.77318,-1234.31260,395886.51888,3385645.84501,1.11745,0.01017,10697065.17040,2000-05-04T07:44:18.423,15085.28042
160.37499,0.34708,-1215.31309,395723.39775,3385640.92619,1.11778,0.00911,10681206.76583,2000-05-04T03:19:59.765,15081.38608
160.38501,0.81830,-1232.77773,395902.22751,3385602.64295,1.11118,0.00790,10653848.48066,2000-05-03T19:44:04.145,15076.61226
160.39500,0.77946,-1239.46302,395856.07683,3385651.02170,1.11478,0.00740,10721145.72060,2000-05-04T14:25:40.410,15087.78475
160.40501,0.73109,-1234.27089,395853.07072,3385635.22254,1.11058,0.00684,10635034.87694,2000-05-03T14:30:26.923,15073.76732
160.41500,0.41961,-1223.27898,395734.47373,3385646.66137,1.11651,0.00702,10693362.67831,2000-05-04T06:42:36.637,15084.57016
160.42498,0.90242,-1238.97964,395921.83371,3385625.65975,1.11915,0.00775,10715824.60487,2000-05-04T12:57:06.899,15085.08754
160.43498,0.61015,-1234.03223,395836.45644,3385633.61212,1.11780,0.00649,10707927.89005,2000-05-04T10:45:21.432,15086.40150
160.44500,0.85035,-1246.69384,395937.07437,3385614.02317,1.12092,0.00760,10674773.80100,2000-05-04T01:32:51.825,15082.08075
160.45501,0.91522,-1248.53763,395995.04049,3385601.28215,1.12201,0.00681,10829227.83988,2000-05-05T20:27:04.741,15103.11866
160.46500,0.73550,-1243.41150,395875.35284,3385623.21101,1.11964,0.00719,10735374.56881,2000-05-04T18:22:53.145,15092.09448
160.47501,0.57405,-1239.69304,395838.95016,3385601.31279,1.11820,0.00790,10660986.84080,2000-05-03T21:43:05.209,15077.16027
160.48499,0.87686,-1250.26321,395924.81057,3385618.65386,1.12621,0.00629,10532472.42325,2000-05-02T10:01:13.220,15060.87307
160.49501,0.59127,-1244.21261,395842.78193,3385642.07612,1.12439,0.00775,10766124.21882,2000-05-05T02:55:25.367,15092.20293
160.50499,0.64401,-1234.93209,395806.56298,3385646.66484,1.14076,0.00647,10624950.61994,2000-05-03T11:42:26.716,15072.02137
160.51501,0.45292,-1230.70100,395758.27699,3385625.48379,1.13272,0.00780,10640916.98054,2000-05-03T16:08:35.939,15077.09828
160.52499,0.83649,-1249.23639,395904.51930,3385638.55999,1.12525,0.00666,10574280.65643,2000-05-02T21:37:55.209,15071.67033
160.53499,0.62501,-1240.45227,395814.07263,3385637.47542,1.13391,0.00725,10665280.27194,2000-05-03T22:54:27.445,15079.13061
160.54501,0.24178,-1233.44795,395637.71033,3385655.63276,1.13402,0.00797,10678270.78261,2000-05-04T02:31:14.809,15081.41172
160.55500,0.56812,-1243.94580,395826.89959,3385632.35587,1.12957,0.00683,10562958.91070,2000-05-02T18:29:04.349,15069.13694
160.56500,1.06292,-1253.20611,396023.30599,3385605.18935,1.13273,0.00785,10697083.75170,2000-05-04T07:44:39.729,15085.68895
160.57500,0.26208,-1223.89981,395684.96376,3385624.50700,1.12988,0.00804,10548596.19728,2000-05-02T14:29:51.980,15061.03689
160.58499,0.85867,-1251.95040,395902.69745,3385647.34764,1.12532,0.00939,10672437.08399,2000-05-04T00:53:48.759,15081.25635
160.59498,0.70180,-1246.56853,395876.50130,3385619.31467,1.12449,0.00839,10595433.86560,2000-05-03T03:30:20.795,15067.78762
160.60499,0.58691,-1242.38413,395861.42362,3385605.75613,1.12559,0.00809,10618311.90586,2000-05-03T09:51:44.453,15075.99634
160.61500,0.59905,-1240.24524,395841.89306,3385620.32728,1.12834,0.00805,10686957.64355,2000-05-04T04:55:50.681,15086.03736
160.62499,0.42894,-1239.43752,395748.17350,3385632.44181,1.13590,0.00802,10541397.99381,2000-05-02T12:29:47.764,15063.17715
160.63501,0.69024,-1254.40508,395884.85087,3385642.31524,1.13198,0.00843,10641355.12592,2000-05-03T16:15:39.421,15076.86706
160.64500,0.80464,-1255.95724,395935.30844,3385617.62719,1.12559,0.00765,10590676.47948,2000-05-03T02:11:15.255,15066.14300
160.65498,0.58561,-1250.68347,395828.41127,3385627.43652,1.12490,0.00915,10712629.64464,2000-05-04T12:03:34.338,15090.02665
160.66501,0.45701,-1245.65771,395825.38202,3385582.40383,1.12380,0.00916,10677606.58692,2000-05-04T02:20:00.851,15083.01275
160.67500,0.85458,-1260.57112,395952.37135,3385602.23110,1.12835,0.00884,10710387.52659,2000-05-04T11:26:18.340,15085.72904
160.68501,0.82565,-1259.74912,395919.73484,3385625.22745,1.12399,0.00955,10660987.09374,2000-05-03T21:42:59.784,15077.84135
160.69500,0.70369,-1255.28733,395915.05608,3385587.52536,1.12115,0.00897,10518947.87714,2000-05-02T06:15:26.942,15061.13036
160.70500,0.36024,-1245.50953,395736.53127,3385625.59287,1.11700,0.00933,10828148.22719,2000-05-05T20:08:54.120,15103.90607
160.71500,0.25977,-1243.09691,395695.41590,3385642.47314,1.12057,0.00853,10711273.01943,2000-05-04T11:40:43.986,15084.04940
160.72501,0.54920,-1251.19464,395817.51604,3385658.64705,1.12300,0.00832,10783740.75812,2000-05-05T07:48:40.182,15101.46447
160.73499,0.44466,-1240.78925,395761.55916,3385634.82907,1.11894,0.00719,10672157.90206,2000-05-04T00:49:00.576,15077.67767
160.74499,0.88880,-1263.81065,395983.74655,3385626.20234,1.13069,0.00894,10785476.15573,2000-05-05T08:17:42.445,15100.55724
160.75500,0.25488,-1236.55726,395684.09295,3385645.73642,1.12844,0.01012,10765130.25878,2000-05-05T02:38:33.953,15096.80368
160.76499,0.45182,-1237.71208,395795.20574,3385592.41178,1.12762,0.01027,10666840.03810,2000-05-03T23:20:23.702,15080.19740
160.77499,0.82730,-1260.95315,395967.59840,3385618.07556,1.13125,0.01032,10676324.72190,2000-05-04T01:58:25.187,15081.08648
160.78501,0.65428,-1254.98598,395821.32606,3385675.37621,1.12761,0.00841,10688352.65739,2000-05-04T05:18:53.820,15084.69817
160.79500,0.54424,-1248.49860,395822.17334,3385636.36771,1.12688,0.00793,10680061.71970,2000-05-04T03:00:45.353,15081.98936
160.80499,0.34495,-1242.50264,395735.59291,3385648.29028,1.12414,0.00812,10631173.06761,2000-05-03T13:25:51.158,15076.54491
160.81500,0.64662,-1252.85110,395850.90773,3385644.12323,1.12871,0.00786,10626131.98161,2000-05-03T12:01:47.202,15076.44783
160.82498,0.86943,-1260.77402,396009.63617,3385583.17760,1.13065,0.00805,10735453.99802,2000-05-04T18:23:52.911,15091.94016
160.83499,0.48797,-1258.02797,395813.27361,3385639.52171,1.12443,0.00775,10633694.09851,2000-05-03T14:07:55.935,15073.41044
160.84500,0.90238,-1271.24705,395956.51437,3385650.37124,1.12680,0.00785,10714648.72859,2000-05-04T12:37:03.499,15087.17687
160.85500,0.91725,-1264.41764,395962.72801,3385629.29667,1.13669,0.00737,10672318.68296,2000-05-04T00:51:42.320,15077.64829
160.86500,0.50945,-1245.00326,395828.24531,3385633.04891,1.12499,0.00791,10624524.50269,2000-05-03T11:35:02.218,15077.90405
160.87499,0.67896,-1252.44071,395892.83331,3385629.56910,1.12843,0.00791,10816384.07384,2000-05-05T16:52:50.590,15101.53842
160.88501,0.99220,-1269.32147,396029.48849,3385618.46052,1.13472,0.00836,10630999.75258,2000-05-03T13:23:06.160,15074.98442
160.89498,0.62505,-1250.70416,395813.17376,3385656.22926,1.13301,0.00926,10683330.88816,2000-05-04T03:55:14.522,15080.45384
160.90500,0.39771,-1241.69552,395773.31057,3385638.32234,1.13655,0.00899,10699290.22760,2000-05-04T08:21:12.081,15086.42729
160.91501,0.61659,-1249.71972,395840.74903,3385646.22885,1.14279,0.01093,10689329.30648,2000-05-04T05:35:17.362,15081.38327
160.92499,0.53527,-1245.52850,395783.05628,3385667.93281,1.14058,0.00992,10715247.43466,2000-05-04T12:47:12.583,15086.97247
160.93500,0.55192,-1241.49413,395758.41988,3385672.46670,1.13712,0.00992,10570695.98901,2000-05-02T20:37:53.878,15064.44834
160.94500,0.65540,-1243.26830,395890.83897,3385610.46259,1.14072,0.01042,10711054.87346,2000-05-04T11:37:23.022,15085.65908
160.95499,0.72595,-1252.17670,395866.92840,3385659.35089,1.13703,0.01085,10599197.44875,2000-05-03T04:32:59.852,15071.28701
160.96498,0.48688,-1236.96166,395781.52014,3385631.85369,1.14209,0.01037,10704877.06364,2000-05-04T09:54:19.282,15084.71757
160.97500,0.78652,-1253.91114,395894.39631,3385651.11626,1.14378,0.00883,10572781.54673,2000-05-02T21:12:48.840,15069.82192
160.98500,0.66656,-1239.04325,395858.78991,3385622.87694,1.13972,0.00859,10618000.39251,2000-05-03T09:46:31.157,15068.71769
160.99498,0.57766,-1237.24132,395821.64265,3385632.66433,1.13478,0.00775,10595178.26639,2000-05-03T03:25:57.490,15069.48618
161.00501,0.44005,-1222.76780,395746.67948,3385658.04797,1.13901,0.00521,10565587.16521,2000-05-02T19:12:49.441,15066.63754
161.01501,0.77068,-1236.98726,395848.52712,3385658.59199,1.14362,0.00754,10601430.18839,2000-05-03T05:10:22.898,15068.54349
161.02501,0.43007,-1221.08651,395723.44309,3385648.13291,1.14663,0.00748,10469257.14591,2000-05-01T16:27:19.878,15052.45180
161.03503,0.36539,-1220.29911,395705.20859,3385653.42927,1.14644,0.00786,10623211.16830,2000-05-03T11:13:18.219,15074.62815
161.04500,0.62484,-1239.73150,395797.54482,3385681.27487,1.14757,0.00500,10521144.88735,2000-05-02T06:52:07.215,15057.22690
161.05500,0.81558,-1251.20132,395933.33843,3385621.21511,1.14143,0.00575,10676523.34442,2000-05-04T02:01:51.324,15082.79816
161.06501,0.71902,-1250.32882,395844.56508,3385637.49309,1.13888,0.00558,10690698.10066,2000-05-04T05:58:03.085,15087.64551
161.07500,0.47633,-1241.48118,395772.84096,3385645.05414,1.13258,0.00665,10631962.76481,2000-05-03T13:39:17.199,15074.90961
161.08500,0.60105,-1244.71389,395919.20998,3385641.42131,1.13395,0.00448,10519863.66429,2000-05-02T06:30:42.247,15058.22861
161.09503,0.48512,-1241.29740,395927.79603,3385661.20011,1.13260,0.00592,10658306.76130,2000-05-03T20:58:11.411,15078.39273
161.10501,0.72413,-1246.75649,395903.09254,3385691.72795,1.13185,0.00506,10575374.00173,2000-05-02T21:56:00.170,15069.91481
161.11500,0.09433,-1217.22220,395717.95123,3385652.73253,1.13204,0.00613,10622847.84447,2000-05-03T11:07:15.116,15073.65690
161.12499,0.63279,-1245.08526,395905.40132,3385665.26523,1.14184,0.00539,10646525.48369,2000-05-03T17:41:47.445,15081.01114
161.13501,0.23457,-1223.95779,395713.45649,3385696.62490,1.13829,0.00592,10635720.72479,2000-05-03T14:41:52.169,15075.61311
161.14499,0.93296,-1256.57612,396009.81225,3385644.56155,1.13554,0.00575,10612216.58261,2000-05-03T08:10:07.956,15069.68022
161.15501,0.37103,-1238.32780,395782.64645,3385663.56175,1.13224,0.00484,10583436.40402,2000-05-03T00:10:24.543,15071.19565
161.16500,0.43714,-1246.24472,395818.12312,3385647.74647,1.13514,0.00634,10690275.01185,2000-05-04T05:51:03.544,15080.91967
161.17502,0.92724,-1265.36461,395973.54749,3385632.37993,1.12308,0.00611,10602186.38198,2000-05-03T05:22:58.878,15071.78927
161.18499,0.36072,-1238.30162,395777.44277,3385669.30755,1.13380,0.00783,10583524.93738,2000-05-03T00:11:52.478,15068.75901
161.19501,0.52696,-1254.21092,395864.01107,3385624.95721,1.12974,0.00807,10460945.62232,2000-05-01T14:08:50.009,15049.90075
161.20501,0.29860,-1238.80237,395764.02423,3385640.96685,1.12816,0.00686,10514375.57507,2000-05-02T04:59:17.809,15056.11193
161.21501,0.48827,-1254.35556,395855.51978,3385635.06151,1.12760,0.00826,10542288.25875,2000-05-02T12:44:33.511,15065.27593
161.22502,0.69715,-1261.42747,395906.72348,3385625.70752,1.12778,0.00743,10575429.50774,2000-05-02T21:57:01.658,15067.97713
161.23500,0.72400,-1256.92303,395907.97028,3385621.50711,1.12631,0.00663,10529211.21703,2000-05-02T09:06:29.621,15061.61080
161.24500,0.43046,-1245.67686,395826.45699,3385627.36883,1.13644,0.00639,10510185.68968,2000-05-02T03:49:22.580,15057.93710
161.25502,0.57841,-1246.81783,395893.27224,3385624.27730,1.13408,0.00556,10479898.48395,2000-05-01T19:24:46.735,15054.08966
161.26501,0.60578,-1253.53759,395847.03047,3385642.45790,1.13431,0.00649,10608947.93434,2000-05-03T07:15:31.077,15072.88926
161.27502,0.68364,-1254.84114,395904.76010,3385635.55970,1.13286,0.00713,10567229.32047,2000-05-02T19:40:17.009,15067.20649
161.28501,0.36305,-1245.45372,395809.37361,3385618.32549,1.12377,0.00540,10501622.50697,2000-05-02T01:26:51.501,15054.40897
161.29500,0.50698,-1249.34836,395826.58191,3385658.03198,1.12369,0.00522,10590014.88530,2000-05-03T01:59:58.018,15071.84762
161.30499,0.43573,-1244.38283,395846.21734,3385615.19198,1.12374,0.00555,10566531.64082,2000-05-02T19:28:38.837,15065.56569
161.31502,0.51961,-1251.75375,395822.86572,3385622.12571,1.12908,0.00663,10547652.79333,2000-05-02T14:14:01.952,15064.55439
161.32499,0.31722,-1244.61192,395749.80064,3385642.60568,1.12737,0.00489,10554949.02981,2000-05-02T16:15:37.387,15067.99385
161.33500,0.99258,-1263.63818,396080.13728,3385582.52445,1.13129,0.00604,10623630.68465,2000-05-03T11:20:10.641,15071.90783
161.34501,0.82181,-1262.74390,395985.79053,3385628.35038,1.13495,0.00735,10575862.39320,2000-05-02T22:04:05.873,15067.99144
161.35500,0.26487,-1235.62329,395731.90662,3385617.85820,1.12815,0.00843,10452358.85444,2000-05-01T11:45:54.777,15046.71524
161.36502,0.49939,-1249.29749,395841.27936,3385624.90506,1.12973,0.00809,10568996.26840,2000-05-02T20:09:41.218,15071.45681
161.37500,0.11808,-1237.79606,395691.07708,3385666.28226,1.13308,0.00838,10678209.08915,2000-05-04T02:29:48.960,15082.02198
161.38499,0.81184,-1268.40481,395969.47867,3385591.92715,1.12768,0.00916,10572613.68885,2000-05-02T21:09:51.166,15067.60535
161.39500,0.19168,-1239.77855,395733.95053,3385629.24327,1.13081,0.00689,10551624.46746,2000-05-02T15:20:12.391,15064.58517
161.40498,0.26684,-1244.15191,395699.18723,3385641.91765,1.13588,0.00684,10628434.68217,2000-05-03T12:40:23.000,15075.79600
161.41500,0.93784,-1260.87892,396020.05754,3385608.18141,1.14127,0.00862,10491547.78573,2000-05-01T22:38:56.131,15055.09390
161.42500,0.21663,-1233.95225,395741.16244,3385638.98227,1.13528,0.00853,10498236.69328,2000-05-02T00:30:17.364,15055.74441
161.43499,0.36822,-1245.53879,395792.30336,3385613.52704,1.13354,0.00666,10506590.57576,2000-05-02T02:49:42.255,15058.57100
161.44501,0.76810,-1259.05761,395942.41344,3385605.84680,1.12850,0.00541,10543444.39089,2000-05-02T13:03:49.274,15064.09675
161.45501,0.55978,-1250.65286,395915.85895,3385587.50729,1.12813,0.00678,10500243.51498,2000-05-02T01:03:54.085,15059.21351
161.46499,0.47846,-1247.68712,395824.68308,3385631.19865,1.13318,0.00594,10606602.26643,2000-05-03T06:36:22.766,15071.77766
161.47501,0.35432,-1248.46409,395751.11521,3385638.46022,1.13075,0.00649,10509828.82194,2000-05-02T03:43:29.827,15056.94036
161.48502,0.44350,-1252.98155,395808.97247,3385624.25690,1.12900,0.00523,10467950.89773,2000-05-01T16:05:30.912,15049.97032
161.49500,0.68703,-1255.36250,395918.71654,3385607.58288,1.13098,0.00431,10615300.97485,2000-05-03T09:01:33.731,15073.18460
161.50501,0.24187,-1232.84550,395724.60037,3385625.15186,1.12814,0.00610,10554952.26453,2000-05-02T16:15:40.076,15064.73584
161.51501,0.52153,-1250.39430,395841.06177,3385600.78636,1.12958,0.00570,10503482.13334,2000-05-02T01:57:52.134,15055.05524
161.52499,0.43258,-1246.48640,395809.39717,3385641.15893,1.13530,0.00522,10597224.23515,2000-05-03T04:00:14.243,15069.93397
161.53500,0.81811,-1262.06296,395981.72621,3385625.64644,1.13780,0.00612,10635061.95297,2000-05-03T14:30:46.982,15077.68662
161.54499,0.66172,-1255.43196,395878.41124,3385629.02417,1.13432,0.00521,10639495.14672,2000-05-03T15:44:38.626,15076.50977
161.55501,0.44315,-1242.53391,395833.46022,3385609.24417,1.12776,0.00591,10627171.78497,2000-05-03T12:19:21.214,15073.02383
161.56500,0.54128,-1253.05457,395834.41071,3385656.49007,1.13077,0.00690,10635300.23193,2000-05-03T14:34:50.155,15073.35286
161.57501,0.69052,-1259.71410,395936.99806,3385611.55935,1.13721,0.00788,10543370.86913,2000-05-02T13:02:39.728,15066.12108
161.58500,0.48519,-1253.93756,395819.34484,3385648.81313,1.13707,0.00788,10552422.43032,2000-05-02T15:33:32.640,15063.88572
161.59498,0.46003,-1256.32544,395795.36944,3385629.58981,1.13633,0.00851,10578628.54901,2000-05-02T22:50:12.278,15066.33399
161.60500,0.54789,-1257.27468,395875.58149,3385605.81348,1.14305,0.00917,10527533.89264,2000-05-02T08:38:47.097,15060.62310
161.61498,0.69889,-1260.89480,395880.60407,3385637.24607,1.14276,0.00818,10555491.54629,2000-05-02T16:24:49.829,15062.83271
161.62498,0.63546,-1251.41970,395877.54863,3385587.02539,1.13672,0.00849,10532911.80412,2000-05-02T10:08:15.304,15060.13570
161.63499,0.23602,-1248.04251,395735.39628,3385640.18837,1.13463,0.00890,10574055.81023,2000-05-02T21:34:09.926,15068.44044
161.64499,0.81576,-1263.17537,395984.00573,3385587.16491,1.13496,0.00759,10594055.44359,2000-05-03T03:07:23.714,15069.23208
161.65498,0.34753,-1248.65510,395770.50006,3385619.58483,1.13645,0.00880,10619083.55456,2000-05-03T10:04:42.139,15072.21138
161.66499,0.69389,-1261.74516,395938.33841,3385622.21622,1.13774,0.00755,10645036.17137,2000-05-03T17:17:01.235,15076.29207
161.67499,0.90062,-1270.86511,395983.56815,3385621.66258,1.13680,0.01010,10472089.78888,2000-05-01T17:14:44.197,15054.48821
161.68499,0.60711,-1261.92539,395913.40783,3385604.05143,1.13776,0.01590,10645040.66551,2000-05-03T17:17:15.302,15079.76367
161.69501,0.39633,-1253.25650,395818.26510,3385617.00317,1.14281,0.01422,10660204.21609,2000-05-03T21:30:02.148,15076.85107
161.70501,0.87282,-1274.25427,396083.33213,3385569.16672,1.13702,0.01228,10538765.65735,2000-05-02T11:45:49.335,15061.27440
161.71501,0.43333,-1253.67575,395786.19160,3385628.97709,1.13203,0.01212,10624972.14929,2000-05-03T11:42:46.874,15072.31249
161.72499,0.45202,-1252.37954,395799.30250,3385626.14420,1.13334,0.01273,10534445.86148,2000-05-02T10:33:58.401,15063.91531
161.73500,0.99003,-1270.21970,396066.00852,3385570.68842,1.13226,0.01025,10530997.50397,2000-05-02T09:36:37.968,15061.11668
161.74499,0.83186,-1263.09612,396018.34364,3385574.42492,1.13486,0.01133,10626148.80374,2000-05-03T12:02:12.326,15078.53133
161.75501,0.36206,-1245.78056,395796.95540,3385599.28234,1.13607,0.01114,10554113.45211,2000-05-02T16:01:42.594,15065.93699
161.76501,0.27456,-1240.35052,395731.73188,3385629.05557,1.13335,0.01097,10490551.49792,2000-05-01T22:22:18.289,15054.93263
161.77500,0.43033,-1246.44709,395828.33201,3385623.82782,1.13324,0.01149,10590535.31539,2000-05-03T02:08:38.484,15071.73773
161.78500,0.67638,-1251.89985,395913.60976,3385585.59805,1.14238,0.00922,10605118.64796,2000-05-03T06:11:52.253,15071.15795
161.79500,0.66104,-1245.53600,395950.03102,3385570.55701,1.14410,0.00890,10542001.01629,2000-05-02T12:39:54.401,15060.94372
161.80501,0.48139,-1235.28497,395800.72983,3385611.37708,1.13389,0.00810,10656600.88470,2000-05-03T20:29:58.892,15078.33207
161.81499,0.40223,-1231.42955,395784.57872,3385620.96994,1.13245,0.00827,10584884.02131,2000-05-03T00:34:43.873,15069.70494
161.82499,0.28761,-1221.56098,395737.54861,3385636.81193,1.14190,0.00829,10498404.36395,2000-05-02T00:33:06.175,15056.79021
161.83499,0.91082,-1253.65300,396036.31578,3385569.50512,1.13506,0.00829,10492997.29247,2000-05-01T23:03:08.957,15057.05945
161.84500,0.26176,-1227.72535,395737.13730,3385633.02198,1.13573,0.00885,10547565.17662,2000-05-02T14:12:32.082,15063.55998
161.85500,0.77125,-1252.55399,395994.59542,3385585.16031,1.13465,0.00884,10590141.13838,2000-05-03T02:02:10.813,15071.66621
161.86501,0.54541,-1243.47715,395845.20703,3385587.07184,1.13011,0.00796,10584985.83641,2000-05-03T00:36:18.374,15070.76673
161.87500,0.33809,-1238.57867,395772.32735,3385628.09312,1.14129,0.00882,10429658.04444,2000-05-01T05:27:37.457,15045.63904
161.88500,0.75666,-1252.37232,395939.39262,3385612.82810,1.14289,0.01141,10489453.76483,2000-05-01T22:04:12.460,15051.60658
161.89500,0.55790,-1253.31574,395871.11801,3385618.24376,1.13636,0.00599,10477247.09303,2000-05-01T18:40:33.653,15050.19843
161.90501,0.46244,-1249.30514,395857.67790,3385565.32646,1.12930,0.00504,10535536.29504,2000-05-02T10:52:08.462,15063.19425
161.91500,0.49824,-1252.18163,395822.54048,3385616.98056,1.13346,0.00632,10492764.12366,2000-05-01T22:59:12.697,15053.28282
161.92501,0.96922,-1268.55753,396050.33912,3385550.07610,1.13791,0.00540,10375470.70667,2000-04-30T14:24:16.450,15034.93636
161.93498,0.45035,-1254.83625,395806.82550,3385634.30439,1.13286,0.00598,10538211.85695,2000-05-02T11:36:35.959,15066.48341
161.94500,0.54845,-1260.08456,395891.42631,3385573.11914,1.13401,0.00612,10487941.44717,2000-05-01T21:38:52.017,15053.47871
161.95500,0.63487,-1262.83216,395888.09777,3385613.52956,1.13851,0.00614,10486809.97482,2000-05-01T21:19:57.003,15050.98363
161.96500,0.71504,-1269.12539,395921.44309,3385620.20155,1.13811,0.00581,10460712.87910,2000-05-01T14:04:54.338,15051.91800
161.97501,0.47079,-1263.58651,395864.52541,3385595.33709,1.12746,0.00648,10465536.83027,2000-05-01T15:25:26.125,15049.27801
161.98498,0.92071,-1283.50821,396034.07835,3385583.48941,1.12872,0.00633,10528639.18254,2000-05-02T08:56:56.475,15065.25685
161.99498,0.65303,-1262.04992,395977.20672,3385560.26523,1.13222,0.00485,10576465.05505,2000-05-02T22:14:05.690,15064.66900
162.00499,0.66158,-1260.37750,395904.90020,3385599.81266,1.13339,0.00631,10408347.13660,2000-04-30T23:32:10.920,15040.48738
162.01501,0.79814,-1266.24797,395983.74971,3385585.06138,1.13234,0.00522,10566192.44795,2000-05-02T19:22:52.681,15065.51521
162.02499,0.62080,-1262.92350,395895.39257,3385626.24915,1.13095,0.00654,10559105.16324,2000-05-02T17:24:57.254,15066.29947
162.03499,0.82140,-1270.87249,396015.89691,3385590.87991,1.13252,0.00650,10571299.76816,2000-05-02T20:48:12.950,15065.93257
162.04499,0.36549,-1252.35250,395789.30791,3385614.57080,1.12743,0.00539,10490690.10979,2000-05-01T22:24:30.735,15051.90308
162.05500,0.59974,-1264.49968,395906.28799,3385588.66594,1.13184,0.00612,10498114.98886,2000-05-02T00:28:27.738,15057.88190
162.06501,0.85782,-1274.59865,396019.36815,3385598.30522,1.13247,0.00560,10604770.90306,2000-05-03T06:05:59.514,15068.70141
162.07500,0.35092,-1252.07307,395791.57905,3385605.03649,1.12961,0.00612,10489360.27645,2000-05-01T22:02:23.542,15052.11976
162.08499,0.68994,-1264.71905,395934.87987,3385574.13921,1.13309,0.00576,10523227.46192,2000-05-02T07:26:49.772,15055.45739
162.09501,0.92116,-1276.36060,396014.15685,3385588.79265,1.13563,0.00595,10518075.75687,2000-05-02T06:01:04.452,15062.52525
162.10502,0.24781,-1244.75835,395725.47085,3385616.33713,1.13161,0.00506,10492498.67027,2000-05-01T22:54:44.964,15053.81326
162.11498,0.53175,-1253.23047,395884.69925,3385622.53063,1.13798,0.00579,10596566.60038,2000-05-03T03:49:11.750,15071.41787
162.12500,0.66769,-1251.69372,395922.31245,3385578.88738,1.13466,0.00503,10526124.26709,2000-05-02T08:15:13.109,15056.51362
162.13500,0.69763,-1262.91890,395913.31889,3385626.40012,1.13554,0.00597,10526937.78742,2000-05-02T08:28:49.099,15062.54079
162.14498,0.19993,-1235.76930,395695.52550,3385619.65346,1.13818,0.00595,10570530.32792,2000-05-02T20:35:12.788,15065.01466
162.15500,0.55794,-1252.33839,395848.34766,3385610.25644,1.13837,0.00560,10573602.06118,2000-05-02T21:26:35.006,15062.79037
162.16499,0.42218,-1255.72383,395833.83781,3385586.72385,1.13847,0.00577,10507828.31284,2000-05-02T03:10:14.221,15061.53155
162.17501,0.37993,-1255.01040,395846.67091,3385575.82960,1.13405,0.00559,10499173.01912,2000-05-02T00:45:59.258,15053.35281
162.18500,0.40695,-1254.48106,395840.97289,3385580.43765,1.13100,0.00485,10522715.54824,2000-05-02T07:18:23.331,15058.98814
162.19502,0.87569,-1280.13697,396016.44869,3385588.72826,1.12155,0.00577,10599772.12485,2000-05-03T04:42:44.826,15069.14564
162.20500,0.69979,-1272.09145,395916.53593,3385617.17690,1.12501,0.00544,10631164.31809,2000-05-03T13:25:56.079,15076.17030
162.21500,0.17753,-1250.10128,395759.18584,3385569.01810,1.12740,0.00536,10499395.05507,2000-05-02T00:49:40.091,15055.70830
162.22502,0.76825,-1272.40956,396013.35369,3385567.12949,1.13480,0.00593,10625200.95889,2000-05-03T11:46:38.025,15075.48400
162.23500,0.68542,-1271.35458,395979.06888,3385586.95727,1.13289,0.00504,10633565.74231,2000-05-03T14:06:01.169,15073.55658
162.24500,0.48608,-1263.30284,395862.32736,3385608.30598,1.13071,0.00620,10485013.05157,2000-05-01T20:50:10.906,15055.02039
162.25502,0.85239,-1283.55523,395991.91077,3385608.89139,1.13248,0.00537,10554524.79387,2000-05-02T16:08:35.415,15068.34403
162.26500,0.59210,-1269.09622,395901.81253,3385614.26978,1.13695,0.00570,10614363.42136,2000-05-03T08:45:57.282,15073.30889
162.27499,0.57583,-1265.63088,395909.95461,3385602.43124,1.13537,0.00575,10495504.46405,2000-05-01T23:44:50.692,15056.70521
162.28499,0.55268,-1264.77212,395898.72713,3385600.51524,1.14289,0.00538,10507121.48887,2000-05-02T02:58:36.518,15053.42120
162.29500,0.60748,-1269.45899,395966.34631,3385583.48973,1.13803,0.00503,10514563.80956,2000-05-02T05:02:38.072,15054.33297
162.30500,0.56860,-1266.16194,395902.50007,3385613.07526,1.14399,0.00725,10568696.71661,2000-05-02T20:04:50.558,15068.46354
162.31500,0.86462,-1280.50636,396070.76717,3385569.58955,1.13863,0.00699,10602411.38626,2000-05-03T05:26:45.212,15074.45372
162.32499,0.43220,-1263.29461,395882.84379,3385595.09553,1.13741,0.00875,10469109.45425,2000-05-01T16:24:54.940,15050.89427
162.33500,0.52684,-1271.62223,395881.77859,3385639.90250,1.13091,0.00505,10531271.53624,2000-05-02T09:41:00.268,15060.45413
162.34499,0.66995,-1277.07509,396048.68923,3385582.18364,1.14226,0.00574,10491476.38512,2000-05-01T22:37:43.177,15051.79453
162.35499,0.81721,-1278.86000,396079.22138,3385590.54045,1.13374,0.00567,10559465.01426,2000-05-02T17:30:55.808,15064.92617
162.36500,0.77675,-1281.56868,396169.89648,3385623.28371,1.13970,0.00592,10405190.97493,2000-04-30T22:39:32.679,15045.03549
162.37499,0.64167,-1275.24566,395888.13098,3385613.50565,1.12771,0.00553,10592931.19901,2000-05-03T02:48:39.348,15070.07826
162.38501,0.43208,-1266.71727,395825.53729,3385585.93768,1.13142,0.00520,10580008.92768,2000-05-02T23:13:21.828,15068.79071
162.39502,0.29317,-1264.56780,395751.27091,3385597.03415,1.12190,0.00515,10526678.82704,2000-05-02T08:24:26.254,15056.06002
162.40501,0.60070,-1273.27343,395892.87572,3385593.28684,1.12300,0.00613,10644106.68225,2000-05-03T17:01:31.146,15075.95940
162.41500,0.65842,-1271.04968,395897.99355,3385599.15953,1.12920,0.00481,10528040.26121,2000-05-02T08:47:05.737,15062.39405
162.42500,0.51959,-1271.40661,395844.94172,3385607.10444,1.12108,0.00633,10571710.19960,2000-05-02T20:54:51.001,15068.41677
162.43500,0.64442,-1267.90305,395963.31031,3385569.33943,1.11714,0.00479,10564140.51274,2000-05-02T18:48:45.699,15062.38400
162.44500,0.57222,-1269.76790,395865.23078,3385578.62816,1.12145,0.00744,10536245.57393,2000-05-02T11:03:49.729,15058.72036
162.45501,0.55891,-1268.09498,395880.12788,3385576.42873,1.11529,0.00649,10431422.04689,2000-05-01T05:56:48.860,15045.76383
162.46502,0.60203,-1276.77441,395886.80795,3385620.01102,1.12259,0.00778,10488228.07443,2000-05-01T21:43:45.497,15054.50766
162.47500,0.74876,-1283.62996,395927.02631,3385580.30244,1.11723,0.00732,10496805.15101,2000-05-02T00:06:38.157,15055.64400
162.48499,0.58274,-1278.22980,395887.73961,3385603.52185,1.11925,0.00761,10566736.27555,2000-05-02T19:32:06.458,15066.01764
162.49500,0.36559,-1258.83304,395840.92554,3385549.99727,1.11501,0.00837,10579921.17435,2000-05-02T23:11:59.789,15064.73331
162.50499,0.61899,-1272.78324,395888.68188,3385579.34188,1.11986,0.00667,10554473.45042,2000-05-02T16:07:47.621,15063.19133
162.51499,0.49844,-1270.00999,395806.27273,3385603.06052,1.11467,0.00677,10627775.90931,2000-05-03T12:29:33.914,15080.33443
162.52499,0.75798,-1287.89392,395970.15656,3385575.54032,1.11765,0.00720,10614704.67412,2000-05-03T08:51:40.490,15071.34520
162.53499,0.46069,-1270.90759,395841.42091,3385593.42875,1.12090,0.00668,10632817.41132,2000-05-03T13:53:41.326,15073.91091
162.54501,0.56173,-1283.39486,395897.41380,3385605.38456,1.12532,0.00859,10769618.14424,2000-05-05T03:53:46.991,15095.21202
162.55501,0.08575,-1265.22645,395661.92348,3385624.39074,1.12670,0.00826,10574153.79999,2000-05-02T21:35:58.201,15065.35639
162.56499,0.47481,-1276.01694,395868.96329,3385566.12584,1.12573,0.00804,10510150.70529,2000-05-02T03:49:06.510,15057.55236
162.57500,0.35703,-1276.10567,395807.95511,3385599.98603,1.12110,0.00892,10680274.95327,2000-05-04T03:04:34.702,15081.85944
162.58501,0.56771,-1279.60229,395877.29236,3385576.59454,1.11737,0.00785,10580034.54019,2000-05-02T23:13:51.499,15068.54250
162.59500,0.31951,-1271.82762,395789.43545,3385592.24662,1.11923,0.00803,10636403.73096,2000-05-03T14:53:15.727,15075.52847
162.60500,0.69458,-1287.71115,395910.10701,3385599.64875,1.11835,0.00996,10630704.47125,2000-05-03T13:18:21.140,15077.62210
162.61500,0.21024,-1273.27733,395742.82503,3385578.63848,1.11873,0.00541,10595164.10612,2000-05-03T03:25:58.657,15068.53456
162.62501,0.43042,-1283.76226,395835.04697,3385597.34736,1.11793,0.00584,10598783.78310,2000-05-03T04:26:10.670,15069.84764
162.63502,0.74391,-1292.18091,395938.91838,3385574.75490,1.12482,0.00594,10628088.40375,2000-05-03T12:34:33.283,15073.22190
162.64501,0.31204,-1271.31403,395808.56800,3385568.71494,1.12273,0.00510,10489804.21227,2000-05-01T22:10:00.482,15053.62730
162.65501,0.25841,-1276.37951,395759.72457,3385599.81515,1.11923,0.00695,10497387.17791,2000-05-02T00:16:11.594,15056.38218
162.66500,0.40621,-1287.07555,395868.79641,3385551.50915,1.12204,0.00540,10441433.21865,2000-05-01T08:43:48.245,15045.30212
162.67502,0.38042,-1286.81304,395855.21292,3385568.63051,1.12269,0.00535,10578689.34384,2000-05-02T22:51:16.712,15066.66058
162.68501,0.79209,-1304.39135,396013.89773,3385557.45261,1.12607,0.00576,10551607.04205,2000-05-02T15:20:01.756,15063.93490
162.69501,0.51165,-1294.01732,395911.56300,3385556.88674,1.12480,0.00590,10534447.31228,2000-05-02T10:34:01.069,15062.22733
162.70499,0.54498,-1296.69684,395926.61267,3385555.40556,1.11971,0.00591,10681498.24188,2000-05-04T03:24:54.296,15083.37879
162.71499,0.38842,-1295.82066,395951.87160,3385543.85709,1.12715,0.00610,10638841.93801,2000-05-03T15:33:54.664,15073.08534
162.72499,0.50667,-1299.08840,395907.14918,3385546.07801,1.12826,0.00645,10469092.52964,2000-05-01T16:24:48.692,15050.83382
162.73500,0.93673,-1318.21541,396085.14750,3385510.34260,1.13043,0.00651,10562156.65732,2000-05-02T18:15:39.753,15063.58883
162.74501,0.27868,-1300.95535,395786.25694,3385587.46089,1.12796,0.00608,10476346.00524,2000-05-01T18:25:39.383,15050.01709
162.75501,0.29934,-1289.69593,395850.01543,3385550.02124,1.13216,0.00641,10482157.95339,2000-05-01T20:02:24.836,15053.19156
162.76500,0.16471,-1282.56453,395741.08868,3385581.28312,1.13294,0.00557,10596661.37927,2000-05-03T03:51:03.837,15069.45734
162.77499,0.23490,-1285.33840,395711.71565,3385609.99772,1.13092,0.00607,10529145.69859,2000-05-02T09:05:34.676,15060.10670
162.78500,0.29534,-1282.79135,395769.64811,3385581.89663,1.13152,0.00591,10569904.94355,2000-05-02T20:25:08.428,15067.48604
162.79501,0.59219,-1296.47704,395875.07341,3385577.36927,1.12973,0.00799,10622351.28961,2000-05-03T10:59:03.338,15074.98623
162.80501,0.21817,-1281.07833,395710.15027,3385621.96362,1.13042,0.00854,10563574.07753,2000-05-02T18:39:29.700,15067.06912
162.81499,0.19093,-1279.27869,395736.57189,3385597.85421,1.13568,0.01014,10546501.92286,2000-05-02T13:54:54.131,15061.74260
162.82500,0.18785,-1277.51026,395788.45602,3385592.99323,1.13934,0.00872,10561902.24859,2000-05-02T18:11:37.838,15060.31661
162.83500,0.31373,-1280.96144,395767.23415,3385586.05739,1.13914,0.00897,10623975.60084,2000-05-03T11:26:07.360,15074.51443
162.84501,0.43641,-1283.69045,395815.11876,3385580.30481,1.13119,0.00834,10501638.36322,2000-05-02T01:27:04.795,15056.95746
162.85501,0.45136,-1282.83831,395856.66069,3385597.83869,1.13222,0.00784,10586388.62209,2000-05-03T00:59:46.107,15066.62082
162.86499,0.18630,-1274.70303,395687.56121,3385638.87284,1.13470,0.00960,10546664.85469,2000-05-02T13:57:37.117,15064.74291
162.87500,0.56482,-1289.33582,395880.96481,3385570.56728,1.12761,0.00929,10644317.77406,2000-05-03T17:05:15.755,15075.72419
162.88499,0.45511,-1281.58771,395801.09224,3385596.70725,1.12828,0.01036,10609493.23759,2000-05-03T07:24:48.126,15072.29596
162.89498,0.58724,-1289.39396,395869.73004,3385605.77042,1.13267,0.01057,10585797.65731,2000-05-03T00:49:49.957,15064.68329
162.90499,0.43413,-1283.08497,395841.90792,3385602.10945,1.13336,0.00946,10564740.53232,2000-05-02T18:58:54.592,15066.02593
162.91502,0.31459,-1276.09716,395827.02186,3385591.17192,1.12787,0.01073,10579912.19997,2000-05-02T23:11:41.570,15071.49926
162.92501,0.71390,-1294.02383,395923.28771,3385588.25193,1.12875,0.01170,10547254.48075,2000-05-02T14:07:22.564,15063.82889
162.93499,0.20897,-1273.44304,395753.34797,3385589.49286,1.14115,0.01075,10553619.14306,2000-05-02T15:53:43.814,15063.14032
162.94499,-0.05723,-1259.91132,395561.10620,3385611.96693,1.12582,0.01109,10525394.38920,2000-05-02T08:03:15.764,15059.77361
162.95500,0.21670,-1275.88487,395705.27087,3385559.86909,1.12586,0.00979,10613717.61376,2000-05-03T08:35:14.489,15071.13589
162.96501,0.28710,-1277.93305,395761.33696,3385555.08216,1.12460,0.00866,10561080.87080,2000-05-02T17:58:05.391,15065.69851
162.97501,0.47893,-1287.67732,395764.05484,3385593.98450,1.13150,0.00844,10577006.95468,2000-05-02T22:23:23.519,15066.16266
162.98500,0.03231,-1270.64944,395548.82903,3385592.67762,1.12081,0.00835,10560436.16237,2000-05-02T17:47:14.509,15064.04622
162.99500,0.39838,-1286.11083,395733.73430,3385558.50204,1.12544,0.00851,10571165.69647,2000-05-02T20:46:03.250,15060.77640
163.00500,0.56384,-1297.61025,395873.77014,3385537.91706,1.12910,0.00855,10506091.72280,2000-05-02T02:41:36.239,15056.24551
163.01499,0.40319,-1291.95498,395785.81854,3385582.82844,1.12495,0.00928,10639925.22747,2000-05-03T15:51:55.292,15076.56209
163.02500,0.10742,-1281.02263,395653.89741,3385557.12960,1.13309,0.00870,10501035.16563,2000-05-02T01:17:08.227,15055.27207
163.03499,0.06293,-1277.18999,395718.55784,3385543.90495,1.13046,0.01106,10590501.79877,2000-05-03T02:08:18.238,15066.26324
163.04500,0.33039,-1294.43904,395787.20692,3385590.68362,1.13114,0.01227,10624300.09514,2000-05-03T11:31:35.683,15076.51651
163.05499,-0.00673,-1277.05117,395615.10704,3385587.75425,1.13262,0.01377,10638395.62078,2000-05-03T15:26:34.879,15074.02851
163.06501,0.32133,-1291.64279,395774.74131,3385542.94848,1.13110,0.01171,10576707.09606,2000-05-02T22:18:20.349,15066.41577
163.07499,0.50338,-1303.31897,395836.24126,3385553.15978,1.13042,0.01292,10429423.39995,2000-05-01T05:23:42.823,15047.86838
163.08501,-0.24682,-1271.50265,395520.74458,3385569.73697,1.13346,0.01259,10552185.00709,2000-05-02T15:29:40.682,15063.08825
163.09501,0.35839,-1299.97287,395765.73596,3385563.83744,1.13765,0.01205,10512287.91361,2000-05-02T04:24:46.103,15057.93879
163.10501,0.21725,-1291.43896,395695.27064,3385580.52732,1.13277,0.00995,10449416.77134,2000-05-01T10:56:42.825,15049.51795
163.11501,0.23775,-1289.72555,395813.92177,3385569.21234,1.13672,0.00974,10458867.30143,2000-05-01T13:34:25.162,15049.13557
163.12501,0.15588,-1279.47923,395771.36354,3385573.43331,1.13615,0.00828,10546204.87378,2000-05-02T13:49:53.830,15064.16442
163.13502,0.12339,-1280.66341,395765.49372,3385571.13308,1.13723,0.00791,10459652.22882,2000-05-01T13:47:35.167,15049.48705
163.14502,0.46570,-1289.27155,395941.84452,3385562.45117,1.13829,0.00648,10511550.77631,2000-05-02T04:12:25.965,15055.20536
163.15500,0.53077,-1295.96893,395916.62063,3385565.93332,1.13645,0.00774,10585592.96867,2000-05-03T00:46:27.802,15069.28513
163.16502,-0.00582,-1271.70618,396085.15780,3385632.00445,1.14585,0.00911,10660460.51858,2000-05-03T21:34:12.412,15078.02679
163.17501,0.37477,-1290.85146,395892.85076,3385565.29886,1.13246,0.00679,10654988.86285,2000-05-03T20:03:08.175,15075.68788
163.18501,-0.04478,-1278.33088,395493.25084,3385605.90995,1.13043,0.00806,10431402.31070,2000-05-01T05:56:36.460,15048.79928
163.19502,0.26191,-1283.96244,395597.20885,3385609.78146,1.13035,0.00775,10511882.58276,2000-05-02T04:18:06.302,15056.22274
163.20500,0.17422,-1275.69977,395621.70675,3385577.23694,1.12877,0.00736,10522164.12300,2000-05-02T07:09:22.049,15061.49599
163.21499,0.53318,-1288.96231,395767.94016,3385570.21613,1.13135,0.00806,10535073.99540,2000-05-02T10:44:31.811,15060.48483
163.22501,0.22632,-1275.92795,395660.48132,3385562.49131,1.14287,0.00717,10531845.93792,2000-05-02T09:50:40.936,15060.45678
163.23500,0.20302,-1276.05662,395618.40556,3385576.30872,1.13481,0.00754,10491773.28853,2000-05-01T22:43:01.986,15054.20434
163.24499,0.33284,-1284.08772,395680.41466,3385589.19922,1.13757,0.00738,10536211.99227,2000-05-02T11:03:27.948,15060.73723
163.25498,0.48705,-1289.79174,395720.15639,3385583.62383,1.12926,0.00774,10412392.20481,2000-05-01T00:40:00.680,15041.21711
163.26501,0.01868,-1272.85875,395605.96277,3385565.63887,1.13156,0.00735,10502859.99929,2000-05-02T01:47:35.922,15054.37203
163.27499,0.43136,-1288.18368,395683.07805,3385601.67592,1.13294,0.00935,10591638.99189,2000-05-03T02:27:22.273,15070.20043
163.28500,-0.03620,-1266.60103,395525.70264,3385598.81402,1.13415,0.00771,10434826.56305,2000-05-01T06:53:50.460,15043.72583
163.29500,0.20493,-1274.17105,395655.87860,3385568.94973,1.12765,0.00756,10514512.40311,2000-05-02T05:01:51.448,15060.66945
163.30500,0.15723,-1272.90756,395627.71178,3385592.10490,1.13348,0.00829,10517021.87017,2000-05-02T05:43:43.976,15057.98601
163.31500,0.39337,-1281.12384,395706.83347,3385574.97667,1.13228,0.00881,10420118.80722,2000-05-01T02:48:38.087,15044.37273
163.32500,-0.09667,-1263.17632,395610.91006,3385549.40047,1.13603,0.00798,10406124.85395,2000-04-30T22:55:30.135,15044.45310
163.33499,0.23787,-1279.51085,395716.31663,3385558.47230,1.12732,0.00827,10453412.19606,2000-05-01T12:03:31.669,15048.12264
163.34500,0.37364,-1282.70046,395728.88567,3385600.47781,1.13151,0.00855,10471995.04666,2000-05-01T17:13:16.600,15052.93840
163.35499,0.12742,-1263.81518,395629.04095,3385556.15398,1.12655,0.00880,10462434.63897,2000-05-01T14:33:49.259,15051.54730
163.36499,-0.04962,-1253.90545,395525.56646,3385612.48115,1.13089,0.00822,10510299.28382,2000-05-02T03:51:36.211,15058.61604
163.37499,0.34760,-1268.16800,395753.35492,3385545.43172,1.13116,0.00651,10432192.30624,2000-05-01T06:09:44.930,15046.95296
163.38499,0.18883,-1264.70371,395637.97174,3385589.78498,1.12834,0.00775,10409610.16134,2000-04-30T23:53:28.171,15037.25980
163.39498,0.17222,-1268.47909,395647.98299,3385562.61390,1.11796,0.00867,10433708.20343,2000-05-01T06:35:08.040,15047.95074
163.40500,0.02111,-1264.69096,395625.84736,3385547.39694,1.12027,0.00861,10469044.93312,2000-05-01T16:23:54.645,15053.01908
163.41502,0.53030,-1279.33816,395828.73027,3385538.19227,1.12627,0.00851,10440016.41045,2000-05-01T08:20:07.844,15050.68839
163.42500,-0.06026,-1255.98039,395604.40970,3385553.76849,1.12842,0.00756,10497493.95454,2000-05-02T00:18:18.325,15054.76998
163.43501,0.02036,-1259.73846,395632.09376,3385548.75288,1.12443,0.00941,10381972.06544,2000-04-30T16:12:50.384,15039.00707
163.44502,0.49145,-1278.40356,395834.26678,3385579.77135,1.12517,0.00783,10456827.77099,2000-05-01T13:00:25.212,15049.73390
163.45501,0.20292,-1260.82167,395763.46467,3385569.25800,1.12717,0.00684,10456768.00156,2000-05-01T12:59:27.422,15049.57207
163.46500,0.05029,-1257.21450,395573.19632,3385579.09597,1.12612,0.00545,10420168.59510,2000-05-01T02:49:29.363,15040.42235
163.47500,0.21259,-1269.34453,395697.12514,3385543.07911,1.12010,0.00557,10449429.25474,2000-05-01T10:57:10.448,15045.17123
163.48500,-0.18672,-1254.23296,395570.00007,3385593.56537,1.12021,0.00560,10423448.54653,2000-05-01T03:44:09.045,15046.48181
163.49500,0.39886,-1272.28051,395831.30187,3385543.40342,1.12718,0.00487,10551992.41395,2000-05-02T15:26:36.210,15062.39781
163.50502,-0.04944,-1260.61021,395608.45718,3385559.37993,1.12280,0.00628,10391881.01976,2000-04-30T18:57:53.725,15039.63239
163.51501,0.45127,-1281.05756,395796.98084,3385561.43033,1.12260,0.00596,10514758.53122,2000-05-02T05:05:50.736,15059.88879
163.52500,0.03761,-1262.17529,395697.08083,3385546.02784,1.12916,0.00558,10441379.32748,2000-05-01T08:43:00.078,15045.35161
163.53500,0.13960,-1273.33743,395796.66933,3385549.95909,1.12726,0.00594,10408513.43065,2000-04-30T23:35:10.445,15043.18078
163.54501,0.58895,-1292.77835,396004.85660,3385537.70873,1.13466,0.00522,10455466.76032,2000-05-01T12:37:46.261,15047.78249
163.55498,-0.00947,-1270.39539,395830.77541,3385533.81795,1.12625,0.00521,10399657.27835,2000-04-30T21:07:41.298,15042.57459
163.56499,-0.33323,-1257.40466,395717.55714,3385577.35718,1.13332,0.00539,10402180.59852,2000-04-30T21:49:47.167,15038.40943
163.57501,0.25357,-1271.77514,396085.17488,3385504.20639,1.13098,0.00556,10385762.03531,2000-04-30T17:16:16.118,15041.67622
163.58499,0.03078,-1265.63381,395780.81473,3385553.62163,1.13097,0.00581,10453087.09558,2000-05-01T11:58:21.890,15047.08170
163.59501,-0.42479,-1238.91898,396055.22809,3385527.85981,1.13617,0.00792,10369052.85699,2000-04-30T12:37:50.374,15037.70342
163.60499,-0.26515,-1251.33984,395973.75861,3385547.61658,1.13355,0.00692,10417116.00008,2000-05-01T01:58:44.855,15046.34407
163.61498,0.41480,-1287.88257,395852.12066,3385535.35905,1.12337,0.00776,10375913.88450,2000-04-30T14:32:02.493,15043.81808
163.62501,0.26693,-1280.89644,395749.98682,3385542.94111,1.12561,0.00793,10488705.59397,2000-05-01T21:51:55.405,15053.48004
163.63502,0.17328,-1277.55484,395672.51875,3385566.46012,1.12588,0.00707,10492830.47232,2000-05-01T23:00:31.593,15054.55877
163.64500,0.12964,-1272.68483,395633.57818,3385564.79418,1.12942,0.00739,10532552.28398,2000-05-02T10:02:29.819,15065.62615
163.65500,0.29282,-1277.50490,395723.49588,3385542.76556,1.12627,0.00790,10445280.80401,2000-05-01T09:48:02.154,15046.65193
163.66501,0.10716,-1267.31379,395651.90323,3385581.46294,1.12515,0.00793,10559884.02184,2000-05-02T17:38:05.631,15063.04534
163.67500,0.16558,-1266.87066,395652.57593,3385545.44704,1.12138,0.00776,10424575.41341,2000-05-01T04:02:56.228,15045.28887
163.68499,0.23870,-1268.01271,395703.55785,3385512.42962,1.12507,0.00825,10530938.57354,2000-05-02T09:35:45.953,15057.79053
163.69502,-0.11225,-1257.69757,395526.76321,3385589.03862,1.12773,0.00831,10608971.77808,2000-05-03T07:16:10.207,15072.72308
163.70501,0.41603,-1274.60823,395695.52549,3385580.03473,1.11964,0.00827,10469510.61630,2000-05-01T16:31:56.131,15053.89426
163.71500,-0.27644,-1247.11044,395393.34937,3385582.20572,1.12541,0.00836,10517705.48957,2000-05-02T05:55:06.164,15055.97733
163.72502,0.40981,-1273.23480,395842.83559,3385551.34627,1.12642,0.00775,10431429.80722,2000-05-01T05:57:05.655,15044.34665
163.73499,0.31990,-1266.10704,395746.54404,3385556.60071,1.12340,0.00810,10533433.80629,2000-05-02T10:17:11.317,15063.37801
163.74501,0.30048,-1260.80761,395716.37932,3385562.07720,1.13009,0.00773,10524815.70318,2000-05-02T07:53:33.935,15057.76522
163.75499,0.04669,-1255.80855,395627.70102,3385589.01542,1.12878,0.00757,10540446.82094,2000-05-02T12:14:12.410,15057.77451
163.76500,-0.05349,-1247.52572,395567.03474,3385568.26813,1.13269,0.00772,10572180.84223,2000-05-02T21:02:59.933,15064.57751
163.77499,0.28703,-1260.54289,395632.22561,3385587.76782,1.13150,0.00831,10516986.37031,2000-05-02T05:43:02.760,15057.71092
163.78501,0.44323,-1268.94324,395769.13128,3385567.42151,1.12516,0.00719,10461795.90029,2000-05-01T14:23:19.412,15051.37873
163.79501,-0.13407,-1243.68546,395596.52311,3385569.22792,1.13199,0.00810,10431074.53712,2000-05-01T05:51:08.192,15045.34358
163.80499,0.24931,-1256.24956,395788.54457,3385533.03629,1.13439,0.00791,10600192.14230,2000-05-03T04:50:02.949,15070.44536
163.81501,0.01847,-1248.11082,395643.27154,3385567.67119,1.13527,0.00738,10456405.62538,2000-05-01T12:53:21.311,15050.40958
163.82500,0.28908,-1262.90098,395724.16340,3385572.87099,1.13154,0.00777,10443005.98215,2000-05-01T09:10:03.305,15048.24435
163.83500,0.48286,-1265.91244,395794.65544,3385551.64559,1.13227,0.00938,10506276.17308,2000-05-02T02:44:39.878,15056.35490
163.84500,0.19009,-1257.11350,395737.98779,3385559.69479,1.12588,0.00960,10473563.84408,2000-05-01T17:39:26.866,15051.35728
163.85499,-0.14536,-1235.68524,395542.39484,3385561.85007,1.11865,0.01008,10373317.05238,2000-04-30T13:48:32.284,15033.67909
163.86498,0.24780,-1248.43253,395687.20442,3385581.59323,1.12016,0.00990,10501591.99250,2000-05-02T01:26:33.391,15057.37501
163.87499,0.15855,-1242.94927,395671.79806,3385574.02969,1.12876,0.01026,10494125.69461,2000-05-01T23:22:10.168,15053.34593
163.88502,0.00426,-1236.30769,395570.95236,3385585.20360,1.12513,0.00970,10531684.87806,2000-05-02T09:48:02.009,15057.77501
163.89500,0.56648,-1263.24472,395888.26743,3385539.31021,1.13034,0.00991,10532388.91114,2000-05-02T09:59:44.478,15059.13881
163.90499,0.03205,-1239.46783,395761.44395,3385588.08230,1.13658,0.00948,10529720.81026,2000-05-02T09:15:32.100,15054.43788
163.91500,0.37657,-1251.74861,396016.45437,3385522.60596,1.13213,0.01070,10450707.40596,2000-05-01T11:18:24.420,15050.92861
163.92500,0.04004,-1244.41646,395821.24308,3385564.27111,1.12888,0.00988,10388653.64854,2000-04-30T18:04:20.432,15039.56662
163.93500,-0.28453,-1223.39506,395768.86343,3385584.10335,1.13517,0.00982,10510791.70146,2000-05-02T04:00:08.441,15052.39599
163.94500,0.19585,-1241.16825,395964.36638,3385568.69245,1.12641,0.00824,10439315.13814,2000-05-01T08:08:47.839,15045.46086
163.95501,-0.00746,-1229.03881,395846.18064,3385573.33679,1.12705,0.00914,10465283.71236,2000-05-01T15:21:42.783,15048.07727
163.96500,0.27435,-1241.81540,395703.77052,3385564.36136,1.12470,0.00504,10438016.48424,2000-05-01T07:46:59.854,15046.92662
163.97499,0.02428,-1232.29928,395613.34336,3385577.91181,1.12137,0.00468,10521745.85924,2000-05-02T07:02:24.783,15052.77878
163.98500,0.17845,-1241.96286,395757.63211,3385594.05087,1.12549,0.00629,10454884.09184,2000-05-01T12:28:08.694,15049.38946
163.99501,0.28294,-1240.55718,395729.88018,3385589.07542,1.12557,0.00558,10608624.57055,2000-05-03T07:10:31.839,15071.99004
164.00501,0.29077,-1242.05006,395799.45919,3385561.48673,1.12860,0.00574,10387553.11047,2000-04-30T17:45:51.314,15038.05719
164.01500,0.36330,-1243.82831,395800.12952,3385572.36534,1.12794,0.00574,10476004.39131,2000-05-01T18:20:09.010,15053.52882
164.02500,-0.11131,-1222.30160,395623.81482,3385576.59400,1.13206,0.00521,10534767.92161,2000-05-02T10:39:27.571,15060.78997
164.03501,0.31841,-1247.08210,395815.24377,3385560.29211,1.13375,0.00626,10531601.31709,2000-05-02T09:46:45.927,15054.63921
164.04500,0.26281,-1242.30754,395710.33439,3385591.19021,1.12529,0.00522,10552539.14916,2000-05-02T15:35:47.687,15067.06786
164.05499,0.38646,-1246.96020,395794.33313,3385555.34282,1.12370,0.00503,10463796.08427,2000-05-01T14:56:30.487,15046.15252
164.06499,0.35553,-1240.02425,395832.58811,3385551.19382,1.12244,0.00554,10564966.63815,2000-05-02T19:02:49.017,15063.44328
164.07501,0.19143,-1240.76278,395726.53129,3385608.16954,1.12080,0.00593,10492567.62697,2000-05-01T22:56:15.921,15051.20463
164.08501,0.03710,-1229.09603,395700.05407,3385581.75351,1.11858,0.00538,10547897.46455,2000-05-02T14:18:20.377,15063.78465
164.09500,0.03511,-1225.09908,395812.81860,3385572.01087,1.12909,0.00624,10584969.58875,2000-05-03T00:36:15.653,15068.47034
164.10500,0.23043,-1242.47244,395804.98111,3385591.17671,1.12466,0.00683,10516267.61269,2000-05-02T05:31:10.350,15058.07739
164.11499,0.33022,-1253.75803,395801.34388,3385562.98928,1.12300,0.00611,10485873.39595,2000-05-01T21:04:28.037,15056.32370
164.12500,0.12038,-1244.98488,395673.86164,3385583.33171,1.12017,0.00521,10562198.82865,2000-05-02T18:16:33.847,15064.12376
164.13500,0.50194,-1256.13755,395829.71170,3385562.23931,1.11995,0.00557,10470956.77133,2000-05-01T16:55:55.067,15050.64164
164.14500,0.13129,-1234.45570,395668.20033,3385585.53017,1.12570,0.00610,10557759.15935,2000-05-02T17:02:38.310,15062.14573
164.15500,-0.16006,-1217.19570,395582.04446,3385582.22582,1.12994,0.00501,10486825.33043,2000-05-01T21:20:29.057,15049.82068
164.16499,0.35900,-1235.74988,395775.64462,3385569.98267,1.12115,0.00581,10565107.24361,2000-05-02T19:05:08.303,15068.92477
164.17500,0.11096,-1221.80156,395643.44462,3385587.35714,1.12649,0.00702,10626631.86905,2000-05-03T12:10:37.345,15070.53176
164.18500,0.29797,-1233.87614,395718.04036,3385580.29990,1.12978,0.00783,10517622.78247,2000-05-02T05:53:36.103,15056.98644
164.19500,0.30439,-1237.23666,395802.13384,3385586.15776,1.13102,0.00782,10544389.74109,2000-05-02T13:19:55.500,15060.82783
164.20500,0.43563,-1246.16296,395859.58946,3385606.66387,1.13622,0.00742,10478283.23806,2000-05-01T18:58:11.491,15050.81005
164.21499,-0.35063,-1209.32493,395558.33985,3385601.20946,1.13580,0.00644,10626054.00858,2000-05-03T12:00:59.389,15076.47611
164.22500,0.04871,-1222.93557,395662.68385,3385622.65279,1.13292,0.00664,10581231.24402,2000-05-02T23:34:00.170,15065.36429
164.23500,0.38925,-1233.28301,395851.77057,3385575.60439,1.13558,0.00681,10550429.35839,2000-05-02T15:00:39.784,15062.66332
164.24500,0.17599,-1227.49107,395671.40462,3385627.06901,1.13478,0.00629,10591011.69446,2000-05-03T02:17:04.999,15069.16197
164.25499,0.23823,-1231.49849,395726.85198,3385577.73939,1.13118,0.00501,10499745.67870,2000-05-02T00:55:54.228,15056.16431
164.26499,0.18242,-1232.38930,395739.48214,3385616.81569,1.13717,0.00538,10567334.65708,2000-05-02T19:42:17.290,15062.55054
164.27498,0.02302,-1223.52529,395765.61506,3385623.12817,1.14215,0.00555,10582729.43783,2000-05-02T23:59:08.468,15063.90996
164.28499,-0.18091,-1219.26175,395574.84949,3385632.31017,1.13429,0.00882,10476653.43153,2000-05-01T18:31:04.175,15051.92844
164.29501,0.25703,-1232.02176,395804.23044,3385589.47049,1.13944,0.00845,10575489.28762,2000-05-02T21:58:17.125,15068.96167
164.30498,-0.15336,-1212.01562,395676.65181,3385627.86585,1.13822,0.00863,10534315.58648,2000-05-02T10:32:06.065,15059.08410
164.31499,-0.08850,-1210.50880,395634.44638,3385586.80512,1.14140,0.01107,10437906.94069,2000-05-01T07:45:18.060,15046.00595
164.32500,0.37532,-1233.52158,395852.48567,3385598.10063,1.13866,0.01044,10467556.73674,2000-05-01T15:59:24.233,15049.08174
164.33499,0.32144,-1217.50691,395792.71079,3385598.15105,1.14032,0.01164,10555546.39197,2000-05-02T16:25:56.867,15060.43713
164.34500,-0.09594,-1203.38903,395573.97821,3385612.31222,1.12923,0.00787,10507939.80579,2000-05-02T03:12:28.761,15058.75990
164.35500,0.36800,-1227.57006,395799.31812,3385611.78186,1.12917,0.00830,10541520.84373,2000-05-02T12:32:11.235,15057.28667
164.36499,-0.18063,-1196.57205,395606.36287,3385595.87521,1.13691,0.00824,10513377.13397,2000-05-02T04:43:04.170,15058.43760
164.37500,-0.26511,-1192.03253,395581.74617,3385571.05084,1.13670,0.00642,10391955.92949,2000-04-30T18:59:24.701,15037.58780
164.38501,0.21675,-1214.59807,395779.62808,3385591.80400,1.13375,0.00593,10466430.28533,2000-05-01T15:40:36.283,15050.98987
164.39501,0.20153,-1211.28063,395823.28609,3385558.10190,1.13544,0.00518,10562016.55910,2000-05-02T18:13:43.782,15067.58780
164.40500,0.26827,-1218.01225,395734.88795,3385611.57255,1.13640,0.00575,10490418.26962,2000-05-01T22:20:22.948,15053.42135
164.41500,0.40001,-1226.15456,395742.93025,3385601.34858,1.13087,0.00541,10437282.34021,2000-05-01T07:34:44.966,15046.16793
164.42499,0.05172,-1208.20901,395678.69112,3385568.74219,1.12897,0.00574,10569822.35529,2000-05-02T20:23:46.189,15065.82027
164.43499,0.50625,-1228.31862,395866.72974,3385557.89234,1.12209,0.00537,10551212.13953,2000-05-02T15:13:41.854,15062.85237
164.44499,0.16299,-1224.24293,395734.60658,3385572.41277,1.12762,0.00496,10478160.41785,2000-05-01T18:56:02.111,15053.31725
164.45499,-0.34766,-1206.97863,395520.31859,3385609.68135,1.12566,0.00681,10551862.23181,2000-05-02T15:24:31.022,15060.59770
164.46499,0.44400,-1237.62979,395857.72523,3385591.69493,1.13445,0.00534,10493592.93073,2000-05-01T23:13:15.385,15055.26729
164.47500,0.53331,-1242.61080,395952.37280,3385507.99426,1.13285,0.00567,10484736.55211,2000-05-01T20:45:35.578,15054.94774
164.48501,-0.00375,-1219.34445,395759.38550,3385593.71757,1.12281,0.00619,10472919.74085,2000-05-01T17:28:56.665,15047.55429
164.49500,0.16877,-1228.98324,395808.19355,3385572.65855,1.12736,0.00549,10555710.32195,2000-05-02T16:28:41.442,15064.43474
164.50499,-0.00944,-1225.36770,395965.58125,3385569.99881,1.13468,0.00659,10470200.68461,2000-05-01T16:43:32.319,15051.29513
164.51501,0.53656,-1238.16066,395935.01159,3385539.12935,1.13379,0.00691,10546755.76863,2000-05-02T13:59:26.285,15062.36558
164.52500,0.41010,-1238.45812,395833.83726,3385594.47316,1.13204,0.00802,10475710.13154,2000-05-01T18:15:26.718,15051.85927
164.53500,0.06514,-1221.50161,395719.31810,3385596.23108,1.13522,0.00799,10567242.14117,2000-05-02T19:40:38.171,15063.25089
164.54501,0.31914,-1232.75320,395828.82981,3385546.57019,1.13967,0.00729,10479693.06043,2000-05-01T19:21:45.185,15053.58564
164.55502,0.34422,-1229.77243,395848.70689,3385581.20451,1.13605,0.00657,10499096.30778,2000-05-02T00:45:09.418,15054.36508
164.56500,-0.00918,-1217.03160,395726.25103,3385587.27280,1.13687,0.00479,10501135.16732,2000-05-02T01:19:07.652,15057.04068
164.57499,0.12077,-1219.34254,395752.10493,3385606.29315,1.13920,0.00532,10481157.90445,2000-05-01T19:46:12.902,15051.80013
164.58500,0.77935,-1250.48749,396097.55666,3385518.40807,1.13213,0.00695,10484419.45263,2000-05-01T20:40:31.052,15051.78369
164.59500,0.12528,-1227.89381,395720.09979,3385621.90886,1.13385,0.00544,10557010.15200,2000-05-02T16:50:06.677,15065.08159
164.60499,0.36920,-1232.49386,395863.28012,3385564.46995,1.13262,0.00622,10575566.50706,2000-05-02T21:59:37.192,15065.09930
164.61499,-0.12819,-1212.12830,395711.80582,3385578.06506,1.13100,0.00596,10456771.70780,2000-05-01T12:59:40.977,15050.07206
164.62499,0.03117,-1222.59957,395883.84156,3385572.28046,1.13403,0.00654,10364561.71323,2000-04-30T11:23:04.328,15035.76256
164.63500,0.62376,-1239.52188,395984.19122,3385550.51901,1.13257,0.00641,10526476.63049,2000-05-02T08:21:20.582,15061.22379
164.64501,0.20309,-1225.32238,395711.71531,3385608.95080,1.13316,0.00672,10579068.14864,2000-05-02T22:57:58.069,15062.40740
164.65501,0.12654,-1222.08054,395807.83654,3385557.72573,1.13376,0.00816,10462458.22913,2000-05-01T14:34:21.795,15049.45608
164.66501,0.30516,-1227.83399,395790.55295,3385548.68391,1.12990,0.00681,10545285.60434,2000-05-02T13:34:49.619,15061.48218
164.67500,0.35714,-1238.25339,395834.38041,3385574.77969,1.12809,0.00786,10413800.88148,2000-05-01T01:03:22.315,15039.89718
164.68498,0.10927,-1221.88218,395746.01210,3385537.23199,1.12960,0.00761,10486978.41186,2000-05-01T21:22:56.079,15050.61025
164.69504,-0.21637,-1218.00698,396146.03129,3385499.25298,1.13640,0.00842,10409495.29061,2000-04-30T23:51:55.722,15043.79421
164.70498,-0.85954,-1189.77568,395984.20141,3385554.23019,1.13660,0.00932,10331211.47575,2000-04-30T02:07:26.353,15031.60251
164.71499,-0.50730,-1198.57655,396243.54595,3385512.35167,1.14715,0.01298,10304821.32268,2000-04-29T18:47:38.525,15030.37985
164.72500,0.09356,-1221.22079,395996.20980,3385538.58127,1.13900,0.01108,10374845.64927,2000-04-30T14:14:12.217,15038.03895
164.73501,-0.54852,-1196.72464,395801.55455,3385556.24174,1.12871,0.00966,10399190.28062,2000-04-30T21:00:10.369,15038.92369
164.74500,-0.22317,-1212.75973,395688.82805,3385569.50963,1.13885,0.00898,10581014.88500,2000-05-02T23:30:25.638,15067.79158
164.75500,-0.22614,-1208.11762,395854.40784,3385555.02926,1.14067,0.00951,10313590.70986,2000-04-29T21:13:22.150,15027.53246
164.76501,-0.02681,-1221.01544,395773.20604,3385566.67668,1.12859,0.01106,10528003.07089,2000-05-02T08:46:51.374,15056.88894
164.77500,-0.38336,-1202.92721,395644.29739,3385588.24028,1.13467,0.01407,10461519.26972,2000-05-01T14:18:51.149,15052.87963
164.78500,-0.05988,-1218.03933,395857.61727,3385544.28404,1.13627,0.01345,10479083.56184,2000-05-01T19:11:39.129,15053.00245
164.79501,-0.86524,-1188.60707,395893.49667,3385538.02790,1.14595,0.01415,10284805.57633,2000-04-29T13:13:40.150,15019.99596
164.80497,-0.06988,-1221.64147,395883.94128,3385546.83963,1.13925,0.01292,10467482.01865,2000-05-01T15:58:17.365,15048.80309
164.81500,0.17219,-1228.64429,395876.12730,3385551.47648,1.14126,0.01087,10388576.65533,2000-04-30T18:02:47.295,15038.80345
164.82501,0.25884,-1227.84353,395935.37603,3385503.98955,1.14139,0.01170,10425947.21092,2000-05-01T04:25:48.989,15046.08624
164.83500,0.09532,-1228.43801,395693.49405,3385569.56472,1.13997,0.01243,10492799.38530,2000-05-01T22:59:49.818,15052.05452
164.84500,0.64711,-1251.38333,396023.86315,3385518.61360,1.13194,0.01241,10280790.00863,2000-04-29T12:06:17.288,15024.08786
164.85499,0.13800,-1234.50095,395758.89575,3385536.82859,1.12739,0.01265,10450464.17076,2000-05-01T11:14:20.774,15048.69354
164.86499,0.02181,-1227.90417,395709.23449,3385596.67629,1.13583,0.01336,10579566.87380,2000-05-02T23:06:09.492,15066.15058
164.87499,-0.28496,-1212.48445,395614.64783,3385580.02959,1.13638,0.01135,10484956.52947,2000-05-01T20:49:20.417,15052.42055
164.88500,0.17254,-1224.26427,395804.19579,3385573.86087,1.13960,0.01221,10493580.24304,2000-05-01T23:13:02.966,15056.52249
164.89501,0.75218,-1240.68131,396244.59532,3385497.76169,1.14524,0.01038,10482244.50372,2000-05-01T20:04:01.758,15050.59959
164.90499,-0.16015,-1216.28821,395670.67239,3385603.28991,1.13406,0.01224,10416373.15245,2000-05-01T01:46:15.834,15043.81790
164.91500,0.16242,-1234.16949,395765.29947,3385585.71308,1.13816,0.01172,10500656.73205,2000-05-02T01:10:53.294,15056.55865
164.92501,0.28997,-1232.28268,395873.33531,3385548.27098,1.14152,0.01150,10537843.46821,2000-05-02T11:30:53.196,15057.12804
164.93500,0.41115,-1242.05016,395920.03806,3385580.07066,1.14117,0.01182,10476094.22369,2000-05-01T18:21:36.897,15048.17849
164.94500,0.24291,-1232.97449,395827.24575,3385572.03601,1.14440,0.01113,10418875.08395,2000-05-01T02:27:54.885,15045.35913
164.95498,0.05608,-1228.13482,395788.74123,3385608.40592,1.14095,0.01193,10457309.05532,2000-05-01T13:08:35.561,15048.25822
164.96502,0.17278,-1227.50054,395868.31496,3385533.82692,1.14068,0.01144,10476732.48052,2000-05-01T18:32:12.790,15048.46511
164.97503,-0.12039,-1216.54183,395706.98408,3385585.30291,1.14170,0.01205,10570007.66902,2000-05-02T20:26:51.674,15067.62890
164.98500,-0.09531,-1221.49827,395745.09789,3385567.09496,1.13370,0.01151,10438825.82733,2000-05-01T08:00:22.484,15044.57419
164.99501,0.32572,-1237.39114,395879.23914,3385567.39724,1.13081,0.01184,10443998.73229,2000-05-01T09:26:37.679,15045.52066
165.00499,0.36106,-1235.29369,395970.40715,3385565.62118,1.13672,0.01040,10450131.96827,2000-05-01T11:08:50.526,15046.92656
165.01499,0.27231,-1234.80531,395920.79937,3385543.90444,1.13403,0.01157,10394560.35613,2000-04-30T19:42:37.202,15039.74374
165.02498,0.45129,-1235.55751,396151.73799,3385539.34153,1.14889,0.00954,10387987.55064,2000-04-30T17:53:06.810,15037.84431
165.03501,0.29531,-1238.76291,395953.39390,3385549.77248,1.14053,0.00929,10403195.65924,2000-04-30T22:06:32.879,15045.00471
165.04499,0.04835,-1231.70172,395900.52164,3385562.29893,1.14124,0.00882,10490142.91274,2000-05-01T22:15:53.849,15055.27049
165.05500,0.11874,-1231.55695,395800.79196,3385550.86493,1.13814,0.00993,10462352.05865,2000-05-01T14:32:34.828,15049.58558
165.06500,0.30541,-1246.99555,395815.87462,3385552.90254,1.13225,0.01003,10579756.74504,2000-05-02T23:09:14.795,15064.39992
165.07500,0.14332,-1234.29846,395813.41703,3385570.26870,1.13440,0.00996,10458044.31310,2000-05-01T13:20:40.798,15052.22124
165.08499,0.07538,-1223.84545,395909.54119,3385537.96794,1.13637,0.00934,10354230.35772,2000-04-30T08:30:30.477,15030.28078
165.09500,0.82619,-1257.29069,396250.70432,3385539.79272,1.14078,0.00966,10431096.10196,2000-05-01T05:51:25.604,15047.35165
165.10499,0.39643,-1237.26438,395949.44422,3385532.26972,1.13805,0.01001,10417971.60372,2000-05-01T02:12:48.578,15042.57654
165.11500,0.31193,-1240.39896,395938.47576,3385568.63767,1.13447,0.00898,10421816.80452,2000-05-01T03:16:59.937,15044.24080
165.12498,0.13041,-1237.94670,395891.00547,3385572.15080,1.13260,0.00969,10507852.21278,2000-05-02T03:10:54.057,15055.02297
165.13500,-0.07081,-1235.91382,395838.77459,3385556.40883,1.13032,0.00930,10475428.46327,2000-05-01T18:10:38.894,15050.21235
165.14502,-0.88243,-1207.30113,396143.36297,3385535.70926,1.14910,0.00958,10414627.15564,2000-05-01T01:17:40.487,15042.28720
165.15503,-2.89887,-1114.95941,396866.49360,3385418.37295,1.17643,0.00841,10207197.14291,2000-04-28T15:41:41.737,15018.99823
165.16499,-0.66602,-1215.10100,396021.72994,3385550.09814,1.15147,0.00875,10504777.10525,2000-05-02T02:20:12.296,15054.05473
165.17498,-1.17908,-1193.37733,396240.39032,3385509.16359,1.15384,0.00620,10440892.21034,2000-05-01T08:35:33.716,15050.09923
165.18501,-0.49297,-1230.10350,395985.69706,3385570.09362,1.13884,0.00660,10338611.53888,2000-04-30T04:10:31.585,15029.53887
165.19500,-0.57216,-1225.28519,396388.95328,3385517.40979,1.14356,0.00621,10448655.23481,2000-05-01T10:44:55.222,15051.48920
165.20498,-0.52484,-1232.82397,396051.78012,3385530.48583,1.14111,0.00661,10439458.10544,2000-05-01T08:11:26.261,15046.75320
165.21500,0.05408,-1248.28684,396219.26582,3385496.11078,1.13378,0.00692,10479455.06822,2000-05-01T19:17:52.250,15049.53890
165.22501,-0.08974,-1246.83456,395852.68959,3385577.38845,1.12732,0.00574,10535498.79795,2000-05-02T10:51:52.477,15060.02091
165.23500,-0.04032,-1243.50803,395828.82461,3385560.13506,1.13915,0.00754,10463405.50026,2000-05-01T14:50:18.408,15049.63076
165.24499,-0.20165,-1238.70023,395895.62738,3385582.04640,1.13413,0.00664,10628323.57505,2000-05-03T12:39:07.012,15073.59084
165.25499,0.19686,-1251.18891,395946.97750,3385565.01642,1.13329,0.00630,10477880.98342,2000-05-01T18:51:29.864,15054.01086
165.26501,-0.49151,-1203.05849,395651.76079,3385593.65572,1.13561,0.00623,10624476.47673,2000-05-03T11:34:39.976,15071.67981
165.27500,0.13749,-1228.74621,396096.64601,3385547.83532,1.13491,0.00644,10453286.71830,2000-05-01T12:01:39.406,15047.11388
165.28500,-0.66523,-1202.12164,395697.73399,3385594.29513,1.13045,0.00660,10520328.66501,2000-05-02T06:39:09.782,15055.77479
165.29502,-0.30410,-1220.86017,395955.60862,3385599.06958,1.13383,0.00681,10691587.47112,2000-05-04T06:13:32.470,15083.69830
165.30499,-0.00463,-1227.03512,395916.85812,3385549.28196,1.14041,0.00804,10526225.73424,2000-05-02T08:17:19.474,15055.56717
165.31501,-0.19047,-1216.39525,395908.90253,3385559.17397,1.13945,0.00586,10627710.66541,2000-05-03T12:28:52.424,15078.24317
165.32499,-0.40531,-1215.71782,395816.44151,3385569.75700,1.13244,0.00589,10554975.06717,2000-05-02T16:16:34.134,15065.61076
165.33499,0.19717,-1250.13281,395891.73322,3385575.84812,1.12881,0.00628,10511426.99534,2000-05-02T04:10:28.316,15056.95517
165.34501,-0.06670,-1249.39894,395779.70743,3385611.96862,1.13545,0.00647,10531694.46221,2000-05-02T09:48:23.427,15057.30030
165.35499,-0.24620,-1233.97552,395656.32462,3385576.69605,1.13617,0.00754,10581693.02628,2000-05-02T23:41:35.309,15066.37431
165.36499,0.03041,-1249.58270,395811.46159,3385558.83964,1.13960,0.00953,10516629.81579,2000-05-02T05:37:12.624,15054.60993
165.37500,0.39164,-1269.17457,395954.42903,3385530.58137,1.14136,0.01091,10483070.80429,2000-05-01T20:17:56.261,15051.74615
165.38500,-0.10962,-1255.05379,395721.00262,3385586.65375,1.14370,0.00935,10549421.23649,2000-05-02T14:43:32.228,15064.19597
165.39503,0.32740,-1270.31636,395895.81047,3385539.76408,1.14225,0.00842,10510306.34402,2000-05-02T03:51:45.536,15054.46469
165.40502,0.09860,-1260.67507,395811.50194,3385560.45514,1.14073,0.00790,10467546.82054,2000-05-01T15:59:11.134,15049.27386
165.41502,0.18347,-1257.42883,395801.86877,3385590.53610,1.13997,0.00826,10436643.30795,2000-05-01T07:23:53.555,15045.38370
165.42500,0.43314,-1269.06433,395929.96470,3385551.77344,1.13630,0.00772,10622131.96134,2000-05-03T10:55:32.711,15074.12109
165.43499,-0.25161,-1247.53308,395632.53657,3385594.89203,1.12930,0.00827,10537003.90302,2000-05-02T11:16:46.041,15058.45540
165.44501,0.05956,-1260.95113,395791.05128,3385539.58867,1.14341,0.00735,10571090.87176,2000-05-02T20:44:45.892,15068.06570
165.45500,0.07634,-1257.98793,395799.84019,3385563.68960,1.14409,0.00826,10510911.03472,2000-05-02T04:01:58.655,15052.92562
165.46499,0.30847,-1267.27495,395891.55501,3385568.47054,1.14288,0.00843,10504617.08116,2000-05-02T02:16:52.681,15057.04904
165.47500,0.11211,-1256.70360,395964.41267,3385565.24066,1.14733,0.00787,10568360.97716,2000-05-02T19:59:25.221,15064.31739
165.48501,-0.08098,-1243.98579,395821.43674,3385575.30139,1.14451,0.00771,10549882.71568,2000-05-02T14:51:21.383,15059.50900
165.49501,0.23062,-1259.30112,395950.89402,3385583.72922,1.14513,0.00826,10609273.04904,2000-05-03T07:21:10.771,15071.31965
165.50502,0.08447,-1242.87509,395823.63519,3385562.49671,1.14044,0.00838,10647557.39092,2000-05-03T17:59:21.529,15075.35148
165.51501,0.14460,-1253.19334,396001.31511,3385569.96430,1.14046,0.00772,10440531.98936,2000-05-01T08:29:00.167,15043.97206
165.52497,-0.47895,-1233.14425,395697.53055,3385621.64668,1.14277,0.00774,10638645.56548,2000-05-03T15:30:53.480,15075.81981
165.53498,0.41925,-1269.56573,395907.15360,3385589.61220,1.13145,0.00790,10550915.30771,2000-05-02T15:08:41.661,15059.05734
165.54500,0.06111,-1246.81129,395742.33724,3385560.34290,1.14199,0.00859,10661780.91467,2000-05-03T21:56:18.630,15078.56503
165.55499,0.29669,-1252.88432,395835.21368,3385571.70730,1.13318,0.01005,10551993.99228,2000-05-02T15:26:31.810,15060.78633
165.56500,0.22765,-1251.92977,395800.10942,3385574.50322,1.13436,0.01006,10525090.84909,2000-05-02T07:58:08.627,15059.82113
165.57499,0.10125,-1249.54506,395739.84995,3385573.28162,1.13138,0.01043,10597437.96344,2000-05-03T04:04:00.382,15071.01648
165.58500,-0.12061,-1237.53998,395610.17484,3385592.52904,1.12838,0.01060,10596999.95196,2000-05-03T03:56:43.528,15064.55928
165.59501,0.18101,-1248.24107,395758.40204,3385569.96010,1.12848,0.01093,10611193.97687,2000-05-03T07:53:12.867,15068.78252
165.60500,0.46109,-1265.27776,395936.13339,3385563.46167,1.12412,0.01023,10545757.53168,2000-05-02T13:42:36.547,15064.31731
165.61500,0.25165,-1257.30599,395754.97860,3385585.80136,1.12675,0.01066,10686727.03305,2000-05-04T04:52:06.360,15083.28601
165.62500,0.12596,-1253.12789,395702.32467,3385588.81490,1.12654,0.01024,10633980.60269,2000-05-03T14:13:03.468,15073.27339
165.63500,0.00655,-1246.64935,395744.66165,3385586.63731,1.12226,0.01081,10564684.15482,2000-05-02T18:58:08.066,15060.73092
165.64499,0.23849,-1257.94193,395801.78154,3385569.34583,1.12489,0.00931,10591922.01385,2000-05-03T02:31:57.647,15069.07797
165.65499,-0.32993,-1224.96988,395528.97036,3385602.64449,1.12836,0.01008,10494916.15773,2000-05-01T23:35:12.578,15052.94548
165.66501,0.25201,-1248.08352,395806.33247,3385576.72322,1.13333,0.01079,10732563.79151,2000-05-04T17:36:02.337,15088.14795
165.67499,0.29813,-1248.03639,395810.00021,3385570.97295,1.13276,0.01059,10443020.33516,2000-05-01T09:10:22.773,15045.81472
165.68500,0.24164,-1251.24255,395795.00335,3385572.15765,1.12413,0.01057,10665656.24728,2000-05-03T23:00:45.797,15076.52881
165.69501,-0.13702,-1242.24791,395624.68640,3385609.43675,1.12569,0.01023,10523402.12386,2000-05-02T07:29:55.612,15056.17100
165.70500,0.49459,-1276.23729,395852.41268,3385584.18145,1.12957,0.00993,10563151.54487,2000-05-02T18:32:37.515,15063.78325
165.71501,0.07196,-1254.07823,395739.37833,3385582.04522,1.12955,0.01003,10590329.89341,2000-05-03T02:05:23.193,15069.30540
165.72501,0.12065,-1254.69880,395743.06583,3385564.46701,1.13256,0.01005,10425732.22130,2000-05-01T04:22:15.700,15047.39315
165.73501,0.12509,-1259.77401,395788.87928,3385548.71735,1.13114,0.01060,10619087.06390,2000-05-03T10:04:44.173,15068.68545
165.74501,0.11388,-1260.84225,395704.06739,3385594.27227,1.12947,0.00953,10521593.93401,2000-05-02T06:59:50.483,15057.24550
165.75500,0.27814,-1271.46937,395830.40499,3385544.14900,1.13155,0.01058,10479511.31566,2000-05-01T19:18:27.691,15049.53731
165.76501,0.08534,-1272.41171,395756.25412,3385543.09903,1.12616,0.01127,10555596.45092,2000-05-02T16:26:32.610,15063.00614
165.77497,0.10511,-1288.09737,395768.65491,3385562.29870,1.12689,0.00990,10539887.60340,2000-05-02T12:04:47.350,15060.79014
165.78500,0.04556,-1281.48281,395777.68490,3385538.55490,1.13231,0.01011,10601195.93017,2000-05-03T05:06:23.408,15069.73307
165.79499,0.40779,-1297.83775,395921.15175,3385556.90309,1.13479,0.01024,10515967.19890,2000-05-02T05:26:03.327,15057.03019
165.80500,-0.25511,-1274.71830,395620.27591,3385566.12386,1.13235,0.01077,10549783.29739,2000-05-02T14:49:45.887,15061.42655
165.81501,0.24704,-1298.31153,395883.15645,3385529.35872,1.13219,0.01177,10595362.58331,2000-05-03T03:29:21.334,15064.54835
165.82500,0.04795,-1286.91766,395749.69332,3385549.31282,1.12711,0.01047,10476295.38567,2000-05-01T18:24:55.662,15048.55943
165.83498,0.06999,-1291.71964,395807.55855,3385532.45054,1.12919,0.01058,10538265.14896,2000-05-02T11:37:41.298,15061.85413
165.84499,0.10678,-1292.51637,395805.01359,3385520.79391,1.12847,0.01144,10573521.70246,2000-05-02T21:25:25.734,15062.16583
165.85500,0.22522,-1302.06476,395821.54880,3385534.03769,1.12727,0.01326,10434581.59965,2000-05-01T06:49:33.414,15046.21690
165.86501,0.07208,-1296.74637,395812.82722,3385527.00253,1.12752,0.01341,10491496.35356,2000-05-01T22:38:15.195,15049.51323
165.87500,0.05114,-1300.89206,395835.42811,3385557.49490,1.12883,0.01168,10543335.21680,2000-05-02T13:02:11.259,15061.42379
165.88500,-0.03563,-1293.78749,395707.73691,3385562.20718,1.11784,0.01123,10524616.49006,2000-05-02T07:50:19.566,15059.46609
165.89500,0.47775,-1311.37923,395933.15983,3385488.66402,1.11984,0.00862,10594461.77407,2000-05-03T03:14:19.119,15067.75781
165.90500,0.14144,-1295.51900,395839.81540,3385510.02891,1.12004,0.00752,10542296.81204,2000-05-02T12:44:53.971,15061.52123
165.91498,0.11276,-1299.64069,395789.90519,3385512.10279,1.11546,0.00789,10529239.17885,2000-05-02T09:07:25.886,15060.56063
165.92500,-0.11185,-1292.13906,395730.94263,3385531.91727,1.11707,0.00789,10548499.61809,2000-05-02T14:28:20.223,15057.82188
165.93501,0.15308,-1308.31661,395831.56957,3385545.24488,1.11618,0.00790,10439347.42228,2000-05-01T08:09:05.942,15043.75777
165.94501,0.06486,-1300.47294,395801.44378,3385534.04460,1.11963,0.00880,10473843.91420,2000-05-01T17:44:00.010,15055.09364
165.95501,0.35533,-1311.23058,395999.49005,3385510.66839,1.11823,0.00771,10457061.83085,2000-05-01T13:04:17.722,15047.92724
165.96500,0.11076,-1303.05045,395935.96571,3385545.88569,1.11904,0.00790,10520535.33912,2000-05-02T06:42:09.258,15058.74916
165.97501,0.01897,-1289.78121,395893.12088,3385507.23488,1.11688,0.00823,10508844.48965,2000-05-02T03:27:29.036,15055.37540
165.98501,-0.26506,-1277.76736,395776.88969,3385514.84592,1.11401,0.00716,10501563.43423,2000-05-02T01:26:08.840,15057.32319
165.99499,0.36956,-1304.65881,396026.04196,3385501.21047,1.11846,0.00844,10514223.57772,2000-05-02T04:57:05.876,15055.89619
166.00500,-0.27341,-1286.69860,395756.16549,3385527.65578,1.11871,0.00789,10526746.59422,2000-05-02T08:25:49.870,15055.71545
166.01501,0.31812,-1312.88762,395995.57052,3385511.16075,1.12094,0.00774,10488866.18642,2000-05-01T21:54:28.233,15055.06347
166.02500,0.31540,-1315.14341,395982.42331,3385477.66445,1.11690,0.00843,10543862.81292,2000-05-02T13:11:03.749,15062.17278
166.03500,0.12241,-1312.61505,395851.64255,3385539.20861,1.11635,0.00773,10464005.25682,2000-05-01T15:00:12.359,15049.61521
166.04499,0.01523,-1301.87036,395791.08150,3385521.88328,1.11939,0.00790,10553358.58372,2000-05-02T15:49:22.730,15057.88570
166.05501,0.51466,-1318.69992,396058.17390,3385487.96790,1.12370,0.00734,10430356.80308,2000-05-01T05:39:11.309,15045.27234
166.06502,0.12557,-1305.41909,395890.69160,3385470.79852,1.12666,0.00838,10517237.09612,2000-05-02T05:47:20.782,15054.94879
166.07501,0.60574,-1329.35653,396088.38175,3385474.91543,1.12535,0.00831,10503626.46436,2000-05-02T02:00:29.525,15058.40919
166.08498,-0.10675,-1310.88026,395730.28743,3385523.19999,1.12774,0.00802,10514056.71834,2000-05-02T04:54:23.325,15049.89889
166.09500,0.34910,-1329.74940,395966.09140,3385483.06092,1.12329,0.00854,10519630.56084,2000-05-02T06:27:17.306,15059.32390
166.10499,-0.04126,-1324.21650,395750.43057,3385542.19684,1.11877,0.00878,10475091.88053,2000-05-01T18:04:54.631,15051.45501
166.11499,0.18150,-1331.72637,395950.81855,3385487.30455,1.11559,0.00829,10551408.13251,2000-05-02T15:16:52.908,15061.97007
166.12501,0.19124,-1335.00796,395874.35322,3385498.63898,1.11892,0.00854,10545750.32995,2000-05-02T13:42:30.691,15061.54540
166.13500,0.29392,-1335.32605,395932.27467,3385474.37388,1.11705,0.00870,10560767.05517,2000-05-02T17:52:48.779,15062.36558
166.14500,-0.12526,-1323.58639,395706.53416,3385499.52230,1.11405,0.00783,10494622.57458,2000-05-01T23:30:25.459,15052.70016
166.15499,0.34267,-1348.61550,395915.46829,3385485.50893,1.11334,0.00848,10608127.14260,2000-05-03T07:02:14.975,15070.84964
166.16499,0.33870,-1350.84813,395940.29173,3385452.69324,1.11718,0.00942,10577750.54219,2000-05-02T22:35:55.166,15065.21541
166.17501,-0.19853,-1326.83803,395698.70172,3385487.61415,1.11085,0.00834,10409252.18256,2000-04-30T23:47:29.714,15039.87569
166.18500,0.29188,-1342.07582,395882.89217,3385494.98123,1.11714,0.00834,10691416.76948,2000-05-04T06:10:17.293,15079.85456
166.19499,-0.12327,-1328.63715,395712.10594,3385517.30596,1.11671,0.00888,10566558.97219,2000-05-02T19:29:15.442,15068.58908
166.20501,0.14145,-1336.19522,395779.61999,3385511.98581,1.10895,0.00779,10662954.59234,2000-05-03T22:15:53.513,15077.86655
166.21500,0.04704,-1335.75398,395760.35462,3385476.26921,1.11146,0.00800,10528069.73331,2000-05-02T08:47:44.045,15062.55782
166.22500,0.09472,-1338.01594,395739.18608,3385517.18320,1.11476,0.00890,10634833.92362,2000-05-03T14:27:24.578,15070.62867
166.23500,0.21325,-1336.57588,395800.55228,3385493.92714,1.12430,0.00808,10524268.19304,2000-05-02T07:44:29.578,15054.80023
166.24500,-0.44140,-1306.32827,395519.38674,3385523.08715,1.11521,0.00860,10518186.66154,2000-05-02T06:03:06.517,15055.66112
166.25500,0.16552,-1324.76959,395737.79127,3385509.03092,1.11535,0.00841,10542443.98328,2000-05-02T12:47:18.414,15062.14606
166.26500,0.53201,-1344.13769,395906.85001,3385476.46196,1.11708,0.00880,10610869.99885,2000-05-03T07:47:54.552,15070.54528
166.27499,0.07863,-1326.26412,395737.31232,3385487.58854,1.11672,0.00769,10528149.10963,2000-05-02T08:49:00.105,15060.12262
166.28500,0.38595,-1340.35285,395822.64612,3385507.97469,1.11316,0.00792,10550598.08112,2000-05-02T15:03:18.592,15063.83700
166.29499,-0.16239,-1317.20627,395678.91507,3385526.42329,1.11594,0.00844,10513683.24564,2000-05-02T04:48:03.308,15051.25201
166.30500,0.11477,-1324.96494,395705.74282,3385522.16615,1.11309,0.00790,10472817.12215,2000-05-01T17:26:52.496,15051.46764
166.31500,0.10743,-1322.44381,395736.34285,3385496.36295,1.11373,0.00787,10557389.76468,2000-05-02T16:56:25.623,15065.75817
166.32502,0.11542,-1328.25651,395698.61102,3385511.59888,1.11300,0.00683,10460514.16484,2000-05-01T14:01:50.304,15047.66567
166.33500,0.08057,-1331.16112,395706.47014,3385509.82282,1.10995,0.00612,10443492.45614,2000-05-01T09:18:03.739,15047.19808
166.34501,0.62896,-1347.70012,395927.96960,3385478.11853,1.11648,0.00611,10493301.40305,2000-05-01T23:08:19.085,15049.76872
166.35500,0.15919,-1328.39184,395748.72468,3385485.07269,1.11271,0.00609,10518505.84516,2000-05-02T06:08:14.816,15059.17354
166.36500,0.24128,-1333.84972,395836.18358,3385465.67572,1.11572,0.00553,10538350.13999,2000-05-02T11:39:07.712,15064.24637
166.37502,-0.02776,-1329.01098,395649.38768,3385531.35756,1.11384,0.00666,10603241.79147,2000-05-03T05:40:32.165,15067.28761
166.38499,0.13846,-1334.16295,395757.23109,3385495.39385,1.11950,0.00665,10523627.90796,2000-05-02T07:33:40.466,15057.57983
166.39500,0.36798,-1342.19524,395805.20740,3385477.93165,1.11620,0.00666,10478624.57065,2000-05-01T19:03:47.444,15049.17148
166.40499,-0.06360,-1323.93549,395607.00636,3385519.76090,1.11749,0.00665,10503797.65938,2000-05-02T02:03:09.840,15061.27548
166.41502,0.33677,-1339.33239,395783.81283,3385497.43091,1.11699,0.00594,10659931.74823,2000-05-03T21:25:34.086,15080.78738
166.42501,0.26460,-1342.22655,395757.69747,3385502.00867,1.12416,0.00665,10492871.84837,2000-05-01T23:01:01.974,15056.80310
166.43501,0.18610,-1340.69760,395744.48385,3385470.12910,1.12017,0.00574,10538873.04507,2000-05-02T11:47:52.539,15065.45381
166.44500,0.34635,-1353.11669,395801.75537,3385477.72613,1.11769,0.00630,10640972.92577,2000-05-03T16:09:27.682,15081.02918
166.45499,0.08986,-1341.45933,395685.05942,3385469.26385,1.11945,0.00612,10564119.60730,2000-05-02T18:48:41.909,15073.24693
166.46500,0.34269,-1351.63646,395801.15931,3385451.17772,1.12251,0.00628,10573186.47059,2000-05-02T21:19:38.636,15069.73261
166.47501,0.14258,-1349.91131,395743.01772,3385472.42393,1.12373,0.00647,10661359.79387,2000-05-03T21:49:16.224,15084.58188
166.48501,0.20977,-1354.53763,395762.78171,3385463.18392,1.12445,0.00665,10578495.36861,2000-05-02T22:48:07.454,15069.89574
166.49501,0.09784,-1354.06577,395697.89932,3385489.67312,1.11665,0.00631,10563463.23781,2000-05-02T18:37:38.837,15073.48341
166.50501,0.51909,-1374.10406,395848.36129,3385473.08704,1.11400,0.00664,10619959.29180,2000-05-03T10:19:12.199,15074.33447
166.51500,0.59131,-1378.20111,395838.26421,3385504.64074,1.11239,0.00524,10481356.52866,2000-05-01T19:49:10.630,15058.63583
166.52499,0.19785,-1354.16457,395722.24284,3385460.02134,1.12026,0.00589,10523234.93437,2000-05-02T07:27:10.760,15064.52902
166.53500,-0.08565,-1346.23178,395624.06613,3385500.24567,1.11896,0.00647,10534868.04467,2000-05-02T10:41:06.609,15064.70021
166.54501,0.16754,-1349.37434,395722.37274,3385449.91813,1.11973,0.00606,10564312.92070,2000-05-02T18:51:44.212,15070.99263
166.55501,0.63234,-1377.82717,395865.63251,3385490.58157,1.12045,0.00702,10545974.30086,2000-05-02T13:46:11.660,15064.16046
166.56501,-0.03786,-1350.99853,395602.91324,3385495.96519,1.12134,0.00645,10608825.18816,2000-05-03T07:13:40.090,15077.94497
166.57501,0.46760,-1371.85344,395843.84263,3385459.35143,1.11994,0.00700,10616783.20112,2000-05-03T09:26:23.369,15077.35797
166.58500,0.32244,-1366.47883,395793.77975,3385481.23460,1.11738,0.00611,10540435.42588,2000-05-02T12:13:52.029,15065.42018
166.59501,0.07828,-1355.98396,395650.99173,3385484.24440,1.11975,0.00555,10439990.51682,2000-05-01T08:19:46.794,15052.52337
166.60500,0.49606,-1369.01780,395825.64851,3385470.30720,1.12242,0.00663,10471246.53328,2000-05-01T17:00:41.424,15056.39228
166.61499,-0.11829,-1342.78897,395579.81321,3385523.88057,1.12241,0.00556,10552088.78345,2000-05-02T15:28:08.067,15067.72951
166.62500,0.35021,-1353.72322,395809.69564,3385464.62337,1.12150,0.00607,10495207.98457,2000-05-01T23:40:02.664,15058.08918
166.63500,0.22526,-1349.21374,395761.72961,3385491.45846,1.12431,0.00593,10646081.13427,2000-05-03T17:34:35.441,15082.96749
166.64500,0.06911,-1339.73719,395670.35635,3385484.16121,1.12874,0.00610,10590020.84741,2000-05-03T02:00:22.895,15070.15924
166.65500,0.13260,-1340.39260,395667.22833,3385481.67215,1.13448,0.00644,10600060.68282,2000-05-03T04:47:33.055,15077.32884
166.66502,0.09826,-1341.87142,395630.42457,3385525.35828,1.13558,0.00753,10528939.96678,2000-05-02T09:02:09.154,15064.01847
166.67501,0.28092,-1351.61312,395759.73582,3385484.82908,1.13608,0.00818,10527989.75179,2000-05-02T08:46:26.803,15064.01349
166.68501,0.23776,-1351.38279,395723.02354,3385486.66281,1.13203,0.00697,10683973.91301,2000-05-04T04:06:11.885,15087.20349
166.69501,0.18575,-1355.98245,395665.06433,3385535.21931,1.12300,0.00827,10496831.97858,2000-05-02T00:07:01.787,15058.79282
166.70500,0.00306,-1345.46857,395585.39813,3385521.17699,1.12539,0.00592,10601322.36115,2000-05-03T05:08:46.916,15074.25454
166.71501,0.45253,-1357.34226,395829.79821,3385467.53353,1.12831,0.00610,10514140.18415,2000-05-02T04:55:37.387,15059.45987
166.72500,0.05289,-1344.81964,395621.36713,3385515.63515,1.12431,0.00611,10582111.99236,2000-05-02T23:48:29.317,15073.40820
166.73500,-0.04123,-1338.91751,395609.74319,3385497.85915,1.12739,0.00663,10626529.88359,2000-05-03T12:08:48.235,15074.97606
166.74499,0.19368,-1345.24766,395721.33406,3385470.94904,1.11901,0.00758,10579002.25782,2000-05-02T22:56:48.940,15070.70640
166.75502,0.50885,-1362.35199,395804.80840,3385492.82417,1.12212,0.00568,10522985.57187,2000-05-02T07:22:55.301,15065.20905
166.76500,-0.16640,-1331.18730,395566.55663,3385483.63050,1.11961,0.00661,10590426.99579,2000-05-03T02:07:04.910,15070.79745
166.77500,0.10526,-1345.37655,395635.24465,3385529.41256,1.12244,0.00623,10492205.98945,2000-05-01T22:50:04.804,15060.11033
166.78499,0.03462,-1341.02615,395625.87471,3385489.73104,1.12569,0.00604,10613248.20151,2000-05-03T08:27:18.288,15074.90733
166.79500,0.17204,-1350.31681,395700.48463,3385480.23669,1.13103,0.00658,10597276.57849,2000-05-03T04:01:08.969,15073.13534
166.80501,0.18452,-1342.02018,395666.55782,3385492.07559,1.12555,0.00662,10533758.51875,2000-05-02T10:22:33.586,15066.62377
166.81501,0.09836,-1343.87994,395649.07268,3385494.18665,1.12282,0.00586,10540721.63961,2000-05-02T12:18:34.140,15066.16683
166.82500,0.25699,-1350.40702,395730.78583,3385468.65773,1.12626,0.00731,10503287.74293,2000-05-02T01:54:43.601,15062.18768
166.83500,0.12016,-1345.77514,395687.45915,3385466.75434,1.13043,0.00652,10426290.55924,2000-05-01T04:31:23.716,15047.45847
166.84501,-0.10977,-1336.07738,395596.61904,3385485.54073,1.12599,0.00622,10497221.04397,2000-05-02T00:13:32.373,15055.56291
166.85500,-0.19597,-1329.42611,395537.20414,3385500.58651,1.12053,0.00786,10531323.74632,2000-05-02T09:42:01.159,15066.10422
166.86500,0.06211,-1340.32604,395665.87890,3385483.22328,1.11910,0.00821,10508894.41930,2000-05-02T03:28:11.303,15064.45388
166.87500,-0.07425,-1334.18718,395604.68451,3385486.91463,1.11796,0.01151,10522327.87608,2000-05-02T07:11:54.138,15063.32738
166.88501,0.18979,-1347.91753,395717.19617,3385457.97018,1.12143,0.00872,10504840.49508,2000-05-02T02:20:26.242,15061.70885
166.89501,-0.18553,-1330.85976,395546.19198,3385505.26740,1.12674,0.00858,10461090.79214,2000-05-01T14:11:14.040,15054.13922
166.90500,0.16459,-1345.70478,395790.30681,3385462.96322,1.13021,0.00801,10429017.62403,2000-05-01T05:16:51.621,15050.85407
166.91501,-0.01005,-1340.37513,395630.99014,3385493.62469,1.12506,0.00874,10570221.60962,2000-05-02T20:30:11.304,15072.24084
166.92502,0.03107,-1341.69649,395666.84374,3385476.96744,1.12213,0.00879,10493402.80113,2000-05-01T23:09:57.584,15056.99498
166.93501,0.36228,-1354.32873,395779.61456,3385459.46376,1.12401,0.00843,10485074.41076,2000-05-01T20:51:04.589,15059.31359
166.94500,-0.06206,-1331.49949,395633.87244,3385491.39540,1.12611,0.00877,10558802.35540,2000-05-02T17:19:57.043,15067.38454
166.95499,0.11598,-1339.44450,395702.69240,3385485.62545,1.12511,0.00700,10476547.75909,2000-05-01T18:28:54.026,15055.06991
166.96500,0.20124,-1337.86969,395736.56312,3385485.49671,1.12546,0.00732,10622321.68242,2000-05-03T10:58:40.347,15078.58808
166.97500,0.28209,-1344.86012,395739.74149,3385518.60916,1.12584,0.00866,10530155.37558,2000-05-02T09:22:29.126,15066.21355
166.98501,-0.04231,-1325.08913,395635.78134,3385480.34726,1.12767,0.00857,10597925.78092,2000-05-03T04:11:46.522,15077.60354
166.99500,0.54505,-1350.22159,395878.22272,3385487.74355,1.13092,0.00932,10502860.63526,2000-05-02T01:47:32.355,15061.38828
167.00499,0.23018,-1339.28271,395747.82005,3385493.39524,1.12600,0.00859,10541122.43702,2000-05-02T12:25:18.746,15064.41737
167.01501,-0.07395,-1325.66579,395632.15555,3385469.22573,1.12800,0.00894,10593200.75007,2000-05-03T02:53:17.134,15072.38359
167.02499,0.33544,-1345.85959,395766.91208,3385491.45731,1.12779,0.00881,10565209.81891,2000-05-02T19:06:38.502,15071.93041
167.03500,0.32200,-1339.75532,395818.72971,3385447.95161,1.12933,0.00889,10546773.74317,2000-05-02T13:59:29.046,15066.69740
167.04499,-0.16334,-1318.71455,395617.71339,3385474.46961,1.13171,0.00897,10526387.35430,2000-05-02T08:19:39.800,15064.11179
167.05501,0.16421,-1339.03254,395706.80797,3385488.03141,1.12701,0.00824,10550558.70253,2000-05-02T15:02:30.122,15066.17776
167.06500,0.29865,-1346.93331,395787.59231,3385475.10787,1.12442,0.00808,10541995.86091,2000-05-02T12:39:43.719,15065.81336
167.07498,0.38570,-1348.68482,395758.14425,3385495.86055,1.12386,0.00611,10574124.87182,2000-05-02T21:35:25.051,15072.30039
167.08500,0.56500,-1348.82942,395900.43898,3385461.92236,1.13392,0.00571,10558361.52649,2000-05-02T17:12:25.268,15070.01667
167.09501,0.19754,-1338.31498,395745.99706,3385467.86446,1.13433,0.00716,10541997.88868,2000-05-02T12:39:45.981,15069.48040
167.10501,0.23205,-1349.33016,395717.67119,3385516.07812,1.13468,0.00630,10563741.36187,2000-05-02T18:42:07.210,15070.66303
167.11498,0.66635,-1354.05418,395957.29242,3385448.94774,1.13812,0.00657,10558512.96108,2000-05-02T17:14:55.078,15065.56474
167.12502,0.00355,-1325.30857,395650.65259,3385471.52060,1.13299,0.00677,10652905.08703,2000-05-03T19:28:11.627,15083.11719
167.13502,0.37831,-1342.56266,395806.29771,3385518.67770,1.13224,0.00557,10595455.31448,2000-05-03T03:30:46.302,15075.81561
167.14500,0.04634,-1322.67723,395670.77549,3385504.96942,1.12873,0.00688,10548248.64192,2000-05-02T14:23:56.163,15068.15901
167.15500,0.53444,-1343.02437,395883.09823,3385474.78666,1.13693,0.00883,10520749.42477,2000-05-02T06:45:38.077,15063.50999
167.16501,-0.18838,-1311.85327,395622.89235,3385507.32667,1.13861,0.00947,10598802.27338,2000-05-03T04:26:34.606,15075.22471
167.17500,0.38566,-1336.61905,395872.11486,3385497.07349,1.14046,0.01181,10579729.18584,2000-05-02T23:08:41.544,15072.38691
167.18501,0.40306,-1332.15021,396021.72539,3385463.39451,1.14116,0.00891,10506692.52064,2000-05-02T02:51:28.507,15061.36068
167.19500,0.50413,-1336.97871,395843.33771,3385486.33144,1.13320,0.00751,10637817.23573,2000-05-03T15:16:36.656,15079.22672
167.20499,0.13258,-1331.39799,395645.61281,3385521.37782,1.13268,0.00844,10612278.56152,2000-05-03T08:11:06.373,15075.23227
167.21501,0.50363,-1353.95778,395786.85472,3385498.08760,1.12870,0.00862,10493498.10499,2000-05-01T23:11:24.923,15061.87160
167.22501,0.44808,-1348.97353,395796.10567,3385464.92225,1.12289,0.00912,10596497.91431,2000-05-03T03:48:03.506,15074.32380
167.23500,0.33315,-1344.59933,395692.37765,3385509.24520,1.12886,0.00969,10560576.32237,2000-05-02T17:49:13.755,15066.98368
167.24499,0.60659,-1361.12811,395834.51451,3385493.35202,1.12656,0.00898,10493331.93608,2000-05-01T23:08:37.659,15065.85907
167.25500,0.46460,-1362.40849,395797.44965,3385485.48139,1.12325,0.00877,10625030.39201,2000-05-03T11:43:37.821,15077.29732
167.26500,0.53488,-1359.26581,395824.06183,3385443.55279,1.11735,0.00732,10551098.82234,2000-05-02T15:11:15.219,15066.48738
167.27501,0.57344,-1368.08356,395846.59342,3385470.74015,1.12393,0.00847,10460263.54181,2000-05-01T13:57:32.801,15055.35647
167.28501,0.49706,-1362.50582,395778.29627,3385477.54725,1.12694,0.00861,10539562.95355,2000-05-02T11:59:03.780,15065.46339
167.29499,0.79646,-1382.25448,395934.31162,3385460.16998,1.12349,0.00774,10380867.76644,2000-04-30T15:54:09.810,15045.73417
167.30498,0.13263,-1347.62977,395673.66223,3385469.84073,1.12995,0.00821,10586960.32422,2000-05-03T01:09:02.500,15073.07096
167.31501,0.39903,-1355.93688,395715.30447,3385507.23230,1.12676,0.00839,10379414.18720,2000-04-30T15:29:56.115,15044.22200
167.32501,0.41064,-1358.75551,395740.82080,3385481.71703,1.12137,0.00822,10432310.65739,2000-05-01T06:11:29.087,15053.07019
167.33498,0.30874,-1355.08377,395764.54652,3385478.88721,1.12431,0.00789,10561492.76824,2000-05-02T18:04:39.860,15070.14397
167.34500,0.37929,-1353.15404,395780.04172,3385455.10538,1.12723,0.00789,10534266.29423,2000-05-02T10:30:44.439,15066.25392
167.35501,0.67100,-1365.56604,395854.40354,3385462.04057,1.12288,0.00877,10565388.17298,2000-05-02T19:09:30.324,15071.29697
167.36501,0.75850,-1365.64715,395929.51962,3385456.00061,1.12107,0.00755,10543899.56961,2000-05-02T13:11:22.062,15065.92724
167.37501,0.26405,-1353.73866,395699.93859,3385505.08016,1.11618,0.00828,10585562.16149,2000-05-03T00:45:48.649,15073.26332
167.38500,0.52537,-1363.05035,395794.19995,3385472.22937,1.12117,0.00809,10503831.21824,2000-05-02T02:03:21.208,15057.22765
167.39498,0.09816,-1338.90462,395658.71636,3385472.84468,1.11920,0.00751,10633607.71581,2000-05-03T14:06:28.182,15081.52171
167.40499,0.46078,-1357.63818,395759.71112,3385501.14816,1.12427,0.00862,10607820.36414,2000-05-03T06:56:36.280,15076.03857
167.41500,0.35359,-1354.50594,395755.96918,3385447.55650,1.12034,0.00803,10501572.35390,2000-05-02T01:25:58.565,15058.55487
167.42501,0.61021,-1366.89966,395831.29990,3385467.88940,1.12304,0.00935,10604740.78159,2000-05-03T06:05:20.037,15077.03902
167.43500,0.34608,-1363.92022,395713.71944,3385492.10751,1.12286,0.00720,10483913.30987,2000-05-01T20:31:33.036,15059.35423
167.44500,0.53942,-1363.45882,395835.72642,3385447.85288,1.12299,0.00913,10537974.49020,2000-05-02T11:32:48.984,15067.38104
167.45499,0.26472,-1355.08887,395756.62545,3385457.32804,1.12372,0.00848,10507179.72314,2000-05-02T02:59:23.619,15061.02639
167.46500,0.62264,-1373.99338,395848.38427,3385485.89269,1.12175,0.00840,10481485.27023,2000-05-01T19:51:09.642,15059.44930
167.47499,0.39868,-1360.37227,395807.76188,3385453.80582,1.11909,0.00820,10409297.22781,2000-04-30T23:47:59.578,15047.48043
167.48500,0.37612,-1356.01659,395757.81573,3385467.69824,1.12248,0.00791,10524758.38190,2000-05-02T07:52:21.081,15063.73286
167.49500,0.50628,-1369.06955,395825.20110,3385474.71755,1.12494,0.00950,10514087.72581,2000-05-02T04:54:36.741,15065.91747
167.50502,0.56342,-1370.16520,395868.51911,3385444.60574,1.12299,0.00925,10421692.07026,2000-05-01T03:14:33.982,15048.01276
167.51502,0.28978,-1363.25325,395757.94275,3385458.30973,1.12241,0.01123,10530872.45922,2000-05-02T09:34:28.934,15062.45242
167.52502,0.67401,-1374.13899,395926.90465,3385417.87765,1.12297,0.01590,10519939.99700,2000-05-02T06:32:10.475,15065.23087
167.53501,0.42511,-1366.16367,395804.49388,3385447.52668,1.11639,0.01144,10525431.28885,2000-05-02T08:03:32.081,15063.39456
167.54500,0.48418,-1372.25503,395820.61465,3385469.40140,1.12019,0.01262,10476041.91258,2000-05-01T18:20:25.177,15060.75901
167.55497,0.45226,-1364.53993,395826.50209,3385413.34652,1.12051,0.01028,10508435.90152,2000-05-02T03:20:26.996,15058.67408
167.56500,0.12123,-1361.53476,395681.59007,3385488.53722,1.12191,0.01210,10392308.71144,2000-04-30T19:04:46.152,15046.48604
167.57499,0.69180,-1382.18432,395921.54975,3385432.91791,1.12181,0.01086,10483424.10741,2000-05-01T20:23:19.508,15056.80459
167.58500,0.75724,-1380.23647,395964.85491,3385447.65808,1.12393,0.00969,10537874.99224,2000-05-02T11:31:01.409,15067.23243
167.59499,0.31419,-1368.24084,395734.34385,3385485.87367,1.12311,0.00831,10432964.35260,2000-05-01T06:22:24.243,15050.86977
167.60501,0.64988,-1379.11457,395895.96577,3385436.32049,1.12764,0.00968,10508238.01606,2000-05-02T03:16:51.674,15063.14520
167.61500,0.12397,-1358.85734,395695.23645,3385476.57927,1.12190,0.01136,10403785.91134,2000-04-30T22:16:07.235,15048.23645
167.62500,0.43904,-1373.78852,395803.56039,3385483.93605,1.12416,0.01231,10446097.24117,2000-05-01T10:01:07.920,15052.28390
167.63499,0.59175,-1375.63451,395893.90944,3385430.47205,1.11995,0.01292,10535190.11787,2000-05-02T10:46:04.170,15069.16141
167.64502,0.39712,-1371.50304,395810.48335,3385432.49479,1.12380,0.01262,10498495.32219,2000-05-02T00:34:36.637,15061.16416
167.65500,-0.20728,-1351.62245,395521.51547,3385511.77313,1.12124,0.01317,10334159.00081,2000-04-30T02:55:36.775,15037.30463
167.66501,0.77486,-1392.23833,395990.13648,3385421.17921,1.12189,0.01220,10497446.23405,2000-05-02T00:17:07.193,15061.00927
167.67500,0.61998,-1386.69620,395879.75745,3385434.94138,1.11123,0.01263,10426920.63410,2000-05-01T04:41:30.286,15046.96576
167.68500,0.47759,-1382.63437,395858.63088,3385438.64719,1.12096,0.01231,10514588.75344,2000-05-02T05:02:51.757,15064.99283
167.69500,0.31984,-1371.80016,395776.43611,3385441.95541,1.12540,0.01538,10511446.69723,2000-05-02T04:10:24.531,15063.93182
167.70500,0.73838,-1385.38543,395980.84420,3385449.91963,1.12217,0.01617,10475745.00656,2000-05-01T18:15:22.290,15053.13620
167.71500,0.41217,-1367.61084,395811.21138,3385471.28240,1.11797,0.01618,10350718.14420,2000-04-30T07:31:36.873,15039.87307
167.72498,0.54291,-1378.33133,395870.04146,3385454.16888,1.12314,0.01497,10505427.61268,2000-05-02T02:30:05.237,15060.85163
167.73500,0.31000,-1363.65436,395811.64630,3385418.07510,1.11939,0.01459,10418719.77633,2000-05-01T02:24:59.396,15053.66909
167.74501,0.14201,-1355.91889,395707.26772,3385476.26095,1.12646,0.01321,10453118.03293,2000-05-01T11:58:21.203,15048.78858
167.75499,0.49695,-1365.02828,395841.90341,3385471.77154,1.12428,0.01343,10410696.53739,2000-05-01T00:11:12.281,15047.03687
167.76498,0.29116,-1357.42664,395772.66376,3385476.91413,1.13169,0.01243,10714731.88509,2000-05-04T12:38:30.022,15091.33182
167.77500,0.30985,-1368.38534,395777.41468,3385479.87389,1.13426,0.01330,10392419.42315,2000-04-30T19:06:41.392,15044.50563
167.78500,0.13402,-1366.17021,395709.30103,3385510.90822,1.12454,0.01282,10471288.13599,2000-05-01T17:01:12.112,15057.18498
167.79500,0.86930,-1392.62471,396048.50751,3385419.45916,1.12331,0.01283,10486734.51963,2000-05-01T21:18:32.245,15056.07781
167.80501,0.17409,-1362.26676,395763.70035,3385456.65008,1.12313,0.01282,10447978.81009,2000-05-01T10:32:28.470,15058.21036
167.81502,0.27306,-1374.85665,395785.04473,3385497.77785,1.12027,0.01312,10441935.62360,2000-05-01T08:51:59.617,15051.00318
167.82498,0.06921,-1366.00048,395762.83394,3385455.70151,1.11900,0.01276,10479984.29053,2000-05-01T19:26:08.474,15057.43283
167.83499,0.48268,-1385.53351,395941.63544,3385434.54359,1.12265,0.01359,10461554.50358,2000-05-01T14:18:56.588,15056.70405
167.84500,0.45133,-1383.18467,395952.44176,3385441.75504,1.11983,0.01269,10464526.89687,2000-05-01T15:08:24.114,15056.14259
167.85500,0.36748,-1389.90714,395818.21252,3385469.47849,1.11347,0.01255,10453618.05602,2000-05-01T12:06:36.451,15055.99766
167.86500,0.05729,-1377.27531,395800.22510,3385437.99288,1.11584,0.01362,10443804.73856,2000-05-01T09:22:58.766,15050.01822
167.87500,-0.03971,-1367.78472,395941.60635,3385466.40632,1.12287,0.01383,10416705.84609,2000-05-01T01:51:33.039,15048.98689
167.88499,0.37761,-1383.86088,395933.48992,3385430.76131,1.11612,0.01366,10438492.31834,2000-05-01T07:54:33.790,15050.02600
167.89500,0.38875,-1378.70968,395902.60942,3385452.14392,1.12552,0.01427,10316656.20372,2000-04-29T22:04:03.189,15034.19180
167.90501,0.13287,-1370.40187,395733.07493,3385468.12524,1.12269,0.01439,10463564.82345,2000-05-01T14:52:25.934,15056.69984
167.91500,0.21940,-1367.62568,395789.75290,3385413.82203,1.12016,0.01364,10417710.08249,2000-05-01T02:08:06.809,15050.70925
167.92500,0.15459,-1367.72401,395721.74980,3385431.85295,1.12232,0.01368,10509655.47381,2000-05-02T03:40:29.444,15061.50141
167.93501,0.63581,-1392.00582,395926.43125,3385399.20679,1.11434,0.01294,10423000.32295,2000-05-01T03:36:22.234,15047.32157
167.94501,0.43255,-1389.77339,395832.76718,3385435.08531,1.11823,0.01442,10457876.70767,2000-05-01T13:17:36.171,15054.23085
167.95501,0.11832,-1375.92777,395673.54712,3385473.07447,1.11919,0.01860,10570375.64687,2000-05-02T20:32:32.037,15068.79622
167.96501,0.37863,-1381.22562,395800.29229,3385442.42932,1.12446,0.01498,10414798.45228,2000-05-01T01:19:42.271,15049.35383
167.97499,0.03320,-1363.83596,395691.17001,3385439.92482,1.11912,0.01536,10426186.64814,2000-05-01T04:29:40.350,15049.87564
167.98502,0.20842,-1371.55874,395757.76664,3385419.22404,1.11695,0.01583,10441784.06640,2000-05-01T08:49:17.017,15051.91628
167.99499,0.42662,-1382.40595,395834.93205,3385425.89853,1.11879,0.01449,10444216.79658,2000-05-01T09:30:10.079,15049.69859
168.00499,0.24516,-1378.51187,395722.62004,3385453.72810,1.11852,0.01438,10384287.64455,2000-04-30T16:51:15.728,15042.02148
168.01500,0.20487,-1379.23593,395743.39774,3385410.48303,1.11881,0.00906,10449991.03585,2000-05-01T11:06:12.203,15056.56816
168.02499,0.39549,-1390.62532,395847.05210,3385403.29499,1.11160,0.00763,10401476.42427,2000-04-30T21:37:47.359,15043.46762
168.03499,0.33446,-1388.52438,395828.96222,3385377.47930,1.11678,0.00758,10412237.90937,2000-05-01T00:37:01.352,15048.01299
168.04500,0.10257,-1379.10274,395703.27441,3385414.66500,1.11764,0.00764,10330125.11907,2000-04-30T01:48:24.400,15035.17110
168.05499,0.11427,-1387.38960,395685.72064,3385439.92351,1.12093,0.01187,10493762.27528,2000-05-01T23:15:44.653,15059.91089
168.06501,0.31753,-1389.34200,395764.99972,3385410.65602,1.11983,0.01298,10275213.93378,2000-04-29T10:33:10.062,15029.65709
168.07501,0.23157,-1387.14309,395733.65759,3385441.29825,1.11868,0.01036,10408208.25497,2000-04-30T23:29:55.931,15051.85580
168.08500,0.25503,-1386.95886,395749.50923,3385418.36616,1.11678,0.00942,10333536.04777,2000-04-30T02:45:27.702,15031.56099
168.09501,0.41947,-1388.80599,395835.76086,3385388.11983,1.12015,0.01046,10447531.86765,2000-05-01T10:25:06.488,15054.55184
168.10500,0.30180,-1389.01742,395778.77054,3385428.01684,1.11991,0.00934,10314418.46088,2000-04-29T21:26:39.179,15034.00325
168.11498,-0.02222,-1373.63393,395614.17766,3385435.84991,1.10906,0.00870,10441398.74219,2000-05-01T08:43:07.677,15054.32339
168.12499,0.16731,-1371.22418,395824.45402,3385377.90260,1.11496,0.00736,10335177.61830,2000-04-30T03:12:37.360,15035.53723
168.13500,0.10236,-1378.04891,395684.90130,3385434.19320,1.11234,0.00689,10451124.85735,2000-05-01T11:25:06.358,15053.13579
168.14501,0.14790,-1383.47937,395747.13002,3385440.84318,1.11676,0.00763,10341330.50403,2000-04-30T04:55:15.081,15039.93526
168.15502,-0.27909,-1367.66204,395573.12293,3385430.90637,1.11483,0.00733,10378599.16212,2000-04-30T15:16:26.850,15043.27067
168.16500,0.33961,-1393.26762,395857.08765,3385412.87798,1.11924,0.00778,10478499.57604,2000-05-01T19:01:25.886,15060.21425
168.17499,0.09217,-1383.95039,395719.40764,3385430.41418,1.12144,0.00926,10394709.34535,2000-04-30T19:44:56.093,15044.05591
168.18500,0.62739,-1410.13351,395980.96005,3385401.21819,1.12294,0.01051,10385211.63503,2000-04-30T17:06:36.580,15041.32999
168.19500,0.13719,-1392.61170,395789.82578,3385389.67439,1.11759,0.01001,10361875.00012,2000-04-30T10:37:31.451,15037.16026
168.20501,0.40073,-1400.45342,395894.43250,3385373.53760,1.11856,0.00947,10406863.85382,2000-04-30T23:07:29.085,15050.00462
168.21499,0.25713,-1398.93418,395832.35486,3385426.55523,1.11162,0.00885,10508196.46429,2000-05-02T03:16:18.976,15066.98506
168.22501,-0.02433,-1381.33725,395707.70819,3385398.59084,1.11259,0.00952,10436010.46282,2000-05-01T07:13:16.081,15049.72021
168.23503,0.48037,-1402.66128,395914.82749,3385389.60271,1.11396,0.00922,10324570.85288,2000-04-30T00:15:48.444,15032.96748
168.24500,0.37647,-1394.18185,395848.89143,3385397.72442,1.11991,0.00922,10423806.81112,2000-05-01T03:49:54.036,15052.50374
168.25500,-0.25823,-1371.51385,395609.84421,3385427.10536,1.11441,0.01074,10570135.07437,2000-05-02T20:28:39.005,15070.03163
168.26501,0.51797,-1399.30953,395923.81533,3385388.21058,1.11629,0.00956,10446080.26333,2000-05-01T10:00:52.497,15050.36094
168.27500,0.38185,-1395.49955,395821.99561,3385436.02620,1.11802,0.00936,10429937.30624,2000-05-01T05:32:06.807,15053.73769
168.28500,0.30121,-1390.11772,395802.75209,3385383.71128,1.11679,0.00960,10428254.01904,2000-05-01T05:03:56.910,15045.49745
168.29501,0.19446,-1391.63592,395801.79382,3385409.96579,1.10714,0.00972,10542568.36164,2000-05-02T12:49:08.187,15066.62611
168.30500,-0.00474,-1378.50095,395747.18321,3385372.35907,1.10993,0.00892,10493418.74470,2000-05-01T23:10:09.527,15059.85929
168.31500,0.28344,-1403.52342,395780.23892,3385449.05042,1.10725,0.00988,10419507.88549,2000-05-01T02:38:02.313,15046.38268
168.32501,0.40994,-1408.10573,395884.10149,3385403.29162,1.11064,0.01004,10488468.92466,2000-05-01T21:47:25.291,15057.82142
168.33499,0.11311,-1395.20631,395729.51529,3385433.51031,1.11163,0.01009,10373762.14083,2000-04-30T13:55:41.573,15042.64272
168.34498,0.07389,-1394.45569,395743.94809,3385422.04750,1.10899,0.00938,10518494.54223,2000-05-02T06:07:58.909,15065.09060
168.35500,-0.04800,-1375.41567,395701.33468,3385403.81035,1.11044,0.00873,10466424.29161,2000-05-01T15:40:07.777,15055.60275
168.36499,0.36508,-1392.61514,395815.39842,3385412.54247,1.11196,0.00886,10379111.08412,2000-04-30T15:24:43.417,15043.15818
168.37501,0.48397,-1396.62115,395865.55025,3385423.15016,1.11423,0.01031,10495506.18114,2000-05-01T23:44:53.425,15054.60862
168.38501,-0.06011,-1371.29842,395661.18266,3385413.55679,1.11696,0.01077,10441506.03299,2000-05-01T08:44:52.533,15048.58917
168.39501,0.42391,-1397.57272,395867.31026,3385436.91535,1.10685,0.01080,10511013.49456,2000-05-02T04:03:09.288,15063.64506
168.40499,0.24921,-1388.81458,395840.64758,3385409.12050,1.10807,0.00997,10392028.76621,2000-04-30T19:00:11.273,15044.76523
168.41500,0.14073,-1381.54325,395830.49625,3385423.44375,1.11096,0.00862,10435111.21301,2000-05-01T06:58:20.992,15052.58707
168.42499,-0.00820,-1379.64819,395698.06592,3385426.78891,1.10911,0.00934,10458506.64961,2000-05-01T13:28:09.033,15054.89681
168.43499,0.17160,-1387.99174,395773.20938,3385420.99132,1.10754,0.01337,10440849.09002,2000-05-01T08:33:46.870,15050.19031
168.44501,0.24238,-1395.22606,395774.84100,3385454.51326,1.11465,0.01138,10622881.28255,2000-05-03T11:07:53.749,15077.74426
168.45500,0.32069,-1387.29900,395802.85338,3385426.52204,1.11794,0.01123,10521383.52055,2000-05-02T06:56:03.860,15066.96875
168.46499,0.40521,-1392.59657,395937.47469,3385424.61254,1.12049,0.01022,10408138.83630,2000-04-30T23:28:46.648,15046.43037
168.47501,0.25153,-1383.29758,395788.79231,3385435.80365,1.12266,0.00915,10574407.25514,2000-05-02T21:39:59.595,15070.46608
168.48500,0.20836,-1377.57146,395772.31351,3385429.27265,1.12416,0.00953,10430675.08446,2000-05-01T05:44:24.641,15048.87356
168.49500,-0.04952,-1366.53379,395668.46952,3385416.69652,1.11143,0.00931,10491871.47484,2000-05-01T22:44:10.692,15058.40030
168.50500,0.33693,-1387.69604,395881.13361,3385426.64485,1.11752,0.00911,10517565.24411,2000-05-02T05:52:28.044,15064.65733
168.51499,-0.06443,-1376.74323,395640.77098,3385474.89687,1.11457,0.00777,10517978.46140,2000-05-02T05:59:23.982,15064.40211
168.52497,0.21643,-1385.72945,395781.14685,3385438.32567,1.11140,0.00882,10476347.42702,2000-05-01T18:25:34.355,15055.78439
168.53499,0.14229,-1382.76125,395744.90469,3385423.21704,1.11744,0.00861,10494705.16581,2000-05-01T23:31:38.958,15062.13352
168.54500,0.60467,-1403.27078,395928.34211,3385430.08028,1.11382,0.00792,10538954.09129,2000-05-02T11:49:01.893,15062.13981
168.55499,-0.01230,-1370.33745,395668.55121,3385424.35964,1.11742,0.00808,10461019.98723,2000-05-01T14:09:57.650,15053.35363
168.56500,0.30043,-1384.55519,395755.48605,3385419.13691,1.11330,0.00700,10433028.33320,2000-05-01T06:23:32.289,15055.89250
168.57502,0.31307,-1382.98039,395741.90961,3385464.30477,1.11668,0.00791,10491518.99979,2000-05-01T22:38:15.453,15056.42527
168.58499,0.05275,-1371.62622,395689.51172,3385450.79712,1.11584,0.00812,10450751.81515,2000-05-01T11:18:55.674,15050.99381
168.59500,0.56275,-1389.49502,395946.39029,3385382.18390,1.11729,0.00713,10372941.37274,2000-04-30T13:42:06.238,15039.71993
168.60500,-0.11331,-1365.91223,395605.34993,3385487.55078,1.12128,0.00636,10440635.38571,2000-05-01T08:30:09.273,15054.51217
168.61498,-0.00884,-1365.12083,395713.11029,3385427.01818,1.11982,0.00612,10375460.85901,2000-04-30T14:24:06.068,15043.47774
168.62500,0.38434,-1384.74428,395848.24868,3385420.50638,1.11700,0.00647,10465405.95533,2000-05-01T15:23:15.643,15055.80580
168.63501,-0.05851,-1365.79915,395665.70751,3385428.91949,1.12204,0.00596,10463123.39534,2000-05-01T14:45:08.341,15055.62448
168.64499,0.13502,-1376.39917,395723.38888,3385446.33645,1.11740,0.00674,10423337.59898,2000-05-01T03:41:57.894,15051.03959
168.65499,0.25296,-1378.83390,395784.81389,3385439.24431,1.11350,0.00888,10433231.31670,2000-05-01T06:26:49.316,15050.18278
168.66501,0.13151,-1376.69061,395734.76993,3385426.27957,1.11317,0.00919,10445539.71409,2000-05-01T09:52:03.679,15046.32580
168.67499,0.30207,-1390.95421,395930.03680,3385401.89958,1.11568,0.00917,10551571.19348,2000-05-02T15:19:08.233,15069.53334
168.68501,0.13619,-1383.31027,395687.71916,3385472.78025,1.11374,0.00880,10546459.35820,2000-05-02T13:53:59.115,15069.41662
168.69501,0.17873,-1384.75335,395732.89063,3385458.50424,1.11164,0.00863,10572301.24709,2000-05-02T21:04:38.650,15069.42307
168.70499,0.31094,-1393.76118,395835.26846,3385426.27745,1.12017,0.00900,10398188.47956,2000-04-30T20:42:52.793,15049.19754
168.71500,0.44340,-1395.40729,395873.06394,3385431.76027,1.11932,0.00949,10475338.61257,2000-05-01T18:08:43.969,15057.08674
168.72500,0.46769,-1401.41904,395878.74361,3385441.29786,1.11629,0.01005,10591783.51374,2000-05-03T02:29:35.248,15076.84860
168.73500,-0.03266,-1378.30247,395668.21440,3385435.05761,1.11554,0.00967,10612833.97321,2000-05-03T08:20:22.953,15073.51493
168.74499,0.32161,-1392.85825,395810.91148,3385425.09104,1.11842,0.00971,10521141.03852,2000-05-02T06:52:03.887,15062.70982
168.75498,0.26660,-1387.22743,395761.27403,3385448.90362,1.12177,0.00933,10588370.10886,2000-05-03T01:32:40.372,15073.93036
168.76500,-0.01878,-1373.25505,395725.90167,3385428.55956,1.11892,0.01003,10468870.02719,2000-05-01T16:20:57.091,15055.57789
168.77500,0.58294,-1399.53115,395970.18324,3385417.43964,1.11821,0.01028,10632397.08324,2000-05-03T13:46:19.702,15082.24820
168.78500,0.06963,-1369.97203,395693.68064,3385448.46767,1.12282,0.01206,10559086.19440,2000-05-02T17:24:27.866,15068.87981
168.79501,0.32198,-1385.61672,395867.20718,3385419.75984,1.12078,0.01056,10495925.94743,2000-05-01T23:51:53.582,15061.01050
168.80499,0.30957,-1397.23235,395881.21051,3385469.68904,1.11786,0.01109,10507268.10812,2000-05-02T03:01:09.310,15059.68040
168.81500,0.32902,-1389.67037,395881.19375,3385424.40913,1.11748,0.01035,10580234.25589,2000-05-02T23:17:03.465,15069.69532
168.82502,0.41946,-1404.16829,395910.71844,3385453.58110,1.12615,0.01611,10595016.13637,2000-05-03T03:23:27.376,15073.52035
168.83500,0.57569,-1416.95176,396038.44833,3385404.58179,1.11957,0.01253,10813737.78789,2000-05-05T16:08:28.158,15107.86077
168.84500,0.25055,-1397.85975,395866.37283,3385436.24517,1.12589,0.01162,10580199.47591,2000-05-02T23:16:31.869,15072.00638
168.85498,0.53864,-1404.93688,395961.99624,3385424.86440,1.12660,0.01165,10463779.73094,2000-05-01T14:56:10.535,15051.85160
168.86498,0.35192,-1389.27308,395878.09747,3385435.36388,1.11650,0.00964,10688248.35074,2000-05-04T05:17:16.098,15092.86297
168.87498,0.47548,-1395.18546,395939.30788,3385442.83179,1.12030,0.01090,10633478.34060,2000-05-03T14:04:29.900,15079.61634
168.88499,0.31738,-1384.06480,395903.42603,3385412.22120,1.11712,0.00872,10569957.78158,2000-05-02T20:25:38.642,15070.46759
168.89501,0.15761,-1379.94533,395829.02162,3385462.55044,1.12298,0.00878,10620226.10153,2000-05-03T10:23:40.401,15077.51508
168.90500,0.24780,-1380.24208,395882.12061,3385419.57499,1.11871,0.00804,10493414.71482,2000-05-01T23:10:04.494,15058.28411
168.91500,0.12509,-1374.77265,395794.19821,3385456.82607,1.12065,0.01163,10504739.90290,2000-05-02T02:18:44.262,15060.71855
168.92500,-0.01097,-1371.40027,395774.73119,3385471.60637,1.11955,0.01369,10588510.79020,2000-05-03T01:35:03.017,15074.80083
168.93502,0.73220,-1400.18267,396150.66812,3385424.49853,1.12327,0.01432,10455666.98781,2000-05-01T12:41:00.609,15055.91975
168.94501,0.21617,-1382.64003,395859.89601,3385454.99216,1.12051,0.01336,10419868.05039,2000-05-01T02:44:24.145,15050.71567
168.95500,0.32682,-1389.49186,395817.60054,3385465.36321,1.12433,0.01285,10504567.94490,2000-05-02T02:15:41.973,15057.63341
168.96500,0.32243,-1393.15359,395861.72620,3385424.09363,1.12277,0.01200,10542897.59816,2000-05-02T12:54:50.352,15068.60591
168.97500,0.84000,-1414.08386,396074.66111,3385395.69386,1.12822,0.01463,10570445.64166,2000-05-02T20:33:47.701,15070.31008
168.98500,0.24201,-1396.02939,395810.75656,3385433.19835,1.12673,0.00875,10442862.58664,2000-05-01T09:07:27.967,15052.09915
168.99500,0.29583,-1402.94499,395879.60512,3385414.95369,1.12561,0.00855,10532955.72166,2000-05-02T10:08:55.538,15068.51866
169.00500,0.21909,-1394.02076,395851.92474,3385400.42348,1.12168,0.00837,10475997.16279,2000-05-01T18:19:42.990,15056.99701
169.01500,0.20994,-1402.13704,395778.17554,3385449.16962,1.12174,0.01348,10483584.33521,2000-05-01T20:26:02.281,15058.91325
169.02498,0.49210,-1412.81561,395960.12256,3385397.49372,1.12410,0.01006,10509032.90405,2000-05-02T03:30:21.359,15062.53604
169.03498,0.47433,-1420.39227,395920.55155,3385424.47898,1.12673,0.00876,10477991.60459,2000-05-01T18:53:04.926,15058.03455
169.04501,0.50873,-1421.42879,396000.56398,3385382.62867,1.12675,0.00886,10480201.51220,2000-05-01T19:29:48.818,15060.01352
169.05500,0.37597,-1417.44441,395930.15796,3385386.95173,1.12687,0.00940,10457376.73099,2000-05-01T13:09:19.894,15050.27338
169.06499,0.43152,-1420.94011,395936.79902,3385394.21846,1.12510,0.01124,10500540.72848,2000-05-02T01:08:40.172,15063.95168
169.07501,0.36056,-1417.61725,395915.52917,3385380.07794,1.13060,0.01099,10426322.37251,2000-05-01T04:31:45.864,15047.54158
169.08500,0.09604,-1411.87549,395785.68623,3385440.18473,1.12722,0.01035,10449979.92879,2000-05-01T11:06:04.538,15051.83862
169.09500,0.72004,-1434.86661,396047.90220,3385383.80736,1.13630,0.00858,10431567.15817,2000-05-01T05:59:06.653,15052.46756
169.10502,0.25871,-1410.80447,395893.16311,3385379.05711,1.13213,0.00867,10626749.45179,2000-05-03T12:12:15.775,15081.84252
169.11500,0.40642,-1422.10168,395925.60616,3385409.60693,1.13045,0.00763,10490756.10979,2000-05-01T22:25:41.607,15057.69445
169.12500,0.62808,-1433.93049,396005.21176,3385408.93248,1.13124,0.00829,10580036.52419,2000-05-02T23:13:46.639,15071.33532
169.13500,0.49028,-1426.42105,395987.27737,3385407.39371,1.13321,0.00671,10630114.07177,2000-05-03T13:08:26.694,15080.15053
169.14499,0.29974,-1413.92975,395926.97264,3385372.76117,1.12615,0.00693,10503613.85393,2000-05-02T02:00:02.208,15060.99516
169.15500,0.41819,-1418.01940,395922.87401,3385408.28316,1.12638,0.00690,10486812.58654,2000-05-01T21:19:55.403,15062.27225
169.16501,0.44499,-1411.82630,395970.24687,3385381.64237,1.12283,0.00664,10500906.28387,2000-05-02T01:14:56.351,15060.51531
169.17500,0.09360,-1399.22527,395767.02224,3385431.19266,1.12523,0.00715,10652009.56572,2000-05-03T19:13:19.943,15082.56934
169.18501,0.46007,-1405.77395,395928.97015,3385435.85715,1.13146,0.00684,10524733.76380,2000-05-02T07:52:00.965,15066.15713
169.19500,0.49732,-1400.77305,395969.97258,3385401.04742,1.13672,0.00674,10489791.32591,2000-05-01T22:09:35.674,15061.12366
169.20499,0.71115,-1409.82752,396043.11974,3385394.28680,1.12905,0.00731,10609167.44633,2000-05-03T07:19:19.026,15073.24762
169.21500,0.25851,-1398.82843,395847.04945,3385444.04070,1.12478,0.00665,10644653.26674,2000-05-03T17:10:45.653,15079.74901
169.22500,0.36559,-1405.68348,395930.53745,3385409.68935,1.12699,0.00695,10599181.26923,2000-05-03T04:32:53.827,15078.75099
169.23499,0.43636,-1409.05998,395929.19248,3385403.22537,1.13419,0.00753,10571142.58515,2000-05-02T20:45:25.548,15072.95288
169.24499,0.18179,-1401.19877,395838.40951,3385412.22613,1.12619,0.00657,10609662.22990,2000-05-03T07:27:32.894,15072.01643
169.25502,0.51130,-1411.66747,395963.25738,3385404.04723,1.12227,0.00629,10541009.40644,2000-05-02T12:23:14.536,15064.06488
169.26500,0.03141,-1390.36996,395746.84910,3385422.32059,1.12733,0.00713,10554527.63415,2000-05-02T16:08:34.526,15065.42509
169.27499,0.30593,-1406.94420,395884.55024,3385406.57376,1.12604,0.00694,10648845.69246,2000-05-03T18:20:30.154,15083.97238
169.28500,0.32929,-1401.52302,395869.27081,3385423.73923,1.12501,0.00665,10584085.05065,2000-05-03T00:21:16.835,15072.70285
169.29501,0.02719,-1393.40035,395756.28117,3385433.46009,1.12755,0.00693,10578324.07132,2000-05-02T22:45:08.208,15075.53417
169.30500,0.58348,-1419.80403,395966.53573,3385438.89687,1.13110,0.00632,10595104.93952,2000-05-03T03:24:54.831,15073.37441
169.31499,0.43118,-1411.34639,395910.38687,3385419.33570,1.12796,0.00657,10511604.76837,2000-05-02T04:13:17.218,15058.13549
169.32500,0.07468,-1396.65438,395744.86637,3385447.50858,1.12705,0.00612,10579710.00564,2000-05-02T23:08:18.417,15074.46354
169.33500,0.28096,-1404.69581,395838.74782,3385443.79138,1.12416,0.00641,10455379.11172,2000-05-01T12:35:57.815,15054.97743
169.34500,0.09116,-1389.98175,395784.18761,3385404.49077,1.13023,0.00590,10527803.43868,2000-05-02T08:43:13.348,15065.65688
169.35501,0.17784,-1392.47095,395797.21133,3385437.57042,1.13067,0.00604,10453710.62970,2000-05-01T12:08:08.336,15053.86371
169.36500,0.02554,-1388.96896,395734.45119,3385454.91376,1.12739,0.00646,10576233.54943,2000-05-02T22:10:26.952,15072.13529
169.37500,0.23460,-1392.45111,395801.97711,3385437.31118,1.13813,0.00609,10500882.70288,2000-05-02T01:14:24.986,15058.70865
169.38501,0.42263,-1401.69944,395914.56754,3385427.89516,1.13829,0.00628,10565302.49672,2000-05-02T19:08:04.897,15071.60839
169.39500,0.51468,-1405.00016,395937.65666,3385415.28807,1.13534,0.00592,10450806.14446,2000-05-01T11:19:59.472,15052.38072
169.40502,0.21413,-1390.29915,395808.16941,3385426.66148,1.12663,0.00609,10547213.80857,2000-05-02T14:06:42.284,15066.70798
169.41501,0.28900,-1399.79278,395858.32007,3385455.91776,1.13191,0.00648,10541189.54238,2000-05-02T12:26:14.161,15066.47646
169.42499,0.20108,-1394.26918,395803.59821,3385446.85470,1.13330,0.00611,10458684.17181,2000-05-01T13:31:06.962,15057.95008
169.43501,0.08266,-1379.85350,395788.50305,3385408.25810,1.12995,0.00815,10559790.39093,2000-05-02T17:36:18.092,15069.29291
169.44500,0.50974,-1402.79276,395918.95860,3385445.58131,1.13198,0.00796,10449297.76899,2000-05-01T10:54:40.941,15049.11007
169.45500,0.45104,-1396.26301,395947.50901,3385401.10335,1.13138,0.00854,10521216.79643,2000-05-02T06:53:18.956,15068.50087
169.46500,0.55664,-1402.46772,395955.92654,3385412.78549,1.13029,0.00836,10503740.72154,2000-05-02T02:02:06.767,15063.01767
169.47500,0.29934,-1395.09691,395910.25051,3385428.13287,1.13050,0.00775,10521665.50112,2000-05-02T07:00:56.142,15062.17386
169.48501,-0.03241,-1381.72582,395798.61547,3385414.83528,1.13275,0.00751,10529673.81767,2000-05-02T09:14:16.752,15063.39135
169.49500,0.36805,-1409.14289,395913.47983,3385441.86770,1.13326,0.00755,10610983.64935,2000-05-03T07:49:25.195,15076.44317
169.50499,0.47766,-1404.25209,395943.14164,3385393.30449,1.13052,0.00819,10600365.81581,2000-05-03T04:52:33.721,15078.12132
169.51501,0.15367,-1394.88939,395802.30773,3385452.76535,1.13060,0.00774,10549774.03754,2000-05-02T14:49:20.318,15069.17644
169.52499,0.54451,-1408.88189,395994.64298,3385392.32144,1.13526,0.00768,10450661.66593,2000-05-01T11:17:33.036,15051.31217
169.53501,-0.07093,-1387.22574,395716.90379,3385443.66599,1.13527,0.00806,10543284.81229,2000-05-02T13:01:04.592,15067.68453
169.54500,0.26288,-1409.73677,395931.21383,3385415.58775,1.13258,0.00789,10629276.01751,2000-05-03T12:54:19.460,15077.23939
169.55499,0.10366,-1403.28528,395852.37140,3385434.18881,1.12773,0.00787,10561079.01405,2000-05-02T17:57:43.467,15069.79007
169.56500,0.42925,-1420.30623,396023.93114,3385406.26389,1.13497,0.00997,10549873.38702,2000-05-02T14:50:55.356,15066.55596
169.57500,0.12097,-1400.78367,395874.68675,3385434.91861,1.13073,0.00792,10534859.46994,2000-05-02T10:40:46.164,15066.09541
169.58502,-0.11678,-1389.40978,395792.77155,3385438.69205,1.12879,0.00786,10551052.68494,2000-05-02T15:10:30.567,15065.02166
169.59500,0.49376,-1411.36332,395976.88301,3385437.10646,1.12993,0.00751,10512611.33140,2000-05-02T04:29:54.638,15065.40815
169.60501,0.29435,-1390.83706,395917.23523,3385405.43736,1.13329,0.00786,10465204.89438,2000-05-01T15:19:59.531,15057.75616
169.61500,0.22826,-1393.86039,395848.82802,3385435.07641,1.14086,0.00824,10620799.20436,2000-05-03T10:33:01.471,15082.05119
169.62500,0.10139,-1390.10960,395777.77899,3385476.32492,1.13941,0.00663,10557255.39894,2000-05-02T16:54:00.220,15064.64720
169.63501,0.30012,-1396.03360,395911.59460,3385405.94988,1.13563,0.00805,10507889.96942,2000-05-02T03:11:19.966,15061.70768
169.64500,0.03148,-1389.08193,395791.81911,3385420.20395,1.13625,0.00774,10488572.52543,2000-05-01T21:49:17.369,15060.50306
169.65499,0.33398,-1408.11260,395910.58958,3385426.74931,1.13248,0.00844,10570735.31386,2000-05-02T20:38:45.871,15072.80651
169.66500,0.52336,-1405.13501,395972.58756,3385412.06664,1.13964,0.00754,10514663.25698,2000-05-02T05:04:08.878,15060.96262
169.67501,0.45130,-1396.25590,395910.28646,3385424.12740,1.13809,0.00791,10539055.88795,2000-05-02T11:50:37.085,15066.23734
169.68502,0.35732,-1392.39371,395924.37800,3385403.03449,1.13131,0.00736,10475153.75059,2000-05-01T18:05:42.761,15060.31778
169.69501,0.29226,-1389.68810,395906.54676,3385407.17658,1.13993,0.00839,10553745.53411,2000-05-02T15:55:32.285,15071.28693
169.70501,0.09245,-1382.68031,395794.65884,3385441.88706,1.14058,0.00859,10555482.13180,2000-05-02T16:24:29.877,15071.33934
169.71502,0.53355,-1404.01754,395989.74228,3385412.83599,1.13346,0.00966,10493675.61729,2000-05-01T23:14:18.600,15057.71009
169.72500,0.29521,-1390.18892,395914.51380,3385389.15730,1.13536,0.00840,10500394.40981,2000-05-02T01:06:19.984,15060.73804
169.73501,0.00400,-1388.37053,395726.92591,3385478.23223,1.13080,0.00745,10476152.13071,2000-05-01T18:22:14.017,15056.63302
169.74498,0.37904,-1396.35930,395902.93822,3385413.45833,1.13408,0.00808,10545797.42326,2000-05-02T13:43:06.462,15067.79440
169.75499,0.36716,-1394.54751,395901.21149,3385435.84274,1.13569,0.00830,10563764.61131,2000-05-02T18:42:27.011,15071.00711
169.76501,0.23801,-1387.02814,395837.91479,3385401.05079,1.13765,0.00822,10626828.42271,2000-05-03T12:13:28.463,15079.68838
169.77499,0.64459,-1406.15748,396007.79983,3385396.99866,1.14150,0.00888,10490374.67298,2000-05-01T22:19:15.479,15060.27156
169.78500,0.30931,-1389.71383,395857.25279,3385421.28414,1.14584,0.00842,10545950.69447,2000-05-02T13:45:35.889,15069.47916
169.79500,-0.10467,-1375.12822,395689.48411,3385476.34682,1.14417,0.00894,10550292.82424,2000-05-02T14:57:57.328,15065.21721
169.80499,0.03471,-1382.69440,395779.23496,3385430.15802,1.14006,0.00899,10521226.91147,2000-05-02T06:53:31.271,15063.21665
169.81500,0.61448,-1394.39464,395999.09972,3385401.72083,1.14291,0.00771,10525947.26318,2000-05-02T08:12:04.265,15064.06512
169.82499,-0.48867,-1350.62220,395555.49912,3385470.32367,1.13349,0.00917,10555223.87652,2000-05-02T16:20:12.466,15068.55362
169.83501,0.22775,-1375.40879,395829.40486,3385413.89289,1.13328,0.00941,10568952.65504,2000-05-02T20:09:02.210,15069.98517
169.84500,0.34028,-1382.37074,395826.61620,3385468.94454,1.13091,0.01147,10636696.49111,2000-05-03T14:58:06.940,15081.30764
169.85499,0.31775,-1380.61031,395825.80151,3385472.84209,1.13854,0.01060,10574674.42261,2000-05-02T21:44:18.465,15078.30989
169.86499,0.49373,-1387.06477,395909.60017,3385463.05793,1.14410,0.01076,10655481.70405,2000-05-03T20:11:05.502,15090.40326
169.87501,0.12322,-1357.33448,395760.31647,3385429.26751,1.14287,0.01012,10468244.21676,2000-05-01T16:10:27.447,15065.19030
169.88270,-0.51756,-1340.43196,395492.33774,3385494.22554,1.14287,0.01067,10549604.01019,2000-05-02T14:46:37.286,15070.29930
